"V1";"V2";"V3";"V4";"V5";"V6"
"***";"nb classes";"3";"***";"";""
"**";"classe";"1";"**";"";""
"****";"16988";"35680";"47.61";"****";""
" 118";" 795";"14.84";"-350.058";"america";"4.115815e-78"
"2704";"7150";"37.82";"-343.870";"person";"9.163212e-77"
" 141";" 857";"16.45";"-341.797";"kid";"2.591189e-76"
"  97";" 713";"13.60";"-337.334";"american";"2.429301e-75"
" 142";" 850";"16.71";"-333.452";"school";"1.701585e-74"
" 200";"1001";"19.98";"-315.262";"state";"1.559540e-70"
" 274";"1158";"23.66";"-275.247";"country";"8.153985e-62"
" 117";" 659";"17.75";"-239.968";"leave";"3.996997e-54"
"  20";" 340";" 5.88";"-239.652";"president";"4.684321e-54"
" 192";" 846";"22.70";"-215.694";"love";"7.865555e-49"
"  54";" 425";"12.71";"-210.112";"university";"1.298579e-47"
"  88";" 522";"16.86";"-200.873";"society";"1.346608e-45"
"  18";" 287";" 6.27";"-198.239";"trump";"5.059961e-45"
"  52";" 399";"13.03";"-193.440";"man";"5.642314e-44"
" 145";" 673";"21.55";"-186.858";"joe";"1.542369e-42"
" 140";" 640";"21.88";"-173.066";"friend";"1.583237e-39"
"  80";" 459";"17.43";"-169.828";"book";"8.066526e-39"
"  52";" 364";"14.29";"-163.751";"leader";"1.714885e-37"
"  18";" 235";" 7.66";"-151.383";"optimist";"8.641858e-35"
" 616";"1828";"33.70";"-149.547";"talk";"2.177788e-34"
" 523";"1595";"32.79";"-147.060";"great";"7.612607e-34"
"  85";" 441";"19.27";"-143.755";"fight";"4.020215e-33"
"   9";" 187";" 4.81";"-138.054";"party";"7.093077e-32"
"  87";" 429";"20.28";"-130.052";"policy";"3.991543e-30"
"  72";" 380";"18.95";"-126.526";"family";"2.358350e-29"
" 202";" 742";"27.22";"-126.284";"feel";"2.664903e-29"
"  18";" 204";" 8.82";"-123.760";"parent";"9.508246e-29"
" 239";" 829";"28.83";"-120.035";"place";"6.215038e-28"
"  71";" 367";"19.35";"-118.779";"student";"1.170920e-27"
"  85";" 405";"20.99";"-116.420";"young";"3.846713e-27"
" 257";" 865";"29.71";"-113.890";"bad";"1.377183e-26"
"   3";" 137";" 2.19";"-113.758";"speech";"1.472270e-26"
"  29";" 227";"12.78";"-111.154";"political";"5.474664e-26"
" 126";" 513";"24.56";"-110.873";"hear";"6.307604e-26"
" 124";" 505";"24.55";"-109.185";"push";"1.478063e-25"
"   4";" 135";" 2.96";"-108.307";"jewish";"2.301660e-25"
"   5";" 136";" 3.68";"-105.653";"court";"8.783411e-25"
"  24";" 203";"11.82";"-104.842";"administration";"1.322680e-24"
"  41";" 258";"15.89";"-104.835";"college";"1.327324e-24"
"  66";" 332";"19.88";"-103.331";"read";"2.835823e-24"
"   5";" 132";" 3.79";"-102.015";"iran";"5.510421e-24"
"   8";" 142";" 5.63";"-100.721";"vote";"1.058765e-23"
" 423";"1254";"33.73";"-100.385";"guy";"1.254640e-23"
"   8";" 138";" 5.80";" -97.113";"regime";"6.547641e-23"
"  11";" 149";" 7.38";" -97.084";"woman";"6.646122e-23"
"  73";" 344";"21.22";" -96.992";"agree";"6.961440e-23"
"  19";" 177";"10.73";" -96.986";"street";"6.980335e-23"
"  82";" 367";"22.34";" -94.924";"view";"1.978237e-22"
"  74";" 342";"21.64";" -93.403";"war";"4.265915e-22"
"  98";" 409";"23.96";" -92.787";"teach";"5.822208e-22"
"   7";" 129";" 5.43";" -92.373";"father";"7.177972e-22"
"   8";" 132";" 6.06";" -91.708";"governor";"1.004419e-21"
" 110";" 440";"25.00";" -91.322";"issue";"1.220961e-21"
"   3";" 111";" 2.70";" -90.033";"democrat";"2.342030e-21"
"  60";" 295";"20.34";" -88.705";"meet";"4.582571e-21"
"  53";" 273";"19.41";" -87.699";"unite";"7.623006e-21"
"   4";" 112";" 3.57";" -87.366";"courage";"9.018163e-21"
"   2";" 104";" 1.92";" -87.292";"communist";"9.360510e-21"
" 100";" 404";"24.75";" -85.609";"law";"2.193276e-20"
"  98";" 398";"24.62";" -85.280";"story";"2.589937e-20"
" 156";" 553";"28.21";" -84.775";"live";"3.342878e-20"
" 142";" 515";"27.57";" -84.127";"culture";"4.638784e-20"
"  19";" 162";"11.73";" -84.011";"politics";"4.919521e-20"
"   8";" 123";" 6.50";" -83.620";"teacher";"5.996367e-20"
"  91";" 376";"24.20";" -83.492";"history";"6.398889e-20"
"  67";" 308";"21.75";" -83.289";"optimistic";"7.090164e-20"
"  15";" 147";"10.20";" -82.812";"debate";"9.025545e-20"
"  73";" 324";"22.53";" -82.463";"speak";"1.076938e-19"
"   4";" 106";" 3.77";" -81.915";"jews";"1.420932e-19"
" 292";" 890";"32.81";" -80.190";"idea";"3.401371e-19"
"  91";" 370";"24.59";" -79.414";"group";"5.036680e-19"
" 150";" 528";"28.41";" -79.232";"china";"5.523490e-19"
"  29";" 188";"15.43";" -78.497";"york";"8.011704e-19"
"  32";" 196";"16.33";" -77.337";"white";"1.441269e-18"
"   3";"  97";" 3.09";" -77.286";"judge";"1.478844e-18"
"   3";"  97";" 3.09";" -77.286";"republican";"1.478844e-18"
"   1";"  88";" 1.14";" -76.394";"pessimism";"2.323511e-18"
"  63";" 283";"22.26";" -73.498";"join";"1.007532e-17"
"  21";" 156";"13.46";" -73.261";"engage";"1.135680e-17"
"  20";" 151";"13.25";" -71.805";"israel";"2.375313e-17"
"  35";" 198";"17.68";" -71.532";"austin";"2.727607e-17"
"  16";" 137";"11.68";" -71.193";"dc";"3.239537e-17"
"  25";" 165";"15.15";" -70.026";"black";"5.851737e-17"
"  11";" 118";" 9.32";" -69.590";"congress";"7.301849e-17"
"   6";"  99";" 6.06";" -68.717";"biden";"1.136313e-16"
"  11";" 117";" 9.40";" -68.711";"harvard";"1.139955e-16"
"  24";" 160";"15.00";" -68.530";"americans";"1.249566e-16"
" 107";" 395";"27.09";" -67.451";"education";"2.160239e-16"
"  17";" 135";"12.59";" -66.627";"west";"3.280169e-16"
"  10";" 109";" 9.17";" -64.763";"professor";"8.449014e-16"
"   4";"  87";" 4.60";" -64.693";"evil";"8.751368e-16"
"  30";" 174";"17.24";" -64.660";"inspire";"8.901202e-16"
"  13";" 119";"10.92";" -64.430";"dad";"9.999908e-16"
"  14";" 122";"11.48";" -64.091";"freedom";"1.188128e-15"
"  43";" 212";"20.28";" -63.860";"california";"1.336119e-15"
"  92";" 349";"26.36";" -63.813";"free";"1.368211e-15"
"   0";"  70";" 0.00";" -63.744";"elect";"1.417047e-15"
"   2";"  78";" 2.56";" -63.599";"cynicism";"1.525343e-15"
"  71";" 291";"24.40";" -63.384";"community";"1.700669e-15"
"   0";"  69";" 0.00";" -62.831";"moderate";"2.251882e-15"
"   9";" 103";" 8.74";" -62.585";"optimism";"2.552259e-15"
"  33";" 179";"18.44";" -61.398";"conversation";"4.663926e-15"
"  15";" 121";"12.40";" -60.364";"peter";"7.884227e-15"
"   1";"  70";" 1.43";" -59.976";"election";"9.602486e-15"
"  22";" 142";"15.49";" -58.966";"truth";"1.604390e-14"
" 115";" 402";"28.61";" -58.876";"fact";"1.678983e-14"
"  29";" 163";"17.79";" -58.380";"san";"2.160865e-14"
"   1";"  68";" 1.47";" -58.153";"religion";"2.424922e-14"
"  13";" 111";"11.71";" -57.534";"note";"3.321482e-14"
"  22";" 140";"15.71";" -57.334";"union";"3.678183e-14"
"   9";"  97";" 9.28";" -57.302";"she_s";"3.738081e-14"
" 718";"1835";"39.13";" -55.824";"back";"7.924377e-14"
"  65";" 263";"24.71";" -55.691";"institution";"8.478786e-14"
" 308";" 875";"35.20";" -55.403";"important";"9.818196e-14"
"  10";"  98";"10.20";" -55.132";"afraid";"1.127151e-13"
" 195";" 598";"32.61";" -54.887";"show";"1.276304e-13"
"  49";" 217";"22.58";" -54.845";"strong";"1.304521e-13"
"  45";" 205";"21.95";" -54.432";"walk";"1.609513e-13"
"   7";"  86";" 8.14";" -53.850";"wife";"2.163497e-13"
"  85";" 314";"27.07";" -53.593";"hope";"2.466450e-13"
"   5";"  78";" 6.41";" -53.202";"democracy";"3.009106e-13"
"   1";"  61";" 1.64";" -51.776";"justice";"6.221759e-13"
"   7";"  83";" 8.43";" -51.196";"western";"8.359901e-13"
"   7";"  83";" 8.43";" -51.196";"disagree";"8.359901e-13"
"  35";" 171";"20.47";" -50.756";"race";"1.045726e-12"
"  27";" 147";"18.37";" -50.613";"francisco";"1.125239e-12"
"  30";" 156";"19.23";" -50.599";"curious";"1.132822e-12"
"  42";" 191";"21.99";" -50.543";"stand";"1.165769e-12"
"   3";"  67";" 4.48";" -50.072";"criminal";"1.482306e-12"
"  26";" 142";"18.31";" -49.077";"child";"2.461693e-12"
"   1";"  58";" 1.72";" -49.044";"mayor";"2.503134e-12"
"   1";"  58";" 1.72";" -49.044";"constitution";"2.503134e-12"
"   6";"  76";" 7.89";" -48.167";"king";"3.913609e-12"
"  84";" 302";"27.81";" -47.860";"positive";"4.577699e-12"
"   5";"  72";" 6.94";" -47.837";"homeless";"4.632740e-12"
"   4";"  68";" 5.88";" -47.564";"honor";"5.323020e-12"
"   0";"  52";" 0.00";" -47.329";"democratic";"6.003136e-12"
"   1";"  56";" 1.79";" -47.223";"admire";"6.335394e-12"
"  49";" 206";"23.79";" -47.155";"chinese";"6.559946e-12"
"  24";" 133";"18.05";" -46.789";"stanford";"7.907413e-12"
"  29";" 148";"19.59";" -46.771";"wake";"7.978062e-12"
"  25";" 136";"18.38";" -46.763";"nation";"8.012452e-12"
"  49";" 205";"23.90";" -46.469";"pass";"9.310174e-12"
"   3";"  63";" 4.76";" -46.459";"visit";"9.357797e-12"
"   4";"  66";" 6.06";" -45.769";"senate";"1.330403e-11"
"  18";" 113";"15.93";" -45.620";"movement";"1.435496e-11"
"   6";"  73";" 8.22";" -45.509";"liberal";"1.519126e-11"
"   0";"  50";" 0.00";" -45.506";"politically";"1.521976e-11"
"  33";" 158";"20.89";" -45.447";"special";"1.568262e-11"
"  20";" 119";"16.81";" -45.426";"mark";"1.585305e-11"
"   1";"  54";" 1.85";" -45.403";"dr";"1.604267e-11"
"  22";" 125";"17.60";" -45.298";"russia";"1.692236e-11"
"  29";" 145";"20.00";" -44.503";"extreme";"2.539940e-11"
"   1";"  53";" 1.89";" -44.492";"chairman";"2.553370e-11"
" 150";" 464";"32.33";" -44.031";"fix";"3.232227e-11"
" 280";" 780";"35.90";" -43.874";"life";"3.502338e-11"
"   6";"  71";" 8.45";" -43.741";"south";"3.747809e-11"
"   0";"  48";" 0.00";" -43.683";"religious";"3.861131e-11"
"   0";"  48";" 0.00";" -43.683";"immigrant";"3.861131e-11"
"   2";"  56";" 3.57";" -43.614";"controversial";"3.998864e-11"
" 392";"1042";"37.62";" -42.964";"government";"5.574446e-11"
"  72";" 262";"27.48";" -42.884";"middle";"5.809125e-11"
"  74";" 267";"27.72";" -42.696";"awesome";"6.393574e-11"
"  12";"  90";"13.33";" -42.505";"podcast";"7.049619e-11"
"  67";" 248";"27.02";" -42.471";"medium";"7.172044e-11"
" 106";" 349";"30.37";" -41.995";"entrepreneur";"9.149109e-11"
"   0";"  46";" 0.00";" -41.861";"racist";"9.802215e-11"
"  57";" 220";"25.91";" -41.802";"listen";"1.009821e-10"
"  12";"  89";"13.48";" -41.665";"lawyer";"1.083253e-10"
"  31";" 147";"21.09";" -41.632";"poor";"1.101643e-10"
"  30";" 144";"20.83";" -41.567";"anti";"1.138820e-10"
"  90";" 307";"29.32";" -41.559";"support";"1.143826e-10"
"   7";"  72";" 9.72";" -41.525";"committee";"1.163825e-10"
"  37";" 164";"22.56";" -41.453";"common";"1.207683e-10"
"  55";" 214";"25.70";" -41.439";"texas";"1.216065e-10"
"   4";"  60";" 6.67";" -40.397";"virtue";"2.073002e-10"
"   4";"  60";" 6.67";" -40.397";"illegal";"2.073002e-10"
"   0";"  44";" 0.00";" -40.038";"hollywood";"2.490387e-10"
"   0";"  44";" 0.00";" -40.038";"christian";"2.490387e-10"
"  12";"  87";"13.79";" -39.990";"topic";"2.552495e-10"
" 169";" 502";"33.67";" -39.706";"write";"2.952149e-10"
"   3";"  55";" 5.45";" -39.250";"faith";"3.729435e-10"
"  18";" 105";"17.14";" -39.196";"hate";"3.832770e-10"
"  10";"  79";"12.66";" -38.782";"enjoy";"4.738346e-10"
"  15";"  95";"15.79";" -38.673";"cultural";"5.011494e-10"
"  23";" 119";"19.33";" -38.295";"found";"6.081648e-10"
"  23";" 119";"19.33";" -38.295";"argue";"6.081648e-10"
"   9";"  75";"12.00";" -38.214";"east";"6.339697e-10"
"   2";"  50";" 4.00";" -38.181";"angry";"6.448433e-10"
"   2";"  50";" 4.00";" -38.181";"obama";"6.448433e-10"
" 380";"1000";"38.00";" -38.110";"bite";"6.687941e-10"
"   7";"  68";"10.29";" -38.039";"campaign";"6.935559e-10"
" 785";"1923";"40.82";" -37.574";"good";"8.799109e-10"
"  19";" 106";"17.92";" -37.566";"red";"8.835469e-10"
"   0";"  41";" 0.00";" -37.305";"courageous";"1.010136e-09"
"   7";"  67";"10.45";" -37.170";"ban";"1.082514e-09"
"  16";"  96";"16.67";" -36.956";"mom";"1.208181e-09"
"  25";" 123";"20.33";" -36.844";"leadership";"1.279789e-09"
"   4";"  56";" 7.14";" -36.827";"mother";"1.290573e-09"
"   4";"  56";" 7.14";" -36.827";"thought";"1.290573e-09"
"   8";"  70";"11.43";" -36.815";"elite";"1.298882e-09"
"   2";"  48";" 4.17";" -36.372";"progressive";"1.630371e-09"
"   1";"  44";" 2.27";" -36.307";"politician";"1.685499e-09"
"   5";"  59";" 8.47";" -36.292";"sport";"1.698715e-09"
" 121";" 376";"32.18";" -36.278";"wrong";"1.710865e-09"
"   4";"  55";" 7.27";" -35.937";"ideology";"2.037933e-09"
"   6";"  62";" 9.68";" -35.832";"campus";"2.150800e-09"
"  57";" 210";"27.14";" -35.484";"background";"2.570903e-09"
"   0";"  39";" 0.00";" -35.483";"supreme";"2.572246e-09"
"   5";"  58";" 8.62";" -35.410";"japan";"2.671305e-09"
"   1";"  43";" 2.33";" -35.398";"senator";"2.687276e-09"
"  11";"  78";"14.10";" -35.191";"fan";"2.988752e-09"
"   4";"  54";" 7.41";" -35.047";"afghanistan";"3.217622e-09"
"  12";"  81";"14.81";" -35.011";"morning";"3.279130e-09"
"  12";"  81";"14.81";" -35.011";"quote";"3.279130e-09"
"   6";"  61";" 9.84";" -34.959";"mentor";"3.367418e-09"
"  13";"  84";"15.48";" -34.861";"north";"3.541594e-09"
"  23";" 114";"20.18";" -34.515";"born";"4.229579e-09"
"  37";" 154";"24.03";" -34.496";"europe";"4.272033e-09"
"  75";" 255";"29.41";" -34.109";"funny";"5.211603e-09"
"   9";"  70";"12.86";" -33.965";"citizen";"5.610190e-09"
"   9";"  70";"12.86";" -33.965";"entrepreneurship";"5.610190e-09"
"  18";"  98";"18.37";" -33.695";"washington";"6.445868e-09"
"   0";"  37";" 0.00";" -33.662";"reagan";"6.557205e-09"
"   5";"  56";" 8.93";" -33.649";"responsibility";"6.600347e-09"
"   1";"  41";" 2.44";" -33.581";"dignity";"6.835528e-09"
"   1";"  41";" 2.44";" -33.581";"cynical";"6.835528e-09"
"   1";"  41";" 2.44";" -33.581";"cicero";"6.835528e-09"
"   9";"  69";"13.04";" -33.121";"voice";"8.659050e-09"
"  24";" 115";"20.87";" -33.079";"respect";"8.847353e-09"
"   7";"  62";"11.29";" -32.850";"mr";"9.956011e-09"
"   1";"  40";" 2.50";" -32.673";"strange";"1.090582e-08"
"  55";" 200";"27.50";" -32.617";"tough";"1.122546e-08"
" 199";" 558";"35.66";" -32.449";"reason";"1.223849e-08"
" 156";" 454";"34.36";" -32.371";"break";"1.273636e-08"
"   6";"  58";"10.34";" -32.348";"host";"1.289186e-08"
"  81";" 267";"30.34";" -32.186";"study";"1.401200e-08"
"  42";" 164";"25.61";" -31.977";"choice";"1.560278e-08"
"   2";"  43";" 4.65";" -31.856";"daughter";"1.660345e-08"
"   2";"  43";" 4.65";" -31.856";"district";"1.660345e-08"
"   0";"  35";" 0.00";" -31.841";"racism";"1.673608e-08"
"  37";" 150";"24.67";" -31.795";"philosophy";"1.712909e-08"
"   1";"  39";" 2.56";" -31.765";"african";"1.740428e-08"
"   1";"  39";" 2.56";" -31.765";"celebrate";"1.740428e-08"
"   8";"  64";"12.50";" -31.690";"dei";"1.808313e-08"
"   4";"  50";" 8.00";" -31.498";"institute";"1.996188e-08"
"  19";"  98";"19.39";" -31.385";"reform";"2.116246e-08"
"   5";"  53";" 9.43";" -31.017";"conservative";"2.557501e-08"
"  13";"  79";"16.46";" -30.813";"intellectual";"2.841044e-08"
"   4";"  49";" 8.16";" -30.614";"homelessness";"3.148937e-08"
"   9";"  66";"13.64";" -30.601";"accountable";"3.169070e-08"
"   3";"  45";" 6.67";" -30.285";"lonsdale";"3.730558e-08"
"  35";" 142";"24.65";" -30.142";"civilization";"4.014939e-08"
"  12";"  75";"16.00";" -30.112";"defend";"4.078862e-08"
"   0";"  33";" 0.00";" -30.019";"donald";"4.277413e-08"
"  14";"  81";"17.28";" -29.938";"art";"4.461953e-08"
"   6";"  55";"10.91";" -29.750";"doge";"4.914910e-08"
"   4";"  48";" 8.33";" -29.730";"admit";"4.966297e-08"
"  10";"  68";"14.71";" -29.576";"encourage";"5.375569e-08"
"   3";"  44";" 6.82";" -29.392";"ccp";"5.911686e-08"
"   2";"  40";" 5.00";" -29.152";"blame";"6.692478e-08"
"   1";"  36";" 2.78";" -29.041";"mike";"7.085673e-08"
"   1";"  36";" 2.78";" -29.041";"tribal";"7.085673e-08"
" 135";" 395";"34.18";" -28.904";"win";"7.607157e-08"
"   6";"  54";"11.11";" -28.888";"abuse";"7.669924e-08"
"   7";"  57";"12.28";" -28.572";"diversity";"9.027188e-08"
"  12";"  73";"16.44";" -28.500";"soviet";"9.370717e-08"
"   5";"  50";"10.00";" -28.398";"iraq";"9.877303e-08"
"  17";"  88";"19.32";" -28.313";"civil";"1.031751e-07"
"   8";"  60";"13.33";" -28.313";"liberty";"1.032057e-07"
"  46";" 169";"27.22";" -28.312";"national";"1.032561e-07"
"   0";"  31";" 0.00";" -28.198";"catholic";"1.094906e-07"
"   1";"  35";" 2.86";" -28.134";"pessimistic";"1.132114e-07"
"  22";" 102";"21.57";" -27.816";"proud";"1.334247e-07"
"   7";"  56";"12.50";" -27.723";"america_s";"1.400095e-07"
"   3";"  42";" 7.14";" -27.610";"threaten";"1.484271e-07"
"   5";"  49";"10.20";" -27.528";"wisdom";"1.548391e-07"
"  35";" 138";"25.36";" -27.496";"century";"1.574403e-07"
"   2";"  38";" 5.26";" -27.352";"lady";"1.696207e-07"
"   2";"  38";" 5.26";" -27.352";"official";"1.696207e-07"
"   2";"  38";" 5.26";" -27.352";"legislator";"1.696207e-07"
"   0";"  30";" 0.00";" -27.288";"oppressor";"1.752883e-07"
"   1";"  34";" 2.94";" -27.227";"uatx";"1.809447e-07"
"   4";"  45";" 8.89";" -27.087";"empire";"1.945376e-07"
"   4";"  45";" 8.89";" -27.087";"david";"1.945376e-07"
"   4";"  45";" 8.89";" -27.087";"responsible";"1.945376e-07"
" 243";" 648";"37.50";" -27.056";"side";"1.976053e-07"
"  12";"  71";"16.90";" -26.900";"movie";"2.142437e-07"
"   7";"  55";"12.73";" -26.876";"character";"2.169845e-07"
"  14";"  77";"18.18";" -26.796";"corporate";"2.261067e-07"
"  15";"  80";"18.75";" -26.778";"mental";"2.282612e-07"
"  64";" 213";"30.05";" -26.505";"watch";"2.627902e-07"
"   2";"  37";" 5.41";" -26.453";"chapter";"2.700978e-07"
"   9";"  61";"14.75";" -26.449";"immigration";"2.706067e-07"
"   0";"  29";" 0.00";" -26.378";"greatness";"2.807573e-07"
"   1";"  33";" 3.03";" -26.320";"st";"2.893059e-07"
"   6";"  51";"11.76";" -26.312";"spirit";"2.904367e-07"
"   6";"  51";"11.76";" -26.312";"son";"2.904367e-07"
"   4";"  44";" 9.09";" -26.208";"chicago";"3.064930e-07"
"   4";"  44";" 9.09";" -26.208";"censor";"3.064930e-07"
"  15";"  79";"18.99";" -26.009";"executive";"3.398122e-07"
"   3";"  40";" 7.50";" -25.832";"prison";"3.725567e-07"
"   5";"  47";"10.64";" -25.794";"moral";"3.799646e-07"
"  39";" 146";"26.71";" -25.673";"argument";"4.045450e-07"
"   9";"  60";"15.00";" -25.627";"crime";"4.142814e-07"
"   9";"  60";"15.00";" -25.627";"authority";"4.142814e-07"
"  88";" 272";"32.35";" -25.586";"fun";"4.230561e-07"
"   2";"  36";" 5.56";" -25.554";"activist";"4.301600e-07"
"   0";"  28";" 0.00";" -25.467";"violence";"4.499098e-07"
"   0";"  28";" 0.00";" -25.467";"bipartisan";"4.499098e-07"
"  11";"  66";"16.67";" -25.386";"foreign";"4.693292e-07"
"   4";"  43";" 9.30";" -25.332";"nonsense";"4.827269e-07"
"   4";"  43";" 9.30";" -25.332";"radical";"4.827269e-07"
"  17";"  84";"20.24";" -25.295";"secretary";"4.920294e-07"
"  46";" 164";"28.05";" -25.280";"recently";"4.957534e-07"
"  24";" 104";"23.08";" -25.173";"graduate";"5.241648e-07"
"  76";" 241";"31.54";" -25.143";"ceo";"5.323849e-07"
"  90";" 276";"32.61";" -25.102";"founder";"5.436827e-07"
"   8";"  56";"14.29";" -24.975";"camp";"5.809067e-07"
"   3";"  39";" 7.69";" -24.944";"dark";"5.901666e-07"
"   2";"  35";" 5.71";" -24.656";"slavery";"6.851852e-07"
"   6";"  49";"12.24";" -24.606";"promote";"7.032175e-07"
"  11";"  65";"16.92";" -24.588";"musk";"7.099233e-07"
"   0";"  27";" 0.00";" -24.557";"church";"7.213595e-07"
"   0";"  27";" 0.00";" -24.557";"socialism";"7.213595e-07"
"   0";"  27";" 0.00";" -24.557";"charles";"7.213595e-07"
"   1";"  31";" 3.23";" -24.507";"journalist";"7.404336e-07"
"   1";"  31";" 3.23";" -24.507";"teal";"7.404336e-07"
"   1";"  31";" 3.23";" -24.507";"libertarian";"7.404336e-07"
"  32";" 125";"25.60";" -24.367";"face";"7.960468e-07"
"  57";" 191";"29.84";" -24.308";"generation";"8.209392e-07"
"  49";" 170";"28.82";" -24.175";"career";"8.797668e-07"
"   5";"  45";"11.11";" -24.067";"director";"9.304187e-07"
"   3";"  38";" 7.89";" -24.058";"minister";"9.347842e-07"
"  67";" 216";"31.02";" -23.990";"social";"9.685691e-07"
"  10";"  61";"16.39";" -23.876";"venezuela";"1.027691e-06"
"  10";"  61";"16.39";" -23.876";"influence";"1.027691e-06"
"  32";" 124";"25.81";" -23.720";"theory";"1.113904e-06"
"  70";" 223";"31.39";" -23.675";"share";"1.140651e-06"
"  38";" 140";"27.14";" -23.610";"act";"1.179894e-06"
"   1";"  30";" 3.33";" -23.601";"council";"1.185292e-06"
"   1";"  30";" 3.33";" -23.601";"offend";"1.185292e-06"
"   1";"  30";" 3.33";" -23.601";"semitism";"1.185292e-06"
"  22";"  96";"22.92";" -23.536";"frankly";"1.226193e-06"
"   7";"  51";"13.73";" -23.513";"dinner";"1.241024e-06"
"  17";"  81";"20.99";" -23.072";"florida";"1.560472e-06"
"  79";" 244";"32.38";" -22.862";"class";"1.740798e-06"
" 107";" 313";"34.19";" -22.823";"totally";"1.776505e-06"
"   0";"  25";" 0.00";" -22.737";"charlie";"1.857680e-06"
"   1";"  29";" 3.45";" -22.695";"tik";"1.898298e-06"
"   1";"  29";" 3.45";" -22.695";"flaw";"1.898298e-06"
"   7";"  50";"14.00";" -22.679";"police";"1.914577e-06"
"   9";"  56";"16.07";" -22.370";"merit";"2.248715e-06"
"   5";"  43";"11.63";" -22.349";"tribe";"2.272738e-06"
"   2";"  32";" 6.25";" -21.968";"county";"2.771898e-06"
"   2";"  32";" 6.25";" -21.968";"racial";"2.771898e-06"
"   7";"  49";"14.29";" -21.848";"classic";"2.950504e-06"
"   0";"  24";" 0.00";" -21.827";"hamas";"2.984038e-06"
"   0";"  24";" 0.00";" -21.827";"protester";"2.984038e-06"
" 845";"1987";"42.53";" -21.819";"world";"2.996269e-06"
"   1";"  28";" 3.57";" -21.790";"tok";"3.041700e-06"
"   1";"  28";" 3.57";" -21.790";"george";"3.041700e-06"
"  17";"  79";"21.52";" -21.612";"death";"3.337703e-06"
"  10";"  58";"17.24";" -21.483";"remind";"3.569638e-06"
"  13";"  67";"19.40";" -21.415";"boy";"3.698298e-06"
"   6";"  45";"13.33";" -21.226";"administrative";"4.082450e-06"
"   2";"  31";" 6.45";" -21.074";"french";"4.418268e-06"
"   2";"  31";" 6.45";" -21.074";"criticize";"4.418268e-06"
"  28";" 109";"25.69";" -21.069";"choose";"4.429935e-06"
"  18";"  81";"22.22";" -20.982";"border";"4.636383e-06"
"  34";" 125";"27.20";" -20.954";"fascinate";"4.705085e-06"
"   0";"  23";" 0.00";" -20.917";"athlete";"4.796799e-06"
"   0";"  23";" 0.00";" -20.917";"socialist";"4.796799e-06"
"   1";"  27";" 3.70";" -20.885";"voter";"4.876373e-06"
"  22";"  92";"23.91";" -20.769";"opposite";"5.180515e-06"
" 149";" 409";"36.43";" -20.740";"house";"5.261089e-06"
"  11";"  60";"18.33";" -20.656";"uk";"5.497368e-06"
"  11";"  60";"18.33";" -20.656";"wonderful";"5.497368e-06"
"  12";"  63";"19.05";" -20.645";"poverty";"5.528446e-06"
"   5";"  41";"12.20";" -20.642";"belief";"5.535943e-06"
"   5";"  41";"12.20";" -20.642";"conquer";"5.535943e-06"
"   5";"  41";"12.20";" -20.642";"division";"5.535943e-06"
"   3";"  34";" 8.82";" -20.528";"minority";"5.875703e-06"
"   6";"  44";"13.64";" -20.388";"apparently";"6.321949e-06"
" 480";"1167";"41.13";" -20.317";"happen";"6.563198e-06"
"   7";"  47";"14.89";" -20.198";"hide";"6.982567e-06"
"   2";"  30";" 6.67";" -20.181";"british";"7.043782e-06"
"   2";"  30";" 6.67";" -20.181";"victim";"7.043782e-06"
"   0";"  22";" 0.00";" -20.007";"adl";"7.716838e-06"
"   0";"  22";" 0.00";" -20.007";"oppress";"7.716838e-06"
"   0";"  22";" 0.00";" -20.007";"conspiracy";"7.716838e-06"
"   0";"  22";" 0.00";" -20.007";"irish";"7.716838e-06"
"   1";"  26";" 3.85";" -19.981";"thomas";"7.822082e-06"
"   1";"  26";" 3.85";" -19.981";"putin";"7.822082e-06"
"   1";"  26";" 3.85";" -19.981";"19th";"7.822082e-06"
"   5";"  40";"12.50";" -19.793";"thinker";"8.629613e-06"
"  34";" 123";"27.64";" -19.734";"news";"8.902450e-06"
"   3";"  33";" 9.09";" -19.650";"legislature";"9.299342e-06"
"  23";"  93";"24.73";" -19.571";"succeed";"9.692432e-06"
"   6";"  43";"13.95";" -19.554";"sad";"9.779388e-06"
"  69";" 212";"32.55";" -19.405";"past";"1.057380e-05"
"   7";"  46";"15.22";" -19.378";"authoritarian";"1.072123e-05"
"   7";"  46";"15.22";" -19.378";"curriculum";"1.072123e-05"
"   7";"  46";"15.22";" -19.378";"economist";"1.072123e-05"
"   2";"  29";" 6.90";" -19.290";"tear";"1.123157e-05"
"   2";"  29";" 6.90";" -19.290";"female";"1.123157e-05"
"   2";"  29";" 6.90";" -19.290";"meeting";"1.123157e-05"
"   2";"  29";" 6.90";" -19.290";"october";"1.123157e-05"
"   2";"  29";" 6.90";" -19.290";"independence";"1.123157e-05"
"   4";"  36";"11.11";" -19.249";"pleasure";"1.147468e-05"
"  14";"  67";"20.90";" -19.209";"careful";"1.171600e-05"
"   0";"  21";" 0.00";" -19.097";"partisan";"1.242506e-05"
"   0";"  21";" 0.00";" -19.097";"terrorism";"1.242506e-05"
"   0";"  21";" 0.00";" -19.097";"classical";"1.242506e-05"
"   0";"  21";" 0.00";" -19.097";"iranians";"1.242506e-05"
"   0";"  21";" 0.00";" -19.097";"7th";"1.242506e-05"
"   1";"  25";" 4.00";" -19.077";"strongly";"1.255484e-05"
"   1";"  25";" 4.00";" -19.077";"stanley";"1.255484e-05"
"   1";"  25";" 4.00";" -19.077";"louis";"1.255484e-05"
"   1";"  25";" 4.00";" -19.077";"poll";"1.255484e-05"
"   1";"  25";" 4.00";" -19.077";"administrator";"1.255484e-05"
"   1";"  25";" 4.00";" -19.077";"england";"1.255484e-05"
"   5";"  39";"12.82";" -18.947";"indian";"1.344021e-05"
" 117";" 328";"35.67";" -18.925";"involve";"1.359306e-05"
"  30";" 111";"27.03";" -18.916";"rich";"1.365907e-05"
"   3";"  32";" 9.38";" -18.774";"oxford";"1.471444e-05"
"  14";"  66";"21.21";" -18.476";"commit";"1.720607e-05"
"   8";"  48";"16.67";" -18.453";"message";"1.741313e-05"
"  57";" 180";"31.67";" -18.441";"tie";"1.752104e-05"
"   2";"  28";" 7.14";" -18.399";"grandfather";"1.791251e-05"
"   4";"  35";"11.43";" -18.389";"philosopher";"1.800553e-05"
"   4";"  35";"11.43";" -18.389";"diverse";"1.800553e-05"
"   4";"  35";"11.43";" -18.389";"writer";"1.800553e-05"
" 255";" 649";"39.29";" -18.349";"bring";"1.839323e-05"
"   0";"  20";" 0.00";" -18.187";"cia";"2.002458e-05"
"   0";"  20";" 0.00";" -18.187";"jew";"2.002458e-05"
"   0";"  20";" 0.00";" -18.187";"constitutional";"2.002458e-05"
"   1";"  24";" 4.17";" -18.174";"brazil";"2.016434e-05"
"   1";"  24";" 4.17";" -18.174";"missouri";"2.016434e-05"
"   1";"  24";" 4.17";" -18.174";"donor";"2.016434e-05"
"   1";"  24";" 4.17";" -18.174";"colleague";"2.016434e-05"
"   5";"  38";"13.16";" -18.104";"inequality";"2.091242e-05"
"   5";"  38";"13.16";" -18.104";"enforce";"2.091242e-05"
"  22";"  88";"25.00";" -18.084";"canada";"2.113961e-05"
"   6";"  41";"14.63";" -17.897";"teenager";"2.331771e-05"
"   6";"  41";"14.63";" -17.897";"optimus";"2.331771e-05"
" 360";" 886";"40.63";" -17.747";"today";"2.523236e-05"
"  13";"  62";"20.97";" -17.677";"introduce";"2.617679e-05"
"  12";"  59";"20.34";" -17.624";"passionate";"2.692405e-05"
"  19";"  79";"24.05";" -17.622";"grade";"2.695041e-05"
"  19";"  79";"24.05";" -17.622";"region";"2.695041e-05"
"  75";" 223";"33.63";" -17.583";"mention";"2.750969e-05"
"  10";"  53";"18.87";" -17.582";"brother";"2.751527e-05"
"  40";" 135";"29.63";" -17.568";"happy";"2.771640e-05"
"   4";"  34";"11.76";" -17.533";"master";"2.823415e-05"
"   2";"  27";" 7.41";" -17.510";"whiskey";"2.857295e-05"
"   2";"  27";" 7.41";" -17.510";"amendment";"2.857295e-05"
"   2";"  27";" 7.41";" -17.510";"relation";"2.857295e-05"
"   2";"  27";" 7.41";" -17.510";"existential";"2.857295e-05"
"   2";"  27";" 7.41";" -17.510";"dude";"2.857295e-05"
"  17";"  73";"23.29";" -17.352";"club";"3.105711e-05"
"  17";"  73";"23.29";" -17.352";"member";"3.105711e-05"
"   0";"  19";" 0.00";" -17.277";"liberalism";"3.230530e-05"
"   0";"  19";" 0.00";" -17.277";"kong";"3.230530e-05"
"   0";"  19";" 0.00";" -17.277";"jake";"3.230530e-05"
"   0";"  19";" 0.00";" -17.277";"hong";"3.230530e-05"
"   0";"  19";" 0.00";" -17.277";"ryan";"3.230530e-05"
"   0";"  19";" 0.00";" -17.277";"pursuit";"3.230530e-05"
"   0";"  19";" 0.00";" -17.277";"andre";"3.230530e-05"
"   0";"  19";" 0.00";" -17.277";"accord";"3.230530e-05"
"   0";"  19";" 0.00";" -17.277";"discriminate";"3.230530e-05"
"   0";"  19";" 0.00";" -17.277";"smith";"3.230530e-05"
"   0";"  19";" 0.00";" -17.277";"presidential";"3.230530e-05"
"   0";"  19";" 0.00";" -17.277";"jones";"3.230530e-05"
"   0";"  19";" 0.00";" -17.277";"attribute";"3.230530e-05"
"   1";"  23";" 4.35";" -17.271";"speaker";"3.240885e-05"
"   1";"  23";" 4.35";" -17.271";"miami";"3.240885e-05"
"   1";"  23";" 4.35";" -17.271";"gender";"3.240885e-05"
"   1";"  23";" 4.35";" -17.271";"memphis";"3.240885e-05"
"   5";"  37";"13.51";" -17.265";"bed";"3.250503e-05"
" 100";" 283";"35.34";" -17.236";"week";"3.300978e-05"
"  27";" 100";"27.00";" -17.081";"action";"3.581732e-05"
"   3";"  30";"10.00";" -17.029";"lunch";"3.680989e-05"
"   3";"  30";"10.00";" -17.029";"andrew";"3.680989e-05"
"   3";"  30";"10.00";" -17.029";"rational";"3.680989e-05"
"   3";"  30";"10.00";" -17.029";"impression";"3.680989e-05"
"   3";"  30";"10.00";" -17.029";"cancel";"3.680989e-05"
"  14";"  64";"21.88";" -17.027";"officer";"3.685761e-05"
"  40";" 134";"29.85";" -17.012";"fail";"3.715375e-05"
"  19";"  78";"24.36";" -16.946";"taiwan";"3.846421e-05"
"  26";"  97";"26.80";" -16.884";"hurt";"3.974297e-05"
"  22";"  86";"25.58";" -16.775";"bright";"4.209035e-05"
" 155";" 412";"37.62";" -16.680";"city";"4.425137e-05"
"   2";"  26";" 7.69";" -16.623";"communism";"4.558654e-05"
"  20";"  80";"25.00";" -16.436";"achieve";"5.031797e-05"
"   5";"  36";"13.89";" -16.430";"statement";"5.046681e-05"
"   5";"  36";"13.89";" -16.430";"jail";"5.046681e-05"
"   5";"  36";"13.89";" -16.430";"advocate";"5.046681e-05"
"   1";"  22";" 4.55";" -16.369";"journalism";"5.212853e-05"
"   1";"  22";" 4.55";" -16.369";"legend";"5.212853e-05"
"   1";"  22";" 4.55";" -16.369";"congressman";"5.212853e-05"
"   1";"  22";" 4.55";" -16.369";"marxist";"5.212853e-05"
"   0";"  18";" 0.00";" -16.367";"hall";"5.217657e-05"
"   0";"  18";" 0.00";" -16.367";"nato";"5.217657e-05"
"   0";"  18";" 0.00";" -16.367";"maduro";"5.217657e-05"
"   0";"  18";" 0.00";" -16.367";"flee";"5.217657e-05"
"   0";"  18";" 0.00";" -16.367";"churchill";"5.217657e-05"
"  48";" 153";"31.37";" -16.246";"room";"5.561439e-05"
"  50";" 158";"31.65";" -16.220";"role";"5.638795e-05"
"  13";"  60";"21.67";" -16.220";"entrepreneurial";"5.638989e-05"
"   3";"  29";"10.34";" -16.161";"sponsor";"5.819119e-05"
"   3";"  29";"10.34";" -16.161";"roman";"5.819119e-05"
"   3";"  29";"10.34";" -16.161";"korea";"5.819119e-05"
"   3";"  29";"10.34";" -16.161";"impose";"5.819119e-05"
"   3";"  29";"10.34";" -16.161";"acknowledge";"5.819119e-05"
"   7";"  42";"16.67";" -16.144";"intense";"5.871037e-05"
"   8";"  45";"17.78";" -16.078";"suffer";"6.077090e-05"
"  85";" 244";"34.84";" -16.077";"office";"6.080717e-05"
"  10";"  51";"19.61";" -16.058";"international";"6.143160e-05"
"   9";"  48";"18.75";" -16.052";"embrace";"6.162111e-05"
"   9";"  48";"18.75";" -16.052";"confront";"6.162111e-05"
"  65";" 195";"33.33";" -16.027";"hold";"6.245053e-05"
"   2";"  25";" 8.00";" -15.738";"slave";"7.274455e-05"
"   2";"  25";" 8.00";" -15.738";"collective";"7.274455e-05"
"   2";"  25";" 8.00";" -15.738";"fellow";"7.274455e-05"
"   2";"  25";" 8.00";" -15.738";"sister";"7.274455e-05"
"   2";"  25";" 8.00";" -15.738";"male";"7.274455e-05"
"   2";"  25";" 8.00";" -15.738";"london";"7.274455e-05"
"  15";"  65";"23.08";" -15.716";"cold";"7.360804e-05"
"   5";"  35";"14.29";" -15.600";"tradition";"7.825761e-05"
"   5";"  35";"14.29";" -15.600";"bush";"7.825761e-05"
" 103";" 286";"36.01";" -15.548";"successful";"8.041586e-05"
"  72";" 211";"34.12";" -15.483";"principle";"8.323963e-05"
"   0";"  17";" 0.00";" -15.458";"discrimination";"8.437647e-05"
"   0";"  17";" 0.00";" -15.458";"whistle";"8.437647e-05"
"   0";"  17";" 0.00";" -15.458";"ken";"8.437647e-05"
"   0";"  17";" 0.00";" -15.458";"foster";"8.437647e-05"
"   0";"  17";" 0.00";" -15.458";"eastern";"8.437647e-05"
"   0";"  17";" 0.00";" -15.458";"academy";"8.437647e-05"
"   0";"  17";" 0.00";" -15.458";"muslim";"8.437647e-05"
"   0";"  17";" 0.00";" -15.458";"chancellor";"8.437647e-05"
"   0";"  17";" 0.00";" -15.458";"mentally";"8.437647e-05"
"   0";"  17";" 0.00";" -15.458";"gay";"8.437647e-05"
"   0";"  17";" 0.00";" -15.458";"declaration";"8.437647e-05"
"   0";"  17";" 0.00";" -15.458";"brown";"8.437647e-05"
"   0";"  17";" 0.00";" -15.458";"accuse";"8.437647e-05"
"  18";"  73";"24.66";" -15.453";"honest";"8.459908e-05"
"  11";"  53";"20.75";" -15.350";"bold";"8.933366e-05"
"   7";"  41";"17.07";" -15.348";"morgan";"8.943076e-05"
" 107";" 295";"36.27";" -15.338";"lose";"8.987787e-05"
"   3";"  28";"10.71";" -15.295";"philanthropy";"9.195510e-05"
"   9";"  47";"19.15";" -15.286";"conference";"9.240790e-05"
" 116";" 316";"36.71";" -15.195";"rule";"9.693610e-05"
"   4";"  31";"12.90";" -14.986";"sanction";"1.083388e-04"
"   4";"  31";"12.90";" -14.986";"desk";"1.083388e-04"
"   4";"  31";"12.90";" -14.986";"judgment";"1.083388e-04"
"   2";"  24";" 8.33";" -14.855";"branch";"1.161034e-04"
"   2";"  24";" 8.33";" -14.855";"punish";"1.161034e-04"
"  42";" 135";"31.11";" -14.793";"federal";"1.199890e-04"
"  13";"  58";"22.41";" -14.789";"motivate";"1.202557e-04"
"  13";"  58";"22.41";" -14.789";"wealthy";"1.202557e-04"
"   5";"  34";"14.71";" -14.774";"narrative";"1.211892e-04"
"   5";"  34";"14.71";" -14.774";"invade";"1.211892e-04"
"  65";" 192";"33.85";" -14.649";"decide";"1.295146e-04"
"   6";"  37";"16.22";" -14.637";"maker";"1.303362e-04"
"  11";"  52";"21.15";" -14.615";"invite";"1.318321e-04"
"   1";"  20";" 5.00";" -14.568";"populist";"1.352120e-04"
"   1";"  20";" 5.00";" -14.568";"resonate";"1.352120e-04"
"   1";"  20";" 5.00";" -14.568";"matt";"1.352120e-04"
"   1";"  20";" 5.00";" -14.568";"friday";"1.352120e-04"
"   1";"  20";" 5.00";" -14.568";"appoint";"1.352120e-04"
"   0";"  16";" 0.00";" -14.548";"critique";"1.366386e-04"
"   0";"  16";" 0.00";" -14.548";"soccer";"1.366386e-04"
"   0";"  16";" 0.00";" -14.548";"openness";"1.366386e-04"
"   0";"  16";" 0.00";" -14.548";"holocaust";"1.366386e-04"
"   0";"  16";" 0.00";" -14.548";"upbringing";"1.366386e-04"
"   0";"  16";" 0.00";" -14.548";"dean";"1.366386e-04"
"   0";"  16";" 0.00";" -14.548";"christianity";"1.366386e-04"
"   8";"  43";"18.60";" -14.523";"wear";"1.384421e-04"
"   3";"  27";"11.11";" -14.433";"privilege";"1.452425e-04"
"   3";"  27";"11.11";" -14.433";"paul";"1.452425e-04"
"   3";"  27";"11.11";" -14.433";"censorship";"1.452425e-04"
"   3";"  27";"11.11";" -14.433";"sci";"1.452425e-04"
"   3";"  27";"11.11";" -14.433";"tuition";"1.452425e-04"
"   3";"  27";"11.11";" -14.433";"fortune";"1.452425e-04"
"  48";" 149";"32.21";" -14.222";"lesson";"1.624990e-04"
"  14";"  60";"23.33";" -14.203";"joke";"1.640879e-04"
"   4";"  30";"13.33";" -14.145";"principal";"1.692878e-04"
"   4";"  30";"13.33";" -14.145";"paradox";"1.692878e-04"
"  97";" 268";"36.19";" -14.114";"forward";"1.720681e-04"
"  21";"  79";"26.58";" -14.038";"deeply";"1.791298e-04"
"  12";"  54";"22.22";" -13.977";"horrible";"1.850267e-04"
"  17";"  68";"25.00";" -13.966";"audience";"1.861495e-04"
"   5";"  33";"15.15";" -13.953";"gate";"1.873974e-04"
"   6";"  36";"16.67";" -13.835";"english";"1.995607e-04"
"   7";"  39";"17.95";" -13.773";"mutual";"2.062649e-04"
"   9";"  45";"20.00";" -13.772";"studio";"2.063394e-04"
"   8";"  42";"19.05";" -13.755";"oklahoma";"2.082489e-04"
"  44";" 138";"31.88";" -13.739";"tend";"2.100177e-04"
"   1";"  19";" 5.26";" -13.669";"barry";"2.180783e-04"
"   1";"  19";" 5.26";" -13.669";"paris";"2.180783e-04"
"   1";"  19";" 5.26";" -13.669";"martin";"2.180783e-04"
"   1";"  19";" 5.26";" -13.669";"hopeful";"2.180783e-04"
"   1";"  19";" 5.26";" -13.669";"shake";"2.180783e-04"
"   1";"  19";" 5.26";" -13.669";"dystopian";"2.180783e-04"
"   1";"  19";" 5.26";" -13.669";"awful";"2.180783e-04"
"  19";"  73";"26.03";" -13.663";"senior";"2.186838e-04"
"   0";"  15";" 0.00";" -13.638";"jesus";"2.216176e-04"
"   0";"  15";" 0.00";" -13.638";"myth";"2.216176e-04"
"   0";"  15";" 0.00";" -13.638";"trap";"2.216176e-04"
"   0";"  15";" 0.00";" -13.638";"jefferson";"2.216176e-04"
"   0";"  15";" 0.00";" -13.638";"supremacy";"2.216176e-04"
"   0";"  15";" 0.00";" -13.638";"propose";"2.216176e-04"
"   0";"  15";" 0.00";" -13.638";"pray";"2.216176e-04"
"   0";"  15";" 0.00";" -13.638";"islam";"2.216176e-04"
"   0";"  15";" 0.00";" -13.638";"dysfunctional";"2.216176e-04"
"  30";" 102";"29.41";" -13.585";"post";"2.280204e-04"
" 101";" 276";"36.59";" -13.537";"attack";"2.338716e-04"
"  43";" 135";"31.85";" -13.495";"department";"2.392578e-04"
"  48";" 147";"32.65";" -13.242";"die";"2.736735e-04"
"  11";"  50";"22.00";" -13.168";"terrorist";"2.847635e-04"
"   5";"  32";"15.62";" -13.138";"island";"2.893105e-04"
"   5";"  32";"15.62";" -13.138";"compromise";"2.893105e-04"
"   2";"  22";" 9.09";" -13.096";"abraham";"2.959121e-04"
"   2";"  22";" 9.09";" -13.096";"homework";"2.959121e-04"
"  10";"  47";"21.28";" -13.086";"recent";"2.975177e-04"
"  10";"  47";"21.28";" -13.086";"adult";"2.975177e-04"
"   6";"  35";"17.14";" -13.040";"historical";"3.049478e-04"
"   9";"  44";"20.45";" -13.026";"fraud";"3.071432e-04"
"   9";"  44";"20.45";" -13.026";"discuss";"3.071432e-04"
"   7";"  38";"18.42";" -12.996";"author";"3.122174e-04"
"   8";"  41";"19.51";" -12.994";"gift";"3.124810e-04"
"   8";"  41";"19.51";" -12.994";"flag";"3.124810e-04"
"   8";"  41";"19.51";" -12.994";"letter";"3.124810e-04"
"   8";"  41";"19.51";" -12.994";"mexico";"3.124810e-04"
"  15";"  61";"24.59";" -12.984";"accountability";"3.141636e-04"
"  14";"  58";"24.14";" -12.834";"summer";"3.403509e-04"
"   1";"  18";" 5.56";" -12.771";"pig";"3.521135e-04"
"   1";"  18";" 5.56";" -12.771";"zach";"3.521135e-04"
"   1";"  18";" 5.56";" -12.771";"tyler";"3.521135e-04"
"   1";"  18";" 5.56";" -12.771";"alliance";"3.521135e-04"
"   1";"  18";" 5.56";" -12.771";"queen";"3.521135e-04"
"   1";"  18";" 5.56";" -12.771";"afternoon";"3.521135e-04"
" 133";" 349";"38.11";" -12.761";"play";"3.539031e-04"
"   0";"  14";" 0.00";" -12.729";"wanna";"3.600816e-04"
"   0";"  14";" 0.00";" -12.729";"cabinet";"3.600816e-04"
"   0";"  14";" 0.00";" -12.729";"newspaper";"3.600816e-04"
"   0";"  14";" 0.00";" -12.729";"guilty";"3.600816e-04"
"   0";"  14";" 0.00";" -12.729";"equality";"3.600816e-04"
"   0";"  14";" 0.00";" -12.729";"belong";"3.600816e-04"
"   0";"  14";" 0.00";" -12.729";"oppression";"3.600816e-04"
"   0";"  14";" 0.00";" -12.729";"reader";"3.600816e-04"
"   0";"  14";" 0.00";" -12.729";"prince";"3.600816e-04"
"   0";"  14";" 0.00";" -12.729";"obligation";"3.600816e-04"
"   0";"  14";" 0.00";" -12.729";"intimidate";"3.600816e-04"
"   0";"  14";" 0.00";" -12.729";"inculcate";"3.600816e-04"
"   0";"  14";" 0.00";" -12.729";"eager";"3.600816e-04"
"   0";"  14";" 0.00";" -12.729";"18th";"3.600816e-04"
"   3";"  25";"12.00";" -12.720";"supporter";"3.617413e-04"
"   3";"  25";"12.00";" -12.720";"cautious";"3.617413e-04"
"   3";"  25";"12.00";" -12.720";"grateful";"3.617413e-04"
"  35";" 113";"30.97";" -12.582";"miss";"3.895127e-04"
"  12";"  52";"23.08";" -12.568";"represent";"3.924028e-04"
"  11";"  49";"22.45";" -12.456";"peace";"4.166817e-04"
"  22";"  79";"27.85";" -12.399";"ally";"4.295329e-04"
"  22";"  79";"27.85";" -12.399";"personal";"4.295329e-04"
"  75";" 211";"35.55";" -12.391";"head";"4.313532e-04"
"   5";"  31";"16.13";" -12.329";"tweet";"4.458579e-04"
"   5";"  31";"16.13";" -12.329";"stake";"4.458579e-04"
"   5";"  31";"16.13";" -12.329";"excuse";"4.458579e-04"
"  36";" 115";"31.30";" -12.301";"terrible";"4.527175e-04"
"  57";" 167";"34.13";" -12.224";"agency";"4.718154e-04"
"   2";"  21";" 9.52";" -12.221";"neil";"4.725243e-04"
"   2";"  21";" 9.52";" -12.221";"palmer";"4.725243e-04"
"   2";"  21";" 9.52";" -12.221";"britain";"4.725243e-04"
"  33";" 107";"30.84";" -12.102";"reach";"5.036788e-04"
"  49";" 147";"33.33";" -12.065";"mistake";"5.136468e-04"
"   1";"  17";" 5.88";" -11.874";"habit";"5.692120e-04"
"   1";"  17";" 5.88";" -11.874";"goldman";"5.692120e-04"
"   1";"  17";" 5.88";" -11.874";"propaganda";"5.692120e-04"
"   1";"  17";" 5.88";" -11.874";"dave";"5.692120e-04"
"   1";"  17";" 5.88";" -11.874";"mexican";"5.692120e-04"
"   1";"  17";" 5.88";" -11.874";"youth";"5.692120e-04"
"   1";"  17";" 5.88";" -11.874";"dysfunction";"5.692120e-04"
"   1";"  17";" 5.88";" -11.874";"ass";"5.692120e-04"
"   1";"  17";" 5.88";" -11.874";"40s";"5.692120e-04"
"   3";"  24";"12.50";" -11.870";"fbi";"5.703017e-04"
"   3";"  24";"12.50";" -11.870";"charter";"5.703017e-04"
"   3";"  24";"12.50";" -11.870";"latin";"5.703017e-04"
"  32";" 104";"30.77";" -11.863";"follow";"5.726800e-04"
"   0";"  13";" 0.00";" -11.819";"progressivism";"5.862303e-04"
"   0";"  13";" 0.00";" -11.819";"schumer";"5.862303e-04"
"   0";"  13";" 0.00";" -11.819";"radicalize";"5.862303e-04"
"   0";"  13";" 0.00";" -11.819";"marcus";"5.862303e-04"
"   0";"  13";" 0.00";" -11.819";"uae";"5.862303e-04"
"   0";"  13";" 0.00";" -11.819";"taylor";"5.862303e-04"
"   0";"  13";" 0.00";" -11.819";"disagreement";"5.862303e-04"
"   0";"  13";" 0.00";" -11.819";"anger";"5.862303e-04"
"   0";"  13";" 0.00";" -11.819";"adversity";"5.862303e-04"
"   0";"  13";" 0.00";" -11.819";"weiss";"5.862303e-04"
"   0";"  13";" 0.00";" -11.819";"stone";"5.862303e-04"
"   0";"  13";" 0.00";" -11.819";"princeton";"5.862303e-04"
"   0";"  13";" 0.00";" -11.819";"kindergarten";"5.862303e-04"
"   0";"  13";" 0.00";" -11.819";"jackson";"5.862303e-04"
"   0";"  13";" 0.00";" -11.819";"holiday";"5.862303e-04"
"   0";"  13";" 0.00";" -11.819";"gaga";"5.862303e-04"
"   0";"  13";" 0.00";" -11.819";"emotion";"5.862303e-04"
"   0";"  13";" 0.00";" -11.819";"believer";"5.862303e-04"
"  19";"  70";"27.14";" -11.782";"famous";"5.981714e-04"
"  62";" 178";"34.83";" -11.715";"age";"6.199195e-04"
"  15";"  59";"25.42";" -11.665";"mindset";"6.369723e-04"
"   4";"  27";"14.81";" -11.653";"circle";"6.411531e-04"
"  10";"  45";"22.22";" -11.645";"identity";"6.438067e-04"
"  10";"  45";"22.22";" -11.645";"initiative";"6.438067e-04"
"  14";"  56";"25.00";" -11.498";"annoy";"6.968934e-04"
"   8";"  39";"20.51";" -11.495";"football";"6.978565e-04"
"   8";"  39";"20.51";" -11.495";"divide";"6.978565e-04"
"   6";"  33";"18.18";" -11.470";"enforcement";"7.073560e-04"
"   7";"  36";"19.44";" -11.463";"sec";"7.099971e-04"
"   7";"  36";"19.44";" -11.463";"rank";"7.099971e-04"
"   2";"  20";"10.00";" -11.350";"league";"7.546427e-04"
"   2";"  20";"10.00";" -11.350";"episode";"7.546427e-04"
"   2";"  20";"10.00";" -11.350";"fortunately";"7.546427e-04"
"  13";"  53";"24.53";" -11.339";"70s";"7.588210e-04"
"  32";" 103";"31.07";" -11.335";"night";"7.604741e-04"
"  42";" 128";"32.81";" -11.280";"favorite";"7.833149e-04"
"  36";" 113";"31.86";" -11.279";"concern";"7.838625e-04"
" 158";" 402";"39.30";" -11.253";"public";"7.950707e-04"
"  16";"  61";"26.23";" -11.201";"finish";"8.176596e-04"
"  29";"  95";"30.53";" -11.148";"laughter";"8.411486e-04"
"   3";"  23";"13.04";" -11.026";"attitude";"8.983557e-04"
"   3";"  23";"13.04";" -11.026";"upset";"8.983557e-04"
"   3";"  23";"13.04";" -11.026";"representative";"8.983557e-04"
"   3";"  23";"13.04";" -11.026";"philosophical";"8.983557e-04"
"  21";"  74";"28.38";" -10.998";"conflict";"9.121234e-04"
"   1";"  16";" 6.25";" -10.979";"neutral";"9.213885e-04"
"   1";"  16";" 6.25";" -10.979";"statue";"9.213885e-04"
"   1";"  16";" 6.25";" -10.979";"robert";"9.213885e-04"
"   1";"  16";" 6.25";" -10.979";"editor";"9.213885e-04"
"   1";"  16";" 6.25";" -10.979";"carolina";"9.213885e-04"
"   1";"  16";" 6.25";" -10.979";"scholar";"9.213885e-04"
"   1";"  16";" 6.25";" -10.979";"coalition";"9.213885e-04"
"   1";"  16";" 6.25";" -10.979";"alongside";"9.213885e-04"
"   0";"  12";" 0.00";" -10.910";"ubi";"9.566071e-04"
"   0";"  12";" 0.00";" -10.910";"hampshire";"9.566071e-04"
"   0";"  12";" 0.00";" -10.910";"friendship";"9.566071e-04"
"   0";"  12";" 0.00";" -10.910";"attend";"9.566071e-04"
"   0";"  12";" 0.00";" -10.910";"arrogant";"9.566071e-04"
"   0";"  12";" 0.00";" -10.910";"stereotype";"9.566071e-04"
"   0";"  12";" 0.00";" -10.910";"saturday";"9.566071e-04"
"   0";"  12";" 0.00";" -10.910";"probation";"9.566071e-04"
"   0";"  12";" 0.00";" -10.910";"phoenix";"9.566071e-04"
"   0";"  12";" 0.00";" -10.910";"masculinity";"9.566071e-04"
"   0";"  12";" 0.00";" -10.910";"hitler";"9.566071e-04"
"   0";"  12";" 0.00";" -10.910";"extremist";"9.566071e-04"
"   0";"  12";" 0.00";" -10.910";"crown";"9.566071e-04"
"   0";"  12";" 0.00";" -10.910";"christians";"9.566071e-04"
"   0";"  12";" 0.00";" -10.910";"appropriation";"9.566071e-04"
"   0";"  12";" 0.00";" -10.910";"triangle";"9.566071e-04"
"   0";"  12";" 0.00";" -10.910";"sing";"9.566071e-04"
"   0";"  12";" 0.00";" -10.910";"regret";"9.566071e-04"
"   0";"  12";" 0.00";" -10.910";"mainstream";"9.566071e-04"
"   0";"  12";" 0.00";" -10.910";"kirk";"9.566071e-04"
"   0";"  12";" 0.00";" -10.910";"italian";"9.566071e-04"
"   0";"  12";" 0.00";" -10.910";"husband";"9.566071e-04"
"   0";"  12";" 0.00";" -10.910";"frederick";"9.566071e-04"
"   0";"  12";" 0.00";" -10.910";"dismantle";"9.566071e-04"
"   0";"  12";" 0.00";" -10.910";"chuck";"9.566071e-04"
"   0";"  12";" 0.00";" -10.910";"aisle";"9.566071e-04"
"  14";"  55";"25.45";" -10.842";"gotta";"9.919825e-04"
"  14";"  55";"25.45";" -10.842";"expose";"9.919825e-04"
"   4";"  26";"15.38";" -10.834";"agenda";"9.964534e-04"
"   4";"  26";"15.38";" -10.834";"odd";"9.964534e-04"
"   4";"  26";"15.38";" -10.834";"neighbor";"9.964534e-04"
"   4";"  26";"15.38";" -10.834";"march";"9.964534e-04"
"  20";"  71";"28.17";" -10.782";"popular";"1.024830e-03"
"   8";"  38";"21.05";" -10.758";"candidate";"1.038219e-03"
"   7";"  35";"20.00";" -10.709";"terrify";"1.066211e-03"
"   7";"  35";"20.00";" -10.709";"favor";"1.066211e-03"
"  31";"  99";"31.31";" -10.573";"music";"1.147272e-03"
"  16";"  60";"26.67";" -10.571";"sleep";"1.148804e-03"
"  37";" 114";"32.46";" -10.532";"legal";"1.173209e-03"
"   2";"  19";"10.53";" -10.482";"mafia";"1.205313e-03"
"   2";"  19";"10.53";" -10.482";"fdr";"1.205313e-03"
"   2";"  19";"10.53";" -10.482";"soul";"1.205313e-03"
"   2";"  19";"10.53";" -10.482";"germans";"1.205313e-03"
"   2";"  19";"10.53";" -10.482";"warrior";"1.205313e-03"
"   2";"  19";"10.53";" -10.482";"tendency";"1.205313e-03"
"   2";"  19";"10.53";" -10.482";"ed";"1.205313e-03"
"  21";"  73";"28.77";" -10.415";"drink";"1.250019e-03"
"  60";" 170";"35.29";" -10.391";"powerful";"1.266358e-03"
"  30";"  96";"31.25";" -10.332";"relationship";"1.307652e-03"
"  10";"  43";"23.26";" -10.239";"pretend";"1.374868e-03"
" 287";" 690";"41.59";" -10.216";"question";"1.392428e-03"
"  14";"  54";"25.93";" -10.197";"legacy";"1.406747e-03"
"  20";"  70";"28.57";" -10.195";"struggle";"1.408574e-03"
"   3";"  22";"13.64";" -10.188";"vocational";"1.413733e-03"
"   3";"  22";"13.64";" -10.188";"quota";"1.413733e-03"
"   3";"  22";"13.64";" -10.188";"boston";"1.413733e-03"
"   3";"  22";"13.64";" -10.188";"impress";"1.413733e-03"
"   1";"  15";" 6.67";" -10.086";"mirror";"1.493668e-03"
"   1";"  15";" 6.67";" -10.086";"duke";"1.493668e-03"
"   1";"  15";" 6.67";" -10.086";"violate";"1.493668e-03"
"   1";"  15";" 6.67";" -10.086";"inappropriate";"1.493668e-03"
"   1";"  15";" 6.67";" -10.086";"el";"1.493668e-03"
"   1";"  15";" 6.67";" -10.086";"arab";"1.493668e-03"
"   1";"  15";" 6.67";" -10.086";"soros";"1.493668e-03"
"   1";"  15";" 6.67";" -10.086";"politicize";"1.493668e-03"
"   1";"  15";" 6.67";" -10.086";"marriage";"1.493668e-03"
"   1";"  15";" 6.67";" -10.086";"bless";"1.493668e-03"
"   1";"  15";" 6.67";" -10.086";"achievement";"1.493668e-03"
"   4";"  25";"16.00";" -10.023";"playbook";"1.545873e-03"
"  13";"  51";"25.49";" -10.020";"legislation";"1.548094e-03"
"   0";"  11";" 0.00";" -10.000";"crt";"1.565146e-03"
"   0";"  11";" 0.00";" -10.000";"sympathize";"1.565146e-03"
"   0";"  11";" 0.00";" -10.000";"cheer";"1.565146e-03"
"   0";"  11";" 0.00";" -10.000";"purple";"1.565146e-03"
"   0";"  11";" 0.00";" -10.000";"genocide";"1.565146e-03"
"   0";"  11";" 0.00";" -10.000";"clarence";"1.565146e-03"
"   0";"  11";" 0.00";" -10.000";"assault";"1.565146e-03"
"   0";"  11";" 0.00";" -10.000";"preach";"1.565146e-03"
"   0";"  11";" 0.00";" -10.000";"nazis";"1.565146e-03"
"   0";"  11";" 0.00";" -10.000";"kim";"1.565146e-03"
"   0";"  11";" 0.00";" -10.000";"chill";"1.565146e-03"
"   0";"  11";" 0.00";" -10.000";"unhealthy";"1.565146e-03"
"   0";"  11";" 0.00";" -10.000";"synagogue";"1.565146e-03"
"   0";"  11";" 0.00";" -10.000";"settle";"1.565146e-03"
"   0";"  11";" 0.00";" -10.000";"illinois";"1.565146e-03"
"   0";"  11";" 0.00";" -10.000";"brexit";"1.565146e-03"
"   0";"  11";" 0.00";" -10.000";"brad";"1.565146e-03"
"   0";"  11";" 0.00";" -10.000";"vanguard";"1.565146e-03"
"   0";"  11";" 0.00";" -10.000";"thiel";"1.565146e-03"
"   0";"  11";" 0.00";" -10.000";"spain";"1.565146e-03"
"   0";"  11";" 0.00";" -10.000";"ronald";"1.565146e-03"
"   0";"  11";" 0.00";" -10.000";"rome";"1.565146e-03"
"   0";"  11";" 0.00";" -10.000";"prank";"1.565146e-03"
"   0";"  11";" 0.00";" -10.000";"polarization";"1.565146e-03"
"   0";"  11";" 0.00";" -10.000";"poland";"1.565146e-03"
"   0";"  11";" 0.00";" -10.000";"philanthropist";"1.565146e-03"
"   0";"  11";" 0.00";" -10.000";"marxists";"1.565146e-03"
"   0";"  11";" 0.00";" -10.000";"los";"1.565146e-03"
"   0";"  11";" 0.00";" -10.000";"houston";"1.565146e-03"
"   0";"  11";" 0.00";" -10.000";"heritage";"1.565146e-03"
"   0";"  11";" 0.00";" -10.000";"angeles";"1.565146e-03"
"   7";"  34";"20.59";"  -9.964";"viral";"1.596188e-03"
"   7";"  34";"20.59";"  -9.964";"functional";"1.596188e-03"
"   5";"  28";"17.86";"  -9.946";"al";"1.611570e-03"
"   6";"  31";"19.35";"  -9.932";"deserve";"1.624007e-03"
" 140";" 356";"39.33";"  -9.899";"force";"1.654036e-03"
" 466";"1085";"42.95";"  -9.754";"give";"1.789252e-03"
"   2";"  18";"11.11";"  -9.620";"graduation";"1.925215e-03"
"   2";"  18";"11.11";"  -9.620";"dialectic";"1.925215e-03"
"   2";"  18";"11.11";"  -9.620";"prosecute";"1.925215e-03"
"   2";"  18";"11.11";"  -9.620";"journal";"1.925215e-03"
"   2";"  18";"11.11";"  -9.620";"undergraduate";"1.925215e-03"
"   2";"  18";"11.11";"  -9.620";"ruin";"1.925215e-03"
"   2";"  18";"11.11";"  -9.620";"londale";"1.925215e-03"
"  27";"  87";"31.03";"  -9.609";"academic";"1.936317e-03"
"  29";"  92";"31.52";"  -9.574";"failure";"1.973539e-03"
"  48";" 139";"34.53";"  -9.571";"fall";"1.976700e-03"
"  31";"  97";"31.96";"  -9.555";"pro";"1.994311e-03"
"  35";" 107";"32.71";"  -9.555";"finally";"1.994338e-03"
"  33";" 102";"32.35";"  -9.549";"john";"2.000611e-03"
" 256";" 617";"41.49";"  -9.431";"amaze";"2.133411e-03"
"   3";"  21";"14.29";"  -9.356";"ambassador";"2.222225e-03"
"   8";"  36";"22.22";"  -9.314";"thrive";"2.274685e-03"
" 141";" 356";"39.61";"  -9.239";"smart";"2.369307e-03"
"   7";"  33";"21.21";"  -9.229";"vietnam";"2.381558e-03"
"   7";"  33";"21.21";"  -9.229";"brian";"2.381558e-03"
"   4";"  24";"16.67";"  -9.220";"coer";"2.393368e-03"
"   4";"  24";"16.67";"  -9.220";"style";"2.393368e-03"
"   4";"  24";"16.67";"  -9.220";"fiction";"2.393368e-03"
"   1";"  14";" 7.14";"  -9.196";"dance";"2.425403e-03"
"   1";"  14";" 7.14";"  -9.196";"tucker";"2.425403e-03"
"   1";"  14";" 7.14";"  -9.196";"wreck";"2.425403e-03"
"   1";"  14";" 7.14";"  -9.196";"ordinary";"2.425403e-03"
"   1";"  14";" 7.14";"  -9.196";"fentanyl";"2.425403e-03"
"   1";"  14";" 7.14";"  -9.196";"basketball";"2.425403e-03"
"   1";"  14";" 7.14";"  -9.196";"hunter";"2.425403e-03"
"   1";"  14";" 7.14";"  -9.196";"gang";"2.425403e-03"
"   1";"  14";" 7.14";"  -9.196";"punch";"2.425403e-03"
"   1";"  14";" 7.14";"  -9.196";"outline";"2.425403e-03"
"   1";"  14";" 7.14";"  -9.196";"decentralization";"2.425403e-03"
"   1";"  14";" 7.14";"  -9.196";"chris";"2.425403e-03"
"  60";" 167";"35.93";"  -9.183";"perspective";"2.442692e-03"
"   6";"  30";"20.00";"  -9.178";"kick";"2.449718e-03"
"   6";"  30";"20.00";"  -9.178";"doubt";"2.449718e-03"
"   6";"  30";"20.00";"  -9.178";"ben";"2.449718e-03"
"   6";"  30";"20.00";"  -9.178";"argentina";"2.449718e-03"
"   5";"  27";"18.52";"  -9.169";"lobbyist";"2.461013e-03"
"   5";"  27";"18.52";"  -9.169";"iranian";"2.461013e-03"
"   5";"  27";"18.52";"  -9.169";"faculty";"2.461013e-03"
"   5";"  27";"18.52";"  -9.169";"ancient";"2.461013e-03"
"   5";"  27";"18.52";"  -9.169";"agreement";"2.461013e-03"
"   5";"  27";"18.52";"  -9.169";"virginia";"2.461013e-03"
"  58";" 162";"35.80";"  -9.099";"serve";"2.556832e-03"
"   0";"  10";" 0.00";"  -9.091";"guest";"2.568805e-03"
"   0";"  10";" 0.00";"  -9.091";"cigar";"2.568805e-03"
"   0";"  10";" 0.00";"  -9.091";"stoic";"2.568805e-03"
"   0";"  10";" 0.00";"  -9.091";"prosecutor";"2.568805e-03"
"   0";"  10";" 0.00";"  -9.091";"persian";"2.568805e-03"
"   0";"  10";" 0.00";"  -9.091";"leonard";"2.568805e-03"
"   0";"  10";" 0.00";"  -9.091";"jonathan";"2.568805e-03"
"   0";"  10";" 0.00";"  -9.091";"chevron";"2.568805e-03"
"   0";"  10";" 0.00";"  -9.091";"americas";"2.568805e-03"
"   0";"  10";" 0.00";"  -9.091";"shakespeare";"2.568805e-03"
"   0";"  10";" 0.00";"  -9.091";"retrospect";"2.568805e-03"
"   0";"  10";" 0.00";"  -9.091";"marxism";"2.568805e-03"
"   0";"  10";" 0.00";"  -9.091";"ko";"2.568805e-03"
"   0";"  10";" 0.00";"  -9.091";"islamic";"2.568805e-03"
"   0";"  10";" 0.00";"  -9.091";"grandma";"2.568805e-03"
"   0";"  10";" 0.00";"  -9.091";"bobby";"2.568805e-03"
"   0";"  10";" 0.00";"  -9.091";"adam";"2.568805e-03"
"   0";"  10";" 0.00";"  -9.091";"warren";"2.568805e-03"
"   0";"  10";" 0.00";"  -9.091";"unaccountable";"2.568805e-03"
"   0";"  10";" 0.00";"  -9.091";"palestine";"2.568805e-03"
"   0";"  10";" 0.00";"  -9.091";"overturn";"2.568805e-03"
"   0";"  10";" 0.00";"  -9.091";"nurture";"2.568805e-03"
"   0";"  10";" 0.00";"  -9.091";"judeo";"2.568805e-03"
"   0";"  10";" 0.00";"  -9.091";"jinping";"2.568805e-03"
"   0";"  10";" 0.00";"  -9.091";"hateful";"2.568805e-03"
"   0";"  10";" 0.00";"  -9.091";"douglass";"2.568805e-03"
"   0";"  10";" 0.00";"  -9.091";"dick";"2.568805e-03"
"   0";"  10";" 0.00";"  -9.091";"commissioner";"2.568805e-03"
"   0";"  10";" 0.00";"  -9.091";"civilizational";"2.568805e-03"
"   0";"  10";" 0.00";"  -9.091";"barack";"2.568805e-03"
"   0";"  10";" 0.00";"  -9.091";"ballot";"2.568805e-03"
"   0";"  10";" 0.00";"  -9.091";"balloon";"2.568805e-03"
"  20";"  68";"29.41";"  -9.048";"evidence";"2.629955e-03"
"  11";"  44";"25.00";"  -9.031";"comment";"2.654800e-03"
"  11";"  44";"25.00";"  -9.031";"michael";"2.654800e-03"
" 104";" 270";"38.52";"  -9.020";"valley";"2.671067e-03"
"  56";" 157";"35.67";"  -9.018";"fair";"2.673147e-03"
"  14";"  52";"26.92";"  -8.937";"accept";"2.795239e-03"
"  10";"  41";"24.39";"  -8.874";"germany";"2.892296e-03"
"   2";"  17";"11.76";"  -8.762";"tim";"3.075046e-03"
"   2";"  17";"11.76";"  -8.762";"tequila";"3.075046e-03"
" 501";"1156";"43.34";"  -8.745";"part";"3.103812e-03"
"  13";"  49";"26.53";"  -8.743";"neighborhood";"3.108376e-03"
"  13";"  49";"26.53";"  -8.743";"independent";"3.108376e-03"
"  42";" 122";"34.43";"  -8.533";"forget";"3.487064e-03"
"   3";"  20";"15.00";"  -8.533";"norm";"3.488353e-03"
"   3";"  20";"15.00";"  -8.533";"song";"3.488353e-03"
"   3";"  20";"15.00";"  -8.533";"excellent";"3.488353e-03"
"   3";"  20";"15.00";"  -8.533";"johnson";"3.488353e-03"
"   7";"  32";"21.88";"  -8.506";"happiness";"3.540329e-03"
"   6";"  29";"20.69";"  -8.434";"hero";"3.682755e-03"
"   6";"  29";"20.69";"  -8.434";"corrupt";"3.682755e-03"
"   6";"  29";"20.69";"  -8.434";"till";"3.682755e-03"
"   4";"  23";"17.39";"  -8.427";"bully";"3.696955e-03"
"  22";"  72";"30.56";"  -8.415";"pressure";"3.721783e-03"
"   5";"  26";"19.23";"  -8.402";"saudi";"3.747100e-03"
"   5";"  26";"19.23";"  -8.402";"protest";"3.747100e-03"
"   5";"  26";"19.23";"  -8.402";"literature";"3.747100e-03"
"  11";"  43";"25.58";"  -8.377";"baby";"3.799492e-03"
"  24";"  77";"31.17";"  -8.365";"majority";"3.825514e-03"
"  24";"  77";"31.17";"  -8.365";"extraordinary";"3.825514e-03"
"  14";"  51";"27.45";"  -8.323";"chief";"3.914920e-03"
"   1";"  13";" 7.69";"  -8.309";"espionage";"3.945690e-03"
"   1";"  13";" 7.69";"  -8.309";"trader";"3.945690e-03"
"   1";"  13";" 7.69";"  -8.309";"viewpoint";"3.945690e-03"
"   1";"  13";" 7.69";"  -8.309";"neat";"3.945690e-03"
"   1";"  13";" 7.69";"  -8.309";"influential";"3.945690e-03"
"   1";"  13";" 7.69";"  -8.309";"immigrate";"3.945690e-03"
"   1";"  13";" 7.69";"  -8.309";"fox";"3.945690e-03"
"   1";"  13";" 7.69";"  -8.309";"dialogue";"3.945690e-03"
"   1";"  13";" 7.69";"  -8.309";"arrest";"3.945690e-03"
"   1";"  13";" 7.69";"  -8.309";"republic";"3.945690e-03"
"   1";"  13";" 7.69";"  -8.309";"nuanced";"3.945690e-03"
"   1";"  13";" 7.69";"  -8.309";"dictator";"3.945690e-03"
"  41";" 119";"34.45";"  -8.288";"drop";"3.990747e-03"
"  10";"  40";"25.00";"  -8.209";"girl";"4.168718e-03"
"  37";" 109";"33.94";"  -8.188";"educate";"4.217485e-03"
"   0";"   9";" 0.00";"  -8.182";"greek";"4.231728e-03"
"   0";"   9";" 0.00";"  -8.182";"rung";"4.231728e-03"
"   0";"   9";" 0.00";"  -8.182";"illiberal";"4.231728e-03"
"   0";"   9";" 0.00";"  -8.182";"harry";"4.231728e-03"
"   0";"   9";" 0.00";"  -8.182";"raj";"4.231728e-03"
"   0";"   9";" 0.00";"  -8.182";"pronoun";"4.231728e-03"
"   0";"   9";" 0.00";"  -8.182";"bible";"4.231728e-03"
"   0";"   9";" 0.00";"  -8.182";"stoicism";"4.231728e-03"
"   0";"   9";" 0.00";"  -8.182";"philly";"4.231728e-03"
"   0";"   9";" 0.00";"  -8.182";"nasty";"4.231728e-03"
"   0";"   9";" 0.00";"  -8.182";"hamilton";"4.231728e-03"
"   0";"   9";" 0.00";"  -8.182";"encampment";"4.231728e-03"
"   0";"   9";" 0.00";"  -8.182";"aspire";"4.231728e-03"
"   0";"   9";" 0.00";"  -8.182";"uplift";"4.231728e-03"
"   0";"   9";" 0.00";"  -8.182";"transcend";"4.231728e-03"
"   0";"   9";" 0.00";"  -8.182";"tonight";"4.231728e-03"
"   0";"   9";" 0.00";"  -8.182";"spoil";"4.231728e-03"
"   0";"   9";" 0.00";"  -8.182";"sociology";"4.231728e-03"
"   0";"   9";" 0.00";"  -8.182";"shortly";"4.231728e-03"
"   0";"   9";" 0.00";"  -8.182";"rogan";"4.231728e-03"
"   0";"   9";" 0.00";"  -8.182";"pano";"4.231728e-03"
"   0";"   9";" 0.00";"  -8.182";"openly";"4.231728e-03"
"   0";"   9";" 0.00";"  -8.182";"nihilism";"4.231728e-03"
"   0";"   9";" 0.00";"  -8.182";"minor";"4.231728e-03"
"   0";"   9";" 0.00";"  -8.182";"milton";"4.231728e-03"
"   0";"   9";" 0.00";"  -8.182";"michigan";"4.231728e-03"
"   0";"   9";" 0.00";"  -8.182";"mediocre";"4.231728e-03"
"   0";"   9";" 0.00";"  -8.182";"lade";"4.231728e-03"
"   0";"   9";" 0.00";"  -8.182";"jr";"4.231728e-03"
"   0";"   9";" 0.00";"  -8.182";"inquiry";"4.231728e-03"
"   0";"   9";" 0.00";"  -8.182";"henry";"4.231728e-03"
"   0";"   9";" 0.00";"  -8.182";"disproportionately";"4.231728e-03"
"   0";"   9";" 0.00";"  -8.182";"cafeteria";"4.231728e-03"
"   0";"   9";" 0.00";"  -8.182";"boardroom";"4.231728e-03"
"   0";"   9";" 0.00";"  -8.182";"backlash";"4.231728e-03"
"   0";"   9";" 0.00";"  -8.182";"armstrong";"4.231728e-03"
"   0";"   9";" 0.00";"  -8.182";"ag";"4.231728e-03"
"   0";"   9";" 0.00";"  -8.182";"acknowledgement";"4.231728e-03"
"   0";"   9";" 0.00";"  -8.182";"abbott";"4.231728e-03"
"   0";"   9";" 0.00";"  -8.182";"1930s";"4.231728e-03"
"  16";"  56";"28.57";"  -8.152";"enemy";"4.300366e-03"
"  35";" 104";"33.65";"  -8.147";"capitalism";"4.312457e-03"
"  27";"  84";"32.14";"  -8.078";"recognize";"4.481079e-03"
" 414";" 960";"43.12";"  -7.963";"day";"4.773147e-03"
"  20";"  66";"30.30";"  -7.942";"frustrate";"4.829181e-03"
"  12";"  45";"26.67";"  -7.925";"date";"4.876028e-03"
"  12";"  45";"26.67";"  -7.925";"instance";"4.876028e-03"
"   8";"  34";"23.53";"  -7.913";"paint";"4.907406e-03"
"   8";"  34";"23.53";"  -7.913";"brilliant";"4.907406e-03"
"   2";"  16";"12.50";"  -7.912";"irs";"4.911093e-03"
"   2";"  16";"12.50";"  -7.912";"volunteer";"4.911093e-03"
"   2";"  16";"12.50";"  -7.912";"uncomfortable";"4.911093e-03"
"   2";"  16";"12.50";"  -7.912";"liberate";"4.911093e-03"
"   2";"  16";"12.50";"  -7.912";"supportive";"4.911093e-03"
"   2";"  16";"12.50";"  -7.912";"hat";"4.911093e-03"
"  34";" 101";"33.66";"  -7.901";"twitter";"4.941139e-03"
"  30";"  91";"32.97";"  -7.845";"battle";"5.096535e-03"
"   7";"  31";"22.58";"  -7.794";"fi";"5.241850e-03"
"  11";"  42";"26.19";"  -7.736";"scott";"5.412999e-03"
"  11";"  42";"26.19";"  -7.736";"trip";"5.412999e-03"
"   3";"  19";"15.79";"  -7.718";"chair";"5.467074e-03"
"   3";"  19";"15.79";"  -7.718";"obnoxious";"5.467074e-03"
"   3";"  19";"15.79";"  -7.718";"attorney";"5.467074e-03"
"   6";"  28";"21.43";"  -7.702";"weak";"5.515765e-03"
"   6";"  28";"21.43";"  -7.702";"wing";"5.515765e-03"
"   6";"  28";"21.43";"  -7.702";"busy";"5.515765e-03"
"   5";"  25";"20.00";"  -7.647";"daily";"5.686453e-03"
"   5";"  25";"20.00";"  -7.647";"dress";"5.686453e-03"
"   5";"  25";"20.00";"  -7.647";"tennessee";"5.686453e-03"
"   5";"  25";"20.00";"  -7.647";"stakeholder";"5.686453e-03"
"   5";"  25";"20.00";"  -7.647";"20th";"5.686453e-03"
"   4";"  22";"18.18";"  -7.644";"spy";"5.695557e-03"
"   4";"  22";"18.18";"  -7.644";"sir";"5.695557e-03"
"   4";"  22";"18.18";"  -7.644";"alien";"5.695557e-03"
"   4";"  22";"18.18";"  -7.644";"adventure";"5.695557e-03"
"   4";"  22";"18.18";"  -7.644";"clarity";"5.695557e-03"
"  23";"  73";"31.51";"  -7.607";"star";"5.815007e-03"
"  25";"  78";"32.05";"  -7.589";"talented";"5.873836e-03"
"  18";"  60";"30.00";"  -7.474";"advice";"6.259428e-03"
"   1";"  12";" 8.33";"  -7.425";"kosher";"6.432481e-03"
"   1";"  12";" 8.33";"  -7.425";"tent";"6.432481e-03"
"   1";"  12";" 8.33";"  -7.425";"colorado";"6.432481e-03"
"   1";"  12";" 8.33";"  -7.425";"midwest";"6.432481e-03"
"   1";"  12";" 8.33";"  -7.425";"leftist";"6.432481e-03"
"   1";"  12";" 8.33";"  -7.425";"da";"6.432481e-03"
"   1";"  12";" 8.33";"  -7.425";"veteran";"6.432481e-03"
"   1";"  12";" 8.33";"  -7.425";"sacrifice";"6.432481e-03"
"   1";"  12";" 8.33";"  -7.425";"patriotic";"6.432481e-03"
"   1";"  12";" 8.33";"  -7.425";"oversight";"6.432481e-03"
"   1";"  12";" 8.33";"  -7.425";"hustle";"6.432481e-03"
"   1";"  12";" 8.33";"  -7.425";"confirm";"6.432481e-03"
"   1";"  12";" 8.33";"  -7.425";"shore";"6.432481e-03"
"   1";"  12";" 8.33";"  -7.425";"rob";"6.432481e-03"
"   1";"  12";" 8.33";"  -7.425";"opm";"6.432481e-03"
"   1";"  12";" 8.33";"  -7.425";"mathematics";"6.432481e-03"
"   1";"  12";" 8.33";"  -7.425";"conviction";"6.432481e-03"
"   1";"  12";" 8.33";"  -7.425";"brave";"6.432481e-03"
"   9";"  36";"25.00";"  -7.387";"russian";"6.569290e-03"
"  37";" 107";"34.58";"  -7.308";"rid";"6.864318e-03"
"  12";"  44";"27.27";"  -7.307";"china_s";"6.870158e-03"
"   0";"   8";" 0.00";"  -7.272";"rabbi";"7.002473e-03"
"   0";"   8";" 0.00";"  -7.272";"caddy";"7.002473e-03"
"   0";"   8";" 0.00";"  -7.272";"rockefeller";"7.002473e-03"
"   0";"   8";" 0.00";"  -7.272";"poem";"7.002473e-03"
"   0";"   8";" 0.00";"  -7.272";"jazz";"7.002473e-03"
"   0";"   8";" 0.00";"  -7.272";"interfaith";"7.002473e-03"
"   0";"   8";" 0.00";"  -7.272";"gary";"7.002473e-03"
"   0";"   8";" 0.00";"  -7.272";"fierce";"7.002473e-03"
"   0";"   8";" 0.00";"  -7.272";"affirmative";"7.002473e-03"
"   0";"   8";" 0.00";"  -7.272";"veto";"7.002473e-03"
"   0";"   8";" 0.00";"  -7.272";"tuesday";"7.002473e-03"
"   0";"   8";" 0.00";"  -7.272";"polite";"7.002473e-03"
"   0";"   8";" 0.00";"  -7.272";"ism";"7.002473e-03"
"   0";"   8";" 0.00";"  -7.272";"geopolitics";"7.002473e-03"
"   0";"   8";" 0.00";"  -7.272";"convention";"7.002473e-03"
"   0";"   8";" 0.00";"  -7.272";"boycott";"7.002473e-03"
"   0";"   8";" 0.00";"  -7.272";"tyranny";"7.002473e-03"
"   0";"   8";" 0.00";"  -7.272";"systemic";"7.002473e-03"
"   0";"   8";" 0.00";"  -7.272";"swear";"7.002473e-03"
"   0";"   8";" 0.00";"  -7.272";"statewide";"7.002473e-03"
"   0";"   8";" 0.00";"  -7.272";"punishment";"7.002473e-03"
"   0";"   8";" 0.00";"  -7.272";"nonpartisan";"7.002473e-03"
"   0";"   8";" 0.00";"  -7.272";"luther";"7.002473e-03"
"   0";"   8";" 0.00";"  -7.272";"judaism";"7.002473e-03"
"   0";"   8";" 0.00";"  -7.272";"jamie";"7.002473e-03"
"   0";"   8";" 0.00";"  -7.272";"infiltrate";"7.002473e-03"
"   0";"   8";" 0.00";"  -7.272";"homicide";"7.002473e-03"
"   0";"   8";" 0.00";"  -7.272";"fraternity";"7.002473e-03"
"   0";"   8";" 0.00";"  -7.272";"disperate";"7.002473e-03"
"   0";"   8";" 0.00";"  -7.272";"colony";"7.002473e-03"
"   0";"   8";" 0.00";"  -7.272";"chaos";"7.002473e-03"
"   0";"   8";" 0.00";"  -7.272";"accent";"7.002473e-03"
"   0";"   8";" 0.00";"  -7.272";"wednesday";"7.002473e-03"
"   0";"   8";" 0.00";"  -7.272";"tribalism";"7.002473e-03"
"   0";"   8";" 0.00";"  -7.272";"tolerate";"7.002473e-03"
"   0";"   8";" 0.00";"  -7.272";"temperance";"7.002473e-03"
"   0";"   8";" 0.00";"  -7.272";"silence";"7.002473e-03"
"   0";"   8";" 0.00";"  -7.272";"shitty";"7.002473e-03"
"   0";"   8";" 0.00";"  -7.272";"semitic";"7.002473e-03"
"   0";"   8";" 0.00";"  -7.272";"sarah";"7.002473e-03"
"   0";"   8";" 0.00";"  -7.272";"salesman";"7.002473e-03"
"   0";"   8";" 0.00";"  -7.272";"reddit";"7.002473e-03"
"   0";"   8";" 0.00";"  -7.272";"principled";"7.002473e-03"
"   0";"   8";" 0.00";"  -7.272";"pet";"7.002473e-03"
"   0";"   8";" 0.00";"  -7.272";"patriot";"7.002473e-03"
"   0";"   8";" 0.00";"  -7.272";"overdose";"7.002473e-03"
"   0";"   8";" 0.00";"  -7.272";"opioid";"7.002473e-03"
"   0";"   8";" 0.00";"  -7.272";"nevada";"7.002473e-03"
"   0";"   8";" 0.00";"  -7.272";"negotiator";"7.002473e-03"
"   0";"   8";" 0.00";"  -7.272";"nate";"7.002473e-03"
"   0";"   8";" 0.00";"  -7.272";"murder";"7.002473e-03"
"   0";"   8";" 0.00";"  -7.272";"millennials";"7.002473e-03"
"   0";"   8";" 0.00";"  -7.272";"margaret";"7.002473e-03"
"   0";"   8";" 0.00";"  -7.272";"korean";"7.002473e-03"
"   0";"   8";" 0.00";"  -7.272";"jesse";"7.002473e-03"
"   0";"   8";" 0.00";"  -7.272";"jacket";"7.002473e-03"
"   0";"   8";" 0.00";"  -7.272";"islamist";"7.002473e-03"
"   0";"   8";" 0.00";"  -7.272";"indonesia";"7.002473e-03"
"   0";"   8";" 0.00";"  -7.272";"gulf";"7.002473e-03"
"   0";"   8";" 0.00";"  -7.272";"ferguson";"7.002473e-03"
"   0";"   8";" 0.00";"  -7.272";"ethnicity";"7.002473e-03"
"   0";"   8";" 0.00";"  -7.272";"endure";"7.002473e-03"
"   0";"   8";" 0.00";"  -7.272";"downplay";"7.002473e-03"
"   0";"   8";" 0.00";"  -7.272";"dismiss";"7.002473e-03"
"   0";"   8";" 0.00";"  -7.272";"disinformation";"7.002473e-03"
"   0";"   8";" 0.00";"  -7.272";"diego";"7.002473e-03"
"   0";"   8";" 0.00";"  -7.272";"despair";"7.002473e-03"
"   0";"   8";" 0.00";"  -7.272";"deliberation";"7.002473e-03"
"   0";"   8";" 0.00";"  -7.272";"cyrus";"7.002473e-03"
"   0";"   8";" 0.00";"  -7.272";"craziness";"7.002473e-03"
"   0";"   8";" 0.00";"  -7.272";"cooper";"7.002473e-03"
"   0";"   8";" 0.00";"  -7.272";"atheist";"7.002473e-03"
"   0";"   8";" 0.00";"  -7.272";"aristocrat";"7.002473e-03"
"   0";"   8";" 0.00";"  -7.272";"3g";"7.002473e-03"
"   0";"   8";" 0.00";"  -7.272";"15th";"7.002473e-03"
"  35";" 102";"34.31";"  -7.253";"builder";"7.079906e-03"
"  17";"  57";"29.82";"  -7.242";"empower";"7.122128e-03"
"  17";"  57";"29.82";"  -7.242";"stupid";"7.122128e-03"
"   8";"  33";"24.24";"  -7.232";"unfair";"7.160561e-03"
"   8";"  33";"24.24";"  -7.232";"subject";"7.160561e-03"
"   8";"  33";"24.24";"  -7.232";"prosperity";"7.160561e-03"
"  21";"  67";"31.34";"  -7.123";"fear";"7.610673e-03"
"   7";"  30";"23.33";"  -7.096";"france";"7.727157e-03"
"   2";"  15";"13.33";"  -7.069";"disney";"7.841610e-03"
"   2";"  15";"13.33";"  -7.069";"discourse";"7.841610e-03"
"   2";"  15";"13.33";"  -7.069";"utah";"7.841610e-03"
"   2";"  15";"13.33";"  -7.069";"september";"7.841610e-03"
"   2";"  15";"13.33";"  -7.069";"philadelphia";"7.841610e-03"
"   2";"  15";"13.33";"  -7.069";"hip";"7.841610e-03"
"   2";"  15";"13.33";"  -7.069";"unify";"7.841610e-03"
"   2";"  15";"13.33";"  -7.069";"totalitarian";"7.841610e-03"
"   2";"  15";"13.33";"  -7.069";"sin";"7.841610e-03"
"   2";"  15";"13.33";"  -7.069";"populism";"7.841610e-03"
"   2";"  15";"13.33";"  -7.069";"ill";"7.841610e-03"
"   2";"  15";"13.33";"  -7.069";"enlightenment";"7.841610e-03"
"   2";"  15";"13.33";"  -7.069";"curiosity";"7.841610e-03"
"   2";"  15";"13.33";"  -7.069";"compel";"7.841610e-03"
"   2";"  15";"13.33";"  -7.069";"clinton";"7.841610e-03"
"   2";"  15";"13.33";"  -7.069";"brutal";"7.841610e-03"
"  65";" 173";"37.57";"  -7.025";"suppose";"8.036710e-03"
"  16";"  54";"29.63";"  -7.011";"steve";"8.099412e-03"
"  16";"  54";"29.63";"  -7.011";"80s";"8.099412e-03"
"   6";"  27";"22.22";"  -6.983";"japanese";"8.227008e-03"
"   6";"  27";"22.22";"  -6.983";"culturally";"8.227008e-03"
"  13";"  46";"28.26";"  -6.915";"accomplish";"8.547937e-03"
"   3";"  18";"16.67";"  -6.914";"childhood";"8.551790e-03"
"   3";"  18";"16.67";"  -6.914";"grandmother";"8.551790e-03"
"   3";"  18";"16.67";"  -6.914";"cultivate";"8.551790e-03"
"   3";"  18";"16.67";"  -6.914";"xi";"8.551790e-03"
"   3";"  18";"16.67";"  -6.914";"jealous";"8.551790e-03"
"   3";"  18";"16.67";"  -6.914";"ideological";"8.551790e-03"
"   5";"  24";"20.83";"  -6.905";"50s";"8.597579e-03"
"   4";"  21";"19.05";"  -6.874";"downtown";"8.748190e-03"
"   4";"  21";"19.05";"  -6.874";"film";"8.748190e-03"
"   4";"  21";"19.05";"  -6.874";"kevin";"8.748190e-03"
"   4";"  21";"19.05";"  -6.874";"ups";"8.748190e-03"
"   4";"  21";"19.05";"  -6.874";"ironic";"8.748190e-03"
"   4";"  21";"19.05";"  -6.874";"january";"8.748190e-03"
"  55";" 149";"36.91";"  -6.867";"situation";"8.779915e-03"
"  42";" 118";"35.59";"  -6.856";"explain";"8.832064e-03"
"  45";" 125";"36.00";"  -6.781";"beautiful";"9.212181e-03"
"   9";"  35";"25.71";"  -6.735";"ambitious";"9.453087e-03"
"   9";"  35";"25.71";"  -6.735";"lawsuit";"9.453087e-03"
"   9";"  35";"25.71";"  -6.735";"demonstrate";"9.453087e-03"
"  48";" 132";"36.36";"  -6.721";"chance";"9.529379e-03"
"  31";"  91";"34.07";"  -6.712";"interview";"9.578000e-03"
"  80";" 207";"38.65";"  -6.709";"worry";"9.595333e-03"
"  12";"  43";"27.91";"  -6.702";"coach";"9.630645e-03"
"  17";"  56";"30.36";"  -6.695";"personally";"9.668415e-03"
"   8";"  32";"25.00";"  -6.566";"crowd";"1.039696e-02"
"   8";"  32";"25.00";"  -6.566";"scene";"1.039696e-02"
"   8";"  32";"25.00";"  -6.566";"naive";"1.039696e-02"
"   1";"  11";" 9.09";"  -6.546";"sheep";"1.051186e-02"
"   1";"  11";" 9.09";"  -6.546";"pot";"1.051186e-02"
"   1";"  11";" 9.09";"  -6.546";"seize";"1.051186e-02"
"   1";"  11";" 9.09";"  -6.546";"reed";"1.051186e-02"
"   1";"  11";" 9.09";"  -6.546";"noble";"1.051186e-02"
"   1";"  11";" 9.09";"  -6.546";"roland";"1.051186e-02"
"   1";"  11";" 9.09";"  -6.546";"bind";"1.051186e-02"
"   1";"  11";" 9.09";"  -6.546";"weekly";"1.051186e-02"
"   1";"  11";" 9.09";"  -6.546";"problematic";"1.051186e-02"
"   1";"  11";" 9.09";"  -6.546";"outlet";"1.051186e-02"
"   1";"  11";" 9.09";"  -6.546";"museum";"1.051186e-02"
"   1";"  11";" 9.09";"  -6.546";"endeavor";"1.051186e-02"
"   1";"  11";" 9.09";"  -6.546";"declare";"1.051186e-02"
"   1";"  11";" 9.09";"  -6.546";"cousin";"1.051186e-02"
"   1";"  11";" 9.09";"  -6.546";"arabia";"1.051186e-02"
"   1";"  11";" 9.09";"  -6.546";"territory";"1.051186e-02"
"   1";"  11";" 9.09";"  -6.546";"marx";"1.051186e-02"
"   1";"  11";" 9.09";"  -6.546";"kentucky";"1.051186e-02"
"   1";"  11";" 9.09";"  -6.546";"isis";"1.051186e-02"
"   1";"  11";" 9.09";"  -6.546";"hostile";"1.051186e-02"
"   1";"  11";" 9.09";"  -6.546";"grader";"1.051186e-02"
"  32";"  93";"34.41";"  -6.517";"oppose";"1.068491e-02"
"  11";"  40";"27.50";"  -6.494";"magazine";"1.082376e-02"
"  11";"  40";"27.50";"  -6.494";"alex";"1.082376e-02"
"  16";"  53";"30.19";"  -6.460";"billionaire";"1.103224e-02"
"  20";"  63";"31.75";"  -6.369";"extent";"1.161046e-02"
"  20";"  63";"31.75";"  -6.369";"travel";"1.161046e-02"
"   0";"   7";" 0.00";"  -6.363";"remake";"1.165168e-02"
"   0";"   7";" 0.00";"  -6.363";"villain";"1.165168e-02"
"   0";"   7";" 0.00";"  -6.363";"partition";"1.165168e-02"
"   0";"   7";" 0.00";"  -6.363";"nihilist";"1.165168e-02"
"   0";"   7";" 0.00";"  -6.363";"modernist";"1.165168e-02"
"   0";"   7";" 0.00";"  -6.363";"hispanic";"1.165168e-02"
"   0";"   7";" 0.00";"  -6.363";"federalist";"1.165168e-02"
"   0";"   7";" 0.00";"  -6.363";"drown";"1.165168e-02"
"   0";"   7";" 0.00";"  -6.363";"traditionalist";"1.165168e-02"
"   0";"   7";" 0.00";"  -6.363";"tolerant";"1.165168e-02"
"   0";"   7";" 0.00";"  -6.363";"roosevelt";"1.165168e-02"
"   0";"   7";" 0.00";"  -6.363";"nigerians";"1.165168e-02"
"   0";"   7";" 0.00";"  -6.363";"muslims";"1.165168e-02"
"   0";"   7";" 0.00";"  -6.363";"moscow";"1.165168e-02"
"   0";"   7";" 0.00";"  -6.363";"michelle";"1.165168e-02"
"   0";"   7";" 0.00";"  -6.363";"memo";"1.165168e-02"
"   0";"   7";" 0.00";"  -6.363";"lebanon";"1.165168e-02"
"   0";"   7";" 0.00";"  -6.363";"jay";"1.165168e-02"
"   0";"   7";" 0.00";"  -6.363";"gaza";"1.165168e-02"
"   0";"   7";" 0.00";"  -6.363";"dallas";"1.165168e-02"
"   0";"   7";" 0.00";"  -6.363";"critic";"1.165168e-02"
"   0";"   7";" 0.00";"  -6.363";"coleman";"1.165168e-02"
"   0";"   7";" 0.00";"  -6.363";"bribe";"1.165168e-02"
"   0";"   7";" 0.00";"  -6.363";"asians";"1.165168e-02"
"   0";"   7";" 0.00";"  -6.363";"appease";"1.165168e-02"
"   0";"   7";" 0.00";"  -6.363";"apologize";"1.165168e-02"
"   0";"   7";" 0.00";"  -6.363";"adrian";"1.165168e-02"
"   0";"   7";" 0.00";"  -6.363";"whichever";"1.165168e-02"
"   0";"   7";" 0.00";"  -6.363";"venezuelan";"1.165168e-02"
"   0";"   7";" 0.00";"  -6.363";"usa";"1.165168e-02"
"   0";"   7";" 0.00";"  -6.363";"undo";"1.165168e-02"
"   0";"   7";" 0.00";"  -6.363";"teamwork";"1.165168e-02"
"   0";"   7";" 0.00";"  -6.363";"steuart";"1.165168e-02"
"   0";"   7";" 0.00";"  -6.363";"stark";"1.165168e-02"
"   0";"   7";" 0.00";"  -6.363";"spiritual";"1.165168e-02"
"   0";"   7";" 0.00";"  -6.363";"sane";"1.165168e-02"
"   0";"   7";" 0.00";"  -6.363";"saddam";"1.165168e-02"
"   0";"   7";" 0.00";"  -6.363";"ronnie";"1.165168e-02"
"   0";"   7";" 0.00";"  -6.363";"restore";"1.165168e-02"
"   0";"   7";" 0.00";"  -6.363";"pushback";"1.165168e-02"
"   0";"   7";" 0.00";"  -6.363";"prudence";"1.165168e-02"
"   0";"   7";" 0.00";"  -6.363";"prestige";"1.165168e-02"
"   0";"   7";" 0.00";"  -6.363";"persuade";"1.165168e-02"
"   0";"   7";" 0.00";"  -6.363";"nsa";"1.165168e-02"
"   0";"   7";" 0.00";"  -6.363";"midwestern";"1.165168e-02"
"   0";"   7";" 0.00";"  -6.363";"midnight";"1.165168e-02"
"   0";"   7";" 0.00";"  -6.363";"marginalize";"1.165168e-02"
"   0";"   7";" 0.00";"  -6.363";"malice";"1.165168e-02"
"   0";"   7";" 0.00";"  -6.363";"lonzo";"1.165168e-02"
"   0";"   7";" 0.00";"  -6.363";"intrusive";"1.165168e-02"
"   0";"   7";" 0.00";"  -6.363";"illegally";"1.165168e-02"
"   0";"   7";" 0.00";"  -6.363";"idol";"1.165168e-02"
"   0";"   7";" 0.00";"  -6.363";"grift";"1.165168e-02"
"   0";"   7";" 0.00";"  -6.363";"gentleman";"1.165168e-02"
"   0";"   7";" 0.00";"  -6.363";"franklin";"1.165168e-02"
"   0";"   7";" 0.00";"  -6.363";"francis";"1.165168e-02"
"   0";"   7";" 0.00";"  -6.363";"floyd";"1.165168e-02"
"   0";"   7";" 0.00";"  -6.363";"farle";"1.165168e-02"
"   0";"   7";" 0.00";"  -6.363";"envy";"1.165168e-02"
"   0";"   7";" 0.00";"  -6.363";"disgust";"1.165168e-02"
"   0";"   7";" 0.00";"  -6.363";"diplomat";"1.165168e-02"
"   0";"   7";" 0.00";"  -6.363";"descent";"1.165168e-02"
"   0";"   7";" 0.00";"  -6.363";"demonize";"1.165168e-02"
"   0";"   7";" 0.00";"  -6.363";"davis";"1.165168e-02"
"   0";"   7";" 0.00";"  -6.363";"dan";"1.165168e-02"
"   0";"   7";" 0.00";"  -6.363";"cocaine";"1.165168e-02"
"   0";"   7";" 0.00";"  -6.363";"civic";"1.165168e-02"
"   0";"   7";" 0.00";"  -6.363";"cartoon";"1.165168e-02"
"   0";"   7";" 0.00";"  -6.363";"beholden";"1.165168e-02"
"   0";"   7";" 0.00";"  -6.363";"anniversary";"1.165168e-02"
"   0";"   7";" 0.00";"  -6.363";"affair";"1.165168e-02"
"   0";"   7";" 0.00";"  -6.363";"aei";"1.165168e-02"
"   0";"   7";" 0.00";"  -6.363";"actualization";"1.165168e-02"
"   0";"   7";" 0.00";"  -6.363";"1800s";"1.165168e-02"
" 190";" 455";"41.76";"  -6.332";"future";"1.185965e-02"
"  38";" 107";"35.51";"  -6.298";"wealth";"1.209033e-02"
"  10";"  37";"27.03";"  -6.292";"confidence";"1.212639e-02"
"   6";"  26";"23.08";"  -6.279";"intend";"1.221473e-02"
" 150";" 365";"41.10";"  -6.278";"lead";"1.222660e-02"
"   2";"  14";"14.29";"  -6.236";"bud";"1.251579e-02"
"   2";"  14";"14.29";"  -6.236";"uncle";"1.251579e-02"
"   2";"  14";"14.29";"  -6.236";"menu";"1.251579e-02"
"   2";"  14";"14.29";"  -6.236";"eu";"1.251579e-02"
"   2";"  14";"14.29";"  -6.236";"eric";"1.251579e-02"
"   2";"  14";"14.29";"  -6.236";"certainty";"1.251579e-02"
"   2";"  14";"14.29";"  -6.236";"universal";"1.251579e-02"
"   2";"  14";"14.29";"  -6.236";"tone";"1.251579e-02"
"   2";"  14";"14.29";"  -6.236";"forbid";"1.251579e-02"
"   2";"  14";"14.29";"  -6.236";"appreciation";"1.251579e-02"
"  15";"  50";"30.00";"  -6.227";"response";"1.258427e-02"
"  27";"  80";"33.75";"  -6.177";"ukraine";"1.294242e-02"
"   5";"  23";"21.74";"  -6.177";"asian";"1.294478e-02"
"   5";"  23";"21.74";"  -6.177";"21st";"1.294478e-02"
"   3";"  17";"17.65";"  -6.123";"airline";"1.334626e-02"
"   3";"  17";"17.65";"  -6.123";"maximum";"1.334626e-02"
"   3";"  17";"17.65";"  -6.123";"ego";"1.334626e-02"
"   3";"  17";"17.65";"  -6.123";"sentence";"1.334626e-02"
"   3";"  17";"17.65";"  -6.123";"donation";"1.334626e-02"
"   3";"  17";"17.65";"  -6.123";"wokeness";"1.334626e-02"
"   3";"  17";"17.65";"  -6.123";"opposition";"1.334626e-02"
"   3";"  17";"17.65";"  -6.123";"friendly";"1.334626e-02"
"   4";"  20";"20.00";"  -6.117";"coffee";"1.339030e-02"
"   4";"  20";"20.00";"  -6.117";"hop";"1.339030e-02"
"   4";"  20";"20.00";"  -6.117";"lifestyle";"1.339030e-02"
"   4";"  20";"20.00";"  -6.117";"foremost";"1.339030e-02"
"  77";" 198";"38.89";"  -6.074";"moment";"1.371725e-02"
"  37";" 104";"35.58";"  -6.057";"opinion";"1.385121e-02"
"  68";" 177";"38.42";"  -6.028";"charge";"1.407811e-02"
"  16";"  52";"30.77";"  -5.923";"color";"1.494689e-02"
"   8";"  31";"25.81";"  -5.915";"proxy";"1.501547e-02"
"   8";"  31";"25.81";"  -5.915";"complain";"1.501547e-02"
"  41";" 113";"36.28";"  -5.833";"trouble";"1.572913e-02"
"  47";" 127";"37.01";"  -5.746";"crisis";"1.652663e-02"
"  10";"  36";"27.78";"  -5.684";"seal";"1.712367e-02"
"   1";"  10";"10.00";"  -5.673";"percentile";"1.722592e-02"
"   1";"  10";"10.00";"  -5.673";"addiction";"1.722592e-02"
"   1";"  10";"10.00";"  -5.673";"russ";"1.722592e-02"
"   1";"  10";"10.00";"  -5.673";"exhaust";"1.722592e-02"
"   1";"  10";"10.00";"  -5.673";"pessimist";"1.722592e-02"
"   1";"  10";"10.00";"  -5.673";"interpretation";"1.722592e-02"
"   1";"  10";"10.00";"  -5.673";"wildwood";"1.722592e-02"
"   1";"  10";"10.00";"  -5.673";"hebrew";"1.722592e-02"
"   1";"  10";"10.00";"  -5.673";"establishment";"1.722592e-02"
"   1";"  10";"10.00";"  -5.673";"scream";"1.722592e-02"
"   1";"  10";"10.00";"  -5.673";"promotion";"1.722592e-02"
"   1";"  10";"10.00";"  -5.673";"presidency";"1.722592e-02"
"   1";"  10";"10.00";"  -5.673";"modernity";"1.722592e-02"
"   1";"  10";"10.00";"  -5.673";"mask";"1.722592e-02"
"   1";"  10";"10.00";"  -5.673";"douglas";"1.722592e-02"
"  19";"  59";"32.20";"  -5.625";"heart";"1.770176e-02"
"  19";"  59";"32.20";"  -5.625";"possibly";"1.770176e-02"
"  69";" 178";"38.76";"  -5.615";"god";"1.780865e-02"
"   6";"  25";"24.00";"  -5.592";"violent";"1.804289e-02"
"   6";"  25";"24.00";"  -5.592";"employment";"1.804289e-02"
" 231";" 542";"42.62";"  -5.499";"sense";"1.902794e-02"
"   9";"  33";"27.27";"  -5.478";"meritocracy";"1.925438e-02"
"   9";"  33";"27.27";"  -5.478";"nuance";"1.925438e-02"
"   5";"  22";"22.73";"  -5.465";"register";"1.939804e-02"
"   5";"  22";"22.73";"  -5.465";"laugh";"1.939804e-02"
"   5";"  22";"22.73";"  -5.465";"grad";"1.939804e-02"
"   5";"  22";"22.73";"  -5.465";"georgia";"1.939804e-02"
"   0";"   6";" 0.00";"  -5.454";"accelerationists";"1.952419e-02"
"   0";"   6";" 0.00";"  -5.454";"stove";"1.952419e-02"
"   0";"   6";" 0.00";"  -5.454";"temple";"1.952419e-02"
"   0";"   6";" 0.00";"  -5.454";"illiberalism";"1.952419e-02"
"   0";"   6";" 0.00";"  -5.454";"bas";"1.952419e-02"
"   0";"   6";" 0.00";"  -5.454";"schoolers";"1.952419e-02"
"   0";"   6";" 0.00";"  -5.454";"repercussion";"1.952419e-02"
"   0";"   6";" 0.00";"  -5.454";"pan";"1.952419e-02"
"   0";"   6";" 0.00";"  -5.454";"lockdowns";"1.952419e-02"
"   0";"   6";" 0.00";"  -5.454";"exile";"1.952419e-02"
"   0";"   6";" 0.00";"  -5.454";"cave";"1.952419e-02"
"   0";"   6";" 0.00";"  -5.454";"admiral";"1.952419e-02"
"   0";"   6";" 0.00";"  -5.454";"urge";"1.952419e-02"
"   0";"   6";" 0.00";"  -5.454";"uphold";"1.952419e-02"
"   0";"   6";" 0.00";"  -5.454";"unincorporated";"1.952419e-02"
"   0";"   6";" 0.00";"  -5.454";"tragic";"1.952419e-02"
"   0";"   6";" 0.00";"  -5.454";"thursday";"1.952419e-02"
"   0";"   6";" 0.00";"  -5.454";"throne";"1.952419e-02"
"   0";"   6";" 0.00";"  -5.454";"supremacist";"1.952419e-02"
"   0";"   6";" 0.00";"  -5.454";"scapegoat";"1.952419e-02"
"   0";"   6";" 0.00";"  -5.454";"pastor";"1.952419e-02"
"   0";"   6";" 0.00";"  -5.454";"parliament";"1.952419e-02"
"   0";"   6";" 0.00";"  -5.454";"hatred";"1.952419e-02"
"   0";"   6";" 0.00";"  -5.454";"cotton";"1.952419e-02"
"   0";"   6";" 0.00";"  -5.454";"costa";"1.952419e-02"
"   0";"   6";" 0.00";"  -5.454";"condemn";"1.952419e-02"
"   0";"   6";" 0.00";"  -5.454";"chavez";"1.952419e-02"
"   0";"   6";" 0.00";"  -5.454";"blogging";"1.952419e-02"
"   0";"   6";" 0.00";"  -5.454";"biography";"1.952419e-02"
"   0";"   6";" 0.00";"  -5.454";"ashton";"1.952419e-02"
"   0";"   6";" 0.00";"  -5.454";"accountant";"1.952419e-02"
"   0";"   6";" 0.00";"  -5.454";"zachary";"1.952419e-02"
"   0";"   6";" 0.00";"  -5.454";"workshop";"1.952419e-02"
"   0";"   6";" 0.00";"  -5.454";"winston";"1.952419e-02"
"   0";"   6";" 0.00";"  -5.454";"widespread";"1.952419e-02"
"   0";"   6";" 0.00";"  -5.454";"usher";"1.952419e-02"
"   0";"   6";" 0.00";"  -5.454";"uncover";"1.952419e-02"
"   0";"   6";" 0.00";"  -5.454";"unacceptable";"1.952419e-02"
"   0";"   6";" 0.00";"  -5.454";"thatcher";"1.952419e-02"
"   0";"   6";" 0.00";"  -5.454";"tel";"1.952419e-02"
"   0";"   6";" 0.00";"  -5.454";"takeover";"1.952419e-02"
"   0";"   6";" 0.00";"  -5.454";"singer";"1.952419e-02"
"   0";"   6";" 0.00";"  -5.454";"sideline";"1.952419e-02"
"   0";"   6";" 0.00";"  -5.454";"serial";"1.952419e-02"
"   0";"   6";" 0.00";"  -5.454";"sentiment";"1.952419e-02"
"   0";"   6";" 0.00";"  -5.454";"scotland";"1.952419e-02"
"   0";"   6";" 0.00";"  -5.454";"sander";"1.952419e-02"
"   0";"   6";" 0.00";"  -5.454";"rotten";"1.952419e-02"
"   0";"   6";" 0.00";"  -5.454";"roar";"1.952419e-02"
"   0";"   6";" 0.00";"  -5.454";"rfk";"1.952419e-02"
"   0";"   6";" 0.00";"  -5.454";"reopen";"1.952419e-02"
"   0";"   6";" 0.00";"  -5.454";"reckon";"1.952419e-02"
"   0";"   6";" 0.00";"  -5.454";"realist";"1.952419e-02"
"   0";"   6";" 0.00";"  -5.454";"radicalism";"1.952419e-02"
"   0";"   6";" 0.00";"  -5.454";"prejudice";"1.952419e-02"
"   0";"   6";" 0.00";"  -5.454";"pluralistic";"1.952419e-02"
"   0";"   6";" 0.00";"  -5.454";"phil";"1.952419e-02"
"   0";"   6";" 0.00";"  -5.454";"persistence";"1.952419e-02"
"   0";"   6";" 0.00";"  -5.454";"peaceful";"1.952419e-02"
"   0";"   6";" 0.00";"  -5.454";"patriotism";"1.952419e-02"
"   0";"   6";" 0.00";"  -5.454";"parcel";"1.952419e-02"
"   0";"   6";" 0.00";"  -5.454";"paramilitary";"1.952419e-02"
"   0";"   6";" 0.00";"  -5.454";"om";"1.952419e-02"
"   0";"   6";" 0.00";"  -5.454";"numerous";"1.952419e-02"
"   0";"   6";" 0.00";"  -5.454";"nightmare";"1.952419e-02"
"   0";"   6";" 0.00";"  -5.454";"ngo";"1.952419e-02"
"   0";"   6";" 0.00";"  -5.454";"montana";"1.952419e-02"
"   0";"   6";" 0.00";"  -5.454";"misinformation";"1.952419e-02"
"   0";"   6";" 0.00";"  -5.454";"masculine";"1.952419e-02"
"   0";"   6";" 0.00";"  -5.454";"manipulation";"1.952419e-02"
"   0";"   6";" 0.00";"  -5.454";"madison";"1.952419e-02"
"   0";"   6";" 0.00";"  -5.454";"leninist";"1.952419e-02"
"   0";"   6";" 0.00";"  -5.454";"legislative";"1.952419e-02"
"   0";"   6";" 0.00";"  -5.454";"lawmaker";"1.952419e-02"
"   0";"   6";" 0.00";"  -5.454";"khan";"1.952419e-02"
"   0";"   6";" 0.00";"  -5.454";"kame";"1.952419e-02"
"   0";"   6";" 0.00";"  -5.454";"judicial";"1.952419e-02"
"   0";"   6";" 0.00";"  -5.454";"jose";"1.952419e-02"
"   0";"   6";" 0.00";"  -5.454";"jo";"1.952419e-02"
"   0";"   6";" 0.00";"  -5.454";"interfere";"1.952419e-02"
"   0";"   6";" 0.00";"  -5.454";"innocent";"1.952419e-02"
"   0";"   6";" 0.00";"  -5.454";"hearing";"1.952419e-02"
"   0";"   6";" 0.00";"  -5.454";"harris";"1.952419e-02"
"   0";"   6";" 0.00";"  -5.454";"grandkids";"1.952419e-02"
"   0";"   6";" 0.00";"  -5.454";"gore";"1.952419e-02"
"   0";"   6";" 0.00";"  -5.454";"geographic";"1.952419e-02"
"   0";"   6";" 0.00";"  -5.454";"geekway";"1.952419e-02"
"   0";"   6";" 0.00";"  -5.454";"gavin";"1.952419e-02"
"   0";"   6";" 0.00";"  -5.454";"fade";"1.952419e-02"
"   0";"   6";" 0.00";"  -5.454";"ethan";"1.952419e-02"
"   0";"   6";" 0.00";"  -5.454";"empathize";"1.952419e-02"
"   0";"   6";" 0.00";"  -5.454";"emmys";"1.952419e-02"
"   0";"   6";" 0.00";"  -5.454";"einstein";"1.952419e-02"
"   0";"   6";" 0.00";"  -5.454";"dislike";"1.952419e-02"
"   0";"   6";" 0.00";"  -5.454";"diner";"1.952419e-02"
"   0";"   6";" 0.00";"  -5.454";"darwin";"1.952419e-02"
"   0";"   6";" 0.00";"  -5.454";"cookie";"1.952419e-02"
"   0";"   6";" 0.00";"  -5.454";"contentious";"1.952419e-02"
"   0";"   6";" 0.00";"  -5.454";"contemporary";"1.952419e-02"
"   0";"   6";" 0.00";"  -5.454";"considerably";"1.952419e-02"
"   0";"   6";" 0.00";"  -5.454";"cocktail";"1.952419e-02"
"   0";"   6";" 0.00";"  -5.454";"ci";"1.952419e-02"
"   0";"   6";" 0.00";"  -5.454";"childish";"1.952419e-02"
"   0";"   6";" 0.00";"  -5.454";"chernobyl";"1.952419e-02"
"   0";"   6";" 0.00";"  -5.454";"cascade";"1.952419e-02"
"   0";"   6";" 0.00";"  -5.454";"camel";"1.952419e-02"
"   0";"   6";" 0.00";"  -5.454";"bloody";"1.952419e-02"
"   0";"   6";" 0.00";"  -5.454";"beverage";"1.952419e-02"
"   0";"   6";" 0.00";"  -5.454";"bell";"1.952419e-02"
"   0";"   6";" 0.00";"  -5.454";"archive";"1.952419e-02"
"   0";"   6";" 0.00";"  -5.454";"apprenticeship";"1.952419e-02"
"   0";"   6";" 0.00";"  -5.454";"apprentice";"1.952419e-02"
"   0";"   6";" 0.00";"  -5.454";"16th";"1.952419e-02"
"   2";"  13";"15.38";"  -5.415";"jared";"1.996333e-02"
"   2";"  13";"15.38";"  -5.415";"median";"1.996333e-02"
"   2";"  13";"15.38";"  -5.415";"shadow";"1.996333e-02"
"   2";"  13";"15.38";"  -5.415";"scholarship";"1.996333e-02"
"   2";"  13";"15.38";"  -5.415";"cry";"1.996333e-02"
"   2";"  13";"15.38";"  -5.415";"monday";"1.996333e-02"
"   2";"  13";"15.38";"  -5.415";"unquote";"1.996333e-02"
"   2";"  13";"15.38";"  -5.415";"tulsa";"1.996333e-02"
"   2";"  13";"15.38";"  -5.415";"syria";"1.996333e-02"
"   2";"  13";"15.38";"  -5.415";"prosperous";"1.996333e-02"
"   2";"  13";"15.38";"  -5.415";"nos";"1.996333e-02"
"   2";"  13";"15.38";"  -5.415";"instinct";"1.996333e-02"
"   2";"  13";"15.38";"  -5.415";"hierarchy";"1.996333e-02"
"   2";"  13";"15.38";"  -5.415";"fairness";"1.996333e-02"
"   2";"  13";"15.38";"  -5.415";"adviser";"1.996333e-02"
"  16";"  51";"31.37";"  -5.400";"la";"2.013708e-02"
" 154";" 370";"41.62";"  -5.379";"matter";"2.038011e-02"
"   4";"  19";"21.05";"  -5.376";"polarize";"2.041327e-02"
"   4";"  19";"21.05";"  -5.376";"criticism";"2.041327e-02"
"   4";"  19";"21.05";"  -5.376";"yale";"2.041327e-02"
"   4";"  19";"21.05";"  -5.376";"extraordinarily";"2.041327e-02"
"   4";"  19";"21.05";"  -5.376";"encounter";"2.041327e-02"
"   4";"  19";"21.05";"  -5.376";"australia";"2.041327e-02"
"  29";"  83";"34.94";"  -5.356";"dream";"2.064892e-02"
"   3";"  16";"18.75";"  -5.346";"israelis";"2.077081e-02"
"   3";"  16";"18.75";"  -5.346";"piss";"2.077081e-02"
"   3";"  16";"18.75";"  -5.346";"november";"2.077081e-02"
"   3";"  16";"18.75";"  -5.346";"ground";"2.077081e-02"
"   3";"  16";"18.75";"  -5.346";"disappear";"2.077081e-02"
"   3";"  16";"18.75";"  -5.346";"1950s";"2.077081e-02"
"   3";"  16";"18.75";"  -5.346";"shirt";"2.077081e-02"
"   3";"  16";"18.75";"  -5.346";"manhattan";"2.077081e-02"
"   3";"  16";"18.75";"  -5.346";"coincidence";"2.077081e-02"
"   3";"  16";"18.75";"  -5.346";"cite";"2.077081e-02"
"   3";"  16";"18.75";"  -5.346";"30s";"2.077081e-02"
"   8";"  30";"26.67";"  -5.281";"permanent";"2.155920e-02"
"   8";"  30";"26.67";"  -5.281";"mentality";"2.155920e-02"
"   8";"  30";"26.67";"  -5.281";"bother";"2.155920e-02"
"  17";"  53";"32.08";"  -5.137";"lie";"2.342467e-02"
"  17";"  53";"32.08";"  -5.137";"equal";"2.342467e-02"
"   7";"  27";"25.93";"  -5.095";"strive";"2.400040e-02"
"   7";"  27";"25.93";"  -5.095";"commitment";"2.400040e-02"
" 135";" 326";"41.41";"  -5.072";"home";"2.431387e-02"
"   6";"  24";"25.00";"  -4.923";"highlight";"2.650018e-02"
"   6";"  24";"25.00";"  -4.923";"row";"2.650018e-02"
"   6";"  24";"25.00";"  -4.923";"asia";"2.650018e-02"
"  37";" 101";"36.63";"  -4.894";"sign";"2.694635e-02"
"  18";"  55";"32.73";"  -4.893";"article";"2.696629e-02"
"   9";"  32";"28.12";"  -4.876";"creation";"2.722869e-02"
"   1";"   9";"11.11";"  -4.809";"techno";"2.831904e-02"
"   1";"   9";"11.11";"  -4.809";"mock";"2.831904e-02"
"   1";"   9";"11.11";"  -4.809";"immense";"2.831904e-02"
"   1";"   9";"11.11";"  -4.809";"differ";"2.831904e-02"
"   1";"   9";"11.11";"  -4.809";"birmingham";"2.831904e-02"
"   1";"   9";"11.11";"  -4.809";"utopia";"2.831904e-02"
"   1";"   9";"11.11";"  -4.809";"seizure";"2.831904e-02"
"   1";"   9";"11.11";"  -4.809";"pakistan";"2.831904e-02"
"   1";"   9";"11.11";"  -4.809";"nfl";"2.831904e-02"
"   1";"   9";"11.11";"  -4.809";"internationally";"2.831904e-02"
"   1";"   9";"11.11";"  -4.809";"illness";"2.831904e-02"
"   1";"   9";"11.11";"  -4.809";"envision";"2.831904e-02"
"   1";"   9";"11.11";"  -4.809";"arthur";"2.831904e-02"
"   1";"   9";"11.11";"  -4.809";"afghan";"2.831904e-02"
"   1";"   9";"11.11";"  -4.809";"swell";"2.831904e-02"
"   1";"   9";"11.11";"  -4.809";"susceptible";"2.831904e-02"
"   1";"   9";"11.11";"  -4.809";"supposedly";"2.831904e-02"
"   1";"   9";"11.11";"  -4.809";"richard";"2.831904e-02"
"   1";"   9";"11.11";"  -4.809";"recidivism";"2.831904e-02"
"   1";"   9";"11.11";"  -4.809";"poison";"2.831904e-02"
"   1";"   9";"11.11";"  -4.809";"impoverish";"2.831904e-02"
"   1";"   9";"11.11";"  -4.809";"ideologically";"2.831904e-02"
"   1";"   9";"11.11";"  -4.809";"frustration";"2.831904e-02"
"   1";"   9";"11.11";"  -4.809";"environmentalist";"2.831904e-02"
"   1";"   9";"11.11";"  -4.809";"empathetic";"2.831904e-02"
"   1";"   9";"11.11";"  -4.809";"dire";"2.831904e-02"
"   1";"   9";"11.11";"  -4.809";"diplomatic";"2.831904e-02"
"   1";"   9";"11.11";"  -4.809";"bowl";"2.831904e-02"
"   1";"   9";"11.11";"  -4.809";"birthday";"2.831904e-02"
"   1";"   9";"11.11";"  -4.809";"bernie";"2.831904e-02"
"   1";"   9";"11.11";"  -4.809";"authoritarianism";"2.831904e-02"
"   1";"   9";"11.11";"  -4.809";"accomplishment";"2.831904e-02"
"   5";"  21";"23.81";"  -4.773";"properly";"2.891247e-02"
"   5";"  21";"23.81";"  -4.773";"boss";"2.891247e-02"
"   5";"  21";"23.81";"  -4.773";"escape";"2.891247e-02"
"   5";"  21";"23.81";"  -4.773";"spring";"2.891247e-02"
"   5";"  21";"23.81";"  -4.773";"circuit";"2.891247e-02"
"   5";"  21";"23.81";"  -4.773";"shame";"2.891247e-02"
"   5";"  21";"23.81";"  -4.773";"covet";"2.891247e-02"
"  11";"  37";"29.73";"  -4.748";"repeat";"2.932420e-02"
"  19";"  57";"33.33";"  -4.667";"artist";"3.075434e-02"
"  91";" 225";"40.44";"  -4.664";"organization";"3.080556e-02"
"   4";"  18";"22.22";"  -4.654";"regard";"3.097384e-02"
"   4";"  18";"22.22";"  -4.654";"justify";"3.097384e-02"
"   4";"  18";"22.22";"  -4.654";"southern";"3.097384e-02"
"   4";"  18";"22.22";"  -4.654";"actualize";"3.097384e-02"
"   4";"  18";"22.22";"  -4.654";"warn";"3.097384e-02"
"  15";"  47";"31.91";"  -4.649";"aggressive";"3.107017e-02"
"  15";"  47";"31.91";"  -4.649";"category";"3.107017e-02"
"   2";"  12";"16.67";"  -4.609";"twin";"3.181134e-02"
"   2";"  12";"16.67";"  -4.609";"insider";"3.181134e-02"
"   2";"  12";"16.67";"  -4.609";"yell";"3.181134e-02"
"   2";"  12";"16.67";"  -4.609";"torture";"3.181134e-02"
"   2";"  12";"16.67";"  -4.609";"phrase";"3.181134e-02"
"   2";"  12";"16.67";"  -4.609";"mini";"3.181134e-02"
"   2";"  12";"16.67";"  -4.609";"inevitably";"3.181134e-02"
"   2";"  12";"16.67";"  -4.609";"colombia";"3.181134e-02"
"   2";"  12";"16.67";"  -4.609";"purposely";"3.181134e-02"
"   2";"  12";"16.67";"  -4.609";"mathematician";"3.181134e-02"
"   2";"  12";"16.67";"  -4.609";"healthc";"3.181134e-02"
"   2";"  12";"16.67";"  -4.609";"enrol";"3.181134e-02"
"   2";"  12";"16.67";"  -4.609";"distort";"3.181134e-02"
"   2";"  12";"16.67";"  -4.609";"chamber";"3.181134e-02"
"   2";"  12";"16.67";"  -4.609";"bonus";"3.181134e-02"
"   3";"  15";"20.00";"  -4.587";"elephant";"3.221616e-02"
"   3";"  15";"20.00";"  -4.587";"defeat";"3.221616e-02"
"   3";"  15";"20.00";"  -4.587";"beijing";"3.221616e-02"
"   3";"  15";"20.00";"  -4.587";"vacation";"3.221616e-02"
"   3";"  15";"20.00";"  -4.587";"ukrainian";"3.221616e-02"
"   3";"  15";"20.00";"  -4.587";"concentration";"3.221616e-02"
"   3";"  15";"20.00";"  -4.587";"carter";"3.221616e-02"
"   0";"   5";" 0.00";"  -4.545";"assassinate";"3.301836e-02"
"   0";"   5";" 0.00";"  -4.545";"yang";"3.301836e-02"
"   0";"   5";" 0.00";"  -4.545";"takeaway";"3.301836e-02"
"   0";"   5";" 0.00";"  -4.545";"sobriety";"3.301836e-02"
"   0";"   5";" 0.00";"  -4.545";"rescue";"3.301836e-02"
"   0";"   5";" 0.00";"  -4.545";"lyle";"3.301836e-02"
"   0";"   5";" 0.00";"  -4.545";"judiciary";"3.301836e-02"
"   0";"   5";" 0.00";"  -4.545";"incarceration";"3.301836e-02"
"   0";"   5";" 0.00";"  -4.545";"christ";"3.301836e-02"
"   0";"   5";" 0.00";"  -4.545";"chatterton";"3.301836e-02"
"   0";"   5";" 0.00";"  -4.545";"carlos";"3.301836e-02"
"   0";"   5";" 0.00";"  -4.545";"cardinal";"3.301836e-02"
"   0";"   5";" 0.00";"  -4.545";"asylum";"3.301836e-02"
"   0";"   5";" 0.00";"  -4.545";"william";"3.301836e-02"
"   0";"   5";" 0.00";"  -4.545";"totalitarianism";"3.301836e-02"
"   0";"   5";" 0.00";"  -4.545";"superintendent";"3.301836e-02"
"   0";"   5";" 0.00";"  -4.545";"successor";"3.301836e-02"
"   0";"   5";" 0.00";"  -4.545";"sebastian";"3.301836e-02"
"   0";"   5";" 0.00";"  -4.545";"rica";"3.301836e-02"
"   0";"   5";" 0.00";"  -4.545";"peterson";"3.301836e-02"
"   0";"   5";" 0.00";"  -4.545";"overweight";"3.301836e-02"
"   0";"   5";" 0.00";"  -4.545";"opium";"3.301836e-02"
"   0";"   5";" 0.00";"  -4.545";"nba";"3.301836e-02"
"   0";"   5";" 0.00";"  -4.545";"musical";"3.301836e-02"
"   0";"   5";" 0.00";"  -4.545";"mobilize";"3.301836e-02"
"   0";"   5";" 0.00";"  -4.545";"levi";"3.301836e-02"
"   0";"   5";" 0.00";"  -4.545";"interrupt";"3.301836e-02"
"   0";"   5";" 0.00";"  -4.545";"injunction";"3.301836e-02"
"   0";"   5";" 0.00";"  -4.545";"inaccurate";"3.301836e-02"
"   0";"   5";" 0.00";"  -4.545";"hessi";"3.301836e-02"
"   0";"   5";" 0.00";"  -4.545";"fortitude";"3.301836e-02"
"   0";"   5";" 0.00";"  -4.545";"felony";"3.301836e-02"
"   0";"   5";" 0.00";"  -4.545";"europeans";"3.301836e-02"
"   0";"   5";" 0.00";"  -4.545";"enslave";"3.301836e-02"
"   0";"   5";" 0.00";"  -4.545";"emergent";"3.301836e-02"
"   0";"   5";" 0.00";"  -4.545";"electorate";"3.301836e-02"
"   0";"   5";" 0.00";"  -4.545";"eddie";"3.301836e-02"
"   0";"   5";" 0.00";"  -4.545";"cuban";"3.301836e-02"
"   0";"   5";" 0.00";"  -4.545";"coup";"3.301836e-02"
"   0";"   5";" 0.00";"  -4.545";"conscientiousness";"3.301836e-02"
"   0";"   5";" 0.00";"  -4.545";"compassion";"3.301836e-02"
"   0";"   5";" 0.00";"  -4.545";"classmate";"3.301836e-02"
"   0";"   5";" 0.00";"  -4.545";"civics";"3.301836e-02"
"   0";"   5";" 0.00";"  -4.545";"chile";"3.301836e-02"
"   0";"   5";" 0.00";"  -4.545";"championship";"3.301836e-02"
"   0";"   5";" 0.00";"  -4.545";"ancestor";"3.301836e-02"
"   0";"   5";" 0.00";"  -4.545";"zoo";"3.301836e-02"
"   0";"   5";" 0.00";"  -4.545";"wyoming";"3.301836e-02"
"   0";"   5";" 0.00";"  -4.545";"worship";"3.301836e-02"
"   0";"   5";" 0.00";"  -4.545";"whitehead";"3.301836e-02"
"   0";"   5";" 0.00";"  -4.545";"vladimir";"3.301836e-02"
"   0";"   5";" 0.00";"  -4.545";"vaccinate";"3.301836e-02"
"   0";"   5";" 0.00";"  -4.545";"unpack";"3.301836e-02"
"   0";"   5";" 0.00";"  -4.545";"underpin";"3.301836e-02"
"   0";"   5";" 0.00";"  -4.545";"unconventional";"3.301836e-02"
"   0";"   5";" 0.00";"  -4.545";"treasure";"3.301836e-02"
"   0";"   5";" 0.00";"  -4.545";"tilt";"3.301836e-02"
"   0";"   5";" 0.00";"  -4.545";"tide";"3.301836e-02"
"   0";"   5";" 0.00";"  -4.545";"testament";"3.301836e-02"
"   0";"   5";" 0.00";"  -4.545";"techrunch";"3.301836e-02"
"   0";"   5";" 0.00";"  -4.545";"switzerland";"3.301836e-02"
"   0";"   5";" 0.00";"  -4.545";"suspicious";"3.301836e-02"
"   0";"   5";" 0.00";"  -4.545";"sunday";"3.301836e-02"
"   0";"   5";" 0.00";"  -4.545";"subtitle";"3.301836e-02"
"   0";"   5";" 0.00";"  -4.545";"stultify";"3.301836e-02"
"   0";"   5";" 0.00";"  -4.545";"strictly";"3.301836e-02"
"   0";"   5";" 0.00";"  -4.545";"streak";"3.301836e-02"
"   0";"   5";" 0.00";"  -4.545";"statute";"3.301836e-02"
"   0";"   5";" 0.00";"  -4.545";"socratic";"3.301836e-02"
"   0";"   5";" 0.00";"  -4.545";"snap";"3.301836e-02"
"   0";"   5";" 0.00";"  -4.545";"smile";"3.301836e-02"
"   0";"   5";" 0.00";"  -4.545";"simpsons";"3.301836e-02"
"   0";"   5";" 0.00";"  -4.545";"sigma";"3.301836e-02"
"   0";"   5";" 0.00";"  -4.545";"sham";"3.301836e-02"
"   0";"   5";" 0.00";"  -4.545";"seminar";"3.301836e-02"
"   0";"   5";" 0.00";"  -4.545";"ruth";"3.301836e-02"
"   0";"   5";" 0.00";"  -4.545";"rubio";"3.301836e-02"
"   0";"   5";" 0.00";"  -4.545";"rothschilds";"3.301836e-02"
"   0";"   5";" 0.00";"  -4.545";"romantic";"3.301836e-02"
"   0";"   5";" 0.00";"  -4.545";"rightfully";"3.301836e-02"
"   0";"   5";" 0.00";"  -4.545";"restrain";"3.301836e-02"
"   0";"   5";" 0.00";"  -4.545";"residency";"3.301836e-02"
"   0";"   5";" 0.00";"  -4.545";"repress";"3.301836e-02"
"   0";"   5";" 0.00";"  -4.545";"reporter";"3.301836e-02"
"   0";"   5";" 0.00";"  -4.545";"relativism";"3.301836e-02"
"   0";"   5";" 0.00";"  -4.545";"privately";"3.301836e-02"
"   0";"   5";" 0.00";"  -4.545";"prerequisite";"3.301836e-02"
"   0";"   5";" 0.00";"  -4.545";"poetry";"3.301836e-02"
"   0";"   5";" 0.00";"  -4.545";"philanthropically";"3.301836e-02"
"   0";"   5";" 0.00";"  -4.545";"penn";"3.301836e-02"
"   0";"   5";" 0.00";"  -4.545";"pearl";"3.301836e-02"
"   0";"   5";" 0.00";"  -4.545";"palente";"3.301836e-02"
"   0";"   5";" 0.00";"  -4.545";"palante";"3.301836e-02"
"   0";"   5";" 0.00";"  -4.545";"occasion";"3.301836e-02"
"   0";"   5";" 0.00";"  -4.545";"obscure";"3.301836e-02"
"   0";"   5";" 0.00";"  -4.545";"northern";"3.301836e-02"
"   0";"   5";" 0.00";"  -4.545";"norman";"3.301836e-02"
"   0";"   5";" 0.00";"  -4.545";"nordstrom";"3.301836e-02"
"   0";"   5";" 0.00";"  -4.545";"ninth";"3.301836e-02"
"   0";"   5";" 0.00";"  -4.545";"newsome";"3.301836e-02"
"   0";"   5";" 0.00";"  -4.545";"nbc";"3.301836e-02"
"   0";"   5";" 0.00";"  -4.545";"nazism";"3.301836e-02"
"   0";"   5";" 0.00";"  -4.545";"mysterious";"3.301836e-02"
"   0";"   5";" 0.00";"  -4.545";"murderer";"3.301836e-02"
"   0";"   5";" 0.00";"  -4.545";"muhammad";"3.301836e-02"
"   0";"   5";" 0.00";"  -4.545";"moderation";"3.301836e-02"
"   0";"   5";" 0.00";"  -4.545";"meritocratic";"3.301836e-02"
"   0";"   5";" 0.00";"  -4.545";"mentorship";"3.301836e-02"
"   0";"   5";" 0.00";"  -4.545";"meek";"3.301836e-02"
"   0";"   5";" 0.00";"  -4.545";"mackenzie";"3.301836e-02"
"   0";"   5";" 0.00";"  -4.545";"macarthur";"3.301836e-02"
"   0";"   5";" 0.00";"  -4.545";"lynch";"3.301836e-02"
"   0";"   5";" 0.00";"  -4.545";"lot_s";"3.301836e-02"
"   0";"   5";" 0.00";"  -4.545";"lively";"3.301836e-02"
"   0";"   5";" 0.00";"  -4.545";"legitimacy";"3.301836e-02"
"   0";"   5";" 0.00";"  -4.545";"leftwing";"3.301836e-02"
"   0";"   5";" 0.00";"  -4.545";"lauren";"3.301836e-02"
"   0";"   5";" 0.00";"  -4.545";"landslide";"3.301836e-02"
"   0";"   5";" 0.00";"  -4.545";"kutcher";"3.301836e-02"
"   0";"   5";" 0.00";"  -4.545";"ireland";"3.301836e-02"
"   0";"   5";" 0.00";"  -4.545";"intentional";"3.301836e-02"
"   0";"   5";" 0.00";"  -4.545";"intellect";"3.301836e-02"
"   0";"   5";" 0.00";"  -4.545";"infect";"3.301836e-02"
"   0";"   5";" 0.00";"  -4.545";"induce";"3.301836e-02"
"   0";"   5";" 0.00";"  -4.545";"indoctrination";"3.301836e-02"
"   0";"   5";" 0.00";"  -4.545";"inbev";"3.301836e-02"
"   0";"   5";" 0.00";"  -4.545";"imbalance";"3.301836e-02"
"   0";"   5";" 0.00";"  -4.545";"hollow";"3.301836e-02"
"   0";"   5";" 0.00";"  -4.545";"hbs";"3.301836e-02"
"   0";"   5";" 0.00";"  -4.545";"hater";"3.301836e-02"
"   0";"   5";" 0.00";"  -4.545";"guilt";"3.301836e-02"
"   0";"   5";" 0.00";"  -4.545";"greeks";"3.301836e-02"
"   0";"   5";" 0.00";"  -4.545";"grace";"3.301836e-02"
"   0";"   5";" 0.00";"  -4.545";"ghetto";"3.301836e-02"
"   0";"   5";" 0.00";"  -4.545";"galvanize";"3.301836e-02"
"   0";"   5";" 0.00";"  -4.545";"friedman";"3.301836e-02"
"   0";"   5";" 0.00";"  -4.545";"foucault";"3.301836e-02"
"   0";"   5";" 0.00";"  -4.545";"firewall";"3.301836e-02"
"   0";"   5";" 0.00";"  -4.545";"fascist";"3.301836e-02"
"   0";"   5";" 0.00";"  -4.545";"extremism";"3.301836e-02"
"   0";"   5";" 0.00";"  -4.545";"dutch";"3.301836e-02"
"   0";"   5";" 0.00";"  -4.545";"disturb";"3.301836e-02"
"   0";"   5";" 0.00";"  -4.545";"demetri";"3.301836e-02"
"   0";"   5";" 0.00";"  -4.545";"darkness";"3.301836e-02"
"   0";"   5";" 0.00";"  -4.545";"daddy";"3.301836e-02"
"   0";"   5";" 0.00";"  -4.545";"culinary";"3.301836e-02"
"   0";"   5";" 0.00";"  -4.545";"comparative";"3.301836e-02"
"   0";"   5";" 0.00";"  -4.545";"colonialism";"3.301836e-02"
"   0";"   5";" 0.00";"  -4.545";"clause";"3.301836e-02"
"   0";"   5";" 0.00";"  -4.545";"citizenry";"3.301836e-02"
"   0";"   5";" 0.00";"  -4.545";"cbs";"3.301836e-02"
"   0";"   5";" 0.00";"  -4.545";"camaraderie";"3.301836e-02"
"   0";"   5";" 0.00";"  -4.545";"caesar";"3.301836e-02"
"   0";"   5";" 0.00";"  -4.545";"bryson";"3.301836e-02"
"   0";"   5";" 0.00";"  -4.545";"brink";"3.301836e-02"
"   0";"   5";" 0.00";"  -4.545";"brazilian";"3.301836e-02"
"   0";"   5";" 0.00";"  -4.545";"blissful";"3.301836e-02"
"   0";"   5";" 0.00";"  -4.545";"blackness";"3.301836e-02"
"   0";"   5";" 0.00";"  -4.545";"bcg";"3.301836e-02"
"   0";"   5";" 0.00";"  -4.545";"badass";"3.301836e-02"
"   0";"   5";" 0.00";"  -4.545";"aviv";"3.301836e-02"
"   0";"   5";" 0.00";"  -4.545";"aurelius";"3.301836e-02"
"   0";"   5";" 0.00";"  -4.545";"atlantic";"3.301836e-02"
"   0";"   5";" 0.00";"  -4.545";"astound";"3.301836e-02"
"   0";"   5";" 0.00";"  -4.545";"apparatus";"3.301836e-02"
"   0";"   5";" 0.00";"  -4.545";"aoc";"3.301836e-02"
"   0";"   5";" 0.00";"  -4.545";"anarchist";"3.301836e-02"
"   0";"   5";" 0.00";"  -4.545";"amnesty";"3.301836e-02"
"   0";"   5";" 0.00";"  -4.545";"amend";"3.301836e-02"
"   0";"   5";" 0.00";"  -4.545";"adolescent";"3.301836e-02"
"   0";"   5";" 0.00";"  -4.545";"abortion";"3.301836e-02"
"   0";"   5";" 0.00";"  -4.545";"250th";"3.301836e-02"
"   0";"   5";" 0.00";"  -4.545";"17th";"3.301836e-02"
"  29";"  81";"35.80";"  -4.539";"element";"3.312351e-02"
"  10";"  34";"29.41";"  -4.520";"duty";"3.350790e-02"
"  10";"  34";"29.41";"  -4.520";"freak";"3.350790e-02"
"  55";" 142";"38.73";"  -4.507";"assume";"3.376004e-02"
" 187";" 439";"42.60";"  -4.482";"remember";"3.425067e-02"
"   7";"  26";"26.92";"  -4.465";"welfare";"3.459600e-02"
"   7";"  26";"26.92";"  -4.465";"governance";"3.459600e-02"
"   7";"  26";"26.92";"  -4.465";"beer";"3.459600e-02"
"  27";"  76";"35.53";"  -4.460";"foundation";"3.469611e-02"
"  20";"  59";"33.90";"  -4.456";"shock";"3.478031e-02"
" 229";" 531";"43.13";"  -4.349";"crazy";"3.703640e-02"
"   9";"  31";"29.03";"  -4.294";"ethic";"3.824415e-02"
"   6";"  23";"26.09";"  -4.275";"nest";"3.867341e-02"
"   6";"  23";"26.09";"  -4.275";"doom";"3.867341e-02"
"   6";"  23";"26.09";"  -4.275";"disadvantage";"3.867341e-02"
"   6";"  23";"26.09";"  -4.275";"rip";"3.867341e-02"
"   6";"  23";"26.09";"  -4.275";"vice";"3.867341e-02"
"  31";"  85";"36.47";"  -4.240";"event";"3.947549e-02"
"  19";"  56";"33.93";"  -4.210";"genius";"4.017797e-02"
"   5";"  20";"25.00";"  -4.102";"fault";"4.282974e-02"
"   5";"  20";"25.00";"  -4.102";"pack";"4.282974e-02"
"   5";"  20";"25.00";"  -4.102";"behave";"4.282974e-02"
"   5";"  20";"25.00";"  -4.102";"plenty";"4.282974e-02"
"   5";"  20";"25.00";"  -4.102";"ping";"4.282974e-02"
"  32";"  87";"36.78";"  -4.101";"affect";"4.284869e-02"
"   8";"  28";"28.57";"  -4.073";"corruption";"4.357355e-02"
"   8";"  28";"28.57";"  -4.073";"mill";"4.357355e-02"
"  20";"  58";"34.48";"  -4.015";"pandemic";"4.510043e-02"
"  20";"  58";"34.48";"  -4.015";"hang";"4.510043e-02"
"  90";" 220";"40.91";"  -3.988";"silicon";"4.583894e-02"
"  33";"  89";"37.08";"  -3.969";"dangerous";"4.634856e-02"
"  10";"  33";"30.30";"  -3.967";"jeff";"4.638700e-02"
"  18";"  53";"33.96";"  -3.965";"closely";"4.645923e-02"
"   4";"  17";"23.53";"  -3.955";"golf";"4.673958e-02"
"   4";"  17";"23.53";"  -3.955";"worthy";"4.673958e-02"
"   4";"  17";"23.53";"  -3.955";"iq";"4.673958e-02"
"   4";"  17";"23.53";"  -3.955";"tom";"4.673958e-02"
"   4";"  17";"23.53";"  -3.955";"shoe";"4.673958e-02"
"   4";"  17";"23.53";"  -3.955";"season";"4.673958e-02"
"   4";"  17";"23.53";"  -3.955";"pride";"4.673958e-02"
"   4";"  17";"23.53";"  -3.955";"buddy";"4.673958e-02"
"   4";"  17";"23.53";"  -3.955";"wisconsin";"4.673958e-02"
"   1";"   8";"12.50";"  -3.955";"nap";"4.673071e-02"
"   1";"   8";"12.50";"  -3.955";"warp";"4.673071e-02"
"   1";"   8";"12.50";"  -3.955";"summary";"4.673071e-02"
"   1";"   8";"12.50";"  -3.955";"loud";"4.673071e-02"
"   1";"   8";"12.50";"  -3.955";"emil";"4.673071e-02"
"   1";"   8";"12.50";"  -3.955";"sacramento";"4.673071e-02"
"   1";"   8";"12.50";"  -3.955";"rant";"4.673071e-02"
"   1";"   8";"12.50";"  -3.955";"progression";"4.673071e-02"
"   1";"   8";"12.50";"  -3.955";"philip";"4.673071e-02"
"   1";"   8";"12.50";"  -3.955";"jerusalem";"4.673071e-02"
"   1";"   8";"12.50";"  -3.955";"incarcerate";"4.673071e-02"
"   1";"   8";"12.50";"  -3.955";"heaven";"4.673071e-02"
"   1";"   8";"12.50";"  -3.955";"frank";"4.673071e-02"
"   1";"   8";"12.50";"  -3.955";"complaint";"4.673071e-02"
"   1";"   8";"12.50";"  -3.955";"tstc";"4.673071e-02"
"   1";"   8";"12.50";"  -3.955";"troy";"4.673071e-02"
"   1";"   8";"12.50";"  -3.955";"thankful";"4.673071e-02"
"   1";"   8";"12.50";"  -3.955";"spouse";"4.673071e-02"
"   1";"   8";"12.50";"  -3.955";"sexy";"4.673071e-02"
"   1";"   8";"12.50";"  -3.955";"resident";"4.673071e-02"
"   1";"   8";"12.50";"  -3.955";"palestinians";"4.673071e-02"
"   1";"   8";"12.50";"  -3.955";"palace";"4.673071e-02"
"   1";"   8";"12.50";"  -3.955";"nerdy";"4.673071e-02"
"   1";"   8";"12.50";"  -3.955";"mood";"4.673071e-02"
"   1";"   8";"12.50";"  -3.955";"lake";"4.673071e-02"
"   1";"   8";"12.50";"  -3.955";"hunger";"4.673071e-02"
"   1";"   8";"12.50";"  -3.955";"hone";"4.673071e-02"
"   1";"   8";"12.50";"  -3.955";"historian";"4.673071e-02"
"   1";"   8";"12.50";"  -3.955";"goov";"4.673071e-02"
"   1";"   8";"12.50";"  -3.955";"enormously";"4.673071e-02"
"   1";"   8";"12.50";"  -3.955";"cruz";"4.673071e-02"
"   1";"   8";"12.50";"  -3.955";"collectivist";"4.673071e-02"
"   1";"   8";"12.50";"  -3.955";"christmas";"4.673071e-02"
"   1";"   8";"12.50";"  -3.955";"brooklyn";"4.673071e-02"
"   1";"   8";"12.50";"  -3.955";"academically";"4.673071e-02"
"  16";"  48";"33.33";"  -3.929";"ball";"4.746593e-02"
"  12";"  38";"31.58";"  -3.920";"sea";"4.770201e-02"
"  14";"  43";"32.56";"  -3.912";"60s";"4.795614e-02"
"   7";"  25";"28.00";"  -3.858";"dedicate";"4.951393e-02"
"   3";"  14";"21.43";"  -3.850";"refugee";"4.976019e-02"
"   3";"  14";"21.43";"  -3.850";"shelter";"4.976019e-02"
"   3";"  14";"21.43";"  -3.850";"lord";"4.976019e-02"
"   3";"  14";"21.43";"  -3.850";"italy";"4.976019e-02"
"   3";"  14";"21.43";"  -3.850";"depress";"4.976019e-02"
"   3";"  14";"21.43";"  -3.850";"trace";"4.976019e-02"
"   3";"  14";"21.43";"  -3.850";"thread";"4.976019e-02"
"   3";"  14";"21.43";"  -3.850";"superstar";"4.976019e-02"
"   3";"  14";"21.43";"  -3.850";"recognition";"4.976019e-02"
"   3";"  14";"21.43";"  -3.850";"contrast";"4.976019e-02"
" 166";" 389";"42.67";"  -3.846";"realize";"4.987582e-02"
"  46";" 119";"38.66";"  -3.840";"weird";"5.004113e-02"
"   2";"  11";"18.18";"  -3.821";"blah";"5.061660e-02"
"   2";"  11";"18.18";"  -3.821";"boot";"5.061660e-02"
"   2";"  11";"18.18";"  -3.821";"tony";"5.061660e-02"
"   2";"  11";"18.18";"  -3.821";"maria";"5.061660e-02"
"   2";"  11";"18.18";"  -3.821";"diamond";"5.061660e-02"
"   2";"  11";"18.18";"  -3.821";"olympics";"5.061660e-02"
"   2";"  11";"18.18";"  -3.821";"cdc";"5.061660e-02"
"   2";"  11";"18.18";"  -3.821";"ut";"5.061660e-02"
"   2";"  11";"18.18";"  -3.821";"symbolic";"5.061660e-02"
"   2";"  11";"18.18";"  -3.821";"suburb";"5.061660e-02"
"   2";"  11";"18.18";"  -3.821";"stretch";"5.061660e-02"
"   2";"  11";"18.18";"  -3.821";"sachs";"5.061660e-02"
"   2";"  11";"18.18";"  -3.821";"rot";"5.061660e-02"
"   2";"  11";"18.18";"  -3.821";"rain";"5.061660e-02"
"   2";"  11";"18.18";"  -3.821";"prospect";"5.061660e-02"
"   2";"  11";"18.18";"  -3.821";"metaverse";"5.061660e-02"
"   2";"  11";"18.18";"  -3.821";"litigation";"5.061660e-02"
"   2";"  11";"18.18";"  -3.821";"inherit";"5.061660e-02"
"   2";"  11";"18.18";"  -3.821";"indians";"5.061660e-02"
"   2";"  11";"18.18";"  -3.821";"crucial";"5.061660e-02"
"   2";"  11";"18.18";"  -3.821";"centralization";"5.061660e-02"
"   2";"  11";"18.18";"  -3.821";"bin";"5.061660e-02"
"   2";"  11";"18.18";"  -3.821";"authentic";"5.061660e-02"
"   9";"  30";"30.00";"  -3.734";"esg";"5.331925e-02"
"   9";"  30";"30.00";"  -3.734";"educational";"5.331925e-02"
"   9";"  30";"30.00";"  -3.734";"counter";"5.331925e-02"
"  17";"  50";"34.00";"  -3.719";"environmental";"5.378133e-02"
"  15";"  45";"33.33";"  -3.683";"ii";"5.497198e-02"
"  11";"  35";"31.43";"  -3.679";"classroom";"5.511225e-02"
"  11";"  35";"31.43";"  -3.679";"european";"5.511225e-02"
"  11";"  35";"31.43";"  -3.679";"ve";"5.511225e-02"
"  11";"  35";"31.43";"  -3.679";"tire";"5.511225e-02"
"  11";"  35";"31.43";"  -3.679";"observe";"5.511225e-02"
"  13";"  40";"32.50";"  -3.666";"dead";"5.551744e-02"
"  22";"  62";"35.48";"  -3.663";"africa";"5.564546e-02"
"  22";"  62";"35.48";"  -3.663";"nonprofit";"5.564546e-02"
"  22";"  62";"35.48";"  -3.663";"mhm";"5.564546e-02"
"   6";"  22";"27.27";"  -3.651";"empathy";"5.603391e-02"
"   6";"  22";"27.27";"  -3.651";"garden";"5.603391e-02"
"   6";"  22";"27.27";"  -3.651";"crap";"5.603391e-02"
"   0";"   4";" 0.00";"  -3.636";"mumbai";"5.655079e-02"
"   0";"   4";" 0.00";"  -3.636";"gym";"5.655079e-02"
"   0";"   4";" 0.00";"  -3.636";"reply";"5.655079e-02"
"   0";"   4";" 0.00";"  -3.636";"polarity";"5.655079e-02"
"   0";"   4";" 0.00";"  -3.636";"pierre";"5.655079e-02"
"   0";"   4";" 0.00";"  -3.636";"parochial";"5.655079e-02"
"   0";"   4";" 0.00";"  -3.636";"negro";"5.655079e-02"
"   0";"   4";" 0.00";"  -3.636";"joseph";"5.655079e-02"
"   0";"   4";" 0.00";"  -3.636";"impeach";"5.655079e-02"
"   0";"   4";" 0.00";"  -3.636";"hawkish";"5.655079e-02"
"   0";"   4";" 0.00";"  -3.636";"fringe";"5.655079e-02"
"   0";"   4";" 0.00";"  -3.636";"delaware";"5.655079e-02"
"   0";"   4";" 0.00";"  -3.636";"chennai";"5.655079e-02"
"   0";"   4";" 0.00";"  -3.636";"caffeine";"5.655079e-02"
"   0";"   4";" 0.00";"  -3.636";"aramaic";"5.655079e-02"
"   0";"   4";" 0.00";"  -3.636";"worldview";"5.655079e-02"
"   0";"   4";" 0.00";"  -3.636";"wed";"5.655079e-02"
"   0";"   4";" 0.00";"  -3.636";"translator";"5.655079e-02"
"   0";"   4";" 0.00";"  -3.636";"toe";"5.655079e-02"
"   0";"   4";" 0.00";"  -3.636";"taliban";"5.655079e-02"
"   0";"   4";" 0.00";"  -3.636";"stit";"5.655079e-02"
"   0";"   4";" 0.00";"  -3.636";"stalin";"5.655079e-02"
"   0";"   4";" 0.00";"  -3.636";"sect";"5.655079e-02"
"   0";"   4";" 0.00";"  -3.636";"rivalry";"5.655079e-02"
"   0";"   4";" 0.00";"  -3.636";"restrictive";"5.655079e-02"
"   0";"   4";" 0.00";"  -3.636";"respectful";"5.655079e-02"
"   0";"   4";" 0.00";"  -3.636";"reelect";"5.655079e-02"
"   0";"   4";" 0.00";"  -3.636";"promulgate";"5.655079e-02"
"   0";"   4";" 0.00";"  -3.636";"preventable";"5.655079e-02"
"   0";"   4";" 0.00";"  -3.636";"pompeo";"5.655079e-02"
"   0";"   4";" 0.00";"  -3.636";"permanency";"5.655079e-02"
"   0";"   4";" 0.00";"  -3.636";"paperback";"5.655079e-02"
"   0";"   4";" 0.00";"  -3.636";"obama_s";"5.655079e-02"
"   0";"   4";" 0.00";"  -3.636";"mcmaster";"5.655079e-02"
"   0";"   4";" 0.00";"  -3.636";"lightning";"5.655079e-02"
"   0";"   4";" 0.00";"  -3.636";"leninism";"5.655079e-02"
"   0";"   4";" 0.00";"  -3.636";"legion";"5.655079e-02"
"   0";"   4";" 0.00";"  -3.636";"jong";"5.655079e-02"
"   0";"   4";" 0.00";"  -3.636";"hungarian";"5.655079e-02"
"   0";"   4";" 0.00";"  -3.636";"grave";"5.655079e-02"
"   0";"   4";" 0.00";"  -3.636";"gerard";"5.655079e-02"
"   0";"   4";" 0.00";"  -3.636";"embassy";"5.655079e-02"
"   0";"   4";" 0.00";"  -3.636";"dye";"5.655079e-02"
"   0";"   4";" 0.00";"  -3.636";"doer";"5.655079e-02"
"   0";"   4";" 0.00";"  -3.636";"dissent";"5.655079e-02"
"   0";"   4";" 0.00";"  -3.636";"denigrate";"5.655079e-02"
"   0";"   4";" 0.00";"  -3.636";"deadline";"5.655079e-02"
"   0";"   4";" 0.00";"  -3.636";"courtroom";"5.655079e-02"
"   0";"   4";" 0.00";"  -3.636";"civ";"5.655079e-02"
"   0";"   4";" 0.00";"  -3.636";"cato";"5.655079e-02"
"   0";"   4";" 0.00";"  -3.636";"canal";"5.655079e-02"
"   0";"   4";" 0.00";"  -3.636";"canadians";"5.655079e-02"
"   0";"   4";" 0.00";"  -3.636";"benjamin";"5.655079e-02"
"   0";"   4";" 0.00";"  -3.636";"bahrain";"5.655079e-02"
"   0";"   4";" 0.00";"  -3.636";"angelo";"5.655079e-02"
"   0";"   4";" 0.00";"  -3.636";"adams";"5.655079e-02"
"   0";"   4";" 0.00";"  -3.636";"webex";"5.655079e-02"
"   0";"   4";" 0.00";"  -3.636";"ware";"5.655079e-02"
"   0";"   4";" 0.00";"  -3.636";"wagon";"5.655079e-02"
"   0";"   4";" 0.00";"  -3.636";"von";"5.655079e-02"
"   0";"   4";" 0.00";"  -3.636";"vignette";"5.655079e-02"
"   0";"   4";" 0.00";"  -3.636";"victory";"5.655079e-02"
"   0";"   4";" 0.00";"  -3.636";"vibrancy";"5.655079e-02"
"   0";"   4";" 0.00";"  -3.636";"venice";"5.655079e-02"
"   0";"   4";" 0.00";"  -3.636";"usdc";"5.655079e-02"
"   0";"   4";" 0.00";"  -3.636";"uprising";"5.655079e-02"
"   0";"   4";" 0.00";"  -3.636";"unpleasant";"5.655079e-02"
"   0";"   4";" 0.00";"  -3.636";"unequal";"5.655079e-02"
"   0";"   4";" 0.00";"  -3.636";"tyrant";"5.655079e-02"
"   0";"   4";" 0.00";"  -3.636";"treaty";"5.655079e-02"
"   0";"   4";" 0.00";"  -3.636";"treasurer";"5.655079e-02"
"   0";"   4";" 0.00";"  -3.636";"transcendence";"5.655079e-02"
"   0";"   4";" 0.00";"  -3.636";"township";"5.655079e-02"
"   0";"   4";" 0.00";"  -3.636";"theocracy";"5.655079e-02"
"   0";"   4";" 0.00";"  -3.636";"temper";"5.655079e-02"
"   0";"   4";" 0.00";"  -3.636";"survivor";"5.655079e-02"
"   0";"   4";" 0.00";"  -3.636";"surrender";"5.655079e-02"
"   0";"   4";" 0.00";"  -3.636";"supermarket";"5.655079e-02"
"   0";"   4";" 0.00";"  -3.636";"subway";"5.655079e-02"
"   0";"   4";" 0.00";"  -3.636";"substitute";"5.655079e-02"
"   0";"   4";" 0.00";"  -3.636";"strauss";"5.655079e-02"
"   0";"   4";" 0.00";"  -3.636";"strait";"5.655079e-02"
"   0";"   4";" 0.00";"  -3.636";"stewart";"5.655079e-02"
"   0";"   4";" 0.00";"  -3.636";"stamina";"5.655079e-02"
"   0";"   4";" 0.00";"  -3.636";"sqa";"5.655079e-02"
"   0";"   4";" 0.00";"  -3.636";"sp";"5.655079e-02"
"   0";"   4";" 0.00";"  -3.636";"sophomore";"5.655079e-02"
"   0";"   4";" 0.00";"  -3.636";"socrates";"5.655079e-02"
"   0";"   4";" 0.00";"  -3.636";"societally";"5.655079e-02"
"   0";"   4";" 0.00";"  -3.636";"situate";"5.655079e-02"
"   0";"   4";" 0.00";"  -3.636";"sinful";"5.655079e-02"
"   0";"   4";" 0.00";"  -3.636";"sidewalk";"5.655079e-02"
"   0";"   4";" 0.00";"  -3.636";"shipwreck";"5.655079e-02"
"   0";"   4";" 0.00";"  -3.636";"shiite";"5.655079e-02"
"   0";"   4";" 0.00";"  -3.636";"shapiro";"5.655079e-02"
"   0";"   4";" 0.00";"  -3.636";"sexually";"5.655079e-02"
"   0";"   4";" 0.00";"  -3.636";"schmidt";"5.655079e-02"
"   0";"   4";" 0.00";"  -3.636";"scalia";"5.655079e-02"
"   0";"   4";" 0.00";"  -3.636";"safeway";"5.655079e-02"
"   0";"   4";" 0.00";"  -3.636";"risd";"5.655079e-02"
"   0";"   4";" 0.00";"  -3.636";"rigorously";"5.655079e-02"
"   0";"   4";" 0.00";"  -3.636";"revelation";"5.655079e-02"
"   0";"   4";" 0.00";"  -3.636";"retaliate";"5.655079e-02"
"   0";"   4";" 0.00";"  -3.636";"responder";"5.655079e-02"
"   0";"   4";" 0.00";"  -3.636";"repression";"5.655079e-02"
"   0";"   4";" 0.00";"  -3.636";"renewal";"5.655079e-02"
"   0";"   4";" 0.00";"  -3.636";"relieve";"5.655079e-02"
"   0";"   4";" 0.00";"  -3.636";"recreation";"5.655079e-02"
"   0";"   4";" 0.00";"  -3.636";"recisions";"5.655079e-02"
"   0";"   4";" 0.00";"  -3.636";"rapper";"5.655079e-02"
"   0";"   4";" 0.00";"  -3.636";"rape";"5.655079e-02"
"   0";"   4";" 0.00";"  -3.636";"ranger";"5.655079e-02"
"   0";"   4";" 0.00";"  -3.636";"ranch";"5.655079e-02"
"   0";"   4";" 0.00";"  -3.636";"raid";"5.655079e-02"
"   0";"   4";" 0.00";"  -3.636";"provocative";"5.655079e-02"
"   0";"   4";" 0.00";"  -3.636";"proudly";"5.655079e-02"
"   0";"   4";" 0.00";"  -3.636";"prep";"5.655079e-02"
"   0";"   4";" 0.00";"  -3.636";"prayer";"5.655079e-02"
"   0";"   4";" 0.00";"  -3.636";"prageru";"5.655079e-02"
"   0";"   4";" 0.00";"  -3.636";"portray";"5.655079e-02"
"   0";"   4";" 0.00";"  -3.636";"populace";"5.655079e-02"
"   0";"   4";" 0.00";"  -3.636";"pope";"5.655079e-02"
"   0";"   4";" 0.00";"  -3.636";"poke";"5.655079e-02"
"   0";"   4";" 0.00";"  -3.636";"poet";"5.655079e-02"
"   0";"   4";" 0.00";"  -3.636";"pittsburgh";"5.655079e-02"
"   0";"   4";" 0.00";"  -3.636";"pete";"5.655079e-02"
"   0";"   4";" 0.00";"  -3.636";"persecute";"5.655079e-02"
"   0";"   4";" 0.00";"  -3.636";"penniless";"5.655079e-02"
"   0";"   4";" 0.00";"  -3.636";"pel";"5.655079e-02"
"   0";"   4";" 0.00";"  -3.636";"parliamentary";"5.655079e-02"
"   0";"   4";" 0.00";"  -3.636";"parliamentarian";"5.655079e-02"
"   0";"   4";" 0.00";"  -3.636";"panama";"5.655079e-02"
"   0";"   4";" 0.00";"  -3.636";"palestinian";"5.655079e-02"
"   0";"   4";" 0.00";"  -3.636";"pakistani";"5.655079e-02"
"   0";"   4";" 0.00";"  -3.636";"overtly";"5.655079e-02"
"   0";"   4";" 0.00";"  -3.636";"overplay";"5.655079e-02"
"   0";"   4";" 0.00";"  -3.636";"overindex";"5.655079e-02"
"   0";"   4";" 0.00";"  -3.636";"overconfidence";"5.655079e-02"
"   0";"   4";" 0.00";"  -3.636";"originate";"5.655079e-02"
"   0";"   4";" 0.00";"  -3.636";"opioids";"5.655079e-02"
"   0";"   4";" 0.00";"  -3.636";"omen";"5.655079e-02"
"   0";"   4";" 0.00";"  -3.636";"octopus";"5.655079e-02"
"   0";"   4";" 0.00";"  -3.636";"npcs";"5.655079e-02"
"   0";"   4";" 0.00";"  -3.636";"nominate";"5.655079e-02"
"   0";"   4";" 0.00";"  -3.636";"nickname";"5.655079e-02"
"   0";"   4";" 0.00";"  -3.636";"netanyahu";"5.655079e-02"
"   0";"   4";" 0.00";"  -3.636";"mythology";"5.655079e-02"
"   0";"   4";" 0.00";"  -3.636";"monolithic";"5.655079e-02"
"   0";"   4";" 0.00";"  -3.636";"monastery";"5.655079e-02"
"   0";"   4";" 0.00";"  -3.636";"misuse";"5.655079e-02"
"   0";"   4";" 0.00";"  -3.636";"mimemetic";"5.655079e-02"
"   0";"   4";" 0.00";"  -3.636";"microeconomics";"5.655079e-02"
"   0";"   4";" 0.00";"  -3.636";"mediterranean";"5.655079e-02"
"   0";"   4";" 0.00";"  -3.636";"medieval";"5.655079e-02"
"   0";"   4";" 0.00";"  -3.636";"mcconnell";"5.655079e-02"
"   0";"   4";" 0.00";"  -3.636";"mason";"5.655079e-02"
"   0";"   4";" 0.00";"  -3.636";"maslow";"5.655079e-02"
"   0";"   4";" 0.00";"  -3.636";"marshall";"5.655079e-02"
"   0";"   4";" 0.00";"  -3.636";"mantra";"5.655079e-02"
"   0";"   4";" 0.00";"  -3.636";"mantle";"5.655079e-02"
"   0";"   4";" 0.00";"  -3.636";"longtime";"5.655079e-02"
"   0";"   4";" 0.00";"  -3.636";"libya";"5.655079e-02"
"   0";"   4";" 0.00";"  -3.636";"liberation";"5.655079e-02"
"   0";"   4";" 0.00";"  -3.636";"letites";"5.655079e-02"
"   0";"   4";" 0.00";"  -3.636";"lemon";"5.655079e-02"
"   0";"   4";" 0.00";"  -3.636";"leftie";"5.655079e-02"
"   0";"   4";" 0.00";"  -3.636";"latino";"5.655079e-02"
"   0";"   4";" 0.00";"  -3.636";"lale";"5.655079e-02"
"   0";"   4";" 0.00";"  -3.636";"knowledgeable";"5.655079e-02"
"   0";"   4";" 0.00";"  -3.636";"kindness";"5.655079e-02"
"   0";"   4";" 0.00";"  -3.636";"kgb";"5.655079e-02"
"   0";"   4";" 0.00";"  -3.636";"kendi";"5.655079e-02"
"   0";"   4";" 0.00";"  -3.636";"karma";"5.655079e-02"
"   0";"   4";" 0.00";"  -3.636";"kansas";"5.655079e-02"
"   0";"   4";" 0.00";"  -3.636";"justin";"5.655079e-02"
"   0";"   4";" 0.00";"  -3.636";"invol";"5.655079e-02"
"   0";"   4";" 0.00";"  -3.636";"investigative";"5.655079e-02"
"   0";"   4";" 0.00";"  -3.636";"intersectionality";"5.655079e-02"
"   0";"   4";" 0.00";"  -3.636";"institutionalize";"5.655079e-02"
"   0";"   4";" 0.00";"  -3.636";"innocuous";"5.655079e-02"
"   0";"   4";" 0.00";"  -3.636";"influx";"5.655079e-02"
"   0";"   4";" 0.00";"  -3.636";"incubator";"5.655079e-02"
"   0";"   4";" 0.00";"  -3.636";"incompetence";"5.655079e-02"
"   0";"   4";" 0.00";"  -3.636";"ignorant";"5.655079e-02"
"   0";"   4";" 0.00";"  -3.636";"ideologue";"5.655079e-02"
"   0";"   4";" 0.00";"  -3.636";"hypocrisy";"5.655079e-02"
"   0";"   4";" 0.00";"  -3.636";"hussein";"5.655079e-02"
"   0";"   4";" 0.00";"  -3.636";"hungary";"5.655079e-02"
"   0";"   4";" 0.00";"  -3.636";"hugo";"5.655079e-02"
"   0";"   4";" 0.00";"  -3.636";"horror";"5.655079e-02"
"   0";"   4";" 0.00";"  -3.636";"hopeless";"5.655079e-02"
"   0";"   4";" 0.00";"  -3.636";"hometown";"5.655079e-02"
"   0";"   4";" 0.00";"  -3.636";"hesitant";"5.655079e-02"
"   0";"   4";" 0.00";"  -3.636";"hemisphere";"5.655079e-02"
"   0";"   4";" 0.00";"  -3.636";"heartbroken";"5.655079e-02"
"   0";"   4";" 0.00";"  -3.636";"harper";"5.655079e-02"
"   0";"   4";" 0.00";"  -3.636";"haiti";"5.655079e-02"
"   0";"   4";" 0.00";"  -3.636";"guantanamo";"5.655079e-02"
"   0";"   4";" 0.00";"  -3.636";"greg";"5.655079e-02"
"   0";"   4";" 0.00";"  -3.636";"gratify";"5.655079e-02"
"   0";"   4";" 0.00";"  -3.636";"gamble";"5.655079e-02"
"   0";"   4";" 0.00";"  -3.636";"furniture";"5.655079e-02"
"   0";"   4";" 0.00";"  -3.636";"fremont";"5.655079e-02"
"   0";"   4";" 0.00";"  -3.636";"freeman";"5.655079e-02"
"   0";"   4";" 0.00";"  -3.636";"frankfurt";"5.655079e-02"
"   0";"   4";" 0.00";"  -3.636";"fountain";"5.655079e-02"
"   0";"   4";" 0.00";"  -3.636";"florida_s";"5.655079e-02"
"   0";"   4";" 0.00";"  -3.636";"filibuster";"5.655079e-02"
"   0";"   4";" 0.00";"  -3.636";"fearful";"5.655079e-02"
"   0";"   4";" 0.00";"  -3.636";"exemplify";"5.655079e-02"
"   0";"   4";" 0.00";"  -3.636";"excessive";"5.655079e-02"
"   0";"   4";" 0.00";"  -3.636";"escapable";"5.655079e-02"
"   0";"   4";" 0.00";"  -3.636";"epidemic";"5.655079e-02"
"   0";"   4";" 0.00";"  -3.636";"epictetus";"5.655079e-02"
"   0";"   4";" 0.00";"  -3.636";"entrepreneurialism";"5.655079e-02"
"   0";"   4";" 0.00";"  -3.636";"encouragement";"5.655079e-02"
"   0";"   4";" 0.00";"  -3.636";"electoral";"5.655079e-02"
"   0";"   4";" 0.00";"  -3.636";"dwell";"5.655079e-02"
"   0";"   4";" 0.00";"  -3.636";"dropout";"5.655079e-02"
"   0";"   4";" 0.00";"  -3.636";"dogmatic";"5.655079e-02"
"   0";"   4";" 0.00";"  -3.636";"dispute";"5.655079e-02"
"   0";"   4";" 0.00";"  -3.636";"dishearten";"5.655079e-02"
"   0";"   4";" 0.00";"  -3.636";"devote";"5.655079e-02"
"   0";"   4";" 0.00";"  -3.636";"devil";"5.655079e-02"
"   0";"   4";" 0.00";"  -3.636";"deterrence";"5.655079e-02"
"   0";"   4";" 0.00";"  -3.636";"despotism";"5.655079e-02"
"   0";"   4";" 0.00";"  -3.636";"desirable";"5.655079e-02"
"   0";"   4";" 0.00";"  -3.636";"depredation";"5.655079e-02"
"   0";"   4";" 0.00";"  -3.636";"degeneration";"5.655079e-02"
"   0";"   4";" 0.00";"  -3.636";"defund";"5.655079e-02"
"   0";"   4";" 0.00";"  -3.636";"dea";"5.655079e-02"
"   0";"   4";" 0.00";"  -3.636";"crystallize";"5.655079e-02"
"   0";"   4";" 0.00";"  -3.636";"counterproductive";"5.655079e-02"
"   0";"   4";" 0.00";"  -3.636";"constructive";"5.655079e-02"
"   0";"   4";" 0.00";"  -3.636";"connecticut";"5.655079e-02"
"   0";"   4";" 0.00";"  -3.636";"conceptualize";"5.655079e-02"
"   0";"   4";" 0.00";"  -3.636";"conac";"5.655079e-02"
"   0";"   4";" 0.00";"  -3.636";"compensate";"5.655079e-02"
"   0";"   4";" 0.00";"  -3.636";"cola";"5.655079e-02"
"   0";"   4";" 0.00";"  -3.636";"coherent";"5.655079e-02"
"   0";"   4";" 0.00";"  -3.636";"coddle";"5.655079e-02"
"   0";"   4";" 0.00";"  -3.636";"coca";"5.655079e-02"
"   0";"   4";" 0.00";"  -3.636";"chin";"5.655079e-02"
"   0";"   4";" 0.00";"  -3.636";"chaotic";"5.655079e-02"
"   0";"   4";" 0.00";"  -3.636";"cease";"5.655079e-02"
"   0";"   4";" 0.00";"  -3.636";"catholicism";"5.655079e-02"
"   0";"   4";" 0.00";"  -3.636";"catalog";"5.655079e-02"
"   0";"   4";" 0.00";"  -3.636";"cambridge";"5.655079e-02"
"   0";"   4";" 0.00";"  -3.636";"camala";"5.655079e-02"
"   0";"   4";" 0.00";"  -3.636";"calm";"5.655079e-02"
"   0";"   4";" 0.00";"  -3.636";"cabal";"5.655079e-02"
"   0";"   4";" 0.00";"  -3.636";"byproduct";"5.655079e-02"
"   0";"   4";" 0.00";"  -3.636";"butcher";"5.655079e-02"
"   0";"   4";" 0.00";"  -3.636";"buffett";"5.655079e-02"
"   0";"   4";" 0.00";"  -3.636";"brook";"5.655079e-02"
"   0";"   4";" 0.00";"  -3.636";"bronx";"5.655079e-02"
"   0";"   4";" 0.00";"  -3.636";"bombard";"5.655079e-02"
"   0";"   4";" 0.00";"  -3.636";"boldness";"5.655079e-02"
"   0";"   4";" 0.00";"  -3.636";"boldly";"5.655079e-02"
"   0";"   4";" 0.00";"  -3.636";"berlin";"5.655079e-02"
"   0";"   4";" 0.00";"  -3.636";"beacon";"5.655079e-02"
"   0";"   4";" 0.00";"  -3.636";"bash";"5.655079e-02"
"   0";"   4";" 0.00";"  -3.636";"baron";"5.655079e-02"
"   0";"   4";" 0.00";"  -3.636";"banner";"5.655079e-02"
"   0";"   4";" 0.00";"  -3.636";"bang";"5.655079e-02"
"   0";"   4";" 0.00";"  -3.636";"baldwin";"5.655079e-02"
"   0";"   4";" 0.00";"  -3.636";"astonish";"5.655079e-02"
"   0";"   4";" 0.00";"  -3.636";"asap";"5.655079e-02"
"   0";"   4";" 0.00";"  -3.636";"appreciative";"5.655079e-02"
"   0";"   4";" 0.00";"  -3.636";"appointee";"5.655079e-02"
"   0";"   4";" 0.00";"  -3.636";"aperture";"5.655079e-02"
"   0";"   4";" 0.00";"  -3.636";"anheiser";"5.655079e-02"
"   0";"   4";" 0.00";"  -3.636";"andreon";"5.655079e-02"
"   0";"   4";" 0.00";"  -3.636";"alienate";"5.655079e-02"
"   0";"   4";" 0.00";"  -3.636";"affluent";"5.655079e-02"
"   0";"   4";" 0.00";"  -3.636";"aet";"5.655079e-02"
"   0";"   4";" 0.00";"  -3.636";"advertisement";"5.655079e-02"
"   0";"   4";" 0.00";"  -3.636";"admin";"5.655079e-02"
"   0";"   4";" 0.00";"  -3.636";"501c3";"5.655079e-02"
"  20";"  57";"35.09";"  -3.590";"primary";"5.811683e-02"
"  63";" 157";"40.13";"  -3.542";"protect";"5.984240e-02"
"  18";"  52";"34.62";"  -3.527";"publish";"6.039153e-02"
"  18";"  52";"34.62";"  -3.527";"skeptical";"6.039153e-02"
" 111";" 265";"41.89";"  -3.509";"sound";"6.105100e-02"
"   8";"  27";"29.63";"  -3.503";"briefly";"6.125683e-02"
"  60";" 150";"40.00";"  -3.499";"india";"6.139441e-02"
" 125";" 296";"42.23";"  -3.467";"hey";"6.261810e-02"
"   5";"  19";"26.32";"  -3.457";"seattle";"6.300079e-02"
"   5";"  19";"26.32";"  -3.457";"banker";"6.300079e-02"
"  68";" 168";"40.48";"  -3.446";"board";"6.340657e-02"
"  10";"  32";"31.25";"  -3.438";"guard";"6.372378e-02"
"  10";"  32";"31.25";"  -3.438";"famously";"6.372378e-02"
"  14";"  42";"33.33";"  -3.437";"fourth";"6.374683e-02"
"  41";" 106";"38.68";"  -3.401";"blue";"6.514938e-02"
"  38";"  99";"38.38";"  -3.389";"effort";"6.561333e-02"
"  30";"  80";"37.50";"  -3.287";"notice";"6.983045e-02"
"   4";"  16";"25.00";"  -3.281";"singapore";"7.007257e-02"
"   4";"  16";"25.00";"  -3.281";"equally";"7.007257e-02"
"   4";"  16";"25.00";"  -3.281";"humility";"7.007257e-02"
"   4";"  16";"25.00";"  -3.281";"award";"7.007257e-02"
"   4";"  16";"25.00";"  -3.281";"forum";"7.007257e-02"
"   4";"  16";"25.00";"  -3.281";"trickle";"7.007257e-02"
"   4";"  16";"25.00";"  -3.281";"fool";"7.007257e-02"
"   4";"  16";"25.00";"  -3.281";"farmer";"7.007257e-02"
"   4";"  16";"25.00";"  -3.281";"echo";"7.007257e-02"
"   4";"  16";"25.00";"  -3.281";"bird";"7.007257e-02"
"  22";"  61";"36.07";"  -3.266";"press";"7.072609e-02"
"  56";" 140";"40.00";"  -3.265";"nice";"7.076855e-02"
" 364";" 818";"44.50";"  -3.253";"find";"7.127859e-02"
"  64";" 158";"40.51";"  -3.213";"correct";"7.307233e-02"
"   9";"  29";"31.03";"  -3.198";"personality";"7.373869e-02"
"   9";"  29";"31.03";"  -3.198";"badly";"7.373869e-02"
"   9";"  29";"31.03";"  -3.198";"negotiate";"7.373869e-02"
"   9";"  29";"31.03";"  -3.198";"bear";"7.373869e-02"
"   9";"  29";"31.03";"  -3.198";"actively";"7.373869e-02"
"  40";" 103";"38.83";"  -3.190";"huh";"7.406958e-02"
"  11";"  34";"32.35";"  -3.177";"excellence";"7.468540e-02"
"   3";"  13";"23.08";"  -3.139";"scam";"7.646078e-02"
"   3";"  13";"23.08";"  -3.139";"freeze";"7.646078e-02"
"   3";"  13";"23.08";"  -3.139";"fellowship";"7.646078e-02"
"   3";"  13";"23.08";"  -3.139";"businessman";"7.646078e-02"
"   3";"  13";"23.08";"  -3.139";"wildly";"7.646078e-02"
"   3";"  13";"23.08";"  -3.139";"pin";"7.646078e-02"
"   3";"  13";"23.08";"  -3.139";"officially";"7.646078e-02"
"   3";"  13";"23.08";"  -3.139";"bankrupt";"7.646078e-02"
"   1";"   7";"14.29";"  -3.118";"rick";"7.745380e-02"
"   1";"   7";"14.29";"  -3.118";"breathe";"7.745380e-02"
"   1";"   7";"14.29";"  -3.118";"tomato";"7.745380e-02"
"   1";"   7";"14.29";"  -3.118";"monument";"7.745380e-02"
"   1";"   7";"14.29";"  -3.118";"brit";"7.745380e-02"
"   1";"   7";"14.29";"  -3.118";"wuhan";"7.745380e-02"
"   1";"   7";"14.29";"  -3.118";"vegetable";"7.745380e-02"
"   1";"   7";"14.29";"  -3.118";"riot";"7.745380e-02"
"   1";"   7";"14.29";"  -3.118";"modernism";"7.745380e-02"
"   1";"   7";"14.29";"  -3.118";"indicator";"7.745380e-02"
"   1";"   7";"14.29";"  -3.118";"id";"7.745380e-02"
"   1";"   7";"14.29";"  -3.118";"feelings";"7.745380e-02"
"   1";"   7";"14.29";"  -3.118";"dylan";"7.745380e-02"
"   1";"   7";"14.29";"  -3.118";"doll";"7.745380e-02"
"   1";"   7";"14.29";"  -3.118";"armanac";"7.745380e-02"
"   1";"   7";"14.29";"  -3.118";"unpopular";"7.745380e-02"
"   1";"   7";"14.29";"  -3.118";"unfairly";"7.745380e-02"
"   1";"   7";"14.29";"  -3.118";"undermine";"7.745380e-02"
"   1";"   7";"14.29";"  -3.118";"thick";"7.745380e-02"
"   1";"   7";"14.29";"  -3.118";"strap";"7.745380e-02"
"   1";"   7";"14.29";"  -3.118";"stigma";"7.745380e-02"
"   1";"   7";"14.29";"  -3.118";"southwest";"7.745380e-02"
"   1";"   7";"14.29";"  -3.118";"saltbox";"7.745380e-02"
"   1";"   7";"14.29";"  -3.118";"rice";"7.745380e-02"
"   1";"   7";"14.29";"  -3.118";"rage";"7.745380e-02"
"   1";"   7";"14.29";"  -3.118";"pierce";"7.745380e-02"
"   1";"   7";"14.29";"  -3.118";"override";"7.745380e-02"
"   1";"   7";"14.29";"  -3.118";"opus";"7.745380e-02"
"   1";"   7";"14.29";"  -3.118";"mob";"7.745380e-02"
"   1";"   7";"14.29";"  -3.118";"mary";"7.745380e-02"
"   1";"   7";"14.29";"  -3.118";"lottery";"7.745380e-02"
"   1";"   7";"14.29";"  -3.118";"literal";"7.745380e-02"
"   1";"   7";"14.29";"  -3.118";"july";"7.745380e-02"
"   1";"   7";"14.29";"  -3.118";"freely";"7.745380e-02"
"   1";"   7";"14.29";"  -3.118";"disparity";"7.745380e-02"
"   1";"   7";"14.29";"  -3.118";"contrary";"7.745380e-02"
"   1";"   7";"14.29";"  -3.118";"contemplate";"7.745380e-02"
"   1";"   7";"14.29";"  -3.118";"conclude";"7.745380e-02"
"   1";"   7";"14.29";"  -3.118";"concede";"7.745380e-02"
"   1";"   7";"14.29";"  -3.118";"cmgi";"7.745380e-02"
"   1";"   7";"14.29";"  -3.118";"canada_s";"7.745380e-02"
"   1";"   7";"14.29";"  -3.118";"arabs";"7.745380e-02"
"   1";"   7";"14.29";"  -3.118";"anthony";"7.745380e-02"
"   1";"   7";"14.29";"  -3.118";"ama";"7.745380e-02"
"   1";"   7";"14.29";"  -3.118";"alumnus";"7.745380e-02"
"   1";"   7";"14.29";"  -3.118";"alfred";"7.745380e-02"
"   1";"   7";"14.29";"  -3.118";"alaska";"7.745380e-02"
"   2";"  10";"20.00";"  -3.058";"elevator";"8.036312e-02"
"   2";"  10";"20.00";"  -3.058";"stan";"8.036312e-02"
"   2";"  10";"20.00";"  -3.058";"rifle";"8.036312e-02"
"   2";"  10";"20.00";"  -3.058";"weigh";"8.036312e-02"
"   2";"  10";"20.00";"  -3.058";"formal";"8.036312e-02"
"   2";"  10";"20.00";"  -3.058";"visa";"8.036312e-02"
"   2";"  10";"20.00";"  -3.058";"kelly";"8.036312e-02"
"   2";"  10";"20.00";"  -3.058";"february";"8.036312e-02"
"   2";"  10";"20.00";"  -3.058";"fame";"8.036312e-02"
"   2";"  10";"20.00";"  -3.058";"eak";"8.036312e-02"
"   2";"  10";"20.00";"  -3.058";"violation";"8.036312e-02"
"   2";"  10";"20.00";"  -3.058";"unsafe";"8.036312e-02"
"   2";"  10";"20.00";"  -3.058";"uniquely";"8.036312e-02"
"   2";"  10";"20.00";"  -3.058";"ugly";"8.036312e-02"
"   2";"  10";"20.00";"  -3.058";"storm";"8.036312e-02"
"   2";"  10";"20.00";"  -3.058";"proportion";"8.036312e-02"
"   2";"  10";"20.00";"  -3.058";"massachusetts";"8.036312e-02"
"   2";"  10";"20.00";"  -3.058";"joy";"8.036312e-02"
"   2";"  10";"20.00";"  -3.058";"freshman";"8.036312e-02"
"   2";"  10";"20.00";"  -3.058";"congressional";"8.036312e-02"
"   2";"  10";"20.00";"  -3.058";"cole";"8.036312e-02"
"   2";"  10";"20.00";"  -3.058";"bake";"8.036312e-02"
"   6";"  21";"28.57";"  -3.054";"ethical";"8.053072e-02"
"   6";"  21";"28.57";"  -3.054";"attach";"8.053072e-02"
"   6";"  21";"28.57";"  -3.054";"alcohol";"8.053072e-02"
"   6";"  21";"28.57";"  -3.054";"ah";"8.053072e-02"
"  16";"  46";"34.78";"  -3.039";"strength";"8.126549e-02"
" 624";"1377";"45.32";"  -3.028";"interest";"8.185881e-02"
"  14";"  41";"34.15";"  -2.984";"bay";"8.409187e-02"
"  24";"  65";"36.92";"  -2.983";"cartel";"8.415021e-02"
"   8";"  26";"30.77";"  -2.959";"lobby";"8.539024e-02"
"   8";"  26";"30.77";"  -2.959";"20s";"8.539024e-02"
"  33";"  86";"38.37";"  -2.951";"align";"8.583372e-02"
"  12";"  36";"33.33";"  -2.946";"ideal";"8.611148e-02"
"  12";"  36";"33.33";"  -2.946";"stem";"8.611148e-02"
"  12";"  36";"33.33";"  -2.946";"sam";"8.611148e-02"
"  12";"  36";"33.33";"  -2.946";"express";"8.611148e-02"
"  19";"  53";"35.85";"  -2.945";"aware";"8.616981e-02"
"  10";"  31";"32.26";"  -2.932";"ownership";"8.681357e-02"
" 116";" 273";"42.49";"  -2.893";"step";"8.898126e-02"
"  25";"  67";"37.31";"  -2.854";"90s";"9.112773e-02"
"   5";"  18";"27.78";"  -2.840";"tariff";"9.192175e-02"
"   5";"  18";"27.78";"  -2.840";"nigeria";"9.192175e-02"
"   5";"  18";"27.78";"  -2.840";"depot";"9.192175e-02"
"   5";"  18";"27.78";"  -2.840";"headline";"9.192175e-02"
"   5";"  18";"27.78";"  -2.840";"coinbase";"9.192175e-02"
"   5";"  18";"27.78";"  -2.840";"preference";"9.192175e-02"
"   5";"  18";"27.78";"  -2.840";"nose";"9.192175e-02"
"  15";"  43";"34.88";"  -2.796";"ridiculous";"9.447953e-02"
"  13";"  38";"34.21";"  -2.739";"pop";"9.791903e-02"
"  29";"  76";"38.16";"  -2.729";"strike";"9.852603e-02"
"   0";"   3";" 0.00";"  -2.727";"kiss";"9.868032e-02"
"   0";"   3";" 0.00";"  -2.727";"dictionary";"9.868032e-02"
"   0";"   3";" 0.00";"  -2.727";"bum";"9.868032e-02"
"   0";"   3";" 0.00";"  -2.727";"whitney";"9.868032e-02"
"   0";"   3";" 0.00";"  -2.727";"sear";"9.868032e-02"
"   0";"   3";" 0.00";"  -2.727";"ho";"9.868032e-02"
"   0";"   3";" 0.00";"  -2.727";"guillermo";"9.868032e-02"
"   0";"   3";" 0.00";"  -2.727";"foia";"9.868032e-02"
"   0";"   3";" 0.00";"  -2.727";"derek";"9.868032e-02"
"   0";"   3";" 0.00";"  -2.727";"butch";"9.868032e-02"
"   0";"   3";" 0.00";"  -2.727";"smack";"9.868032e-02"
"   0";"   3";" 0.00";"  -2.727";"pitchfork";"9.868032e-02"
"   0";"   3";" 0.00";"  -2.727";"lucriccius";"9.868032e-02"
"   0";"   3";" 0.00";"  -2.727";"hoodie";"9.868032e-02"
"   0";"   3";" 0.00";"  -2.727";"enact";"9.868032e-02"
"   0";"   3";" 0.00";"  -2.727";"delegate";"9.868032e-02"
"   0";"   3";" 0.00";"  -2.727";"cincinnati";"9.868032e-02"
"   0";"   3";" 0.00";"  -2.727";"blindness";"9.868032e-02"
"   0";"   3";" 0.00";"  -2.727";"wield";"9.868032e-02"
"   0";"   3";" 0.00";"  -2.727";"vanderbilt";"9.868032e-02"
"   0";"   3";" 0.00";"  -2.727";"unlikable";"9.868032e-02"
"   0";"   3";" 0.00";"  -2.727";"terman";"9.868032e-02"
"   0";"   3";" 0.00";"  -2.727";"supervisor";"9.868032e-02"
"   0";"   3";" 0.00";"  -2.727";"steep";"9.868032e-02"
"   0";"   3";" 0.00";"  -2.727";"shutdown";"9.868032e-02"
"   0";"   3";" 0.00";"  -2.727";"seth";"9.868032e-02"
"   0";"   3";" 0.00";"  -2.727";"salvador";"9.868032e-02"
"   0";"   3";" 0.00";"  -2.727";"rugby";"9.868032e-02"
"   0";"   3";" 0.00";"  -2.727";"revenge";"9.868032e-02"
"   0";"   3";" 0.00";"  -2.727";"proximity";"9.868032e-02"
"   0";"   3";" 0.00";"  -2.727";"patton";"9.868032e-02"
"   0";"   3";" 0.00";"  -2.727";"painting";"9.868032e-02"
"   0";"   3";" 0.00";"  -2.727";"molton";"9.868032e-02"
"   0";"   3";" 0.00";"  -2.727";"mack";"9.868032e-02"
"   0";"   3";" 0.00";"  -2.727";"libertarianism";"9.868032e-02"
"   0";"   3";" 0.00";"  -2.727";"lgbt";"9.868032e-02"
"   0";"   3";" 0.00";"  -2.727";"lefty";"9.868032e-02"
"   0";"   3";" 0.00";"  -2.727";"investigator";"9.868032e-02"
"   0";"   3";" 0.00";"  -2.727";"hush";"9.868032e-02"
"   0";"   3";" 0.00";"  -2.727";"hindi";"9.868032e-02"
"   0";"   3";" 0.00";"  -2.727";"glenn";"9.868032e-02"
"   0";"   3";" 0.00";"  -2.727";"foe";"9.868032e-02"
"   0";"   3";" 0.00";"  -2.727";"exploration";"9.868032e-02"
"   0";"   3";" 0.00";"  -2.727";"dragon";"9.868032e-02"
"   0";"   3";" 0.00";"  -2.727";"curtain";"9.868032e-02"
"   0";"   3";" 0.00";"  -2.727";"cp";"9.868032e-02"
"   0";"   3";" 0.00";"  -2.727";"commencement";"9.868032e-02"
"   0";"   3";" 0.00";"  -2.727";"columnist";"9.868032e-02"
"   0";"   3";" 0.00";"  -2.727";"caddie";"9.868032e-02"
"   0";"   3";" 0.00";"  -2.727";"booby";"9.868032e-02"
"   0";"   3";" 0.00";"  -2.727";"atkins";"9.868032e-02"
"   0";"   3";" 0.00";"  -2.727";"amenity";"9.868032e-02"
"   0";"   3";" 0.00";"  -2.727";"zoe";"9.868032e-02"
"   0";"   3";" 0.00";"  -2.727";"zielinski";"9.868032e-02"
"   0";"   3";" 0.00";"  -2.727";"xyz";"9.868032e-02"
"   0";"   3";" 0.00";"  -2.727";"xan";"9.868032e-02"
"   0";"   3";" 0.00";"  -2.727";"wright";"9.868032e-02"
"   0";"   3";" 0.00";"  -2.727";"workingclass";"9.868032e-02"
"   0";"   3";" 0.00";"  -2.727";"wonky";"9.868032e-02"
"   0";"   3";" 0.00";"  -2.727";"wokes";"9.868032e-02"
"   0";"   3";" 0.00";"  -2.727";"wmds";"9.868032e-02"
"   0";"   3";" 0.00";"  -2.727";"windbreaker";"9.868032e-02"
"   0";"   3";" 0.00";"  -2.727";"wilson";"9.868032e-02"
"   0";"   3";" 0.00";"  -2.727";"whiteness";"9.868032e-02"
"   0";"   3";" 0.00";"  -2.727";"wendy";"9.868032e-02"
"   0";"   3";" 0.00";"  -2.727";"wedlock";"9.868032e-02"
"   0";"   3";" 0.00";"  -2.727";"weatherall";"9.868032e-02"
"   0";"   3";" 0.00";"  -2.727";"weakly";"9.868032e-02"
"   0";"   3";" 0.00";"  -2.727";"wax";"9.868032e-02"
"   0";"   3";" 0.00";"  -2.727";"warning";"9.868032e-02"
"   0";"   3";" 0.00";"  -2.727";"walker";"9.868032e-02"
"   0";"   3";" 0.00";"  -2.727";"waiver";"9.868032e-02"
"   0";"   3";" 0.00";"  -2.727";"wagner";"9.868032e-02"
"   0";"   3";" 0.00";"  -2.727";"wade";"9.868032e-02"
"   0";"   3";" 0.00";"  -2.727";"vox";"9.868032e-02"
"   0";"   3";" 0.00";"  -2.727";"vocal";"9.868032e-02"
"   0";"   3";" 0.00";"  -2.727";"vienna";"9.868032e-02"
"   0";"   3";" 0.00";"  -2.727";"victor";"9.868032e-02"
"   0";"   3";" 0.00";"  -2.727";"vehemently";"9.868032e-02"
"   0";"   3";" 0.00";"  -2.727";"vance";"9.868032e-02"
"   0";"   3";" 0.00";"  -2.727";"unsuccessful";"9.868032e-02"
"   0";"   3";" 0.00";"  -2.727";"unsheltered";"9.868032e-02"
"   0";"   3";" 0.00";"  -2.727";"unrealized";"9.868032e-02"
"   0";"   3";" 0.00";"  -2.727";"unorthodox";"9.868032e-02"
"   0";"   3";" 0.00";"  -2.727";"uneducated";"9.868032e-02"
"   0";"   3";" 0.00";"  -2.727";"underrate";"9.868032e-02"
"   0";"   3";" 0.00";"  -2.727";"underclass";"9.868032e-02"
"   0";"   3";" 0.00";"  -2.727";"unconstitutional";"9.868032e-02"
"   0";"   3";" 0.00";"  -2.727";"twothirds";"9.868032e-02"
"   0";"   3";" 0.00";"  -2.727";"trudeau";"9.868032e-02"
"   0";"   3";" 0.00";"  -2.727";"triage";"9.868032e-02"
"   0";"   3";" 0.00";"  -2.727";"transgender";"9.868032e-02"
"   0";"   3";" 0.00";"  -2.727";"tournament";"9.868032e-02"
"   0";"   3";" 0.00";"  -2.727";"toughness";"9.868032e-02"
"   0";"   3";" 0.00";"  -2.727";"todd";"9.868032e-02"
"   0";"   3";" 0.00";"  -2.727";"tl";"9.868032e-02"
"   0";"   3";" 0.00";"  -2.727";"timeless";"9.868032e-02"
"   0";"   3";" 0.00";"  -2.727";"tibet";"9.868032e-02"
"   0";"   3";" 0.00";"  -2.727";"thorin";"9.868032e-02"
"   0";"   3";" 0.00";"  -2.727";"theological";"9.868032e-02"
"   0";"   3";" 0.00";"  -2.727";"theologia";"9.868032e-02"
"   0";"   3";" 0.00";"  -2.727";"theft";"9.868032e-02"
"   0";"   3";" 0.00";"  -2.727";"testimony";"9.868032e-02"
"   0";"   3";" 0.00";"  -2.727";"tedros";"9.868032e-02"
"   0";"   3";" 0.00";"  -2.727";"taxation";"9.868032e-02"
"   0";"   3";" 0.00";"  -2.727";"sway";"9.868032e-02"
"   0";"   3";" 0.00";"  -2.727";"superstition";"9.868032e-02"
"   0";"   3";" 0.00";"  -2.727";"subsistence";"9.868032e-02"
"   0";"   3";" 0.00";"  -2.727";"stud";"9.868032e-02"
"   0";"   3";" 0.00";"  -2.727";"strengthen";"9.868032e-02"
"   0";"   3";" 0.00";"  -2.727";"strand";"9.868032e-02"
"   0";"   3";" 0.00";"  -2.727";"strahan";"9.868032e-02"
"   0";"   3";" 0.00";"  -2.727";"stew";"9.868032e-02"
"   0";"   3";" 0.00";"  -2.727";"sri";"9.868032e-02"
"   0";"   3";" 0.00";"  -2.727";"squash";"9.868032e-02"
"   0";"   3";" 0.00";"  -2.727";"solver";"9.868032e-02"
"   0";"   3";" 0.00";"  -2.727";"solidarity";"9.868032e-02"
"   0";"   3";" 0.00";"  -2.727";"socialization";"9.868032e-02"
"   0";"   3";" 0.00";"  -2.727";"snuff";"9.868032e-02"
"   0";"   3";" 0.00";"  -2.727";"snail";"9.868032e-02"
"   0";"   3";" 0.00";"  -2.727";"slogan";"9.868032e-02"
"   0";"   3";" 0.00";"  -2.727";"sl";"9.868032e-02"
"   0";"   3";" 0.00";"  -2.727";"simplistic";"9.868032e-02"
"   0";"   3";" 0.00";"  -2.727";"sierra";"9.868032e-02"
"   0";"   3";" 0.00";"  -2.727";"shatter";"9.868032e-02"
"   0";"   3";" 0.00";"  -2.727";"sermon";"9.868032e-02"
"   0";"   3";" 0.00";"  -2.727";"selfishly";"9.868032e-02"
"   0";"   3";" 0.00";"  -2.727";"scriven";"9.868032e-02"
"   0";"   3";" 0.00";"  -2.727";"scalp";"9.868032e-02"
"   0";"   3";" 0.00";"  -2.727";"saudis";"9.868032e-02"
"   0";"   3";" 0.00";"  -2.727";"santis";"9.868032e-02"
"   0";"   3";" 0.00";"  -2.727";"sanate";"9.868032e-02"
"   0";"   3";" 0.00";"  -2.727";"salient";"9.868032e-02"
"   0";"   3";" 0.00";"  -2.727";"saint";"9.868032e-02"
"   0";"   3";" 0.00";"  -2.727";"roam";"9.868032e-02"
"   0";"   3";" 0.00";"  -2.727";"ridley";"9.868032e-02"
"   0";"   3";" 0.00";"  -2.727";"resurgence";"9.868032e-02"
"   0";"   3";" 0.00";"  -2.727";"resign";"9.868032e-02"
"   0";"   3";" 0.00";"  -2.727";"reminder";"9.868032e-02"
"   0";"   3";" 0.00";"  -2.727";"religiosity";"9.868032e-02"
"   0";"   3";" 0.00";"  -2.727";"reind";"9.868032e-02"
"   0";"   3";" 0.00";"  -2.727";"regressive";"9.868032e-02"
"   0";"   3";" 0.00";"  -2.727";"reformer";"9.868032e-02"
"   0";"   3";" 0.00";"  -2.727";"reception";"9.868032e-02"
"   0";"   3";" 0.00";"  -2.727";"rec";"9.868032e-02"
"   0";"   3";" 0.00";"  -2.727";"ransom";"9.868032e-02"
"   0";"   3";" 0.00";"  -2.727";"quibble";"9.868032e-02"
"   0";"   3";" 0.00";"  -2.727";"queer";"9.868032e-02"
"   0";"   3";" 0.00";"  -2.727";"quandry";"9.868032e-02"
"   0";"   3";" 0.00";"  -2.727";"qaeda";"9.868032e-02"
"   0";"   3";" 0.00";"  -2.727";"putnam";"9.868032e-02"
"   0";"   3";" 0.00";"  -2.727";"purge";"9.868032e-02"
"   0";"   3";" 0.00";"  -2.727";"purcell";"9.868032e-02"
"   0";"   3";" 0.00";"  -2.727";"protestant";"9.868032e-02"
"   0";"   3";" 0.00";"  -2.727";"promilitary";"9.868032e-02"
"   0";"   3";" 0.00";"  -2.727";"prevalence";"9.868032e-02"
"   0";"   3";" 0.00";"  -2.727";"pred";"9.868032e-02"
"   0";"   3";" 0.00";"  -2.727";"pouch";"9.868032e-02"
"   0";"   3";" 0.00";"  -2.727";"poster";"9.868032e-02"
"   0";"   3";" 0.00";"  -2.727";"poss";"9.868032e-02"
"   0";"   3";" 0.00";"  -2.727";"polar";"9.868032e-02"
"   0";"   3";" 0.00";"  -2.727";"podium";"9.868032e-02"
"   0";"   3";" 0.00";"  -2.727";"pleasant";"9.868032e-02"
"   0";"   3";" 0.00";"  -2.727";"plato";"9.868032e-02"
"   0";"   3";" 0.00";"  -2.727";"plaque";"9.868032e-02"
"   0";"   3";" 0.00";"  -2.727";"photography";"9.868032e-02"
"   0";"   3";" 0.00";"  -2.727";"persuasion";"9.868032e-02"
"   0";"   3";" 0.00";"  -2.727";"perpetrate";"9.868032e-02"
"   0";"   3";" 0.00";"  -2.727";"paulson";"9.868032e-02"
"   0";"   3";" 0.00";"  -2.727";"paternal";"9.868032e-02"
"   0";"   3";" 0.00";"  -2.727";"paraphrase";"9.868032e-02"
"   0";"   3";" 0.00";"  -2.727";"paradoxical";"9.868032e-02"
"   0";"   3";" 0.00";"  -2.727";"paradise";"9.868032e-02"
"   0";"   3";" 0.00";"  -2.727";"palin";"9.868032e-02"
"   0";"   3";" 0.00";"  -2.727";"pajama";"9.868032e-02"
"   0";"   3";" 0.00";"  -2.727";"oyster";"9.868032e-02"
"   0";"   3";" 0.00";"  -2.727";"overton";"9.868032e-02"
"   0";"   3";" 0.00";"  -2.727";"overrate";"9.868032e-02"
"   0";"   3";" 0.00";"  -2.727";"outright";"9.868032e-02"
"   0";"   3";" 0.00";"  -2.727";"osama";"9.868032e-02"
"   0";"   3";" 0.00";"  -2.727";"orderly";"9.868032e-02"
"   0";"   3";" 0.00";"  -2.727";"orator";"9.868032e-02"
"   0";"   3";" 0.00";"  -2.727";"onion";"9.868032e-02"
"   0";"   3";" 0.00";"  -2.727";"onehopewine";"9.868032e-02"
"   0";"   3";" 0.00";"  -2.727";"oliver";"9.868032e-02"
"   0";"   3";" 0.00";"  -2.727";"obey";"9.868032e-02"
"   0";"   3";" 0.00";"  -2.727";"oakland";"9.868032e-02"
"   0";"   3";" 0.00";"  -2.727";"nyu";"9.868032e-02"
"   0";"   3";" 0.00";"  -2.727";"niece";"9.868032e-02"
"   0";"   3";" 0.00";"  -2.727";"newton";"9.868032e-02"
"   0";"   3";" 0.00";"  -2.727";"newsroom";"9.868032e-02"
"   0";"   3";" 0.00";"  -2.727";"neuralink";"9.868032e-02"
"   0";"   3";" 0.00";"  -2.727";"nephew";"9.868032e-02"
"   0";"   3";" 0.00";"  -2.727";"nationalize";"9.868032e-02"
"   0";"   3";" 0.00";"  -2.727";"naively";"9.868032e-02"
"   0";"   3";" 0.00";"  -2.727";"nafta";"9.868032e-02"
"   0";"   3";" 0.00";"  -2.727";"murray";"9.868032e-02"
"   0";"   3";" 0.00";"  -2.727";"moderately";"9.868032e-02"
"   0";"   3";" 0.00";"  -2.727";"mls";"9.868032e-02"
"   0";"   3";" 0.00";"  -2.727";"miserable";"9.868032e-02"
"   0";"   3";" 0.00";"  -2.727";"mimedic";"9.868032e-02"
"   0";"   3";" 0.00";"  -2.727";"milan";"9.868032e-02"
"   0";"   3";" 0.00";"  -2.727";"migrant";"9.868032e-02"
"   0";"   3";" 0.00";"  -2.727";"midterm";"9.868032e-02"
"   0";"   3";" 0.00";"  -2.727";"midst";"9.868032e-02"
"   0";"   3";" 0.00";"  -2.727";"meyer";"9.868032e-02"
"   0";"   3";" 0.00";"  -2.727";"merkel";"9.868032e-02"
"   0";"   3";" 0.00";"  -2.727";"meetup";"9.868032e-02"
"   0";"   3";" 0.00";"  -2.727";"mech";"9.868032e-02"
"   0";"   3";" 0.00";"  -2.727";"mcraven";"9.868032e-02"
"   0";"   3";" 0.00";"  -2.727";"matt_s";"9.868032e-02"
"   0";"   3";" 0.00";"  -2.727";"madura";"9.868032e-02"
"   0";"   3";" 0.00";"  -2.727";"mackey";"9.868032e-02"
"   0";"   3";" 0.00";"  -2.727";"loudly";"9.868032e-02"
"   0";"   3";" 0.00";"  -2.727";"locality";"9.868032e-02"
"   0";"   3";" 0.00";"  -2.727";"lithuania";"9.868032e-02"
"   0";"   3";" 0.00";"  -2.727";"lites";"9.868032e-02"
"   0";"   3";" 0.00";"  -2.727";"lisa";"9.868032e-02"
"   0";"   3";" 0.00";"  -2.727";"lineage";"9.868032e-02"
"   0";"   3";" 0.00";"  -2.727";"linda";"9.868032e-02"
"   0";"   3";" 0.00";"  -2.727";"lgbtq";"9.868032e-02"
"   0";"   3";" 0.00";"  -2.727";"lewis";"9.868032e-02"
"   0";"   3";" 0.00";"  -2.727";"lena";"9.868032e-02"
"   0";"   3";" 0.00";"  -2.727";"leech";"9.868032e-02"
"   0";"   3";" 0.00";"  -2.727";"kpis";"9.868032e-02"
"   0";"   3";" 0.00";"  -2.727";"ki";"9.868032e-02"
"   0";"   3";" 0.00";"  -2.727";"keystone";"9.868032e-02"
"   0";"   3";" 0.00";"  -2.727";"jensen";"9.868032e-02"
"   0";"   3";" 0.00";"  -2.727";"jeb";"9.868032e-02"
"   0";"   3";" 0.00";"  -2.727";"jazzy";"9.868032e-02"
"   0";"   3";" 0.00";"  -2.727";"irredeemably";"9.868032e-02"
"   0";"   3";" 0.00";"  -2.727";"irredeemable";"9.868032e-02"
"   0";"   3";" 0.00";"  -2.727";"intricate";"9.868032e-02"
"   0";"   3";" 0.00";"  -2.727";"intell";"9.868032e-02"
"   0";"   3";" 0.00";"  -2.727";"instability";"9.868032e-02"
"   0";"   3";" 0.00";"  -2.727";"infuriate";"9.868032e-02"
"   0";"   3";" 0.00";"  -2.727";"infringe";"9.868032e-02"
"   0";"   3";" 0.00";"  -2.727";"infamous";"9.868032e-02"
"   0";"   3";" 0.00";"  -2.727";"incite";"9.868032e-02"
"   0";"   3";" 0.00";"  -2.727";"immerse";"9.868032e-02"
"   0";"   3";" 0.00";"  -2.727";"ibram";"9.868032e-02"
"   0";"   3";" 0.00";"  -2.727";"humanitarian";"9.868032e-02"
"   0";"   3";" 0.00";"  -2.727";"hud";"9.868032e-02"
"   0";"   3";" 0.00";"  -2.727";"huawei";"9.868032e-02"
"   0";"   3";" 0.00";"  -2.727";"horrific";"9.868032e-02"
"   0";"   3";" 0.00";"  -2.727";"horn";"9.868032e-02"
"   0";"   3";" 0.00";"  -2.727";"hoover";"9.868032e-02"
"   0";"   3";" 0.00";"  -2.727";"homogeneous";"9.868032e-02"
"   0";"   3";" 0.00";"  -2.727";"hoffman";"9.868032e-02"
"   0";"   3";" 0.00";"  -2.727";"hilton";"9.868032e-02"
"   0";"   3";" 0.00";"  -2.727";"hesitate";"9.868032e-02"
"   0";"   3";" 0.00";"  -2.727";"heroic";"9.868032e-02"
"   0";"   3";" 0.00";"  -2.727";"hennessy";"9.868032e-02"
"   0";"   3";" 0.00";"  -2.727";"henderson";"9.868032e-02"
"   0";"   3";" 0.00";"  -2.727";"heir";"9.868032e-02"
"   0";"   3";" 0.00";"  -2.727";"haven";"9.868032e-02"
"   0";"   3";" 0.00";"  -2.727";"hav";"9.868032e-02"
"   0";"   3";" 0.00";"  -2.727";"harlem";"9.868032e-02"
"   0";"   3";" 0.00";"  -2.727";"hamburger";"9.868032e-02"
"   0";"   3";" 0.00";"  -2.727";"habas";"9.868032e-02"
"   0";"   3";" 0.00";"  -2.727";"gum";"9.868032e-02"
"   0";"   3";" 0.00";"  -2.727";"grievance";"9.868032e-02"
"   0";"   3";" 0.00";"  -2.727";"greedy";"9.868032e-02"
"   0";"   3";" 0.00";"  -2.727";"grapple";"9.868032e-02"
"   0";"   3";" 0.00";"  -2.727";"grandson";"9.868032e-02"
"   0";"   3";" 0.00";"  -2.727";"grandma_s";"9.868032e-02"
"   0";"   3";" 0.00";"  -2.727";"golfer";"9.868032e-02"
"   0";"   3";" 0.00";"  -2.727";"godfather";"9.868032e-02"
"   0";"   3";" 0.00";"  -2.727";"glasgow";"9.868032e-02"
"   0";"   3";" 0.00";"  -2.727";"geology";"9.868032e-02"
"   0";"   3";" 0.00";"  -2.727";"genie";"9.868032e-02"
"   0";"   3";" 0.00";"  -2.727";"furious";"9.868032e-02"
"   0";"   3";" 0.00";"  -2.727";"friar";"9.868032e-02"
"   0";"   3";" 0.00";"  -2.727";"foxboro";"9.868032e-02"
"   0";"   3";" 0.00";"  -2.727";"fouchy";"9.868032e-02"
"   0";"   3";" 0.00";"  -2.727";"fouch";"9.868032e-02"
"   0";"   3";" 0.00";"  -2.727";"foolish";"9.868032e-02"
"   0";"   3";" 0.00";"  -2.727";"fmy";"9.868032e-02"
"   0";"   3";" 0.00";"  -2.727";"flynn";"9.868032e-02"
"   0";"   3";" 0.00";"  -2.727";"fever";"9.868032e-02"
"   0";"   3";" 0.00";"  -2.727";"festival";"9.868032e-02"
"   0";"   3";" 0.00";"  -2.727";"falsification";"9.868032e-02"
"   0";"   3";" 0.00";"  -2.727";"facto";"9.868032e-02"
"   0";"   3";" 0.00";"  -2.727";"exploitative";"9.868032e-02"
"   0";"   3";" 0.00";"  -2.727";"eternal";"9.868032e-02"
"   0";"   3";" 0.00";"  -2.727";"es";"9.868032e-02"
"   0";"   3";" 0.00";"  -2.727";"erode";"9.868032e-02"
"   0";"   3";" 0.00";"  -2.727";"enshrine";"9.868032e-02"
"   0";"   3";" 0.00";"  -2.727";"enlighten";"9.868032e-02"
"   0";"   3";" 0.00";"  -2.727";"enduringly";"9.868032e-02"
"   0";"   3";" 0.00";"  -2.727";"en";"9.868032e-02"
"   0";"   3";" 0.00";"  -2.727";"empirical";"9.868032e-02"
"   0";"   3";" 0.00";"  -2.727";"emanate";"9.868032e-02"
"   0";"   3";" 0.00";"  -2.727";"egalitarian";"9.868032e-02"
"   0";"   3";" 0.00";"  -2.727";"dutifully";"9.868032e-02"
"   0";"   3";" 0.00";"  -2.727";"duper";"9.868032e-02"
"   0";"   3";" 0.00";"  -2.727";"duck";"9.868032e-02"
"   0";"   3";" 0.00";"  -2.727";"dreamer";"9.868032e-02"
"   0";"   3";" 0.00";"  -2.727";"dove";"9.868032e-02"
"   0";"   3";" 0.00";"  -2.727";"dogma";"9.868032e-02"
"   0";"   3";" 0.00";"  -2.727";"distress";"9.868032e-02"
"   0";"   3";" 0.00";"  -2.727";"distinct";"9.868032e-02"
"   0";"   3";" 0.00";"  -2.727";"disperse";"9.868032e-02"
"   0";"   3";" 0.00";"  -2.727";"destination";"9.868032e-02"
"   0";"   3";" 0.00";"  -2.727";"destabilization";"9.868032e-02"
"   0";"   3";" 0.00";"  -2.727";"deputy";"9.868032e-02"
"   0";"   3";" 0.00";"  -2.727";"dependence";"9.868032e-02"
"   0";"   3";" 0.00";"  -2.727";"denounce";"9.868032e-02"
"   0";"   3";" 0.00";"  -2.727";"demystify";"9.868032e-02"
"   0";"   3";" 0.00";"  -2.727";"degrowth";"9.868032e-02"
"   0";"   3";" 0.00";"  -2.727";"defamation";"9.868032e-02"
"   0";"   3";" 0.00";"  -2.727";"decisive";"9.868032e-02"
"   0";"   3";" 0.00";"  -2.727";"decadent";"9.868032e-02"
"   0";"   3";" 0.00";"  -2.727";"dashgardens";"9.868032e-02"
"   0";"   3";" 0.00";"  -2.727";"damon";"9.868032e-02"
"   0";"   3";" 0.00";"  -2.727";"dale";"9.868032e-02"
"   0";"   3";" 0.00";"  -2.727";"cring";"9.868032e-02"
"   0";"   3";" 0.00";"  -2.727";"crick";"9.868032e-02"
"   0";"   3";" 0.00";"  -2.727";"creed";"9.868032e-02"
"   0";"   3";" 0.00";"  -2.727";"cracker";"9.868032e-02"
"   0";"   3";" 0.00";"  -2.727";"counterculture";"9.868032e-02"
"   0";"   3";" 0.00";"  -2.727";"corona";"9.868032e-02"
"   0";"   3";" 0.00";"  -2.727";"conservation";"9.868032e-02"
"   0";"   3";" 0.00";"  -2.727";"congrats";"9.868032e-02"
"   0";"   3";" 0.00";"  -2.727";"confluence";"9.868032e-02"
"   0";"   3";" 0.00";"  -2.727";"conception";"9.868032e-02"
"   0";"   3";" 0.00";"  -2.727";"compunction";"9.868032e-02"
"   0";"   3";" 0.00";"  -2.727";"compass";"9.868032e-02"
"   0";"   3";" 0.00";"  -2.727";"commie";"9.868032e-02"
"   0";"   3";" 0.00";"  -2.727";"coliseum";"9.868032e-02"
"   0";"   3";" 0.00";"  -2.727";"closeup";"9.868032e-02"
"   0";"   3";" 0.00";"  -2.727";"cleverly";"9.868032e-02"
"   0";"   3";" 0.00";"  -2.727";"clan";"9.868032e-02"
"   0";"   3";" 0.00";"  -2.727";"cheeseburger";"9.868032e-02"
"   0";"   3";" 0.00";"  -2.727";"catherine";"9.868032e-02"
"   0";"   3";" 0.00";"  -2.727";"canelos";"9.868032e-02"
"   0";"   3";" 0.00";"  -2.727";"candle";"9.868032e-02"
"   0";"   3";" 0.00";"  -2.727";"cancelled";"9.868032e-02"
"   0";"   3";" 0.00";"  -2.727";"caliphate";"9.868032e-02"
"   0";"   3";" 0.00";"  -2.727";"bulgy";"9.868032e-02"
"   0";"   3";" 0.00";"  -2.727";"buenos";"9.868032e-02"
"   0";"   3";" 0.00";"  -2.727";"brutally";"9.868032e-02"
"   0";"   3";" 0.00";"  -2.727";"bristol";"9.868032e-02"
"   0";"   3";" 0.00";"  -2.727";"bowtie";"9.868032e-02"
"   0";"   3";" 0.00";"  -2.727";"bizarre";"9.868032e-02"
"   0";"   3";" 0.00";"  -2.727";"bestselling";"9.868032e-02"
"   0";"   3";" 0.00";"  -2.727";"bessent";"9.868032e-02"
"   0";"   3";" 0.00";"  -2.727";"bernanke";"9.868032e-02"
"   0";"   3";" 0.00";"  -2.727";"beret";"9.868032e-02"
"   0";"   3";" 0.00";"  -2.727";"benny";"9.868032e-02"
"   0";"   3";" 0.00";"  -2.727";"bastard";"9.868032e-02"
"   0";"   3";" 0.00";"  -2.727";"bargain";"9.868032e-02"
"   0";"   3";" 0.00";"  -2.727";"ballalled";"9.868032e-02"
"   0";"   3";" 0.00";"  -2.727";"bail";"9.868032e-02"
"   0";"   3";" 0.00";"  -2.727";"aztec";"9.868032e-02"
"   0";"   3";" 0.00";"  -2.727";"austrian";"9.868032e-02"
"   0";"   3";" 0.00";"  -2.727";"austria";"9.868032e-02"
"   0";"   3";" 0.00";"  -2.727";"atx";"9.868032e-02"
"   0";"   3";" 0.00";"  -2.727";"assemble";"9.868032e-02"
"   0";"   3";" 0.00";"  -2.727";"ashley";"9.868032e-02"
"   0";"   3";" 0.00";"  -2.727";"ashamed";"9.868032e-02"
"   0";"   3";" 0.00";"  -2.727";"ascribe";"9.868032e-02"
"   0";"   3";" 0.00";"  -2.727";"artwork";"9.868032e-02"
"   0";"   3";" 0.00";"  -2.727";"arrogance";"9.868032e-02"
"   0";"   3";" 0.00";"  -2.727";"arlington";"9.868032e-02"
"   0";"   3";" 0.00";"  -2.727";"aristocracy";"9.868032e-02"
"   0";"   3";" 0.00";"  -2.727";"apartheid";"9.868032e-02"
"   0";"   3";" 0.00";"  -2.727";"annex";"9.868032e-02"
"   0";"   3";" 0.00";"  -2.727";"andropov";"9.868032e-02"
"   0";"   3";" 0.00";"  -2.727";"ambiguity";"9.868032e-02"
"   0";"   3";" 0.00";"  -2.727";"alt";"9.868032e-02"
"   0";"   3";" 0.00";"  -2.727";"alma";"9.868032e-02"
"   0";"   3";" 0.00";"  -2.727";"allot";"9.868032e-02"
"   0";"   3";" 0.00";"  -2.727";"ali";"9.868032e-02"
"   0";"   3";" 0.00";"  -2.727";"alert";"9.868032e-02"
"   0";"   3";" 0.00";"  -2.727";"aires";"9.868032e-02"
"   0";"   3";" 0.00";"  -2.727";"affiliation";"9.868032e-02"
"   0";"   3";" 0.00";"  -2.727";"adus";"9.868032e-02"
"   0";"   3";" 0.00";"  -2.727";"adjunct";"9.868032e-02"
"   0";"   3";" 0.00";"  -2.727";"adhere";"9.868032e-02"
"   0";"   3";" 0.00";"  -2.727";"aa";"9.868032e-02"
"   0";"   3";" 0.00";"  -2.727";"1500s";"9.868032e-02"
"   0";"   3";" 0.00";"  -2.727";"11th";"9.868032e-02"
"  72";" 174";"41.38";"  -2.723";"cuz";"9.889549e-02"
"   7";"  23";"30.43";"  -2.723";"correction";"9.894188e-02"
"   7";"  23";"30.43";"  -2.723";"partly";"9.894188e-02"
"   7";"  23";"30.43";"  -2.723";"fortunate";"9.894188e-02"
"   7";"  23";"30.43";"  -2.723";"de";"9.894188e-02"
"   7";"  23";"30.43";"  -2.723";"session";"9.894188e-02"
"  11";"  33";"33.33";"  -2.700";"definition";"1.003539e-01"
"  11";"  33";"33.33";"  -2.700";"tip";"1.003539e-01"
"   9";"  28";"32.14";"  -2.688";"govern";"1.010831e-01"
"   9";"  28";"32.14";"  -2.688";"perception";"1.010831e-01"
" 103";" 243";"42.39";"  -2.678";"begin";"1.017301e-01"
"   4";"  15";"26.67";"  -2.639";"lee";"1.042432e-01"
"   4";"  15";"26.67";"  -2.639";"tuberculosis";"1.042432e-01"
"   4";"  15";"26.67";"  -2.639";"contribution";"1.042432e-01"
"   4";"  15";"26.67";"  -2.639";"urban";"1.042432e-01"
"   4";"  15";"26.67";"  -2.639";"technically";"1.042432e-01"
"  16";"  45";"35.56";"  -2.626";"academia";"1.051408e-01"
"  16";"  45";"35.56";"  -2.626";"decline";"1.051408e-01"
" 105";" 247";"42.51";"  -2.596";"sit";"1.071583e-01"
" 119";" 278";"42.81";"  -2.595";"mind";"1.072066e-01"
"  12";"  35";"34.29";"  -2.494";"partnership";"1.142498e-01"
"   6";"  20";"30.00";"  -2.489";"superpower";"1.146767e-01"
"   6";"  20";"30.00";"  -2.489";"unfortunate";"1.146767e-01"
"   6";"  20";"30.00";"  -2.489";"intention";"1.146767e-01"
"   6";"  20";"30.00";"  -2.489";"inform";"1.146767e-01"
"   6";"  20";"30.00";"  -2.489";"similarly";"1.146767e-01"
"   3";"  12";"25.00";"  -2.461";"clue";"1.167257e-01"
"   3";"  12";"25.00";"  -2.461";"draft";"1.167257e-01"
"   3";"  12";"25.00";"  -2.461";"cooperation";"1.167257e-01"
"   3";"  12";"25.00";"  -2.461";"alarm";"1.167257e-01"
"   3";"  12";"25.00";"  -2.461";"formation";"1.167257e-01"
"   3";"  12";"25.00";"  -2.461";"census";"1.167257e-01"
"   3";"  12";"25.00";"  -2.461";"severe";"1.167257e-01"
"   3";"  12";"25.00";"  -2.461";"certify";"1.167257e-01"
"   3";"  12";"25.00";"  -2.461";"canadian";"1.167257e-01"
"  42";" 105";"40.00";"  -2.446";"lucky";"1.177934e-01"
"   8";"  25";"32.00";"  -2.445";"importance";"1.179251e-01"
"  61";" 148";"41.22";"  -2.437";"late";"1.184750e-01"
"  20";"  54";"37.04";"  -2.425";"notion";"1.194311e-01"
"  20";"  54";"37.04";"  -2.425";"transparency";"1.194311e-01"
"  23";"  61";"37.70";"  -2.405";"economics";"1.209864e-01"
"  15";"  42";"35.71";"  -2.386";"guide";"1.223934e-01"
" 161";" 369";"43.63";"  -2.369";"true";"1.237921e-01"
" 141";" 325";"43.38";"  -2.350";"stop";"1.252800e-01"
"   2";"   9";"22.22";"  -2.327";"incident";"1.271779e-01"
"   2";"   9";"22.22";"  -2.327";"explicitly";"1.271779e-01"
"   2";"   9";"22.22";"  -2.327";"winery";"1.271779e-01"
"   2";"   9";"22.22";"  -2.327";"sf";"1.271779e-01"
"   2";"   9";"22.22";"  -2.327";"servant";"1.271779e-01"
"   2";"   9";"22.22";"  -2.327";"preservation";"1.271779e-01"
"   2";"   9";"22.22";"  -2.327";"palo";"1.271779e-01"
"   2";"   9";"22.22";"  -2.327";"hostage";"1.271779e-01"
"   2";"   9";"22.22";"  -2.327";"destructive";"1.271779e-01"
"   2";"   9";"22.22";"  -2.327";"daniel";"1.271779e-01"
"   2";"   9";"22.22";"  -2.327";"antitrust";"1.271779e-01"
"   2";"   9";"22.22";"  -2.327";"winter";"1.271779e-01"
"   2";"   9";"22.22";"  -2.327";"whatsoever";"1.271779e-01"
"   2";"   9";"22.22";"  -2.327";"surely";"1.271779e-01"
"   2";"   9";"22.22";"  -2.327";"propel";"1.271779e-01"
"   2";"   9";"22.22";"  -2.327";"priest";"1.271779e-01"
"   2";"   9";"22.22";"  -2.327";"philosophically";"1.271779e-01"
"   2";"   9";"22.22";"  -2.327";"patrol";"1.271779e-01"
"   2";"   9";"22.22";"  -2.327";"organ";"1.271779e-01"
"   2";"   9";"22.22";"  -2.327";"mystery";"1.271779e-01"
"   2";"   9";"22.22";"  -2.327";"mislead";"1.271779e-01"
"   2";"   9";"22.22";"  -2.327";"miller";"1.271779e-01"
"   2";"   9";"22.22";"  -2.327";"cfpb";"1.271779e-01"
"   2";"   9";"22.22";"  -2.327";"bend";"1.271779e-01"
"   2";"   9";"22.22";"  -2.327";"alexander";"1.271779e-01"
"   1";"   6";"16.67";"  -2.304";"morality";"1.290471e-01"
"   1";"   6";"16.67";"  -2.304";"sunset";"1.290471e-01"
"   1";"   6";"16.67";"  -2.304";"arkansas";"1.290471e-01"
"   1";"   6";"16.67";"  -2.304";"orleans";"1.290471e-01"
"   1";"   6";"16.67";"  -2.304";"jim";"1.290471e-01"
"   1";"   6";"16.67";"  -2.304";"dynamism";"1.290471e-01"
"   1";"   6";"16.67";"  -2.304";"denver";"1.290471e-01"
"   1";"   6";"16.67";"  -2.304";"clerk";"1.290471e-01"
"   1";"   6";"16.67";"  -2.304";"throttle";"1.290471e-01"
"   1";"   6";"16.67";"  -2.304";"symbol";"1.290471e-01"
"   1";"   6";"16.67";"  -2.304";"stifle";"1.290471e-01"
"   1";"   6";"16.67";"  -2.304";"nope";"1.290471e-01"
"   1";"   6";"16.67";"  -2.304";"heal";"1.290471e-01"
"   1";"   6";"16.67";"  -2.304";"hardworking";"1.290471e-01"
"   1";"   6";"16.67";"  -2.304";"grandpa";"1.290471e-01"
"   1";"   6";"16.67";"  -2.304";"gallagher";"1.290471e-01"
"   1";"   6";"16.67";"  -2.304";"distillery";"1.290471e-01"
"   1";"   6";"16.67";"  -2.304";"conform";"1.290471e-01"
"   1";"   6";"16.67";"  -2.304";"xiin";"1.290471e-01"
"   1";"   6";"16.67";"  -2.304";"waterloo";"1.290471e-01"
"   1";"   6";"16.67";"  -2.304";"uphill";"1.290471e-01"
"   1";"   6";"16.67";"  -2.304";"unfold";"1.290471e-01"
"   1";"   6";"16.67";"  -2.304";"underserved";"1.290471e-01"
"   1";"   6";"16.67";"  -2.304";"ti";"1.290471e-01"
"   1";"   6";"16.67";"  -2.304";"telehealth";"1.290471e-01"
"   1";"   6";"16.67";"  -2.304";"summit";"1.290471e-01"
"   1";"   6";"16.67";"  -2.304";"su";"1.290471e-01"
"   1";"   6";"16.67";"  -2.304";"spare";"1.290471e-01"
"   1";"   6";"16.67";"  -2.304";"solomon";"1.290471e-01"
"   1";"   6";"16.67";"  -2.304";"similarity";"1.290471e-01"
"   1";"   6";"16.67";"  -2.304";"seeeking";"1.290471e-01"
"   1";"   6";"16.67";"  -2.304";"revival";"1.290471e-01"
"   1";"   6";"16.67";"  -2.304";"resurrect";"1.290471e-01"
"   1";"   6";"16.67";"  -2.304";"reign";"1.290471e-01"
"   1";"   6";"16.67";"  -2.304";"redistribution";"1.290471e-01"
"   1";"   6";"16.67";"  -2.304";"rebecca";"1.290471e-01"
"   1";"   6";"16.67";"  -2.304";"rap";"1.290471e-01"
"   1";"   6";"16.67";"  -2.304";"purse";"1.290471e-01"
"   1";"   6";"16.67";"  -2.304";"parole";"1.290471e-01"
"   1";"   6";"16.67";"  -2.304";"neglect";"1.290471e-01"
"   1";"   6";"16.67";"  -2.304";"jerry";"1.290471e-01"
"   1";"   6";"16.67";"  -2.304";"jebia";"1.290471e-01"
"   1";"   6";"16.67";"  -2.304";"ivy";"1.290471e-01"
"   1";"   6";"16.67";"  -2.304";"intersect";"1.290471e-01"
"   1";"   6";"16.67";"  -2.304";"instrumental";"1.290471e-01"
"   1";"   6";"16.67";"  -2.304";"hayek";"1.290471e-01"
"   1";"   6";"16.67";"  -2.304";"geithner";"1.290471e-01"
"   1";"   6";"16.67";"  -2.304";"firmly";"1.290471e-01"
"   1";"   6";"16.67";"  -2.304";"evident";"1.290471e-01"
"   1";"   6";"16.67";"  -2.304";"doctrine";"1.290471e-01"
"   1";"   6";"16.67";"  -2.304";"diploma";"1.290471e-01"
"   1";"   6";"16.67";"  -2.304";"dent";"1.290471e-01"
"   1";"   6";"16.67";"  -2.304";"dare";"1.290471e-01"
"   1";"   6";"16.67";"  -2.304";"coven";"1.290471e-01"
"   1";"   6";"16.67";"  -2.304";"counterpart";"1.290471e-01"
"   1";"   6";"16.67";"  -2.304";"compassionate";"1.290471e-01"
"   1";"   6";"16.67";"  -2.304";"bounty";"1.290471e-01"
"   1";"   6";"16.67";"  -2.304";"athens";"1.290471e-01"
"   1";"   6";"16.67";"  -2.304";"apc";"1.290471e-01"
"   1";"   6";"16.67";"  -2.304";"allude";"1.290471e-01"
"   1";"   6";"16.67";"  -2.304";"alan";"1.290471e-01"
"   1";"   6";"16.67";"  -2.304";"7s";"1.290471e-01"
"   1";"   6";"16.67";"  -2.304";"1920s";"1.290471e-01"
"  21";"  56";"37.50";"  -2.299";"spectrum";"1.294281e-01"
"  27";"  70";"38.57";"  -2.298";"restaurant";"1.295166e-01"
"   5";"  17";"29.41";"  -2.259";"bow";"1.328619e-01"
"   5";"  17";"29.41";"  -2.259";"smoke";"1.328619e-01"
"   5";"  17";"29.41";"  -2.259";"regional";"1.328619e-01"
"   5";"  17";"29.41";"  -2.259";"israeli";"1.328619e-01"
"   5";"  17";"29.41";"  -2.259";"mandate";"1.328619e-01"
"   5";"  17";"29.41";"  -2.259";"blog";"1.328619e-01"
"  57";" 138";"41.30";"  -2.210";"major";"1.371314e-01"
"   7";"  22";"31.82";"  -2.202";"marry";"1.378748e-01"
"   7";"  22";"31.82";"  -2.202";"ma";"1.378748e-01"
"   7";"  22";"31.82";"  -2.202";"1990s";"1.378748e-01"
"  22";"  58";"37.93";"  -2.183";"ceos";"1.395516e-01"
" 365";" 810";"45.06";"  -2.161";"understand";"1.415231e-01"
"  54";" 131";"41.22";"  -2.153";"rest";"1.423018e-01"
"  89";" 209";"42.58";"  -2.131";"stay";"1.443367e-01"
"   4";"  14";"28.57";"  -2.036";"satisfaction";"1.536429e-01"
"   4";"  14";"28.57";"  -2.036";"patrick";"1.536429e-01"
"   4";"  14";"28.57";"  -2.036";"con";"1.536429e-01"
"   4";"  14";"28.57";"  -2.036";"alto";"1.536429e-01"
"   4";"  14";"28.57";"  -2.036";"vulnerable";"1.536429e-01"
"   4";"  14";"28.57";"  -2.036";"sufficient";"1.536429e-01"
"   4";"  14";"28.57";"  -2.036";"rival";"1.536429e-01"
"   4";"  14";"28.57";"  -2.036";"external";"1.536429e-01"
"   4";"  14";"28.57";"  -2.036";"expression";"1.536429e-01"
"   4";"  14";"28.57";"  -2.036";"distract";"1.536429e-01"
"  78";" 184";"42.39";"  -2.021";"front";"1.551259e-01"
"  10";"  29";"34.48";"  -2.006";"reflect";"1.566979e-01"
"  15";"  41";"36.59";"  -2.001";"confuse";"1.572040e-01"
"*****";"*";"*";"*";"*";"*"
" 6834";"16496";"41.43";"-470.369";"i";"2.663942e-104"
"  460";" 1808";"25.44";"-375.276";"he";" 1.328715e-83"
"  962";" 2855";"33.70";"-240.968";"my";" 2.419329e-54"
"  780";" 2375";"32.84";"-222.532";"who";" 2.536161e-50"
"  930";" 2637";"35.27";"-173.969";"i_m";" 1.005336e-39"
"  161";"  690";"23.33";"-166.278";"he_s";" 4.809589e-38"
"  164";"  687";"23.87";"-158.278";"his";" 2.690751e-36"
"  137";"  607";"22.57";"-155.251";"him";" 1.234286e-35"
"  882";" 2442";"36.12";"-138.849";"me";" 4.752548e-32"
"   33";"  260";"12.69";"-128.040";"thanks";" 1.100177e-29"
" 2871";" 6860";"41.85";"-112.998";"was";" 2.159689e-26"
"   50";"  279";"17.92";" -99.383";"thank";" 2.080632e-23"
"    8";"  139";" 5.76";" -98.015";"welcome";" 4.152563e-23"
"   62";"  289";"21.45";" -79.931";"she";" 3.876221e-19"
" 6854";"15226";"45.02";" -71.817";"in";" 2.360825e-17"
" 2524";" 5920";"42.64";" -70.485";"about";" 4.638150e-17"
" 1300";" 3193";"40.71";" -66.899";"want";" 2.858173e-16"
"  597";" 1566";"38.12";" -59.132";"here";" 1.474427e-14"
"  505";" 1350";"37.41";" -58.578";"said";" 1.953564e-14"
"  202";"  622";"32.48";" -58.145";"believe";" 2.434518e-14"
"  139";"  460";"30.22";" -56.530";"against";" 5.534488e-14"
"  264";"  758";"34.83";" -50.740";"i_ve";" 1.054279e-12"
"   52";"  215";"24.19";" -47.590";"her";" 5.254211e-12"
"  637";" 1603";"39.74";" -41.721";"come";" 1.052844e-10"
"  209";"  603";"34.66";" -41.252";"ask";" 1.337821e-10"
"   32";"  149";"21.48";" -40.975";"appreciate";" 1.541796e-10"
"   75";"  265";"28.30";" -39.913";"says";" 2.655894e-10"
" 2724";" 6185";"44.04";" -38.232";"they";" 6.282980e-10"
" 1438";" 3366";"42.72";" -35.641";"well";" 2.371846e-09"
" 1325";" 3113";"42.56";" -34.852";"don_t";" 3.556983e-09"
" 2285";" 5211";"43.85";" -34.634";"not";" 3.978422e-09"
"  114";"  352";"32.39";" -33.041";"who_s";" 9.022170e-09"
"  498";" 1254";"39.71";" -32.513";"tell";" 1.184187e-08"
" 3837";" 8528";"44.99";" -30.821";"think";" 2.830247e-08"
"  185";"  517";"35.78";" -29.428";"came";" 5.803814e-08"
"  866";" 2051";"42.22";" -25.335";"say";" 4.820053e-07"
" 1398";" 3220";"43.42";" -24.983";"from";" 5.783517e-07"
"  535";" 1309";"40.87";" -24.757";"should";" 6.502800e-07"
"  536";" 1311";"40.88";" -24.694";"little";" 6.719153e-07"
"  597";" 1447";"41.26";" -24.414";"did";" 7.769954e-07"
"   66";"  213";"30.99";" -23.747";"am";" 1.098400e-06"
" 1202";" 2781";"43.22";" -23.306";"your";" 1.381507e-06"
"  362";"  904";"40.04";" -21.297";"always";" 3.934166e-06"
"  238";"  615";"38.70";" -19.930";"after";" 8.030951e-06"
" 1197";" 2747";"43.57";" -19.448";"us";" 1.033501e-05"
"  785";" 1837";"42.73";" -18.486";"been";" 1.711373e-05"
"    8";"   47";"17.02";" -17.656";"former";" 2.646099e-05"
"   72";"  215";"33.49";" -17.299";"name";" 3.194006e-05"
"  277";"  694";"39.91";" -16.817";"everyone";" 4.115240e-05"
"  522";" 1245";"41.93";" -16.711";"being";" 4.351719e-05"
"  539";" 1278";"42.18";" -15.708";"why";" 7.391813e-05"
"  670";" 1567";"42.76";" -15.490";"see";" 8.294774e-05"
"    8";"   44";"18.18";" -15.298";"among";" 9.182283e-05"
"   61";"  183";"33.33";" -15.035";"seem";" 1.055079e-04"
"  229";"  577";"39.69";" -14.764";"saying";" 1.218390e-04"
"  295";"  727";"40.58";" -14.722";"went";" 1.245557e-04"
"  863";" 1980";"43.59";" -13.624";"s";" 2.232809e-04"
"  184";"  469";"39.23";" -13.379";"old";" 2.544402e-04"
"   10";"   47";"21.28";" -13.086";"himself";" 2.975177e-04"
" 1797";" 3998";"44.95";" -12.817";"as";" 3.435088e-04"
"  263";"  647";"40.65";" -12.808";"having";" 3.450878e-04"
" 2001";" 4435";"45.12";" -12.627";"because";" 3.802819e-04"
"  231";"  573";"40.31";" -12.435";"seems";" 4.213885e-04"
"  358";"  856";"41.82";" -11.786";"best";" 5.966568e-04"
"  908";" 2064";"43.99";" -11.509";"their";" 6.927383e-04"
"  127";"  331";"38.37";" -11.445";"sometimes";" 7.169979e-04"
"  809";" 1843";"43.90";" -10.760";"no";" 1.036953e-03"
" 1382";" 3085";"44.80";" -10.726";"when";" 1.056302e-03"
"  454";" 1062";"42.75";" -10.376";"too";" 1.276601e-03"
"   68";"  189";"35.98";" -10.309";"shouldn_t";" 1.323706e-03"
" 1483";" 3298";"44.97";" -10.196";"our";" 1.407520e-03"
"  113";"  294";"38.44";" -10.008";"others";" 1.558201e-03"
"    6";"   31";"19.35";"  -9.932";"neither";" 1.624007e-03"
"  244";"  591";"41.29";"  -9.642";"both";" 1.901664e-03"
"   47";"  136";"34.56";"  -9.326";"unfortunately";" 2.259428e-03"
" 4231";" 9144";"46.27";"  -8.868";"this";" 2.901409e-03"
"  247";"  594";"41.58";"  -8.805";"never";" 3.004761e-03"
"   53";"  149";"35.57";"  -8.698";"clearly";" 3.185346e-03"
" 2053";" 4506";"45.56";"  -8.695";"lot";" 3.191475e-03"
"  183";"  449";"40.76";"  -8.566";"let";" 3.424314e-03"
"  916";" 2057";"44.53";"  -8.309";"got";" 3.945912e-03"
" 5010";"10784";"46.46";"  -8.257";"know";" 4.059026e-03"
"   52";"  145";"35.86";"  -8.059";"must";" 4.528483e-03"
"    5";"   25";"20.00";"  -7.647";"tends";" 5.686453e-03"
"   45";"  126";"35.71";"  -7.176";"somehow";" 7.387771e-03"
"    2";"   15";"13.33";"  -7.069";"toward";" 7.841610e-03"
"  110";"  277";"39.71";"  -6.987";"i_d";" 8.211833e-03"
"   60";"  160";"37.50";"  -6.589";"during";" 1.026218e-02"
"    0";"    7";" 0.00";"  -6.363";"44";" 1.165168e-02"
"    0";"    7";" 0.00";"  -6.363";"1950";" 1.165168e-02"
"   13";"   45";"28.89";"  -6.332";"alone";" 1.185470e-02"
"    2";"   14";"14.29";"  -6.236";"inner";" 1.251579e-02"
"   29";"   85";"34.12";"  -6.220";"asking";" 1.262874e-02"
"    5";"   23";"21.74";"  -6.177";"lately";" 1.294478e-02"
"    9";"   34";"26.47";"  -6.098";"perhaps";" 1.353031e-02"
"   75";"  193";"38.86";"  -5.959";"outside";" 1.464164e-02"
"   13";"   44";"29.55";"  -5.765";"despite";" 1.634894e-02"
" 2723";" 5895";"46.19";"  -5.712";"with";" 1.684833e-02"
"   77";"  196";"39.29";"  -5.478";"d";" 1.925842e-02"
"  404";"  922";"43.82";"  -5.463";"didn_t";" 1.942475e-02"
"   91";"  228";"39.91";"  -5.454";"themselves";" 1.952113e-02"
"   73";"  186";"39.25";"  -5.245";"co";" 2.200997e-02"
"  393";"  895";"43.91";"  -5.043";"let_s";" 2.473020e-02"
"10942";"23193";"47.18";"  -5.006";"to";" 2.525564e-02"
"   60";"  155";"38.71";"  -4.946";"certainly";" 2.614470e-02"
"   37";"  101";"36.63";"  -4.894";"cannot";" 2.694635e-02"
"    9";"   32";"28.12";"  -4.876";"whoever";" 2.722869e-02"
"    1";"    9";"11.11";"  -4.809";"herself";" 2.831904e-02"
"   35";"   96";"36.46";"  -4.801";"sorry";" 2.844231e-02"
"    4";"   18";"22.22";"  -4.654";"k";" 3.097384e-02"
"    0";"    5";" 0.00";"  -4.545";"shall";" 3.301836e-02"
"    0";"    5";" 0.00";"  -4.545";"ain_t";" 3.301836e-02"
"   10";"   34";"29.41";"  -4.520";"liked";" 3.350790e-02"
"   52";"  135";"38.52";"  -4.493";"willing";" 3.404091e-02"
"   20";"   59";"33.90";"  -4.456";"upon";" 3.478031e-02"
"   81";"  201";"40.30";"  -4.335";"along";" 3.734199e-02"
"  643";" 1431";"44.93";"  -4.288";"what_s";" 3.838339e-02"
"   15";"   46";"32.61";"  -4.157";"however";" 4.146985e-02"
"   22";"   63";"34.92";"  -4.076";"wish";" 4.350869e-02"
"   25";"   70";"35.71";"  -3.980";"serious";" 4.602993e-02"
"    4";"   17";"23.53";"  -3.955";"00";" 4.673958e-02"
" 1345";" 2933";"45.86";"  -3.944";"were";" 4.702657e-02"
"   87";"  213";"40.85";"  -3.934";"became";" 4.732068e-02"
"  154";"  362";"42.54";"  -3.770";"saw";" 5.218545e-02"
"    6";"   22";"27.27";"  -3.651";"w";" 5.603391e-02"
"    0";"    4";" 0.00";"  -3.636";"1980";" 5.655079e-02"
"    0";"    4";" 0.00";"  -3.636";"1967";" 5.655079e-02"
"    0";"    4";" 0.00";"  -3.636";"1996";" 5.655079e-02"
"    0";"    4";" 0.00";"  -3.636";"1776";" 5.655079e-02"
"    0";"    4";" 0.00";"  -3.636";"102";" 5.655079e-02"
"   16";"   47";"34.04";"  -3.474";"yours";" 6.233336e-02"
"   29";"   78";"37.18";"  -3.411";"known";" 6.476263e-02"
"   38";"   99";"38.38";"  -3.389";"anybody";" 6.561333e-02"
"  338";"  762";"44.36";"  -3.308";"can_t";" 6.895638e-02"
"    7";"   24";"29.17";"  -3.276";"o";" 7.030352e-02"
"  229";"  524";"43.70";"  -3.259";"someone";" 7.102042e-02"
"  267";"  606";"44.06";"  -3.119";"try";" 7.736177e-02"
" 3813";" 8155";"46.76";"  -3.102";"but";" 7.820022e-02"
"   78";"  189";"41.27";"  -3.064";"anyone";" 8.003735e-02"
"    2";"   10";"20.00";"  -3.058";"sometime";" 8.036312e-02"
" 1563";" 3383";"46.20";"  -2.981";"some";" 8.424451e-02"
"   19";"   53";"35.85";"  -2.945";"seemed";" 8.616981e-02"
"   22";"   60";"36.67";"  -2.887";"except";" 8.931417e-02"
"   58";"  143";"40.56";"  -2.863";"tried";" 9.063192e-02"
"   96";"  228";"42.11";"  -2.790";"under";" 9.486486e-02"
"   96";"  228";"42.11";"  -2.790";"yourself";" 9.486486e-02"
"    0";"    3";" 0.00";"  -2.727";"1964";" 9.868032e-02"
"    0";"    3";" 0.00";"  -2.727";"1934";" 9.868032e-02"
"    0";"    3";" 0.00";"  -2.727";"59";" 9.868032e-02"
"    0";"    3";" 0.00";"  -2.727";"1933";" 9.868032e-02"
"    0";"    3";" 0.00";"  -2.727";"thorough";" 9.868032e-02"
"    0";"    3";" 0.00";"  -2.727";"corresponding";" 9.868032e-02"
"    0";"    3";" 0.00";"  -2.727";"beforehand";" 9.868032e-02"
"    0";"    3";" 0.00";"  -2.727";"62";" 9.868032e-02"
"    0";"    3";" 0.00";"  -2.727";"1984";" 9.868032e-02"
"    0";"    3";" 0.00";"  -2.727";"1925";" 9.868032e-02"
"    0";"    3";" 0.00";"  -2.727";"170";" 9.868032e-02"
"    0";"    3";" 0.00";"  -2.727";"1265";" 9.868032e-02"
"  102";"  241";"42.32";"  -2.721";"such";" 9.905874e-02"
"   11";"   33";"33.33";"  -2.700";"elsewhere";" 1.003539e-01"
"   76";"  182";"41.76";"  -2.513";"given";" 1.128954e-01"
"  131";"  304";"43.09";"  -2.511";"i_ll";" 1.130243e-01"
"    3";"   12";"25.00";"  -2.461";"hi";" 1.167257e-01"
"    2";"    9";"22.22";"  -2.327";"j";" 1.271779e-01"
"   59";"  143";"41.26";"  -2.323";"anyway";" 1.274344e-01"
"  349";"  777";"44.92";"  -2.314";"last";" 1.281985e-01"
"  218";"  493";"44.22";"  -2.307";"together";" 1.287608e-01"
"    1";"    6";"16.67";"  -2.304";"1976";" 1.290471e-01"
"   21";"   56";"37.50";"  -2.299";"sent";" 1.294281e-01"
"   53";"  129";"41.09";"  -2.211";"knows";" 1.370158e-01"
"    7";"   22";"31.82";"  -2.202";"27";" 1.378748e-01"
"    7";"   22";"31.82";"  -2.202";"2009";" 1.378748e-01"
"    7";"   22";"31.82";"  -2.202";"afterwards";" 1.378748e-01"
"    7";"   22";"31.82";"  -2.202";"2014";" 1.378748e-01"
"   19";"   51";"37.25";"  -2.196";"g";" 1.383258e-01"
"  173";"  394";"43.91";"  -2.191";"far";" 1.388430e-01"
"   55";"  133";"41.35";"  -2.097";"particularly";" 1.476358e-01"
"   23";"   60";"38.33";"  -2.075";"11";" 1.497783e-01"
" 3200";" 6833";"46.83";"  -2.064";"what";" 1.507741e-01"
"  125";"  288";"43.40";"  -2.062";"especially";" 1.509643e-01"
" 1519";" 3272";"46.42";"  -2.038";"them";" 1.534137e-01"
"  102";"  237";"43.04";"  -2.001";"u";" 1.571645e-01"
"*";"*";"*";"*";"*";"*"
"  6";"202";" 2.97";"-162.313";"*video=Why_Reparations_Wont_Work__Why_Standardized_Tests_Help_Minorities_--_Coleman_Hughes_gD1X2KGqPrsen";"3.534967e-37"
" 37";"312";"11.86";"-161.305";"*video=This_Idea_is_Destroying_American_Universities_xqpogFcXYRken";"5.867434e-37"
"  8";"201";" 3.98";"-154.281";"*video=Why_This_Social_Justice_Activist_Became_an_Entrepreneur_Instead_-hCEp1EyMj0en";"2.010875e-35"
" 11";"200";" 5.50";"-143.000";"*video=Ryan_Holiday_How_Stoicism_Changed_the_World_tQplPF6Gtdken";"5.877224e-33"
" 14";"199";" 7.04";"-132.097";"*video=A_Conversation_with_MLKs_Lawyer__Speechwriter_Dr_Clarence_Jones_AcVCzCUqxGken";"1.425019e-30"
" 10";"184";" 5.43";"-131.909";"*video=Jonathan_Greenblatt_on_Ta-Nehisi_Coates_CRT_and_woke_politics_K9drmcFuO-Aen";"1.566719e-30"
" 29";"249";"11.65";"-130.036";"*video=Senator_Exposes_Americas_Biggest_Censorship_Scandal_uXJqzcl1NaYen";"4.023177e-30"
" 14";"194";" 7.22";"-127.611";"*video=Ep_85_The_Path_to_Regime_Change_in_Iran_with_Crown_Prince_Reza_Pahlavi_MmoEeCx30Fcen";"1.365165e-29"
" 63";"334";"18.86";"-111.726";"*video=Tucker_Shapiro__The_New_RightDave_Rubin_Calls_for_an_Honest_Debate_w1FRqBOxS8gen";"4.103157e-26"
" 18";"184";" 9.78";"-106.115";"*video=Ep_80_Leonard_Leo_Knows_How_to_Win_and_How_to_Save_Our_Country_Qh6Y43e02vYen";"6.958381e-25"
" 29";"218";"13.30";"-103.513";"*video=Billionaire_vs_US_Senator_Should_TikTok_Be_Banned_HX8MIYvQcVQen";"2.586911e-24"
" 28";"195";"14.36";" -86.922";"*video=Dont_Ban_CRT_Win_With_Better_Ideas_Thomas_Chatterton_Williams_Talks_Race__Liberalism_aU7gy13l6j4en";"1.128666e-20"
" 37";"221";"16.74";" -84.960";"*video=Peng_Shuai_Beijing_Olympics__Holding_China_Accountable_with_Former_UN_Ambassador_Kelly_Craft_U4iFXcd3czEen";"3.044085e-20"
" 17";"155";"10.97";" -83.809";"*video=How_this_Governor_is_Proving_Trump_Right_S6caODsDQYAen";"5.450742e-20"
" 92";"376";"24.47";" -81.605";"*video=What_Happens_When_AI_Can_Do_Every_Job_AOCcqj3oYloen";"1.661717e-19"
" 62";"290";"21.38";" -80.665";"*video=Turning_Whiskey_Into_Millions__The_Hustler_Behind_WhistlePig_Em5q_Y-Zatwen";"2.674668e-19"
" 23";"171";"13.45";" -80.393";"*video=Joe_Lonsdale_and_Pano_Kanelos_on_Building_a_New_World-Class_University_hxWLun4Nlzwen";"3.069430e-19"
" 48";"248";"19.35";" -79.945";"*video=Free_Housing_Wont_Solve_the_Homeless_Crisis_Heres_What_Will_m3PSd0YLxDAen";"3.849212e-19"
" 19";"156";"12.18";" -78.865";"*video=Bari_Weiss_Defending_Western_Civilization_and_Building_New_Institutions_SBvUo2MSplMen";"6.649349e-19"
" 36";"205";"17.56";" -74.650";"*video=How_to_Fix_Homelessness_Expand_Telehealth_and_Defeat_Special_Interests_with_Jared_Meyer_JRPWSx9Ymi0en";"5.620246e-18"
" 67";"294";"22.79";" -73.232";"*video=Why_California_is_Collapsing_From_Within_ZlPWJ9EoGhgen";"1.152743e-17"
" 18";"144";"12.50";" -71.463";"*video=From_Prosperity_to_Ruins_Venezuelas_Fight_for_Freedom_YEgJKvg9xbUen";"2.824353e-17"
" 56";"257";"21.79";" -69.201";"*video=Ex-Bud_Light_President_The_Truth_Behind_the_Brands_Collapse_SOYWMSo_Sdwen";"8.892850e-17"
" 41";"203";"20.20";" -61.518";"*video=Joe_Lonsdale_and_Dhani_Jones_Discuss_the_Power_of_Suffering__Adversity_fm0tiE47pssen";"4.386522e-15"
" 32";"173";"18.50";" -59.080";"*video=Andrew_Yang_Will_Change_How_You_Think_About_Politics_7AF5OKtCSUken";"1.513727e-14"
" 30";"165";"18.18";" -57.562";"*video=Billionaire_Founder_of_KIND__Shark_Tank_Star_Daniel_Lubetzky_e9mWJy2RjtEen";"3.274514e-14"
" 42";"200";"21.00";" -57.106";"*video=Joe_Lonsdale_and_Chris_Sprowls_How_to_Defeat_Special_Interests__Cronyism_fUL_jVCeGYEen";"4.129523e-14"
" 48";"216";"22.22";" -56.165";"*video=Ep_72_Illegal_Chinese_Bio_Labs__Secret_Police_Inside_America_Congressman_Mike_Gallagher_13-lkPU9hqMen";"6.664488e-14"
" 62";"254";"24.41";" -55.216";"*video=Trillions_in_AI_InvestmentBut_No_Bubble_4FdXvFy3ZY0en";"1.079954e-13"
" 42";"191";"21.99";" -50.543";"*video=How_John_Mack_Saved_Morgan_Stanley__Transformed_Wall_Street_W2R7bfrFQ4Men";"1.165769e-12"
" 21";"128";"16.41";" -50.153";"*video=From_Entrepreneur_To_Governor_How_Hes_Changing_America_ynJWPThToV8en";"1.422322e-12"
" 66";"254";"25.98";" -47.975";"*video=What_Steve_Jobs_Knew_About_Innovation_That_You_Dont_PYND_01c5JAen";"4.316872e-12"
" 33";"159";"20.75";" -46.187";"*video=Economist_Vs_Billionaire_How_The_Myth_Of_Income_Inequality_Is_Dividing_America_mFhIJsrprXsen";"1.075092e-11"
" 41";"182";"22.53";" -46.149";"*video=Ep_90_A_Conversation_with_Wall_Street_Pioneer_Ethan_Penner_jUAu8_ReNTAen";"1.096090e-11"
" 12";" 93";"12.90";" -45.035";"*video=A_Conversation_with_Elad_Levy__the_Search_for_a_Missing_Israeli_Soldier_qNVmirHykzEen";"1.935527e-11"
" 19";"113";"16.81";" -43.107";"*video=Ep_74_Niall_Ferguson__Pano_Kanelos_on_Building_the_University_of_Austin_5l_Bk-zeVMYen";"5.181731e-11"
"  2";" 55";" 3.64";" -42.708";"*video=Former_Crown_Prince_of_Iran_Why_This_Regime_Must_Be_Taken_Down_qpl24oMS7QQen";"6.354710e-11"
" 45";"188";"23.94";" -42.474";"*video=Stephen_Harper_Rejecting_Wokeness_Addressing_China_and_Defending_Western_Values_n2CpZTlTL1Aen";"7.164565e-11"
" 26";"133";"19.55";" -42.150";"*video=Mike_Pompeo_Negotiating_with_Tyrants_Spy_Balloons_or_UFOs__Why_Trump_Didnt_Ban_TikTok__trV3oTKF98en";"8.452094e-11"
"  2";" 50";" 4.00";" -38.181";"*video=Hollywood_Star_Why_the_Emmys_Ignored_Charlie_Kirks_Assassination_XKX58P-PGq0en";"6.448433e-10"
"  2";" 50";" 4.00";" -38.181";"*video=Iran_vs_Israel_Exiled_Crown_Prince_on_the_Reason_for_the_Conflict_bE8S6Cp8lo0en";"6.448433e-10"
"  2";" 50";" 4.00";" -38.181";"*video=Why_Billionaires_Use_This_2000-Year-Old_Mindset_lPFtfXIJlo0en";"6.448433e-10"
"  2";" 49";" 4.08";" -37.276";"*video=Former_Canadian_Prime_Minister_How_to_Save_Western_Civilization_lb0b4utSxiQen";"1.025293e-09"
" 52";"199";"26.13";" -37.022";"*video=Ep_51_Adm_Bill_McRaven_on_Leadership_Modernizing_the_Dept_of_Defense__Dealing_with_China_Y8UaL5sjkNEen";"1.167976e-09"
"  4";" 56";" 7.14";" -36.827";"*video=How_to_Change_the_World__Admiral_Bill_McRaven_V825mFbWPs0en";"1.290573e-09"
"109";"346";"31.50";" -36.350";"*video=Secret_Tech_Billionaire_Is_Betting_1B_on_This_HbFeNV4z9rAen";"1.648489e-09"
" 44";"173";"25.43";" -34.283";"*video=Ep_50_Troy_Carter_on_Discovering_Lady_Gaga_Future_of_Music_and_Speaking_Out_on_School_Choice_gOwzF0CLHwwen";"4.765773e-09"
" 15";" 89";"16.85";" -33.841";"*video=NFL_Legend_Ronnie_Lott_on_Grit_Leadership__What_America_Means_to_Him_ayGzwyR5YEEen";"5.979489e-09"
" 55";"200";"27.50";" -32.617";"*video=Why_Its_Legally_Impossible_To_Build_In_America_dWwE5Vk2OFAen";"1.122546e-08"
"  4";" 49";" 8.16";" -30.614";"*video=Former_NYT_Journalist_Free_Speech_is_in_Danger_4vM2uJfN_uQen";"3.148937e-08"
" 29";"124";"23.39";" -29.276";"*video=Former_DC_Mayor_Adrian_Fenty_Courage_Accountability_Better_Schools_and_Safer_Cities_5L5hHQyziO0en";"6.276500e-08"
"  3";" 41";" 7.32";" -26.720";"*video=Exiled_Crown_Prince_of_Iran_How_to_Liberate_a_Nation_2tx774TWXqIen";"2.351637e-07"
"  0";" 28";" 0.00";" -25.467";"*video=Why_the_Iryna_Zarutska_Tragedy_Was_Preventable_AOVUD_J2FMUen";"4.499098e-07"
" 64";"211";"30.33";" -25.411";"*video=How_Founder_Ken_Langone_Turned_Home_Depot_Into_A_400_Billion_Empire_t65qijV0nPcen";"4.633597e-07"
" 59";"197";"29.95";" -24.777";"*video=The_One_Thing_AI_Will_Never_Replace_w2deeFQ3uk0en";"6.436815e-07"
" 38";"141";"26.95";" -24.228";"*video=New_Face_of_DOGE_Agenda_Explains_the_Big_Beautiful_Bill_cev5y2Hb5Rcen";"8.556122e-07"
" 40";"146";"27.40";" -24.017";"*video=Ep_63_Eddie_Margain_on_Fleeing_Mexico_and_Building_Austin_FC_podbteLmuaMen";"9.546845e-07"
" 77";"239";"32.22";" -22.861";"*video=These_Jobs_Will_Skyrocket_in_the_AI_Economy_EVZdkY7EoNAen";"1.741196e-06"
" 39";"140";"27.86";" -21.991";"*video=Niall_Ferguson_Why_Great_Civilizations_Rise_and_Fall_cAdUdrDaAqAen";"2.739705e-06"
" 65";"205";"31.71";" -20.910";"*video=Ep_77_Mike_Solana_on_Exposing_Corruption_Saving_San_Francisco_and_Building_a_New_Media_Empire_Ek6dHrUDg9oen";"4.812559e-06"
" 66";"207";"31.88";" -20.649";"*video=Ep_52_Yitz_Applbaum_and_a_Modern_Middle_East_Renaissance_7-7ZYcCjxjMen";"5.516646e-06"
" 44";"150";"29.33";" -20.177";"*video=Arthur_Brooks_Finding_Happiness_--_What_Most_People_Get_Wrong_and_Few_Get_Right_VrMM1ODZ14sen";"7.057935e-06"
" 10";" 54";"18.52";" -18.353";"*video=Home_Depot_Founders_Millionaire_Business_Strategy_UhsCaPGO3DEen";"1.835674e-05"
" 50";"159";"31.45";" -16.733";"*video=A_Conversation_with_Wall_Street_Legend__US_Commerce_Secretary_Wilbur_Ross_lyGQq2wGDswen";"4.302910e-05"
"  3";" 29";"10.34";" -16.161";"*video=Is_America_Better_Without_Christianity_l8leF8nV_SAen";"5.819119e-05"
"127";"340";"37.35";" -14.485";"*video=How_AI_Might_Solve_the_Alien_Mystery_Thought_Leaders_Paradox_deXX9-d3P5gen";"1.412937e-04"
" 69";"198";"34.85";" -13.004";"*video=Reviving_a_Culture_of_Innovation_with_Tyler_Cowen_rnLPwI9taYAen";"3.108036e-04"
" 79";"220";"35.91";" -12.155";"*video=The_Secret_Team_Fixing_Americas_Broken_Systems_1sEsOpHb3w0en";"4.895560e-04"
"  0";" 12";" 0.00";" -10.910";"*video=Mark_Esper_Never_Underestimate_the_American_People_CJNbRSsiercen";"9.566071e-04"
" 11";" 46";"23.91";" -10.371";"*video=Harvard_Professors_Warning_Avoid_This_Fatal_Money_Mistake_miXVWgBVrf8en";"1.279911e-03"
" 69";"191";"36.13";" -10.158";"*video=Zach_Latta_Founding_Hack_Club__Inspiring_the_Next_Generation_of_Builders_PaB5ltDmD0Qen";"1.437132e-03"
" 48";"140";"34.29";" -10.007";"*video=Ashton_Kutcher_Warns_China_Could_Use_TikTok_Against_the_US_Gri661zGfEken";"1.559298e-03"
" 83";"223";"37.22";"  -9.716";"*video=Ep_78_Emil_Michael__the_Master_Dealmaker_Behind_Ubers_Global_Dominance_B_ptOo19SC0en";"1.826225e-03"
" 13";" 50";"26.00";"  -9.376";"*video=How_Daniel_Lubetzky_Built_KIND_Into_a_5B_Global_Success_I9-t1QhLc-Uen";"2.198257e-03"
" 64";"177";"36.16";"  -9.356";"*video=Rep_Ro_Khanna__Joe_Lonsdale_Debate_Income_Inequality_and_Regulating_Big_Tech_3mtrNt1mNpIen";"2.222502e-03"
"  6";" 30";"20.00";"  -9.178";"*video=Why_María_Corina_Machado_Won_The_Nobel_Peace_Prize_ydNKBHRC1CEen";"2.449718e-03"
" 17";" 60";"28.33";"  -8.956";"*video=Why_The_Next_Financial_Lockdown_Could_Be_Worse_Than_The_1930s_U27BrPBlP0gen";"2.766266e-03"
"  0";"  9";" 0.00";"  -8.182";"*video=Joe_Lonsdale_Stuns_CNBC_Host_ug6Gr5VccZken";"4.231728e-03"
" 70";"187";"37.43";"  -7.809";"*video=Ep_71_No_Debt_Top_Professors__Personal_Coaches__A_New_Community_College_with_Tade_Oyerinde_bOJemB__Mpwen";"5.199382e-03"
" 25";" 78";"32.05";"  -7.589";"*video=AI_Expert_The_Threat_That_No_One_is_Talking_About_7EJ18xEVeuUen";"5.873836e-03"
" 75";"198";"37.88";"  -7.562";"*video=Dr_Mark_Esper_Lessons_from_Russias_Invasion_of_Ukraine_eqedig-EvaEen";"5.960091e-03"
" 96";"243";"39.51";"  -6.445";"*video=Balaji_Srinivasan_Bitcoin_China_the_Woke_Mob_and_the_Future_of_the_Internet_MMuIyspn7s0en";"1.112566e-02"
" 13";" 44";"29.55";"  -5.765";"*video=The_Free_College_Tuition_Model_That_Makes_Sense_YzP0kUw_jXIen";"1.634894e-02"
"  1";" 10";"10.00";"  -5.673";"*video=Russia_Invades_Ukraine_Will_China_Invade_Taiwan_Featuring_Former_UN_Ambassador_Kelly_Craft_sMqcIXKVmdUen";"1.722592e-02"
"  1";" 10";"10.00";"  -5.673";"*video=What_You_Were_Taught_About_Slavery_Is_Probably_Wrong_--_Coleman_Hughes_584um6umaEoen";"1.722592e-02"
" 96";"240";"40.00";"  -5.613";"*video=Americas_New_AI_Strategy_Were_Building_a_Tech_Force_GYV6XP0HSBUen";"1.782655e-02"
" 86";"217";"39.63";"  -5.575";"*video=Ep_59_Adi_Berlia_Explains_Indias_Remarkable_Rise_Out_of_Socialism_r5XT9UIdgwoen";"1.821791e-02"
"  0";"  6";" 0.00";"  -5.454";"*video=American_Optimist_Season_One_Trailer_GZV2nfbAynwen";"1.952419e-02"
"  0";"  6";" 0.00";"  -5.454";"*video=Historian_Niall_Ferguson_Chinas_Strengths_Are_Exaggerated_ocB5fpQxh7sen";"1.952419e-02"
" 63";"163";"38.65";"  -5.273";"*video=Charles_Koch_How_a_Love_of_Philosophy_Unlocked_Exponential_Growth_uCFcz8SESdQen";"2.166460e-02"
"109";"268";"40.67";"  -5.215";"*video=Tariffs_DOGE__Fixing_America_Peter_Thiels_Skeptic_Solutions_v2q3yPwEo5wen";"2.239536e-02"
"  9";" 32";"28.12";"  -4.876";"*video=Hard_Truths_About_Morgan_Stanleys_Success_Former_CEO_wVmMmolLHcsen";"2.722869e-02"
"124";"299";"41.47";"  -4.558";"*video=Ep_57_Balaji_Srinivasan_on_the_Severity_of_the_Bank_Crisis_and_the_Future_of_Bitcoin_QKjfAhnWJqUen";"3.276214e-02"
" 25";" 70";"35.71";"  -3.980";"*video=What_Billionaire_Entrepreneurs_Know_That_You_Dont_wQ-MuaD4txAen";"4.602993e-02"
"119";"282";"42.20";"  -3.340";"*video=He_Predicted_Putins_Invasion_Now_He_Predicts_When_China_Will_Invade_Taiwan_dPkpBJajfF8en";"6.762697e-02"
" 92";"220";"41.82";"  -2.979";"*video=Alex_Karp_On_The_Future_Of_AI_And_Building_A_Multi_Billion-Dollar_Company_TEfTVozgiNsen";"8.433857e-02"
" 80";"193";"41.45";"  -2.953";"*video=Harvard_Economist_The_Truth_About_Police_Brutality_9sRYbrp_jCwen";"8.570024e-02"
" 80";"192";"41.67";"  -2.736";"*video=Whole_Foods_Co-Founder__CEO_John_Mackey_Conscious_Capitalism_and_Repairing_Americas_Division_vmZYyxKRSlken";"9.813009e-02"
"  0";"  3";" 0.00";"  -2.727";"*video=Arthur_Brooks_These_Four_Things_Will_Bring_You_Lasting_Happiness_a0_JNENamLsen";"9.868032e-02"
" 13";" 37";"35.14";"  -2.312";"*video=6-Step_Blueprint_to_Rescue_Western_Civilization_xv3u7eVHqhUen";"1.284075e-01"
"  7";" 22";"31.82";"  -2.202";"*video=Alex_Karp_How_Palantir_is_Changing_the_Course_of_History_VmwOhQYcCugen";"1.378748e-01"
"**";"classe";"2";"**";"";""
"****";"10506";"35680";"29.45";"****";""
" 334";"2380";"14.03";"-291.545";"company";"2.291007e-65"
" 160";"1384";"11.56";"-221.679";"ai";"3.891413e-50"
"  28";" 637";" 4.40";"-195.893";"dollar";"1.644447e-44"
"  14";" 528";" 2.65";"-185.195";"china";"3.558085e-42"
" 106";"1001";"10.59";"-176.253";"state";"3.189020e-40"
" 389";"2225";"17.48";"-163.439";"build";"2.005906e-37"
"  28";" 553";" 5.06";"-160.731";"product";"7.833117e-37"
" 143";"1075";"13.30";"-139.030";"system";"4.338042e-32"
"  24";" 470";" 5.11";"-135.803";"billion";"2.202874e-31"
"   5";" 351";" 1.42";"-133.972";"software";"5.540762e-31"
" 174";"1183";"14.71";"-127.905";"basically";"1.177250e-29"
"  80";" 742";"10.78";"-127.049";"market";"1.812196e-29"
"  14";" 371";" 3.77";"-118.926";"cost";"1.087330e-27"
" 150";"1042";"14.40";"-117.018";"government";"2.844228e-27"
"  42";" 522";" 8.05";"-116.767";"data";"3.227766e-27"
"  10";" 316";" 3.16";"-105.993";"rule";"7.398686e-25"
" 350";"1848";"18.94";"-103.540";"big";"2.552255e-24"
"  25";" 361";" 6.93";" -89.026";"scale";"3.897298e-21"
" 125";" 825";"15.15";" -83.053";"technology";"7.989197e-20"
"  15";" 287";" 5.23";" -81.686";"trump";"1.595288e-19"
" 238";"1286";"18.51";" -76.829";"problem";"1.864314e-18"
"  10";" 246";" 4.07";" -76.804";"network";"1.887924e-18"
"  53";" 454";"11.67";" -69.904";"fast";"6.225191e-17"
"  40";" 387";"10.34";" -68.769";"process";"1.107229e-16"
"  29";" 329";" 8.81";" -68.030";"control";"1.610627e-16"
"  49";" 429";"11.42";" -67.894";"sell";"1.725111e-16"
"  61";" 485";"12.58";" -67.338";"model";"2.287361e-16"
"   5";" 190";" 2.63";" -66.106";"price";"4.273701e-16"
"  34";" 349";" 9.74";" -65.859";"space";"4.843019e-16"
"  12";" 231";" 5.19";" -65.815";"machine";"4.952644e-16"
"1484";"5922";"25.06";" -65.748";"um";"5.125249e-16"
"  81";" 571";"14.19";" -65.040";"million";"7.340120e-16"
"  70";" 515";"13.59";" -63.211";"level";"1.856714e-15"
"  10";" 212";" 4.72";" -62.772";"platform";"2.320898e-15"
"   5";" 181";" 2.76";" -62.345";"trillion";"2.881949e-15"
" 227";"1182";"19.20";" -61.707";"money";"3.985062e-15"
"  45";" 392";"11.48";" -61.577";"large";"4.256761e-15"
"  32";" 327";" 9.79";" -61.395";"customer";"4.669219e-15"
"   1";" 149";" 0.67";" -59.630";"vehicle";"1.144991e-14"
"  30";" 312";" 9.62";" -59.575";"economy";"1.177500e-14"
"  47";" 395";"11.90";" -59.192";"thousand";"1.429981e-14"
"  25";" 285";" 8.77";" -59.102";"car";"1.497229e-14"
"  51";" 412";"12.38";" -58.437";"type";"2.099265e-14"
"  57";" 440";"12.95";" -58.314";"issue";"2.234841e-14"
"   9";" 195";" 4.62";" -58.186";"productivity";"2.384937e-14"
" 101";" 638";"15.83";" -57.958";"pay";"2.678307e-14"
"   6";" 176";" 3.41";" -57.712";"manufacture";"3.034068e-14"
"   5";" 169";" 2.96";" -57.340";"cheap";"3.666286e-14"
" 306";"1480";"20.68";" -57.156";"sort";"4.026419e-14"
"  10";" 197";" 5.08";" -56.624";"consumer";"5.275338e-14"
"   6";" 172";" 3.49";" -56.051";"infrastructure";"7.060334e-14"
"  75";" 514";"14.59";" -55.385";"power";"9.910283e-14"
"  35";" 325";"10.77";" -55.065";"stop";"1.165946e-13"
"  30";" 299";"10.03";" -54.690";"low";"1.411068e-13"
"  57";" 429";"13.29";" -54.571";"policy";"1.499023e-13"
"  15";" 216";" 6.94";" -52.959";"drug";"3.405786e-13"
"  67";" 470";"14.26";" -52.895";"engineer";"3.517928e-13"
"  57";" 419";"13.60";" -51.213";"industry";"8.285351e-13"
"  16";" 217";" 7.37";" -51.197";"growth";"8.354629e-13"
"   0";" 122";" 0.00";" -51.090";"drone";"8.824450e-13"
"  65";" 455";"14.29";" -50.981";"numb";"9.327392e-13"
"  45";" 361";"12.47";" -50.611";"hundred";"1.126223e-12"
"  14";" 203";" 6.90";" -49.965";"economic";"1.564755e-12"
" 237";"1167";"20.31";" -48.478";"happen";"3.340899e-12"
"  14";" 199";" 7.04";" -48.375";"regulation";"3.520143e-12"
"   3";" 135";" 2.22";" -48.340";"federal";"3.583561e-12"
"   5";" 145";" 3.45";" -47.363";"asset";"5.899583e-12"
"  92";" 563";"16.34";" -47.281";"term";"6.150732e-12"
"  12";" 185";" 6.49";" -47.182";"tax";"6.468038e-12"
" 122";" 690";"17.68";" -46.870";"spend";"7.586198e-12"
"  16";" 206";" 7.77";" -46.869";"chinese";"7.590297e-12"
"   4";" 136";" 2.94";" -46.161";"regulatory";"1.089144e-11"
" 107";" 622";"17.20";" -45.670";"human";"1.399723e-11"
"   3";" 128";" 2.34";" -45.416";"cell";"1.593040e-11"
"  22";" 233";" 9.44";" -45.170";"healthcare";"1.806337e-11"
"  30";" 271";"11.07";" -44.381";"amount";"2.703528e-11"
"   3";" 125";" 2.40";" -44.164";"russia";"3.019533e-11"
"  12";" 175";" 6.86";" -43.190";"advance";"4.966661e-11"
"  41";" 320";"12.81";" -42.997";"easy";"5.481539e-11"
"  77";" 483";"15.94";" -42.972";"small";"5.551819e-11"
"  17";" 201";" 8.46";" -42.857";"intelligence";"5.888123e-11"
"  47";" 347";"13.54";" -42.643";"energy";"6.569203e-11"
"  25";" 241";"10.37";" -42.481";"rate";"7.136831e-11"
"  47";" 345";"13.62";" -41.977";"service";"9.233678e-11"
"  73";" 462";"15.80";" -41.943";"buy";"9.397804e-11"
"  32";" 273";"11.72";" -41.596";"unite";"1.122025e-10"
"  50";" 357";"14.01";" -41.377";"invest";"1.255193e-10"
"   2";" 112";" 1.79";" -41.374";"supply";"1.257184e-10"
"   4";" 124";" 3.23";" -41.175";"agent";"1.391849e-10"
"  13";" 175";" 7.43";" -41.033";"nuclear";"1.497053e-10"
"   6";" 135";" 4.44";" -40.770";"slow";"1.712327e-10"
"  98";" 565";"17.35";" -40.458";"case";"2.008660e-10"
"  10";" 157";" 6.37";" -40.419";"information";"2.049687e-10"
"  19";" 204";" 9.31";" -40.024";"access";"2.507979e-10"
"  12";" 167";" 7.19";" -40.017";"ten";"2.517871e-10"
"   1";" 102";" 0.98";" -39.895";"chip";"2.680193e-10"
"   0";"  94";" 0.00";" -39.333";"autonomous";"3.573237e-10"
"  18";" 197";" 9.14";" -39.325";"code";"3.588697e-10"
"  14";" 175";" 8.00";" -38.930";"security";"4.391998e-10"
"   8";" 142";" 5.63";" -38.909";"vote";"4.441282e-10"
"   7";" 136";" 5.15";" -38.797";"court";"4.702342e-10"
"  15";" 179";" 8.38";" -38.426";"internet";"5.686326e-10"
"   6";" 129";" 4.65";" -38.310";"increase";"6.035122e-10"
"  15";" 178";" 8.43";" -38.040";"massive";"6.931359e-10"
"   2";" 103";" 1.94";" -37.612";"patient";"8.632481e-10"
"   1";"  96";" 1.04";" -37.380";"capability";"9.720209e-10"
"   8";" 138";" 5.80";" -37.291";"regime";"1.017276e-09"
" 213";"1021";"20.86";" -37.273";"put";"1.027173e-09"
"   9";" 142";" 6.34";" -36.641";"add";"1.420036e-09"
"  23";" 215";"10.70";" -36.594";"ton";"1.455085e-09"
"  18";" 189";" 9.52";" -36.296";"field";"1.694880e-09"
"   6";" 124";" 4.84";" -36.265";"insurance";"1.722243e-09"
"  12";" 157";" 7.64";" -36.079";"protect";"1.894507e-09"
"  18";" 188";" 9.57";" -35.920";"tool";"2.056060e-09"
"  29";" 242";"11.98";" -35.760";"clear";"2.231698e-09"
"  74";" 445";"16.63";" -35.626";"drive";"2.390886e-09"
" 195";" 939";"20.77";" -34.960";"create";"3.364721e-09"
"   2";"  96";" 2.08";" -34.689";"robot";"3.868614e-09"
"  31";" 248";"12.50";" -34.517";"bill";"4.226400e-09"
"  24";" 213";"11.27";" -34.081";"quickly";"5.287730e-09"
"   6";" 118";" 5.08";" -33.818";"congress";"6.051912e-09"
"   6";" 118";" 5.08";" -33.818";"digital";"6.051912e-09"
"  10";" 140";" 7.14";" -33.650";"union";"6.595842e-09"
"   3";"  99";" 3.03";" -33.342";"biden";"7.728357e-09"
"   5";" 111";" 4.50";" -33.339";"democrat";"7.742618e-09"
"  29";" 235";"12.34";" -33.314";"exist";"7.841924e-09"
"  22";" 201";"10.95";" -33.300";"operate";"7.898534e-09"
"  13";" 154";" 8.44";" -32.843";"sale";"9.990938e-09"
"   5";" 109";" 4.59";" -32.520";"efficient";"1.179992e-08"
"   3";"  97";" 3.09";" -32.513";"republican";"1.184273e-08"
"   6";" 114";" 5.26";" -32.191";"disease";"1.397288e-08"
"   5";" 108";" 4.63";" -32.110";"stock";"1.456636e-08"
"   8";" 124";" 6.45";" -31.667";"deliver";"1.830384e-08"
"   7";" 118";" 5.93";" -31.506";"claim";"1.988358e-08"
"   9";" 129";" 6.98";" -31.460";"deploy";"2.035503e-08"
"  24";" 203";"11.82";" -30.519";"administration";"3.306818e-08"
"   1";"  79";" 1.27";" -30.263";"engine";"3.773014e-08"
" 101";" 539";"18.74";" -30.197";"turn";"3.902566e-08"
"   6";" 108";" 5.56";" -29.759";"demand";"4.892886e-08"
"  19";" 176";"10.80";" -29.611";"launch";"5.279169e-08"
"  17";" 166";"10.24";" -29.606";"essentially";"5.293756e-08"
"   8";" 118";" 6.78";" -29.276";"budget";"6.277701e-08"
"  54";" 336";"16.07";" -29.202";"order";"6.522302e-08"
"  13";" 144";" 9.03";" -29.012";"anti";"7.193786e-08"
"   1";"  76";" 1.32";" -29.008";"climate";"7.208227e-08"
"  70";" 404";"17.33";" -28.885";"law";"7.680422e-08"
"   0";"  69";" 0.00";" -28.852";"compute";"7.812783e-08"
"   3";"  88";" 3.41";" -28.785";"battery";"8.088421e-08"
"   3";"  88";" 3.41";" -28.785";"warfare";"8.088421e-08"
"  56";" 342";"16.37";" -28.397";"war";"9.881560e-08"
"  10";" 126";" 7.94";" -28.157";"ship";"1.118502e-07"
"   0";"  67";" 0.00";" -28.014";"layer";"1.204364e-07"
"   8";" 113";" 7.08";" -27.294";"industrial";"1.747352e-07"
"   2";"  78";" 2.56";" -27.189";"taiwan";"1.844960e-07"
"   0";"  65";" 0.00";" -27.176";"cartel";"1.857209e-07"
"   0";"  65";" 0.00";" -27.176";"neural";"1.857209e-07"
" 274";"1206";"22.72";" -27.175";"stuff";"1.858552e-07"
"  17";" 158";"10.76";" -26.672";"kill";"2.410756e-07"
"  91";" 483";"18.84";" -26.504";"huge";"2.630400e-07"
"   1";"  70";" 1.43";" -26.500";"therapy";"2.635986e-07"
"   7";" 105";" 6.67";" -26.301";"size";"2.921054e-07"
"   6";"  99";" 6.06";" -26.131";"destroy";"3.190142e-07"
"  11";" 126";" 8.73";" -26.118";"giant";"3.212448e-07"
"  31";" 223";"13.90";" -26.097";"computer";"3.246149e-07"
"  15";" 146";"10.27";" -25.935";"air";"3.530950e-07"
"  34";" 236";"14.41";" -25.861";"capital";"3.668439e-07"
"  13";" 135";" 9.63";" -25.612";"expensive";"4.173842e-07"
"   2";"  74";" 2.70";" -25.527";"cloud";"4.363247e-07"
"   7";" 103";" 6.80";" -25.506";"enable";"4.409203e-07"
"   0";"  61";" 0.00";" -25.501";"payment";"4.421414e-07"
"  21";" 174";"12.07";" -25.412";"global";"4.630532e-07"
"  11";" 124";" 8.87";" -25.353";"cycle";"4.773224e-07"
"   6";"  97";" 6.19";" -25.329";"safety";"4.834331e-07"
"   2";"  73";" 2.74";" -25.111";"soviet";"5.411570e-07"
"   0";"  60";" 0.00";" -25.082";"fuel";"5.493481e-07"
"   3";"  79";" 3.80";" -25.069";"lab";"5.530471e-07"
"  15";" 143";"10.49";" -24.832";"fly";"6.254748e-07"
"   1";"  66";" 1.52";" -24.828";"gdp";"6.266991e-07"
"   5";"  89";" 5.62";" -24.382";"respond";"7.898639e-07"
"   3";"  77";" 3.90";" -24.246";"unit";"8.479401e-07"
"  44";" 275";"16.00";" -24.115";"versus";"9.077236e-07"
"   1";"  64";" 1.56";" -23.993";"hardware";"9.668462e-07"
"  29";" 207";"14.01";" -23.878";"bank";"1.026513e-06"
"   4";"  82";" 4.88";" -23.877";"steal";"1.026963e-06"
"   1";"  63";" 1.59";" -23.575";"submit";"1.201078e-06"
"   4";"  81";" 4.94";" -23.470";"solar";"1.269050e-06"
"   4";"  81";" 4.94";" -23.470";"labor";"1.269050e-06"
"   2";"  69";" 2.90";" -23.451";"adversary";"1.281233e-06"
"   3";"  75";" 4.00";" -23.423";"gain";"1.300152e-06"
"  13";" 129";"10.08";" -23.376";"require";"1.332234e-06"
"   8";" 103";" 7.77";" -23.367";"produce";"1.338876e-06"
"   1";"  62";" 1.61";" -23.158";"reactor";"1.492212e-06"
"  25";" 186";"13.44";" -23.052";"goal";"1.576670e-06"
"  12";" 123";" 9.76";" -23.031";"balance";"1.594185e-06"
"   3";"  74";" 4.05";" -23.012";"generate";"1.609972e-06"
"  21";" 167";"12.57";" -22.986";"agency";"1.632216e-06"
"  47";" 284";"16.55";" -22.916";"half";"1.692145e-06"
"  18";" 152";"11.84";" -22.768";"investment";"1.827623e-06"
"   7";"  96";" 7.29";" -22.740";"effectively";"1.855086e-06"
"  11";" 117";" 9.40";" -22.699";"source";"1.894323e-06"
"  15";" 137";"10.95";" -22.647";"effect";"1.946430e-06"
"   2";"  67";" 2.99";" -22.622";"criminal";"1.972155e-06"
"   7";"  95";" 7.37";" -22.346";"inflation";"2.276383e-06"
"  83";" 433";"19.17";" -22.281";"base";"2.354978e-06"
"   4";"  78";" 5.13";" -22.249";"expand";"2.394216e-06"
"   2";"  66";" 3.03";" -22.208";"fee";"2.447036e-06"
"   0";"  53";" 0.00";" -22.152";"bitcoin";"2.519357e-06"
"   5";"  83";" 6.02";" -21.966";"army";"2.774620e-06"
"   8";"  99";" 8.08";" -21.811";"specific";"3.008541e-06"
"   2";"  65";" 3.08";" -21.793";"robotics";"3.036471e-06"
"  35";" 227";"15.42";" -21.635";"political";"3.297485e-06"
"  24";" 177";"13.56";" -21.608";"charge";"3.345082e-06"
" 188";" 845";"22.25";" -21.576";"change";"3.400531e-06"
"  26";" 186";"13.98";" -21.529";"benefit";"3.484531e-06"
"   1";"  58";" 1.72";" -21.489";"production";"3.559195e-06"
"   8";"  98";" 8.16";" -21.424";"equity";"3.681638e-06"
"   3";"  70";" 4.29";" -21.370";"election";"3.785976e-06"
" 284";"1209";"23.49";" -21.358";"business";"3.810381e-06"
"   6";"  87";" 6.90";" -21.344";"flow";"3.838234e-06"
"   0";"  51";" 0.00";" -21.315";"legislation";"3.897580e-06"
"   5";"  81";" 6.17";" -21.165";"contract";"4.214997e-06"
"   5";"  81";" 6.17";" -21.165";"block";"4.214997e-06"
"  23";" 171";"13.45";" -21.159";"trust";"4.226716e-06"
"   8";"  97";" 8.25";" -21.037";"strategy";"4.504365e-06"
"   3";"  69";" 4.35";" -20.961";"commercial";"4.688491e-06"
"   0";"  50";" 0.00";" -20.896";"storage";"4.848935e-06"
"   0";"  50";" 0.00";" -20.896";"environmental";"4.848935e-06"
"  15";" 132";"11.36";" -20.850";"iran";"4.966524e-06"
"   4";"  74";" 5.41";" -20.628";"crypto";"5.578405e-06"
"   4";"  74";" 5.41";" -20.628";"conflict";"5.578405e-06"
"  89";" 450";"19.78";" -20.502";"solve";"5.957191e-06"
"   0";"  49";" 0.00";" -20.478";"cure";"6.033466e-06"
"  43";" 258";"16.67";" -20.426";"military";"6.198013e-06"
"   5";"  79";" 6.33";" -20.364";"ally";"6.400675e-06"
"  17";" 140";"12.14";" -20.253";"provide";"6.783157e-06"
"   4";"  73";" 5.48";" -20.223";"spacex";"6.891265e-06"
"   9";" 100";" 9.00";" -20.177";"revenue";"7.059760e-06"
"   0";"  48";" 0.00";" -20.059";"mobile";"7.508610e-06"
"  66";" 353";"18.70";" -19.825";"fund";"8.484556e-06"
"   1";"  54";" 1.85";" -19.821";"net";"8.506214e-06"
"  10";" 104";" 9.62";" -19.742";"communist";"8.862873e-06"
"   2";"  60";" 3.33";" -19.725";"illegal";"8.943095e-06"
"  69";" 365";"18.90";" -19.723";"health";"8.950529e-06"
"   7";"  88";" 7.95";" -19.611";"chain";"9.490010e-06"
"   5";"  77";" 6.49";" -19.567";"logistic";"9.715717e-06"
"   8";"  93";" 8.60";" -19.498";"target";"1.006970e-05"
" 148";" 679";"21.80";" -19.490";"area";"1.011442e-05"
"   4";"  71";" 5.63";" -19.415";"technological";"1.051506e-05"
"   1";"  53";" 1.89";" -19.404";"tank";"1.057993e-05"
"  11";" 108";"10.19";" -19.342";"threat";"1.092602e-05"
"   2";"  59";" 3.39";" -19.312";"mode";"1.110230e-05"
"   0";"  46";" 0.00";" -19.222";"heat";"1.163519e-05"
"   0";"  46";" 0.00";" -19.222";"decentralize";"1.163519e-05"
"   8";"  92";" 8.70";" -19.115";"truck";"1.230551e-05"
"   4";"  70";" 5.71";" -19.012";"aspect";"1.298773e-05"
"   1";"  52";" 1.92";" -18.987";"electronic";"1.316117e-05"
"   6";"  81";" 7.41";" -18.979";"moon";"1.321961e-05"
"   6";"  81";" 7.41";" -18.979";"border";"1.321961e-05"
"   6";"  81";" 7.41";" -18.979";"element";"1.321961e-05"
"  11";" 107";"10.28";" -18.974";"fundamental";"1.325330e-05"
"  18";" 141";"12.77";" -18.956";"individual";"1.337745e-05"
"  35";" 218";"16.06";" -18.930";"decision";"1.356340e-05"
"   3";"  64";" 4.69";" -18.916";"satellite";"1.365823e-05"
"   3";"  64";" 4.69";" -18.916";"algorithm";"1.365823e-05"
"   2";"  58";" 3.45";" -18.899";"regulate";"1.378397e-05"
"   0";"  45";" 0.00";" -18.804";"metal";"1.448777e-05"
"   0";"  45";" 0.00";" -18.804";"exception";"1.448777e-05"
"   0";"  45";" 0.00";" -18.804";"administrative";"1.448777e-05"
"   0";"  45";" 0.00";" -18.804";"complexity";"1.448777e-05"
"  19";" 145";"13.10";" -18.715";"resource";"1.517943e-05"
"  44";" 256";"17.19";" -18.648";"test";"1.571994e-05"
"  26";" 177";"14.69";" -18.643";"entire";"1.576145e-05"
"   4";"  69";" 5.80";" -18.610";"predict";"1.604094e-05"
"   6";"  80";" 7.50";" -18.587";"ukraine";"1.623622e-05"
"   1";"  51";" 1.96";" -18.570";"multi";"1.637470e-05"
"   2";"  57";" 3.51";" -18.486";"aircraft";"1.711485e-05"
"   7";"  85";" 8.24";" -18.450";"bureaucracy";"1.744577e-05"
"   5";"  74";" 6.76";" -18.374";"gold";"1.815420e-05"
"   9";"  95";" 9.47";" -18.288";"cancer";"1.899348e-05"
"  12";" 110";"10.91";" -18.248";"dynamic";"1.938893e-05"
"  27";" 180";"15.00";" -18.171";"percent";"2.019775e-05"
"  34";" 211";"16.11";" -18.158";"project";"2.033272e-05"
"   1";"  50";" 2.00";" -18.154";"electric";"2.037618e-05"
"   1";"  50";" 2.00";" -18.154";"terrorist";"2.037618e-05"
"   0";"  43";" 0.00";" -17.967";"protection";"2.247594e-05"
"   0";"  43";" 0.00";" -17.967";"eliminate";"2.247594e-05"
"  29";" 188";"15.43";" -17.880";"trade";"2.352196e-05"
"  20";" 147";"13.61";" -17.826";"multiple";"2.420203e-05"
"   4";"  67";" 5.97";" -17.806";"margin";"2.446478e-05"
"   6";"  78";" 7.69";" -17.805";"plant";"2.447822e-05"
"  26";" 174";"14.94";" -17.702";"grind";"2.583652e-05"
"   3";"  61";" 4.92";" -17.694";"reduce";"2.594599e-05"
"   3";"  61";" 4.92";" -17.694";"print";"2.594599e-05"
"   2";"  55";" 3.64";" -17.661";"device";"2.639287e-05"
"  20";" 146";"13.70";" -17.497";"sector";"2.877938e-05"
"  26";" 173";"15.03";" -17.391";"google";"3.043146e-05"
"  26";" 173";"15.03";" -17.391";"develop";"3.043146e-05"
"  79";" 396";"19.95";" -17.380";"deal";"3.060628e-05"
"  15";" 122";"12.30";" -17.331";"shoot";"3.139476e-05"
"   1";"  48";" 2.08";" -17.321";"carbon";"3.156775e-05"
"   3";"  60";" 5.00";" -17.287";"factory";"3.213438e-05"
"   3";"  60";" 5.00";" -17.287";"architecture";"3.213438e-05"
"  13";" 112";"11.61";" -17.208";"return";"3.350105e-05"
"  20";" 145";"13.79";" -17.169";"extreme";"3.420481e-05"
"  10";"  97";"10.31";" -17.144";"operation";"3.465406e-05"
"   0";"  41";" 0.00";" -17.130";"acquisition";"3.489859e-05"
"   1";"  47";" 2.13";" -16.905";"radar";"3.930263e-05"
"   1";"  47";" 2.13";" -16.905";"maintain";"3.930263e-05"
"   1";"  47";" 2.13";" -16.905";"provider";"3.930263e-05"
"  30";" 189";"15.87";" -16.847";"environment";"4.051990e-05"
"  20";" 144";"13.89";" -16.842";"store";"4.063166e-05"
"  54";" 291";"18.56";" -16.743";"defense";"4.279833e-05"
"  19";" 139";"13.67";" -16.717";"inside";"4.338546e-05"
"  15";" 120";"12.50";" -16.641";"obvious";"4.515353e-05"
"   6";"  75";" 8.00";" -16.638";"effective";"4.524573e-05"
"   1";"  46";" 2.17";" -16.489";"authoritarian";"4.894208e-05"
"   1";"  46";" 2.17";" -16.489";"strategic";"4.894208e-05"
"   3";"  58";" 5.17";" -16.475";"ocean";"4.929217e-05"
"  31";" 192";"16.15";" -16.435";"incentive";"5.035889e-05"
"  93";" 447";"20.81";" -16.264";"open";"5.508724e-05"
"  13";" 109";"11.93";" -16.151";"debt";"5.847866e-05"
"  13";" 109";"11.93";" -16.151";"speed";"5.847866e-05"
"   7";"  79";" 8.86";" -16.148";"weapon";"5.857625e-05"
"  12";" 104";"11.54";" -16.099";"capitalism";"6.012898e-05"
"   1";"  45";" 2.22";" -16.073";"missile";"6.095786e-05"
"   9";"  89";"10.11";" -16.052";"dangerous";"6.163739e-05"
"  32";" 195";"16.41";" -16.036";"hold";"6.216384e-05"
"  23";" 155";"14.84";" -15.987";"structure";"6.377967e-05"
"  33";" 199";"16.58";" -15.936";"plan";"6.553311e-05"
"   0";"  38";" 0.00";" -15.876";"enforce";"6.764341e-05"
"  31";" 190";"16.32";" -15.849";"similar";"6.858648e-05"
"  17";" 127";"13.39";" -15.822";"crisis";"6.958732e-05"
"   8";"  83";" 9.64";" -15.710";"direct";"7.384766e-05"
"  11";"  98";"11.22";" -15.704";"reform";"7.407499e-05"
"  10";"  93";"10.75";" -15.682";"potential";"7.492791e-05"
"   3";"  56";" 5.36";" -15.665";"mass";"7.561249e-05"
"   1";"  44";" 2.27";" -15.657";"gpt";"7.593945e-05"
"   6";"  72";" 8.33";" -15.478";"range";"8.346675e-05"
"   6";"  72";" 8.33";" -15.478";"committee";"8.346675e-05"
"   0";"  37";" 0.00";" -15.457";"estimate";"8.438423e-05"
"   0";"  37";" 0.00";" -15.457";"export";"8.438423e-05"
"  13";" 107";"12.15";" -15.453";"fit";"8.457721e-05"
"   4";"  61";" 6.56";" -15.408";"stack";"8.663595e-05"
"  85";" 411";"20.68";" -15.372";"set";"8.830621e-05"
"  11";"  97";"11.34";" -15.346";"technical";"8.949469e-05"
"  18";" 130";"13.85";" -15.282";"enterprise";"9.259956e-05"
"   3";"  55";" 5.45";" -15.261";"regulator";"9.364881e-05"
"   5";"  66";" 7.58";" -15.222";"cyber";"9.557181e-05"
"   5";"  66";" 7.58";" -15.222";"handle";"9.557181e-05"
"   5";"  66";" 7.58";" -15.222";"senate";"9.557181e-05"
"   5";"  66";" 7.58";" -15.222";"competitive";"9.557181e-05"
"  84";" 406";"20.69";" -15.153";"bunch";"9.912088e-05"
"  45";" 247";"18.22";" -15.089";"train";"1.025632e-04"
"   0";"  36";" 0.00";" -15.039";"transaction";"1.052985e-04"
"   0";"  36";" 0.00";" -15.039";"equipment";"1.052985e-04"
"   4";"  60";" 6.67";" -15.010";"construction";"1.069273e-04"
"  10";"  91";"10.99";" -14.959";"battle";"1.099013e-04"
"  39";" 221";"17.65";" -14.899";"cut";"1.134004e-04"
"   5";"  65";" 7.69";" -14.832";"component";"1.175364e-04"
"  27";" 169";"15.98";" -14.827";"national";"1.178169e-04"
"   2";"  48";" 4.17";" -14.784";"user";"1.205689e-04"
"   6";"  70";" 8.57";" -14.710";"elect";"1.253917e-04"
"  11";"  95";"11.58";" -14.635";"waste";"1.304472e-04"
"   0";"  35";" 0.00";" -14.621";"sas";"1.314361e-04"
"   4";"  59";" 6.78";" -14.614";"automate";"1.319573e-04"
"   9";"  85";"10.59";" -14.583";"broad";"1.341061e-04"
" 175";" 755";"23.18";" -14.578";"long";"1.344413e-04"
"1821";"6618";"27.52";" -14.556";"thing";"1.360564e-04"
"  72";" 355";"20.28";" -14.492";"month";"1.407214e-04"
"   3";"  53";" 5.66";" -14.454";"shareholder";"1.436538e-04"
"   3";"  53";" 5.66";" -14.454";"easily";"1.436538e-04"
"  13";" 104";"12.50";" -14.416";"management";"1.465442e-04"
"  31";" 185";"16.76";" -14.411";"save";"1.469339e-04"
"   2";"  47";" 4.26";" -14.374";"virus";"1.498562e-04"
"   2";"  47";" 4.26";" -14.374";"boom";"1.498562e-04"
"  12";"  99";"12.12";" -14.341";"application";"1.524759e-04"
"  32";" 189";"16.93";" -14.322";"form";"1.540358e-04"
"  11";"  94";"11.70";" -14.282";"property";"1.573743e-04"
"   9";"  84";"10.71";" -14.219";"iterate";"1.627030e-04"
"   0";"  34";" 0.00";" -14.203";"error";"1.641143e-04"
"   0";"  34";" 0.00";" -14.203";"centralize";"1.641143e-04"
"  13";" 103";"12.62";" -14.073";"blow";"1.758211e-04"
"   3";"  52";" 5.77";" -14.051";"covid";"1.779185e-04"
"  53";" 276";"19.20";" -14.045";"attack";"1.784762e-04"
"  41";" 226";"18.14";" -13.988";"design";"1.839925e-04"
"   6";"  68";" 8.82";" -13.946";"rocket";"1.881700e-04"
"  10";"  88";"11.36";" -13.883";"mile";"1.945587e-04"
"  10";"  88";"11.36";" -13.883";"directly";"1.945587e-04"
"  28";" 170";"16.47";" -13.841";"compete";"1.989623e-04"
"  69";" 340";"20.29";" -13.837";"president";"1.994129e-04"
"  14";" 107";"13.08";" -13.828";"rid";"2.003077e-04"
"   4";"  57";" 7.02";" -13.823";"autonomy";"2.008976e-04"
"   0";"  33";" 0.00";" -13.785";"occur";"2.049863e-04"
"   0";"  33";" 0.00";" -13.785";"enforcement";"2.049863e-04"
"  29";" 174";"16.67";" -13.743";"version";"2.095868e-04"
"  22";" 143";"15.38";" -13.663";"wave";"2.187486e-04"
"   3";"  51";" 5.88";" -13.649";"optimize";"2.203540e-04"
"   6";"  67";" 8.96";" -13.565";"leverage";"2.304093e-04"
"   2";"  45";" 4.44";" -13.556";"file";"2.315856e-04"
"   2";"  45";" 4.44";" -13.556";"consequence";"2.315856e-04"
"  28";" 169";"16.57";" -13.553";"brain";"2.319050e-04"
"  10";"  87";"11.49";" -13.527";"physical";"2.351307e-04"
"  55";" 282";"19.50";" -13.523";"decade";"2.357046e-04"
"   7";"  72";" 9.72";" -13.509";"card";"2.374781e-04"
"   7";"  72";" 9.72";" -13.509";"specifically";"2.374781e-04"
"   7";"  72";" 9.72";" -13.509";"pressure";"2.374781e-04"
"  14";" 106";"13.21";" -13.493";"blue";"2.394988e-04"
"   4";"  56";" 7.14";" -13.428";"camp";"2.478361e-04"
"   4";"  56";" 7.14";" -13.428";"approve";"2.478361e-04"
"   0";"  32";" 0.00";" -13.367";"mortgage";"2.561290e-04"
"   0";"  32";" 0.00";" -13.367";"naive";"2.561290e-04"
"  38";" 211";"18.01";" -13.361";"solution";"2.569260e-04"
"  18";" 124";"14.52";" -13.349";"theory";"2.585486e-04"
"  25";" 155";"16.13";" -13.287";"local";"2.672290e-04"
"   5";"  61";" 8.20";" -13.280";"sue";"2.683172e-04"
"   5";"  61";" 8.20";" -13.280";"venezuela";"2.683172e-04"
"   3";"  50";" 6.00";" -13.248";"pre";"2.729075e-04"
"   3";"  50";" 6.00";" -13.248";"politically";"2.729075e-04"
"  29";" 172";"16.86";" -13.175";"eventually";"2.836375e-04"
"   1";"  38";" 2.63";" -13.165";"sensor";"2.852627e-04"
"   2";"  44";" 4.55";" -13.147";"ccp";"2.879466e-04"
"  25";" 154";"16.23";" -12.994";"europe";"3.124526e-04"
"  74";" 356";"20.79";" -12.976";"force";"3.154359e-04"
"   0";"  31";" 0.00";" -12.949";"ipod";"3.201530e-04"
"   0";"  31";" 0.00";" -12.949";"sanction";"3.201530e-04"
"   0";"  31";" 0.00";" -12.949";"swarm";"3.201530e-04"
"  42";" 226";"18.58";" -12.914";"hit";"3.260990e-04"
"   5";"  60";" 8.33";" -12.894";"gas";"3.296247e-04"
"   5";"  60";" 8.33";" -12.894";"crime";"3.296247e-04"
"   5";"  60";" 8.33";" -12.894";"authority";"3.296247e-04"
"   3";"  49";" 6.12";" -12.847";"interface";"3.379894e-04"
"   3";"  49";" 6.12";" -12.847";"trial";"3.379894e-04"
"  10";"  85";"11.76";" -12.820";"experiment";"3.428845e-04"
"  59";" 295";"20.00";" -12.773";"lose";"3.516312e-04"
"   4";"  54";" 7.41";" -12.643";"license";"3.770190e-04"
"  33";" 187";"17.65";" -12.595";"party";"3.867618e-04"
"  21";" 135";"15.56";" -12.584";"department";"3.890908e-04"
"   0";"  30";" 0.00";" -12.531";"terrain";"4.003420e-04"
"   0";"  30";" 0.00";" -12.531";"stripe";"4.003420e-04"
"   0";"  30";" 0.00";" -12.531";"clinical";"4.003420e-04"
"   0";"  30";" 0.00";" -12.531";"camera";"4.003420e-04"
"   0";"  30";" 0.00";" -12.531";"pharmaceutical";"4.003420e-04"
"  40";" 216";"18.52";" -12.489";"social";"4.094227e-04"
"  10";"  84";"11.90";" -12.469";"double";"4.137254e-04"
"  10";"  84";"11.90";" -12.469";"valuable";"4.137254e-04"
"   9";"  79";"11.39";" -12.420";"status";"4.246905e-04"
"   7";"  69";"10.14";" -12.396";"plane";"4.303257e-04"
"   7";"  69";"10.14";" -12.396";"task";"4.303257e-04"
"   8";"  74";"10.81";" -12.394";"amazon";"4.306755e-04"
"   2";"  42";" 4.76";" -12.332";"efficiently";"4.453338e-04"
"   2";"  42";" 4.76";" -12.332";"cap";"4.453338e-04"
"   2";"  42";" 4.76";" -12.332";"sustainable";"4.453338e-04"
"  12";"  93";"12.90";" -12.281";"oppose";"4.575206e-04"
"  17";" 116";"14.66";" -12.254";"dod";"4.643700e-04"
"  11";"  88";"12.50";" -12.193";"replace";"4.797552e-04"
"  14";" 102";"13.73";" -12.167";"clean";"4.864119e-04"
"   5";"  58";" 8.62";" -12.127";"map";"4.970795e-04"
"   0";"  29";" 0.00";" -12.113";"korea";"5.008306e-04"
"   9";"  78";"11.54";" -12.065";"insane";"5.137399e-04"
"   6";"  63";" 9.52";" -12.056";"metric";"5.162718e-04"
"   6";"  63";" 9.52";" -12.056";"loop";"5.162718e-04"
"  13";"  97";"13.40";" -12.050";"material";"5.179354e-04"
"   3";"  47";" 6.38";" -12.048";"commerce";"5.183818e-04"
"   7";"  68";"10.29";" -12.028";"feed";"5.241922e-04"
"   2";"  41";" 4.88";" -11.925";"mechanism";"5.539397e-04"
"   2";"  41";" 4.88";" -11.925";"reverse";"5.539397e-04"
"   1";"  35";" 2.86";" -11.921";"quantum";"5.549607e-04"
"   1";"  35";" 2.86";" -11.921";"delivery";"5.549607e-04"
"   1";"  35";" 2.86";" -11.921";"lawsuit";"5.549607e-04"
"   4";"  52";" 7.69";" -11.861";"currency";"5.731820e-04"
"  11";"  87";"12.64";" -11.850";"address";"5.765155e-04"
"  13";"  96";"13.54";" -11.719";"fundamentally";"6.187342e-04"
"   9";"  77";"11.69";" -11.712";"body";"6.211165e-04"
"   9";"  77";"11.69";" -11.712";"majority";"6.211165e-04"
"   0";"  28";" 0.00";" -11.695";"workflow";"6.268285e-04"
"   0";"  28";" 0.00";" -11.695";"emergency";"6.268285e-04"
"   0";"  28";" 0.00";" -11.695";"artificial";"6.268285e-04"
"   8";"  72";"11.11";" -11.673";"homeless";"6.341393e-04"
"   3";"  46";" 6.52";" -11.650";"curve";"6.419551e-04"
"   3";"  46";" 6.52";" -11.650";"efficiency";"6.419551e-04"
"  15";" 105";"14.29";" -11.649";"capture";"6.423522e-04"
"  12";"  91";"13.19";" -11.608";"bond";"6.566785e-04"
"   1";"  34";" 2.94";" -11.507";"dominant";"6.932453e-04"
"   1";"  34";" 2.94";" -11.507";"flight";"6.932453e-04"
"   1";"  34";" 2.94";" -11.507";"invade";"6.932453e-04"
"   4";"  51";" 7.84";" -11.472";"pace";"7.065519e-04"
"  13";"  95";"13.68";" -11.389";"feedback";"7.386402e-04"
" 783";"2930";"26.72";" -11.381";"year";"7.421679e-04"
"  17";" 113";"15.04";" -11.316";"concern";"7.684466e-04"
"   8";"  71";"11.27";" -11.315";"function";"7.688843e-04"
"   7";"  66";"10.61";" -11.296";"accountable";"7.767490e-04"
"   0";"  27";" 0.00";" -11.277";"nvidia";"7.849070e-04"
"   0";"  27";" 0.00";" -11.277";"broker";"7.849070e-04"
"   0";"  27";" 0.00";" -11.277";"socialism";"7.849070e-04"
"   0";"  27";" 0.00";" -11.277";"operational";"7.849070e-04"
"   0";"  27";" 0.00";" -11.277";"amendment";"7.849070e-04"
"   0";"  27";" 0.00";" -11.277";"shortage";"7.849070e-04"
"   0";"  27";" 0.00";" -11.277";"agreement";"7.849070e-04"
"   0";"  27";" 0.00";" -11.277";"transformer";"7.849070e-04"
"   0";"  27";" 0.00";" -11.277";"split";"7.849070e-04"
"   3";"  45";" 6.67";" -11.253";"ii";"7.949576e-04"
"   2";"  39";" 5.13";" -11.113";"operator";"8.574436e-04"
"   2";"  39";" 5.13";" -11.113";"supreme";"8.574436e-04"
"  46";" 235";"19.57";" -11.094";"risk";"8.661145e-04"
"   1";"  33";" 3.03";" -11.094";"donald";"8.662992e-04"
"   1";"  33";" 3.03";" -11.094";"jet";"8.662992e-04"
"   4";"  50";" 8.00";" -11.084";"image";"8.707888e-04"
"   4";"  50";" 8.00";" -11.084";"iraq";"8.707888e-04"
"   4";"  50";" 8.00";" -11.084";"enormous";"8.707888e-04"
"   4";"  50";" 8.00";" -11.084";"barrier";"8.707888e-04"
"  24";" 143";"16.78";" -11.080";"water";"8.727006e-04"
"  61";" 295";"20.68";" -11.005";"literally";"9.085436e-04"
"   6";"  60";"10.00";" -10.939";"productive";"9.418207e-04"
" 122";" 531";"22.98";" -10.860";"crazy";"9.828400e-04"
"   0";"  26";" 0.00";" -10.859";"putin";"9.833633e-04"
"   0";"  26";" 0.00";" -10.859";"orbit";"9.833633e-04"
"   0";"  26";" 0.00";" -10.859";"battlefield";"9.833633e-04"
"   0";"  26";" 0.00";" -10.859";"adapt";"9.833633e-04"
"   3";"  44";" 6.82";" -10.857";"fraud";"9.843848e-04"
"   3";"  44";" 6.82";" -10.857";"politician";"9.843848e-04"
"  13";"  93";"13.98";" -10.737";"hospital";"1.050401e-03"
"   2";"  38";" 5.26";" -10.707";"permit";"1.067028e-03"
"   2";"  38";" 5.26";" -10.707";"damage";"1.067028e-03"
"  17";" 111";"15.32";" -10.701";"complex";"1.071048e-03"
"  42";" 217";"19.35";" -10.700";"investor";"1.071535e-03"
"   1";"  32";" 3.12";" -10.680";"hedge";"1.082965e-03"
"   1";"  32";" 3.12";" -10.680";"affordable";"1.082965e-03"
"   1";"  32";" 3.12";" -10.680";"augment";"1.082965e-03"
"   1";"  32";" 3.12";" -10.680";"vcs";"1.082965e-03"
"   1";"  32";" 3.12";" -10.680";"entity";"1.082965e-03"
"   9";"  74";"12.16";" -10.662";"combine";"1.093761e-03"
"   5";"  54";" 9.26";" -10.607";"notion";"1.126435e-03"
"   5";"  54";" 9.26";" -10.607";"physic";"1.126435e-03"
"   6";"  59";"10.17";" -10.569";"foot";"1.149823e-03"
" 125";" 540";"23.15";" -10.465";"focus";"1.216672e-03"
"   3";"  43";" 6.98";" -10.461";"offense";"1.218889e-03"
"   3";"  43";" 6.98";" -10.461";"flip";"1.218889e-03"
"   3";"  43";" 6.98";" -10.461";"vast";"1.218889e-03"
"  19";" 119";"15.97";" -10.441";"measure";"1.232315e-03"
"  19";" 119";"15.97";" -10.441";"position";"1.232315e-03"
"  19";" 119";"15.97";" -10.441";"financial";"1.232315e-03"
"   0";"  25";" 0.00";" -10.441";"deny";"1.232686e-03"
"   0";"  25";" 0.00";" -10.441";"violent";"1.232686e-03"
"   0";"  25";" 0.00";" -10.441";"discovery";"1.232686e-03"
"  17";" 110";"15.45";" -10.396";"limit";"1.262963e-03"
"   4";"  48";" 8.33";" -10.312";"developer";"1.321835e-03"
"   2";"  37";" 5.41";" -10.303";"execute";"1.328049e-03"
"   1";"  31";" 3.23";" -10.267";"quo";"1.354368e-03"
"   1";"  31";" 3.23";" -10.267";"terminal";"1.354368e-03"
"   1";"  31";" 3.23";" -10.267";"paradigm";"1.354368e-03"
"   5";"  53";" 9.43";" -10.231";"prior";"1.380899e-03"
"   5";"  53";" 9.43";" -10.231";"web";"1.380899e-03"
"   3";"  42";" 7.14";" -10.067";"incumbent";"1.509171e-03"
"   3";"  42";" 7.14";" -10.067";"active";"1.509171e-03"
"   3";"  42";" 7.14";" -10.067";"government_s";"1.509171e-03"
"   0";"  24";" 0.00";" -10.023";"fusion";"1.546151e-03"
"   0";"  24";" 0.00";" -10.023";"fbi";"1.546151e-03"
"   0";"  24";" 0.00";" -10.023";"procurement";"1.546151e-03"
"   0";"  24";" 0.00";" -10.023";"ramp";"1.546151e-03"
"   0";"  24";" 0.00";" -10.023";"automation";"1.546151e-03"
"   9";"  72";"12.50";"  -9.971";"screen";"1.589900e-03"
"   4";"  47";" 8.51";"  -9.928";"acquire";"1.628018e-03"
"   2";"  36";" 5.56";"  -9.900";"disrupt";"1.653190e-03"
"   2";"  36";" 5.56";"  -9.900";"harm";"1.653190e-03"
"   2";"  36";" 5.56";"  -9.900";"secure";"1.653190e-03"
"   2";"  36";" 5.56";"  -9.900";"thesis";"1.653190e-03"
"  19";" 117";"16.24";"  -9.854";"population";"1.694921e-03"
"   1";"  30";" 3.33";"  -9.854";"traffic";"1.694514e-03"
"   1";"  30";" 3.33";"  -9.854";"collapse";"1.694514e-03"
"   1";"  30";" 3.33";"  -9.854";"electricity";"1.694514e-03"
"   1";"  30";" 3.33";"  -9.854";"valuation";"1.694514e-03"
"   1";"  30";" 3.33";"  -9.854";"roughly";"1.694514e-03"
"   1";"  30";" 3.33";"  -9.854";"output";"1.694514e-03"
"   1";"  30";" 3.33";"  -9.854";"crack";"1.694514e-03"
"   7";"  62";"11.29";"  -9.853";"cash";"1.695156e-03"
"   7";"  62";"11.29";"  -9.853";"marketplace";"1.695156e-03"
"   6";"  57";"10.53";"  -9.836";"stupid";"1.711383e-03"
"  40";" 205";"19.51";"  -9.792";"pass";"1.752842e-03"
"  10";"  76";"13.16";"  -9.725";"edge";"1.817750e-03"
"  48";" 237";"20.25";"  -9.703";"private";"1.839505e-03"
"   3";"  41";" 7.32";"  -9.674";"bio";"1.868458e-03"
"   3";"  41";" 7.32";"  -9.674";"domain";"1.868458e-03"
"   3";"  41";" 7.32";"  -9.674";"tesla";"1.868458e-03"
"   0";"  23";" 0.00";"  -9.605";"radiation";"1.940584e-03"
"   0";"  23";" 0.00";"  -9.605";"embed";"1.940584e-03"
"  63";" 296";"21.28";"  -9.569";"general";"1.978429e-03"
"  82";" 370";"22.16";"  -9.545";"group";"2.004413e-03"
"   4";"  46";" 8.70";"  -9.545";"deficit";"2.004613e-03"
"  11";"  80";"13.75";"  -9.507";"mental";"2.046706e-03"
"  11";"  80";"13.75";"  -9.507";"rise";"2.046706e-03"
"  11";"  80";"13.75";"  -9.507";"main";"2.046706e-03"
"   7";"  61";"11.48";"  -9.498";"oil";"2.057439e-03"
"   7";"  61";"11.48";"  -9.498";"tiny";"2.057439e-03"
"   7";"  61";"11.48";"  -9.498";"accountability";"2.057439e-03"
"   2";"  35";" 5.71";"  -9.497";"electronics";"2.058278e-03"
"   2";"  35";" 5.71";"  -9.497";"remote";"2.058278e-03"
"   2";"  35";" 5.71";"  -9.497";"attempt";"2.058278e-03"
"   1";"  29";" 3.45";"  -9.442";"tik";"2.121055e-03"
"   1";"  29";" 3.45";"  -9.442";"unlock";"2.121055e-03"
"   1";"  29";" 3.45";"  -9.442";"corrupt";"2.121055e-03"
"   1";"  29";" 3.45";"  -9.442";"negotiate";"2.121055e-03"
"   1";"  29";" 3.45";"  -9.442";"monopoly";"2.121055e-03"
"   1";"  29";" 3.45";"  -9.442";"slowly";"2.121055e-03"
"   1";"  29";" 3.45";"  -9.442";"fleet";"2.121055e-03"
"   3";"  40";" 7.50";"  -9.283";"retire";"2.313100e-03"
"  77";" 349";"22.06";"  -9.245";"free";"2.361417e-03"
"   0";"  22";" 0.00";"  -9.187";"pension";"2.437344e-03"
"   0";"  22";" 0.00";"  -9.187";"delay";"2.437344e-03"
"   0";"  22";" 0.00";"  -9.187";"conspiracy";"2.437344e-03"
"   0";"  22";" 0.00";"  -9.187";"beam";"2.437344e-03"
"   0";"  22";" 0.00";"  -9.187";"atom";"2.437344e-03"
"   0";"  22";" 0.00";"  -9.187";"saving";"2.437344e-03"
"   0";"  22";" 0.00";"  -9.187";"ma";"2.437344e-03"
"   0";"  22";" 0.00";"  -9.187";"liquidity";"2.437344e-03"
"   0";"  22";" 0.00";"  -9.187";"wheel";"2.437344e-03"
"   0";"  22";" 0.00";"  -9.187";"significantly";"2.437344e-03"
"   0";"  22";" 0.00";"  -9.187";"electromagnetic";"2.437344e-03"
"  11";"  79";"13.92";"  -9.181";"income";"2.445400e-03"
"  11";"  79";"13.92";"  -9.181";"fill";"2.445400e-03"
"   4";"  45";" 8.89";"  -9.164";"intuition";"2.467646e-03"
"   4";"  45";" 8.89";"  -9.164";"analogy";"2.467646e-03"
"   4";"  45";" 8.89";"  -9.164";"immediately";"2.467646e-03"
"   4";"  45";" 8.89";"  -9.164";"app";"2.467646e-03"
"  15";"  97";"15.46";"  -9.152";"hurt";"2.484926e-03"
"   7";"  60";"11.67";"  -9.144";"performance";"2.495597e-03"
"  30";" 161";"18.63";"  -9.100";"safe";"2.556601e-03"
"   2";"  34";" 5.88";"  -9.095";"immune";"2.563064e-03"
"   2";"  34";" 5.88";"  -9.095";"load";"2.563064e-03"
"   2";"  34";" 5.88";"  -9.095";"profile";"2.563064e-03"
"   2";"  34";" 5.88";"  -9.095";"surface";"2.563064e-03"
"  18";" 110";"16.36";"  -9.089";"development";"2.571864e-03"
"   1";"  28";" 3.57";"  -9.030";"tok";"2.656258e-03"
"   1";"  28";" 3.57";"  -9.030";"iphone";"2.656258e-03"
"   1";"  28";" 3.57";"  -9.030";"corruption";"2.656258e-03"
"   1";"  28";" 3.57";"  -9.030";"transparent";"2.656258e-03"
"   1";"  28";" 3.57";"  -9.030";"cognition";"2.656258e-03"
"  32";" 169";"18.93";"  -9.029";"competition";"2.657679e-03"
"  16";" 101";"15.84";"  -9.022";"track";"2.667191e-03"
"   9";"  69";"13.04";"  -8.952";"moderate";"2.771609e-03"
"   9";"  69";"13.04";"  -8.952";"innovative";"2.771609e-03"
"   3";"  39";" 7.69";"  -8.893";"boat";"2.863300e-03"
"   3";"  39";" 7.69";"  -8.893";"increasingly";"2.863300e-03"
"   3";"  39";" 7.69";"  -8.893";"collect";"2.863300e-03"
"  32";" 168";"19.05";"  -8.784";"manage";"3.039506e-03"
"   0";"  21";" 0.00";"  -8.769";"hydrogen";"3.063592e-03"
"   0";"  21";" 0.00";"  -8.769";"lithium";"3.063592e-03"
"   0";"  21";" 0.00";"  -8.769";"retail";"3.063592e-03"
"   0";"  21";" 0.00";"  -8.769";"terrorism";"3.063592e-03"
"   0";"  21";" 0.00";"  -8.769";"messy";"3.063592e-03"
"   0";"  21";" 0.00";"  -8.769";"proposal";"3.063592e-03"
"   0";"  21";" 0.00";"  -8.769";"dependent";"3.063592e-03"
"   0";"  21";" 0.00";"  -8.769";"whimo";"3.063592e-03"
"   0";"  21";" 0.00";"  -8.769";"vessel";"3.063592e-03"
"   0";"  21";" 0.00";"  -8.769";"prototype";"3.063592e-03"
"   6";"  54";"11.11";"  -8.750";"biology";"3.095476e-03"
"  22";" 126";"17.46";"  -8.742";"doctor";"3.109148e-03"
"   2";"  33";" 6.06";"  -8.694";"implement";"3.192208e-03"
"  23";" 130";"17.69";"  -8.675";"revolution";"3.226088e-03"
"   1";"  27";" 3.70";"  -8.618";"lobbyist";"3.328237e-03"
"   1";"  27";" 3.70";"  -8.618";"10x";"3.328237e-03"
"   9";"  68";"13.24";"  -8.617";"release";"3.330572e-03"
"   9";"  68";"13.24";"  -8.617";"potentially";"3.330572e-03"
"  46";" 224";"20.54";"  -8.613";"yep";"3.338409e-03"
" 216";" 865";"24.97";"  -8.541";"bad";"3.471904e-03"
"   3";"  38";" 7.89";"  -8.504";"variety";"3.544007e-03"
"   3";"  38";" 7.89";"  -8.504";"legislator";"3.544007e-03"
"  22";" 125";"17.60";"  -8.472";"throw";"3.607190e-03"
"   7";"  58";"12.07";"  -8.443";"factor";"3.664414e-03"
"   7";"  58";"12.07";"  -8.443";"naturally";"3.664414e-03"
"  16";"  99";"16.16";"  -8.432";"facebook";"3.687014e-03"
"   4";"  43";" 9.30";"  -8.408";"ridiculous";"3.735866e-03"
"   4";"  43";" 9.30";"  -8.408";"nasa";"3.735866e-03"
"   6";"  53";"11.32";"  -8.393";"pattern";"3.767192e-03"
"   6";"  53";"11.32";"  -8.393";"conservative";"3.767192e-03"
"   5";"  48";"10.42";"  -8.377";"progressive";"3.799911e-03"
"   5";"  48";"10.42";"  -8.377";"possibility";"3.799911e-03"
"  12";"  81";"14.81";"  -8.364";"palunteer";"3.826390e-03"
"  12";"  81";"14.81";"  -8.364";"trend";"3.826390e-03"
"   0";"  20";" 0.00";"  -8.351";"yield";"3.853928e-03"
"   0";"  20";" 0.00";"  -8.351";"resume";"3.853928e-03"
"   0";"  20";" 0.00";"  -8.351";"variable";"3.853928e-03"
"   0";"  20";" 0.00";"  -8.351";"russians";"3.853928e-03"
"   0";"  20";" 0.00";"  -8.351";"gigantic";"3.853928e-03"
"   0";"  20";" 0.00";"  -8.351";"appoint";"3.853928e-03"
"   0";"  20";" 0.00";"  -8.351";"unprecedented";"3.853928e-03"
"   0";"  20";" 0.00";"  -8.351";"cheaply";"3.853928e-03"
"   2";"  32";" 6.25";"  -8.295";"commodity";"3.976500e-03"
"   2";"  32";" 6.25";"  -8.295";"combat";"3.976500e-03"
"   9";"  67";"13.43";"  -8.284";"ban";"3.998971e-03"
"  54";" 254";"21.26";"  -8.250";"single";"4.075039e-03"
"  27";" 145";"18.62";"  -8.211";"short";"4.163442e-03"
"   1";"  26";" 3.85";"  -8.207";"lobby";"4.172534e-03"
"   1";"  26";" 3.85";"  -8.207";"harness";"4.172534e-03"
"   1";"  26";" 3.85";"  -8.207";"welfare";"4.172534e-03"
"   1";"  26";" 3.85";"  -8.207";"transportation";"4.172534e-03"
"   1";"  26";" 3.85";"  -8.207";"standpoint";"4.172534e-03"
"  23";" 128";"17.97";"  -8.144";"employee";"4.320469e-03"
"   3";"  37";" 8.11";"  -8.117";"facility";"4.386025e-03"
"   3";"  37";" 8.11";"  -8.117";"plastic";"4.386025e-03"
"   3";"  37";" 8.11";"  -8.117";"scratch";"4.386025e-03"
"   3";"  37";" 8.11";"  -8.117";"largely";"4.386025e-03"
"   6";"  52";"11.54";"  -8.038";"heavy";"4.581762e-03"
"   6";"  52";"11.54";"  -8.038";"massively";"4.581762e-03"
"   4";"  42";" 9.52";"  -8.033";"dominate";"4.594367e-03"
"   5";"  47";"10.64";"  -8.012";"corporation";"4.645994e-03"
"   5";"  47";"10.64";"  -8.012";"exchange";"4.645994e-03"
"   5";"  47";"10.64";"  -8.012";"previous";"4.645994e-03"
"   5";"  47";"10.64";"  -8.012";"extra";"4.645994e-03"
"  48";" 229";"20.96";"  -7.986";"ability";"4.713966e-03"
"   9";"  66";"13.64";"  -7.954";"foreign";"4.797392e-03"
"  18";" 106";"16.98";"  -7.950";"red";"4.808674e-03"
"   0";"  19";" 0.00";"  -7.934";"guidance";"4.852526e-03"
"   0";"  19";" 0.00";"  -7.934";"fdr";"4.852526e-03"
"   0";"  19";" 0.00";"  -7.934";"pharmacy";"4.852526e-03"
"   0";"  19";" 0.00";"  -7.934";"kong";"4.852526e-03"
"   0";"  19";" 0.00";"  -7.934";"hong";"4.852526e-03"
"   0";"  19";" 0.00";"  -7.934";"invasion";"4.852526e-03"
"   0";"  19";" 0.00";"  -7.934";"adjudicate";"4.852526e-03"
"   0";"  19";" 0.00";"  -7.934";"weaponized";"4.852526e-03"
"   0";"  19";" 0.00";"  -7.934";"llm";"4.852526e-03"
"   0";"  19";" 0.00";"  -7.934";"bureaucratic";"4.852526e-03"
"   2";"  31";" 6.45";"  -7.896";"approval";"4.954396e-03"
"   2";"  31";" 6.45";"  -7.896";"magnitude";"4.954396e-03"
"   8";"  61";"13.11";"  -7.844";"dramatically";"5.099757e-03"
"  32";" 164";"19.51";"  -7.824";"fire";"5.154383e-03"
"   1";"  25";" 4.00";"  -7.797";"microwave";"5.234129e-03"
"   1";"  25";" 4.00";"  -7.797";"maximize";"5.234129e-03"
"   1";"  25";" 4.00";"  -7.797";"troop";"5.234129e-03"
"   1";"  25";" 4.00";"  -7.797";"expansion";"5.234129e-03"
"  36";" 180";"20.00";"  -7.769";"piece";"5.316412e-03"
"  12";"  79";"15.19";"  -7.745";"prime";"5.387495e-03"
"   3";"  36";" 8.33";"  -7.731";"pentagon";"5.427366e-03"
"   3";"  36";" 8.33";"  -7.731";"compound";"5.427366e-03"
"   3";"  36";" 8.33";"  -7.731";"sec";"5.427366e-03"
"   6";"  51";"11.76";"  -7.685";"central";"5.568722e-03"
"  18";" 105";"17.14";"  -7.672";"standard";"5.609140e-03"
"   4";"  41";" 9.76";"  -7.659";"flag";"5.648033e-03"
"   9";"  65";"13.85";"  -7.627";"competitor";"5.750072e-03"
"  87";" 378";"23.02";"  -7.601";"absolutely";"5.832475e-03"
"  19";" 109";"17.43";"  -7.596";"actual";"5.849989e-03"
"   0";"  18";" 0.00";"  -7.516";"nato";"6.115917e-03"
"   0";"  18";" 0.00";"  -7.516";"motor";"6.115917e-03"
"   0";"  18";" 0.00";"  -7.516";"medicare";"6.115917e-03"
"   0";"  18";" 0.00";"  -7.516";"insurer";"6.115917e-03"
"   0";"  18";" 0.00";"  -7.516";"agi";"6.115917e-03"
"   0";"  18";" 0.00";"  -7.516";"procedure";"6.115917e-03"
"   0";"  18";" 0.00";"  -7.516";"maduro";"6.115917e-03"
"   0";"  18";" 0.00";"  -7.516";"prosecute";"6.115917e-03"
"   0";"  18";" 0.00";"  -7.516";"lend";"6.115917e-03"
"   0";"  18";" 0.00";"  -7.516";"footprint";"6.115917e-03"
"   0";"  18";" 0.00";"  -7.516";"dump";"6.115917e-03"
"   0";"  18";" 0.00";"  -7.516";"assembly";"6.115917e-03"
"   0";"  18";" 0.00";"  -7.516";"xi";"6.115917e-03"
"   0";"  18";" 0.00";"  -7.516";"unintuitive";"6.115917e-03"
"   0";"  18";" 0.00";"  -7.516";"retain";"6.115917e-03"
"   0";"  18";" 0.00";"  -7.516";"electrify";"6.115917e-03"
"   0";"  18";" 0.00";"  -7.516";"aggregate";"6.115917e-03"
"   8";"  60";"13.33";"  -7.510";"phase";"6.136510e-03"
"   2";"  30";" 6.67";"  -7.499";"fda";"6.173934e-03"
"   2";"  30";" 6.67";"  -7.499";"seed";"6.173934e-03"
"   2";"  30";" 6.67";"  -7.499";"absorb";"6.173934e-03"
"   1";"  24";" 4.17";"  -7.387";"tumor";"6.570032e-03"
"   1";"  24";" 4.17";"  -7.387";"programmer";"6.570032e-03"
"   1";"  24";" 4.17";"  -7.387";"societal";"6.570032e-03"
"   1";"  24";" 4.17";"  -7.387";"payer";"6.570032e-03"
"   1";"  24";" 4.17";"  -7.387";"hamas";"6.570032e-03"
"   1";"  24";" 4.17";"  -7.387";"warm";"6.570032e-03"
"   1";"  24";" 4.17";"  -7.387";"punish";"6.570032e-03"
"   1";"  24";" 4.17";"  -7.387";"triple";"6.570032e-03"
"   1";"  24";" 4.17";"  -7.387";"tactic";"6.570032e-03"
"  15";"  91";"16.48";"  -7.378";"connect";"6.603541e-03"
"   3";"  35";" 8.57";"  -7.348";"fiscal";"6.714908e-03"
"   3";"  35";" 8.57";"  -7.348";"favor";"6.714908e-03"
"  34";" 170";"20.00";"  -7.335";"powerful";"6.762903e-03"
"   6";"  50";"12.00";"  -7.335";"pain";"6.763467e-03"
"  36";" 178";"20.22";"  -7.321";"mission";"6.816861e-03"
"   5";"  45";"11.11";"  -7.290";"initiative";"6.933591e-03"
"  11";"  73";"15.07";"  -7.278";"liberal";"6.982300e-03"
"  21";" 116";"18.10";"  -7.206";"basic";"7.266821e-03"
"  34";" 169";"20.12";"  -7.110";"send";"7.665695e-03"
"  96";" 409";"23.47";"  -7.106";"house";"7.684240e-03"
"   2";"  29";" 6.90";"  -7.103";"detect";"7.695133e-03"
"   2";"  29";" 6.90";"  -7.103";"filter";"7.695133e-03"
"   2";"  29";" 6.90";"  -7.103";"steel";"7.695133e-03"
"   2";"  29";" 6.90";"  -7.103";"carrier";"7.695133e-03"
"   2";"  29";" 6.90";"  -7.103";"fraction";"7.695133e-03"
"   2";"  29";" 6.90";"  -7.103";"buyer";"7.695133e-03"
"   2";"  29";" 6.90";"  -7.103";"requirement";"7.695133e-03"
"   2";"  29";" 6.90";"  -7.103";"accident";"7.695133e-03"
"   2";"  29";" 6.90";"  -7.103";"hyper";"7.695133e-03"
"   2";"  29";" 6.90";"  -7.103";"entry";"7.695133e-03"
"   0";"  17";" 0.00";"  -7.098";"pollution";"7.716645e-03"
"   0";"  17";" 0.00";"  -7.098";"nowadays";"7.716645e-03"
"   0";"  17";" 0.00";"  -7.098";"devon";"7.716645e-03"
"   0";"  17";" 0.00";"  -7.098";"precision";"7.716645e-03"
"   0";"  17";" 0.00";"  -7.098";"viable";"7.716645e-03"
"   0";"  17";" 0.00";"  -7.098";"mineral";"7.716645e-03"
"   0";"  17";" 0.00";"  -7.098";"incremental";"7.716645e-03"
"   0";"  17";" 0.00";"  -7.098";"analog";"7.716645e-03"
"   0";"  17";" 0.00";"  -7.098";"volume";"7.716645e-03"
"   0";"  17";" 0.00";"  -7.098";"ukrainians";"7.716645e-03"
"   0";"  17";" 0.00";"  -7.098";"purchase";"7.716645e-03"
"   0";"  17";" 0.00";"  -7.098";"accuse";"7.716645e-03"
"  26";" 136";"19.12";"  -7.009";"complicate";"8.111182e-03"
"   9";"  63";"14.29";"  -6.981";"poverty";"8.237082e-03"
"   9";"  63";"14.29";"  -6.981";"extent";"8.237082e-03"
"   1";"  23";" 4.35";"  -6.978";"fungus";"8.252596e-03"
"   1";"  23";" 4.35";"  -6.978";"tunnel";"8.252596e-03"
"   1";"  23";" 4.35";"  -6.978";"reliable";"8.252596e-03"
"   1";"  23";" 4.35";"  -6.978";"borrow";"8.252596e-03"
"   1";"  23";" 4.35";"  -6.978";"jam";"8.252596e-03"
"   3";"  34";" 8.82";"  -6.966";"logic";"8.306431e-03"
"  45";" 212";"21.23";"  -6.934";"california";"8.457125e-03"
"   5";"  44";"11.36";"  -6.933";"china_s";"8.462490e-03"
"   4";"  39";"10.26";"  -6.920";"trick";"8.525011e-03"
"  22";" 119";"18.49";"  -6.901";"nature";"8.616095e-03"
"  26";" 135";"19.26";"  -6.768";"worth";"9.283046e-03"
"  28";" 143";"19.58";"  -6.725";"research";"9.506160e-03"
"  29";" 147";"19.73";"  -6.709";"finance";"9.593355e-03"
"   2";"  28";" 7.14";"  -6.709";"franchise";"9.592995e-03"
"   2";"  28";" 7.14";"  -6.709";"govern";"9.592995e-03"
"   2";"  28";" 7.14";"  -6.709";"sky";"9.592995e-03"
"   2";"  28";" 7.14";"  -6.709";"initial";"9.592995e-03"
"   2";"  28";" 7.14";"  -6.709";"database";"9.592995e-03"
"   2";"  28";" 7.14";"  -6.709";"spin";"9.592995e-03"
"   2";"  28";" 7.14";"  -6.709";"pool";"9.592995e-03"
"   0";"  16";" 0.00";"  -6.680";"protein";"9.748087e-03"
"   0";"  16";" 0.00";"  -6.680";"propulsion";"9.748087e-03"
"   0";"  16";" 0.00";"  -6.680";"bacterium";"9.748087e-03"
"   0";"  16";" 0.00";"  -6.680";"workflows";"9.748087e-03"
"   0";"  16";" 0.00";"  -6.680";"risky";"9.748087e-03"
"   0";"  16";" 0.00";"  -6.680";"prescription";"9.748087e-03"
"   0";"  16";" 0.00";"  -6.680";"israelis";"9.748087e-03"
"   0";"  16";" 0.00";"  -6.680";"gravity";"9.748087e-03"
"   0";"  16";" 0.00";"  -6.680";"yodel";"9.748087e-03"
"   0";"  16";" 0.00";"  -6.680";"legally";"9.748087e-03"
"   0";"  16";" 0.00";"  -6.680";"vr";"9.748087e-03"
"   0";"  16";" 0.00";"  -6.680";"primarily";"9.748087e-03"
"   0";"  16";" 0.00";"  -6.680";"gray";"9.748087e-03"
"   0";"  16";" 0.00";"  -6.680";"chronic";"9.748087e-03"
"   0";"  16";" 0.00";"  -6.680";"b2b";"9.748087e-03"
"   0";"  16";" 0.00";"  -6.680";"abstract";"9.748087e-03"
"  17";"  97";"17.53";"  -6.651";"pro";"9.907617e-03"
"   6";"  48";"12.50";"  -6.643";"wind";"9.953908e-03"
"  18";" 101";"17.82";"  -6.587";"account";"1.027413e-02"
"   3";"  33";" 9.09";"  -6.587";"magic";"1.027310e-02"
"   3";"  33";" 9.09";"  -6.587";"upside";"1.027310e-02"
"   3";"  33";" 9.09";"  -6.587";"rapidly";"1.027310e-02"
"   3";"  33";" 9.09";"  -6.587";"assumption";"1.027310e-02"
"  24";" 126";"19.05";"  -6.580";"number";"1.031356e-02"
"   5";"  43";"11.63";"  -6.579";"sheet";"1.032158e-02"
"   1";"  22";" 4.55";"  -6.570";"shield";"1.037380e-02"
"   1";"  22";" 4.55";"  -6.570";"opt";"1.037380e-02"
"   1";"  22";" 4.55";"  -6.570";"dome";"1.037380e-02"
"   1";"  22";" 4.55";"  -6.570";"3d";"1.037380e-02"
"   1";"  22";" 4.55";"  -6.570";"spy";"1.037380e-02"
"   1";"  22";" 4.55";"  -6.570";"purely";"1.037380e-02"
"   1";"  22";" 4.55";"  -6.570";"iron";"1.037380e-02"
"   1";"  22";" 4.55";"  -6.570";"marxist";"1.037380e-02"
"   1";"  22";" 4.55";"  -6.570";"llms";"1.037380e-02"
"   1";"  22";" 4.55";"  -6.570";"iteration";"1.037380e-02"
"   1";"  22";" 4.55";"  -6.570";"goodness";"1.037380e-02"
"   4";"  38";"10.53";"  -6.554";"establish";"1.046620e-02"
"  12";"  75";"16.00";"  -6.540";"screw";"1.054902e-02"
"   8";"  57";"14.04";"  -6.526";"breakthrough";"1.063210e-02"
"   8";"  57";"14.04";"  -6.526";"significant";"1.063210e-02"
"  14";"  83";"16.87";"  -6.335";"medicine";"1.183797e-02"
"  18";" 100";"18.00";"  -6.323";"action";"1.191892e-02"
"   2";"  27";" 7.41";"  -6.317";"neuron";"1.196126e-02"
"   2";"  27";" 7.41";"  -6.317";"laser";"1.196126e-02"
"   2";"  27";" 7.41";"  -6.317";"prop";"1.196126e-02"
"   2";"  27";" 7.41";"  -6.317";"heavily";"1.196126e-02"
"   2";"  27";" 7.41";"  -6.317";"censorship";"1.196126e-02"
"   2";"  27";" 7.41";"  -6.317";"reserve";"1.196126e-02"
"   2";"  27";" 7.41";"  -6.317";"fairly";"1.196126e-02"
"   2";"  27";" 7.41";"  -6.317";"equation";"1.196126e-02"
"   0";"  15";" 0.00";"  -6.263";"wipe";"1.233087e-02"
"   0";"  15";" 0.00";"  -6.263";"molecule";"1.233087e-02"
"   0";"  15";" 0.00";"  -6.263";"artemis";"1.233087e-02"
"   0";"  15";" 0.00";"  -6.263";"subsidize";"1.233087e-02"
"   0";"  15";" 0.00";"  -6.263";"monitor";"1.233087e-02"
"   0";"  15";" 0.00";"  -6.263";"tighten";"1.233087e-02"
"   0";"  15";" 0.00";"  -6.263";"survival";"1.233087e-02"
"   0";"  15";" 0.00";"  -6.263";"monetary";"1.233087e-02"
"   0";"  15";" 0.00";"  -6.263";"cognitive";"1.233087e-02"
"   0";"  15";" 0.00";"  -6.263";"automotive";"1.233087e-02"
"   0";"  15";" 0.00";"  -6.263";"analytics";"1.233087e-02"
"   0";"  15";" 0.00";"  -6.263";"underhyped";"1.233087e-02"
"   0";"  15";" 0.00";"  -6.263";"trash";"1.233087e-02"
"   0";"  15";" 0.00";"  -6.263";"scope";"1.233087e-02"
"   0";"  15";" 0.00";"  -6.263";"revolutionize";"1.233087e-02"
"   0";"  15";" 0.00";"  -6.263";"propose";"1.233087e-02"
"   0";"  15";" 0.00";"  -6.263";"prediction";"1.233087e-02"
"   0";"  15";" 0.00";"  -6.263";"gps";"1.233087e-02"
"   0";"  15";" 0.00";"  -6.263";"dual";"1.233087e-02"
"   0";"  15";" 0.00";"  -6.263";"concentrate";"1.233087e-02"
"   0";"  15";" 0.00";"  -6.263";"clinton";"1.233087e-02"
"   0";"  15";" 0.00";"  -6.263";"cadence";"1.233087e-02"
"   0";"  15";" 0.00";"  -6.263";"bottleneck";"1.233087e-02"
"   0";"  15";" 0.00";"  -6.263";"abstraction";"1.233087e-02"
"   3";"  32";" 9.38";"  -6.210";"port";"1.270247e-02"
"   3";"  32";" 9.38";"  -6.210";"contractor";"1.270247e-02"
"   3";"  32";" 9.38";"  -6.210";"location";"1.270247e-02"
"   3";"  32";" 9.38";"  -6.210";"guard";"1.270247e-02"
"   8";"  56";"14.29";"  -6.204";"enemy";"1.274416e-02"
"   8";"  56";"14.29";"  -6.204";"shut";"1.274416e-02"
"   8";"  56";"14.29";"  -6.204";"dumb";"1.274416e-02"
"  10";"  65";"15.38";"  -6.197";"search";"1.279852e-02"
"   4";"  37";"10.81";"  -6.191";"method";"1.284267e-02"
"   4";"  37";"10.81";"  -6.191";"commission";"1.284267e-02"
"   4";"  37";"10.81";"  -6.191";"taxpayer";"1.284267e-02"
"   4";"  37";"10.81";"  -6.191";"objective";"1.284267e-02"
"  21";" 112";"18.75";"  -6.186";"profit";"1.287643e-02"
"  21";" 112";"18.75";"  -6.186";"context";"1.287643e-02"
"   1";"  21";" 4.76";"  -6.162";"grid";"1.305079e-02"
"   1";"  21";" 4.76";"  -6.162";"shopify";"1.305079e-02"
"   1";"  21";" 4.76";"  -6.162";"diabetes";"1.305079e-02"
"   1";"  21";" 4.76";"  -6.162";"hike";"1.305079e-02"
"   1";"  21";" 4.76";"  -6.162";"darpa";"1.305079e-02"
"   1";"  21";" 4.76";"  -6.162";"iranians";"1.305079e-02"
"  17";"  95";"17.89";"  -6.117";"evolve";"1.338965e-02"
"  11";"  69";"15.94";"  -6.068";"owner";"1.376884e-02"
"  32";" 156";"20.51";"  -6.017";"critical";"1.416548e-02"
"  47";" 215";"21.86";"  -5.989";"key";"1.439146e-02"
"   6";"  46";"13.04";"  -5.964";"vertical";"1.459947e-02"
"   2";"  26";" 7.69";"  -5.926";"rapid";"1.491710e-02"
"   2";"  26";" 7.69";"  -5.926";"stable";"1.491710e-02"
"   2";"  26";" 7.69";"  -5.926";"loss";"1.491710e-02"
"   2";"  26";" 7.69";"  -5.926";"constraint";"1.491710e-02"
"   2";"  26";" 7.69";"  -5.926";"governance";"1.491710e-02"
"   2";"  26";" 7.69";"  -5.926";"technique";"1.491710e-02"
"   8";"  55";"14.55";"  -5.886";"adopt";"1.525909e-02"
"   5";"  41";"12.20";"  -5.879";"germany";"1.532073e-02"
"   5";"  41";"12.20";"  -5.879";"proven";"1.532073e-02"
"   5";"  41";"12.20";"  -5.879";"conquer";"1.532073e-02"
"  24";" 123";"19.51";"  -5.862";"improve";"1.547491e-02"
"   0";"  14";" 0.00";"  -5.845";"cabinet";"1.562148e-02"
"   0";"  14";" 0.00";"  -5.845";"emission";"1.562148e-02"
"   0";"  14";" 0.00";"  -5.845";"vp";"1.562148e-02"
"   0";"  14";" 0.00";"  -5.845";"useless";"1.562148e-02"
"   0";"  14";" 0.00";"  -5.845";"transplant";"1.562148e-02"
"   0";"  14";" 0.00";"  -5.845";"slip";"1.562148e-02"
"   0";"  14";" 0.00";"  -5.845";"sauce";"1.562148e-02"
"   0";"  14";" 0.00";"  -5.845";"paperwork";"1.562148e-02"
"   0";"  14";" 0.00";"  -5.845";"owe";"1.562148e-02"
"   0";"  14";" 0.00";"  -5.845";"log";"1.562148e-02"
"   0";"  14";" 0.00";"  -5.845";"liability";"1.562148e-02"
"   0";"  14";" 0.00";"  -5.845";"homeowner";"1.562148e-02"
"   0";"  14";" 0.00";"  -5.845";"headcount";"1.562148e-02"
"   0";"  14";" 0.00";"  -5.845";"graphic";"1.562148e-02"
"   0";"  14";" 0.00";"  -5.845";"threshold";"1.562148e-02"
"   0";"  14";" 0.00";"  -5.845";"scarcity";"1.562148e-02"
"   0";"  14";" 0.00";"  -5.845";"ghost";"1.562148e-02"
"   0";"  14";" 0.00";"  -5.845";"gang";"1.562148e-02"
"   0";"  14";" 0.00";"  -5.845";"disclosure";"1.562148e-02"
"   0";"  14";" 0.00";"  -5.845";"unleash";"1.562148e-02"
"   0";"  14";" 0.00";"  -5.845";"tick";"1.562148e-02"
"   0";"  14";" 0.00";"  -5.845";"sufficient";"1.562148e-02"
"   0";"  14";" 0.00";"  -5.845";"successfully";"1.562148e-02"
"   0";"  14";" 0.00";"  -5.845";"realistic";"1.562148e-02"
"   0";"  14";" 0.00";"  -5.845";"horizontal";"1.562148e-02"
"   0";"  14";" 0.00";"  -5.845";"gbt";"1.562148e-02"
"   0";"  14";" 0.00";"  -5.845";"expense";"1.562148e-02"
"   0";"  14";" 0.00";"  -5.845";"excavator";"1.562148e-02"
"   0";"  14";" 0.00";"  -5.845";"doc";"1.562148e-02"
"   0";"  14";" 0.00";"  -5.845";"chemistry";"1.562148e-02"
"   0";"  14";" 0.00";"  -5.845";"blast";"1.562148e-02"
"   0";"  14";" 0.00";"  -5.845";"appreciation";"1.562148e-02"
"   3";"  31";" 9.68";"  -5.836";"muscle";"1.570221e-02"
"   3";"  31";" 9.68";"  -5.836";"intelligent";"1.570221e-02"
"   3";"  31";" 9.68";"  -5.836";"anytime";"1.570221e-02"
"   4";"  36";"11.11";"  -5.831";"importantly";"1.574974e-02"
"  36";" 171";"21.05";"  -5.825";"phone";"1.579723e-02"
"  31";" 151";"20.53";"  -5.802";"advantage";"1.601163e-02"
"   1";"  20";" 5.00";"  -5.756";"density";"1.643303e-02"
"   1";"  20";" 5.00";"  -5.756";"concrete";"1.643303e-02"
"   1";"  20";" 5.00";"  -5.756";"solid";"1.643303e-02"
"   1";"  20";" 5.00";"  -5.756";"oversea";"1.643303e-02"
"   1";"  20";" 5.00";"  -5.756";"civilian";"1.643303e-02"
"   1";"  20";" 5.00";"  -5.756";"quit";"1.643303e-02"
"   1";"  20";" 5.00";"  -5.756";"micro";"1.643303e-02"
"   1";"  20";" 5.00";"  -5.756";"instrument";"1.643303e-02"
"   1";"  20";" 5.00";"  -5.756";"throat";"1.643303e-02"
"   1";"  20";" 5.00";"  -5.756";"hybrid";"1.643303e-02"
"   1";"  20";" 5.00";"  -5.756";"exponentially";"1.643303e-02"
"   7";"  50";"14.00";"  -5.749";"obama";"1.649476e-02"
"   7";"  50";"14.00";"  -5.749";"prevent";"1.649476e-02"
"  23";" 118";"19.49";"  -5.646";"expect";"1.749586e-02"
"   6";"  45";"13.33";"  -5.630";"integrate";"1.765605e-02"
"  10";"  63";"15.87";"  -5.596";"estate";"1.800399e-02"
"  95";" 395";"24.05";"  -5.595";"win";"1.801398e-02"
"  13";"  76";"17.11";"  -5.582";"era";"1.814247e-02"
"   8";"  54";"14.81";"  -5.572";"transparency";"1.824935e-02"
"   2";"  25";" 8.00";"  -5.538";"collective";"1.860698e-02"
"   2";"  25";" 8.00";"  -5.538";"contest";"1.860698e-02"
"  11";"  67";"16.42";"  -5.483";"arm";"1.919781e-02"
"   4";"  35";"11.43";"  -5.474";"rebuild";"1.930277e-02"
"   3";"  30";"10.00";"  -5.465";"medicaid";"1.940450e-02"
"   3";"  30";"10.00";"  -5.465";"profitable";"1.940450e-02"
"   3";"  30";"10.00";"  -5.465";"semitism";"1.940450e-02"
"   3";"  30";"10.00";"  -5.465";"esg";"1.940450e-02"
"   3";"  30";"10.00";"  -5.465";"desire";"1.940450e-02"
"   7";"  49";"14.29";"  -5.428";"homelessness";"1.981998e-02"
"   0";"  13";" 0.00";"  -5.427";"allocation";"1.982389e-02"
"   0";"  13";" 0.00";"  -5.427";"primitive";"1.982389e-02"
"   0";"  13";" 0.00";"  -5.427";"antibiotic";"1.982389e-02"
"   0";"  13";" 0.00";"  -5.427";"whale";"1.982389e-02"
"   0";"  13";" 0.00";"  -5.427";"globalization";"1.982389e-02"
"   0";"  13";" 0.00";"  -5.427";"espionage";"1.982389e-02"
"   0";"  13";" 0.00";"  -5.427";"autoimmune";"1.982389e-02"
"   0";"  13";" 0.00";"  -5.427";"attrition";"1.982389e-02"
"   0";"  13";" 0.00";"  -5.427";"vacuum";"1.982389e-02"
"   0";"  13";" 0.00";"  -5.427";"tablet";"1.982389e-02"
"   0";"  13";" 0.00";"  -5.427";"bump";"1.982389e-02"
"   0";"  13";" 0.00";"  -5.427";"vertically";"1.982389e-02"
"   0";"  13";" 0.00";"  -5.427";"pbm";"1.982389e-02"
"   0";"  13";" 0.00";"  -5.427";"overhead";"1.982389e-02"
"   0";"  13";" 0.00";"  -5.427";"organizational";"1.982389e-02"
"   0";"  13";" 0.00";"  -5.427";"mouse";"1.982389e-02"
"   0";"  13";" 0.00";"  -5.427";"inventory";"1.982389e-02"
"   0";"  13";" 0.00";"  -5.427";"visible";"1.982389e-02"
"   0";"  13";" 0.00";"  -5.427";"versa";"1.982389e-02"
"   0";"  13";" 0.00";"  -5.427";"tulsa";"1.982389e-02"
"   0";"  13";" 0.00";"  -5.427";"tock";"1.982389e-02"
"   0";"  13";" 0.00";"  -5.427";"sovereign";"1.982389e-02"
"   0";"  13";" 0.00";"  -5.427";"restrict";"1.982389e-02"
"   0";"  13";" 0.00";"  -5.427";"nos";"1.982389e-02"
"   0";"  13";" 0.00";"  -5.427";"gradually";"1.982389e-02"
"   0";"  13";" 0.00";"  -5.427";"belt";"1.982389e-02"
"   0";"  13";" 0.00";"  -5.427";"backup";"1.982389e-02"
"   9";"  58";"15.52";"  -5.425";"loan";"1.985590e-02"
"   9";"  58";"15.52";"  -5.425";"constitution";"1.985590e-02"
"  31";" 149";"20.81";"  -5.376";"situation";"2.041540e-02"
"   1";"  19";" 5.26";"  -5.351";"obesity";"2.071167e-02"
"   1";"  19";" 5.26";"  -5.351";"millionaire";"2.071167e-02"
"   1";"  19";" 5.26";"  -5.351";"expectation";"2.071167e-02"
"   1";"  19";" 5.26";"  -5.351";"recommend";"2.071167e-02"
"   1";"  19";" 5.26";"  -5.351";"auto";"2.071167e-02"
"   1";"  19";" 5.26";"  -5.351";"additional";"2.071167e-02"
"   1";"  19";" 5.26";"  -5.351";"kitchen";"2.071167e-02"
"   1";"  19";" 5.26";"  -5.351";"interpret";"2.071167e-02"
"   1";"  19";" 5.26";"  -5.351";"classify";"2.071167e-02"
"   1";"  19";" 5.26";"  -5.351";"2030s";"2.071167e-02"
"   6";"  44";"13.64";"  -5.300";"censor";"2.133061e-02"
"  19";" 100";"19.00";"  -5.266";"ecosystem";"2.174281e-02"
"  63";" 272";"23.16";"  -5.209";"line";"2.247428e-02"
"   5";"  39";"12.82";"  -5.194";"sophisticate";"2.266535e-02"
"   5";"  39";"12.82";"  -5.194";"meaningful";"2.266535e-02"
"   5";"  39";"12.82";"  -5.194";"button";"2.266535e-02"
"   2";"  24";" 8.33";"  -5.152";"outsource";"2.321399e-02"
"   2";"  24";" 8.33";"  -5.152";"sustain";"2.321399e-02"
"   2";"  24";" 8.33";"  -5.152";"asia";"2.321399e-02"
"   4";"  34";"11.76";"  -5.121";"destruction";"2.364112e-02"
"   4";"  34";"11.76";"  -5.121";"zoom";"2.364112e-02"
"   4";"  34";"11.76";"  -5.121";"reasonable";"2.364112e-02"
"  12";"  70";"17.14";"  -5.109";"planet";"2.379536e-02"
"  12";"  70";"17.14";"  -5.109";"highly";"2.379536e-02"
"   3";"  29";"10.34";"  -5.097";"package";"2.397145e-02"
"   3";"  29";"10.34";"  -5.097";"apps";"2.397145e-02"
"  13";"  74";"17.57";"  -5.036";"total";"2.483277e-02"
"   0";"  12";" 0.00";"  -5.010";"fission";"2.520554e-02"
"   0";"  12";" 0.00";"  -5.010";"separation";"2.520554e-02"
"   0";"  12";" 0.00";"  -5.010";"pipe";"2.520554e-02"
"   0";"  12";" 0.00";"  -5.010";"voltage";"2.520554e-02"
"   0";"  12";" 0.00";"  -5.010";"knee";"2.520554e-02"
"   0";"  12";" 0.00";"  -5.010";"android";"2.520554e-02"
"   0";"  12";" 0.00";"  -5.010";"suppress";"2.520554e-02"
"   0";"  12";" 0.00";"  -5.010";"spreadsheet";"2.520554e-02"
"   0";"  12";" 0.00";"  -5.010";"smb";"2.520554e-02"
"   0";"  12";" 0.00";"  -5.010";"sight";"2.520554e-02"
"   0";"  12";" 0.00";"  -5.010";"replacement";"2.520554e-02"
"   0";"  12";" 0.00";"  -5.010";"refresh";"2.520554e-02"
"   0";"  12";" 0.00";"  -5.010";"realtor";"2.520554e-02"
"   0";"  12";" 0.00";"  -5.010";"proposition";"2.520554e-02"
"   0";"  12";" 0.00";"  -5.010";"lever";"2.520554e-02"
"   0";"  12";" 0.00";"  -5.010";"extremist";"2.520554e-02"
"   0";"  12";" 0.00";"  -5.010";"distortion";"2.520554e-02"
"   0";"  12";" 0.00";"  -5.010";"crispr";"2.520554e-02"
"   0";"  12";" 0.00";"  -5.010";"vest";"2.520554e-02"
"   0";"  12";" 0.00";"  -5.010";"triangle";"2.520554e-02"
"   0";"  12";" 0.00";"  -5.010";"strict";"2.520554e-02"
"   0";"  12";" 0.00";"  -5.010";"severe";"2.520554e-02"
"   0";"  12";" 0.00";"  -5.010";"scalable";"2.520554e-02"
"   0";"  12";" 0.00";"  -5.010";"proliferation";"2.520554e-02"
"   0";"  12";" 0.00";"  -5.010";"nickel";"2.520554e-02"
"   0";"  12";" 0.00";"  -5.010";"linear";"2.520554e-02"
"   0";"  12";" 0.00";"  -5.010";"leak";"2.520554e-02"
"   0";"  12";" 0.00";"  -5.010";"ip";"2.520554e-02"
"   0";"  12";" 0.00";"  -5.010";"install";"2.520554e-02"
"   0";"  12";" 0.00";"  -5.010";"inevitable";"2.520554e-02"
"   0";"  12";" 0.00";"  -5.010";"inefficient";"2.520554e-02"
"   0";"  12";" 0.00";"  -5.010";"hpm";"2.520554e-02"
"   0";"  12";" 0.00";"  -5.010";"emp";"2.520554e-02"
"   0";"  12";" 0.00";"  -5.010";"dry";"2.520554e-02"
"   0";"  12";" 0.00";"  -5.010";"distort";"2.520554e-02"
"   0";"  12";" 0.00";"  -5.010";"dismantle";"2.520554e-02"
"   0";"  12";" 0.00";"  -5.010";"diabetic";"2.520554e-02"
"   0";"  12";" 0.00";"  -5.010";"changer";"2.520554e-02"
"   0";"  12";" 0.00";"  -5.010";"awake";"2.520554e-02"
"   0";"  12";" 0.00";"  -5.010";"addict";"2.520554e-02"
"   0";"  12";" 0.00";"  -5.010";"acceptable";"2.520554e-02"
"  21";" 107";"19.63";"  -4.981";"current";"2.563443e-02"
"  14";"  78";"17.95";"  -4.973";"democracy";"2.574484e-02"
"   6";"  43";"13.95";"  -4.973";"default";"2.574167e-02"
"   6";"  43";"13.95";"  -4.973";"command";"2.574167e-02"
"   8";"  52";"15.38";"  -4.956";"democratic";"2.600645e-02"
"   8";"  52";"15.38";"  -4.956";"apple";"2.600645e-02"
"   1";"  18";" 5.56";"  -4.947";"pharma";"2.613179e-02"
"   1";"  18";" 5.56";"  -4.947";"epis";"2.613179e-02"
"   1";"  18";" 5.56";"  -4.947";"rail";"2.613179e-02"
"   1";"  18";" 5.56";"  -4.947";"harass";"2.613179e-02"
"   1";"  18";" 5.56";"  -4.947";"alliance";"2.613179e-02"
"   1";"  18";" 5.56";"  -4.947";"upgrade";"2.613179e-02"
"   1";"  18";" 5.56";"  -4.947";"supplier";"2.613179e-02"
"   1";"  18";" 5.56";"  -4.947";"limitation";"2.613179e-02"
"   1";"  18";" 5.56";"  -4.947";"ideological";"2.613179e-02"
"   1";"  18";" 5.56";"  -4.947";"deter";"2.613179e-02"
"  26";" 127";"20.47";"  -4.939";"treat";"2.625506e-02"
"  11";"  65";"16.92";"  -4.915";"cold";"2.662646e-02"
"   5";"  38";"13.16";"  -4.857";"candidate";"2.752887e-02"
"   5";"  38";"13.16";"  -4.857";"soft";"2.752887e-02"
"  12";"  69";"17.39";"  -4.835";"bubble";"2.788788e-02"
"   7";"  47";"14.89";"  -4.797";"animal";"2.851423e-02"
"   4";"  33";"12.12";"  -4.772";"building";"2.893275e-02"
"   4";"  33";"12.12";"  -4.772";"interaction";"2.893275e-02"
"   2";"  23";" 8.70";"  -4.770";"sequence";"2.896698e-02"
"   2";"  23";" 8.70";"  -4.770";"correction";"2.896698e-02"
"   2";"  23";" 8.70";"  -4.770";"utility";"2.896698e-02"
"   2";"  23";" 8.70";"  -4.770";"trajectory";"2.896698e-02"
"   2";"  23";" 8.70";"  -4.770";"robust";"2.896698e-02"
"   2";"  23";" 8.70";"  -4.770";"openai";"2.896698e-02"
"   2";"  23";" 8.70";"  -4.770";"larry";"2.896698e-02"
"   2";"  23";" 8.70";"  -4.770";"intuitive";"2.896698e-02"
"   2";"  23";" 8.70";"  -4.770";"upset";"2.896698e-02"
"   2";"  23";" 8.70";"  -4.770";"underlie";"2.896698e-02"
"   2";"  23";" 8.70";"  -4.770";"socialist";"2.896698e-02"
"   2";"  23";" 8.70";"  -4.770";"genuinely";"2.896698e-02"
"   3";"  28";"10.71";"  -4.732";"wing";"2.960154e-02"
"   3";"  28";"10.71";"  -4.732";"conventional";"2.960154e-02"
"   3";"  28";"10.71";"  -4.732";"previously";"2.960154e-02"
"   3";"  28";"10.71";"  -4.732";"underestimate";"2.960154e-02"
"  27";" 130";"20.77";"  -4.727";"road";"2.968779e-02"
"  10";"  60";"16.67";"  -4.724";"dozen";"2.974723e-02"
"  14";"  77";"18.18";"  -4.712";"simply";"2.995068e-02"
"   8";"  51";"15.69";"  -4.654";"pilot";"3.098403e-02"
"   6";"  42";"14.29";"  -4.651";"threaten";"3.102852e-02"
" 141";" 557";"25.31";"  -4.648";"real";"3.109587e-02"
"   0";"  11";" 0.00";"  -4.592";"sympathize";"3.211955e-02"
"   0";"  11";" 0.00";"  -4.592";"seize";"3.211955e-02"
"   0";"  11";" 0.00";"  -4.592";"prevail";"3.211955e-02"
"   0";"  11";" 0.00";"  -4.592";"neo";"3.211955e-02"
"   0";"  11";" 0.00";"  -4.592";"reuse";"3.211955e-02"
"   0";"  11";" 0.00";"  -4.592";"nazis";"3.211955e-02"
"   0";"  11";" 0.00";"  -4.592";"dose";"3.211955e-02"
"   0";"  11";" 0.00";"  -4.592";"curative";"3.211955e-02"
"   0";"  11";" 0.00";"  -4.592";"stimulus";"3.211955e-02"
"   0";"  11";" 0.00";"  -4.592";"roi";"3.211955e-02"
"   0";"  11";" 0.00";"  -4.592";"pen";"3.211955e-02"
"   0";"  11";" 0.00";"  -4.592";"medication";"3.211955e-02"
"   0";"  11";" 0.00";"  -4.592";"lender";"3.211955e-02"
"   0";"  11";" 0.00";"  -4.592";"flash";"3.211955e-02"
"   0";"  11";" 0.00";"  -4.592";"faa";"3.211955e-02"
"   0";"  11";" 0.00";"  -4.592";"dota";"3.211955e-02"
"   0";"  11";" 0.00";"  -4.592";"diu";"3.211955e-02"
"   0";"  11";" 0.00";"  -4.592";"consensus";"3.211955e-02"
"   0";"  11";" 0.00";"  -4.592";"collateral";"3.211955e-02"
"   0";"  11";" 0.00";"  -4.592";"breadth";"3.211955e-02"
"   0";"  11";" 0.00";"  -4.592";"august";"3.211955e-02"
"   0";"  11";" 0.00";"  -4.592";"vanguard";"3.211955e-02"
"   0";"  11";" 0.00";"  -4.592";"unman";"3.211955e-02"
"   0";"  11";" 0.00";"  -4.592";"trig";"3.211955e-02"
"   0";"  11";" 0.00";"  -4.592";"traction";"3.211955e-02"
"   0";"  11";" 0.00";"  -4.592";"tolerance";"3.211955e-02"
"   0";"  11";" 0.00";"  -4.592";"suggestion";"3.211955e-02"
"   0";"  11";" 0.00";"  -4.592";"shelf";"3.211955e-02"
"   0";"  11";" 0.00";"  -4.592";"server";"3.211955e-02"
"   0";"  11";" 0.00";"  -4.592";"reliably";"3.211955e-02"
"   0";"  11";" 0.00";"  -4.592";"reduction";"3.211955e-02"
"   0";"  11";" 0.00";"  -4.592";"rain";"3.211955e-02"
"   0";"  11";" 0.00";"  -4.592";"propagate";"3.211955e-02"
"   0";"  11";" 0.00";"  -4.592";"portal";"3.211955e-02"
"   0";"  11";" 0.00";"  -4.592";"polarization";"3.211955e-02"
"   0";"  11";" 0.00";"  -4.592";"plausible";"3.211955e-02"
"   0";"  11";" 0.00";"  -4.592";"nefarious";"3.211955e-02"
"   0";"  11";" 0.00";"  -4.592";"machinery";"3.211955e-02"
"   0";"  11";" 0.00";"  -4.592";"iterative";"3.211955e-02"
"   0";"  11";" 0.00";"  -4.592";"isis";"3.211955e-02"
"   0";"  11";" 0.00";"  -4.592";"instantaneous";"3.211955e-02"
"   0";"  11";" 0.00";"  -4.592";"diligence";"3.211955e-02"
"   0";"  11";" 0.00";"  -4.592";"correlation";"3.211955e-02"
"   0";"  11";" 0.00";"  -4.592";"centralization";"3.211955e-02"
"   0";"  11";" 0.00";"  -4.592";"bin";"3.211955e-02"
"   0";"  11";" 0.00";"  -4.592";"attachment";"3.211955e-02"
"   0";"  11";" 0.00";"  -4.592";"aggressively";"3.211955e-02"
"  33";" 153";"21.57";"  -4.589";"center";"3.218578e-02"
"  32";" 149";"21.48";"  -4.573";"include";"3.247526e-02"
"  19";"  97";"19.59";"  -4.549";"report";"3.293268e-02"
"   1";"  17";" 5.88";"  -4.545";"maximum";"3.300842e-02"
"   1";"  17";" 5.88";"  -4.545";"regional";"3.300842e-02"
"   1";"  17";" 5.88";"  -4.545";"protocol";"3.300842e-02"
"   1";"  17";" 5.88";"  -4.545";"calculate";"3.300842e-02"
"   1";"  17";" 5.88";"  -4.545";"legitimate";"3.300842e-02"
"   1";"  17";" 5.88";"  -4.545";"flood";"3.300842e-02"
"   1";"  17";" 5.88";"  -4.545";"starship";"3.300842e-02"
"   1";"  17";" 5.88";"  -4.545";"noise";"3.300842e-02"
"   1";"  17";" 5.88";"  -4.545";"momentum";"3.300842e-02"
"   1";"  17";" 5.88";"  -4.545";"timeline";"3.300842e-02"
"   1";"  17";" 5.88";"  -4.545";"suspect";"3.300842e-02"
"   1";"  17";" 5.88";"  -4.545";"straightforward";"3.300842e-02"
"   1";"  17";" 5.88";"  -4.545";"mandate";"3.300842e-02"
"   1";"  17";" 5.88";"  -4.545";"mad";"3.300842e-02"
"   1";"  17";" 5.88";"  -4.545";"ironically";"3.300842e-02"
"   1";"  17";" 5.88";"  -4.545";"constant";"3.300842e-02"
"   1";"  17";" 5.88";"  -4.545";"anthropic";"3.300842e-02"
"   9";"  55";"16.36";"  -4.537";"forever";"3.316270e-02"
"   5";"  37";"13.51";"  -4.525";"warehouse";"3.340103e-02"
"  27";" 129";"20.93";"  -4.518";"simple";"3.353410e-02"
"   7";"  46";"15.22";"  -4.488";"distribute";"3.413498e-02"
"   4";"  32";"12.50";"  -4.427";"partially";"3.537954e-02"
"   4";"  32";"12.50";"  -4.427";"adoption";"3.537954e-02"
"   2";"  22";" 9.09";"  -4.390";"cheat";"3.615195e-02"
"   2";"  22";" 9.09";"  -4.390";"treasury";"3.615195e-02"
"   2";"  22";" 9.09";"  -4.390";"register";"3.615195e-02"
"   2";"  22";" 9.09";"  -4.390";"profession";"3.615195e-02"
"   2";"  22";" 9.09";"  -4.390";"earnings";"3.615195e-02"
"   2";"  22";" 9.09";"  -4.390";"depression";"3.615195e-02"
"  47";" 206";"22.82";"  -4.383";"completely";"3.629123e-02"
"   3";"  27";"11.11";"  -4.372";"coin";"3.653736e-02"
"   3";"  27";"11.11";"  -4.372";"bug";"3.653736e-02"
"   3";"  27";"11.11";"  -4.372";"existential";"3.653736e-02"
"   3";"  27";"11.11";"  -4.372";"react";"3.653736e-02"
"  17";"  88";"19.32";"  -4.355";"civil";"3.690506e-02"
"   6";"  41";"14.63";"  -4.334";"cicero";"3.735431e-02"
"  25";" 120";"20.83";"  -4.298";"surprise";"3.815296e-02"
"   5";"  36";"13.89";"  -4.198";"russian";"4.047990e-02"
"   7";"  45";"15.56";"  -4.184";"responsible";"4.080660e-02"
"   0";"  10";" 0.00";"  -4.175";"minecraft";"4.103610e-02"
"   0";"  10";" 0.00";"  -4.175";"cobalt";"4.103610e-02"
"   0";"  10";" 0.00";"  -4.175";"addiction";"4.103610e-02"
"   0";"  10";" 0.00";"  -4.175";"cryptocurrency";"4.103610e-02"
"   0";"  10";" 0.00";"  -4.175";"unbiased";"4.103610e-02"
"   0";"  10";" 0.00";"  -4.175";"telemedicine";"4.103610e-02"
"   0";"  10";" 0.00";"  -4.175";"surge";"4.103610e-02"
"   0";"  10";" 0.00";"  -4.175";"skincare";"4.103610e-02"
"   0";"  10";" 0.00";"  -4.175";"riff";"4.103610e-02"
"   0";"  10";" 0.00";"  -4.175";"prosecutor";"4.103610e-02"
"   0";"  10";" 0.00";"  -4.175";"memorize";"4.103610e-02"
"   0";"  10";" 0.00";"  -4.175";"leonidas";"4.103610e-02"
"   0";"  10";" 0.00";"  -4.175";"interpretation";"4.103610e-02"
"   0";"  10";" 0.00";"  -4.175";"hypersonics";"4.103610e-02"
"   0";"  10";" 0.00";"  -4.175";"distributor";"4.103610e-02"
"   0";"  10";" 0.00";"  -4.175";"commute";"4.103610e-02"
"   0";"  10";" 0.00";"  -4.175";"chevron";"4.103610e-02"
"   0";"  10";" 0.00";"  -4.175";"aurora";"4.103610e-02"
"   0";"  10";" 0.00";"  -4.175";"americas";"4.103610e-02"
"   0";"  10";" 0.00";"  -4.175";"allocate";"4.103610e-02"
"   0";"  10";" 0.00";"  -4.175";"adjacent";"4.103610e-02"
"   0";"  10";" 0.00";"  -4.175";"wood";"4.103610e-02"
"   0";"  10";" 0.00";"  -4.175";"smooth";"4.103610e-02"
"   0";"  10";" 0.00";"  -4.175";"proper";"4.103610e-02"
"   0";"  10";" 0.00";"  -4.175";"presence";"4.103610e-02"
"   0";"  10";" 0.00";"  -4.175";"powell";"4.103610e-02"
"   0";"  10";" 0.00";"  -4.175";"metaphor";"4.103610e-02"
"   0";"  10";" 0.00";"  -4.175";"matrix";"4.103610e-02"
"   0";"  10";" 0.00";"  -4.175";"establishment";"4.103610e-02"
"   0";"  10";" 0.00";"  -4.175";"upload";"4.103610e-02"
"   0";"  10";" 0.00";"  -4.175";"ugly";"4.103610e-02"
"   0";"  10";" 0.00";"  -4.175";"strategically";"4.103610e-02"
"   0";"  10";" 0.00";"  -4.175";"static";"4.103610e-02"
"   0";"  10";" 0.00";"  -4.175";"spiral";"4.103610e-02"
"   0";"  10";" 0.00";"  -4.175";"sonoma";"4.103610e-02"
"   0";"  10";" 0.00";"  -4.175";"socially";"4.103610e-02"
"   0";"  10";" 0.00";"  -4.175";"proportion";"4.103610e-02"
"   0";"  10";" 0.00";"  -4.175";"presidency";"4.103610e-02"
"   0";"  10";" 0.00";"  -4.175";"passive";"4.103610e-02"
"   0";"  10";" 0.00";"  -4.175";"palestine";"4.103610e-02"
"   0";"  10";" 0.00";"  -4.175";"overturn";"4.103610e-02"
"   0";"  10";" 0.00";"  -4.175";"nail";"4.103610e-02"
"   0";"  10";" 0.00";"  -4.175";"mimic";"4.103610e-02"
"   0";"  10";" 0.00";"  -4.175";"longterm";"4.103610e-02"
"   0";"  10";" 0.00";"  -4.175";"likelihood";"4.103610e-02"
"   0";"  10";" 0.00";"  -4.175";"layoff";"4.103610e-02"
"   0";"  10";" 0.00";"  -4.175";"ketamine";"4.103610e-02"
"   0";"  10";" 0.00";"  -4.175";"jinping";"4.103610e-02"
"   0";"  10";" 0.00";"  -4.175";"ipo";"4.103610e-02"
"   0";"  10";" 0.00";"  -4.175";"inherent";"4.103610e-02"
"   0";"  10";" 0.00";"  -4.175";"infectious";"4.103610e-02"
"   0";"  10";" 0.00";"  -4.175";"hype";"4.103610e-02"
"   0";"  10";" 0.00";"  -4.175";"historic";"4.103610e-02"
"   0";"  10";" 0.00";"  -4.175";"gpus";"4.103610e-02"
"   0";"  10";" 0.00";"  -4.175";"gpt4";"4.103610e-02"
"   0";"  10";" 0.00";"  -4.175";"fragment";"4.103610e-02"
"   0";"  10";" 0.00";"  -4.175";"elizabeth";"4.103610e-02"
"   0";"  10";" 0.00";"  -4.175";"diversify";"4.103610e-02"
"   0";"  10";" 0.00";"  -4.175";"disinflationary";"4.103610e-02"
"   0";"  10";" 0.00";"  -4.175";"congressional";"4.103610e-02"
"   0";"  10";" 0.00";"  -4.175";"cart";"4.103610e-02"
"   0";"  10";" 0.00";"  -4.175";"bloat";"4.103610e-02"
"   0";"  10";" 0.00";"  -4.175";"barack";"4.103610e-02"
"   0";"  10";" 0.00";"  -4.175";"ballot";"4.103610e-02"
"   0";"  10";" 0.00";"  -4.175";"asm";"4.103610e-02"
"   0";"  10";" 0.00";"  -4.175";"anticipate";"4.103610e-02"
"   0";"  10";" 0.00";"  -4.175";"abc";"4.103610e-02"
"  10";"  58";"17.24";"  -4.165";"japan";"4.127634e-02"
"  10";"  58";"17.24";"  -4.165";"palanteer";"4.127634e-02"
"   1";"  16";" 6.25";"  -4.145";"meter";"4.174787e-02"
"   1";"  16";" 6.25";"  -4.145";"atmosphere";"4.174787e-02"
"   1";"  16";" 6.25";"  -4.145";"execution";"4.174787e-02"
"   1";"  16";" 6.25";"  -4.145";"irs";"4.174787e-02"
"   1";"  16";" 6.25";"  -4.145";"infinite";"4.174787e-02"
"   1";"  16";" 6.25";"  -4.145";"frequency";"4.174787e-02"
"   1";"  16";" 6.25";"  -4.145";"demo";"4.174787e-02"
"   1";"  16";" 6.25";"  -4.145";"walmart";"4.174787e-02"
"   1";"  16";" 6.25";"  -4.145";"statistical";"4.174787e-02"
"   1";"  16";" 6.25";"  -4.145";"sexual";"4.174787e-02"
"   1";"  16";" 6.25";"  -4.145";"photo";"4.174787e-02"
"   1";"  16";" 6.25";"  -4.145";"liberate";"4.174787e-02"
"   1";"  16";" 6.25";"  -4.145";"intercept";"4.174787e-02"
"   1";"  16";" 6.25";"  -4.145";"acceleration";"4.174787e-02"
"   1";"  16";" 6.25";"  -4.145";"ratio";"4.174787e-02"
"   1";"  16";" 6.25";"  -4.145";"premium";"4.174787e-02"
"   1";"  16";" 6.25";"  -4.145";"ongoing";"4.174787e-02"
"   1";"  16";" 6.25";"  -4.145";"killer";"4.174787e-02"
"   1";"  16";" 6.25";"  -4.145";"enhance";"4.174787e-02"
"   1";"  16";" 6.25";"  -4.145";"coalition";"4.174787e-02"
"  11";"  62";"17.74";"  -4.095";"switch";"4.302046e-02"
"   4";"  31";"12.90";"  -4.087";"alignment";"4.322335e-02"
"   4";"  31";"12.90";"  -4.087";"channel";"4.322335e-02"
"   4";"  31";"12.90";"  -4.087";"laptop";"4.322335e-02"
"   4";"  31";"12.90";"  -4.087";"soldier";"4.322335e-02"
" 120";" 475";"25.26";"  -4.053";"tech";"4.410589e-02"
"   3";"  26";"11.54";"  -4.016";"communism";"4.507473e-02"
"   3";"  26";"11.54";"  -4.016";"lane";"4.507473e-02"
"   3";"  26";"11.54";"  -4.016";"clinic";"4.507473e-02"
"   3";"  26";"11.54";"  -4.016";"manual";"4.507473e-02"
"   3";"  26";"11.54";"  -4.016";"angle";"4.507473e-02"
"   2";"  21";" 9.52";"  -4.014";"description";"4.512615e-02"
"   2";"  21";" 9.52";"  -4.014";"radically";"4.512615e-02"
"   2";"  21";" 9.52";"  -4.014";"patch";"4.512615e-02"
"   2";"  21";" 9.52";"  -4.014";"ethical";"4.512615e-02"
"   2";"  21";" 9.52";"  -4.014";"abroad";"4.512615e-02"
"   2";"  21";" 9.52";"  -4.014";"decent";"4.512615e-02"
"  13";"  70";"18.57";"  -3.992";"bet";"4.572419e-02"
"   9";"  53";"16.98";"  -3.969";"biotech";"4.634257e-02"
"   9";"  53";"16.98";"  -3.969";"activity";"4.634257e-02"
"  14";"  74";"18.92";"  -3.955";"stage";"4.673588e-02"
"  10";"  57";"17.54";"  -3.892";"scientist";"4.850665e-02"
"   5";"  35";"14.29";"  -3.875";"chemical";"4.899886e-02"
"  11";"  61";"18.03";"  -3.831";"discover";"5.032198e-02"
"  11";"  61";"18.03";"  -3.831";"round";"5.032198e-02"
"  11";"  61";"18.03";"  -3.831";"quick";"5.032198e-02"
"   8";"  48";"16.67";"  -3.778";"gun";"5.193691e-02"
"   8";"  48";"16.67";"  -3.778";"shop";"5.193691e-02"
"   8";"  48";"16.67";"  -3.778";"capable";"5.193691e-02"
"   0";"   9";" 0.00";"  -3.757";"paycheck";"5.258793e-02"
"   0";"   9";" 0.00";"  -3.757";"interceptor";"5.258793e-02"
"   0";"   9";" 0.00";"  -3.757";"fence";"5.258793e-02"
"   0";"   9";" 0.00";"  -3.757";"cetera";"5.258793e-02"
"   0";"   9";" 0.00";"  -3.757";"payload";"5.258793e-02"
"   0";"   9";" 0.00";"  -3.757";"gbd4";"5.258793e-02"
"   0";"   9";" 0.00";"  -3.757";"detection";"5.258793e-02"
"   0";"   9";" 0.00";"  -3.757";"billers";"5.258793e-02"
"   0";"   9";" 0.00";"  -3.757";"wto";"5.258793e-02"
"   0";"   9";" 0.00";"  -3.757";"tube";"5.258793e-02"
"   0";"   9";" 0.00";"  -3.757";"statins";"5.258793e-02"
"   0";"   9";" 0.00";"  -3.757";"runner";"5.258793e-02"
"   0";"   9";" 0.00";"  -3.757";"lockdown";"5.258793e-02"
"   0";"   9";" 0.00";"  -3.757";"incident";"5.258793e-02"
"   0";"   9";" 0.00";"  -3.757";"explicitly";"5.258793e-02"
"   0";"   9";" 0.00";"  -3.757";"equip";"5.258793e-02"
"   0";"   9";" 0.00";"  -3.757";"crm";"5.258793e-02"
"   0";"   9";" 0.00";"  -3.757";"wrist";"5.258793e-02"
"   0";"   9";" 0.00";"  -3.757";"toyota";"5.258793e-02"
"   0";"   9";" 0.00";"  -3.757";"thermal";"5.258793e-02"
"   0";"   9";" 0.00";"  -3.757";"sketchy";"5.258793e-02"
"   0";"   9";" 0.00";"  -3.757";"simplify";"5.258793e-02"
"   0";"   9";" 0.00";"  -3.757";"seizure";"5.258793e-02"
"   0";"   9";" 0.00";"  -3.757";"poorly";"5.258793e-02"
"   0";"   9";" 0.00";"  -3.757";"plate";"5.258793e-02"
"   0";"   9";" 0.00";"  -3.757";"patent";"5.258793e-02"
"   0";"   9";" 0.00";"  -3.757";"nixon";"5.258793e-02"
"   0";"   9";" 0.00";"  -3.757";"nile";"5.258793e-02"
"   0";"   9";" 0.00";"  -3.757";"neutron";"5.258793e-02"
"   0";"   9";" 0.00";"  -3.757";"illness";"5.258793e-02"
"   0";"   9";" 0.00";"  -3.757";"grail";"5.258793e-02"
"   0";"   9";" 0.00";"  -3.757";"digitally";"5.258793e-02"
"   0";"   9";" 0.00";"  -3.757";"destructive";"5.258793e-02"
"   0";"   9";" 0.00";"  -3.757";"controller";"5.258793e-02"
"   0";"   9";" 0.00";"  -3.757";"brokerage";"5.258793e-02"
"   0";"   9";" 0.00";"  -3.757";"brainwash";"5.258793e-02"
"   0";"   9";" 0.00";"  -3.757";"asteroid";"5.258793e-02"
"   0";"   9";" 0.00";"  -3.757";"aluminum";"5.258793e-02"
"   0";"   9";" 0.00";"  -3.757";"whatsoever";"5.258793e-02"
"   0";"   9";" 0.00";"  -3.757";"unintended";"5.258793e-02"
"   0";"   9";" 0.00";"  -3.757";"transmission";"5.258793e-02"
"   0";"   9";" 0.00";"  -3.757";"transcend";"5.258793e-02"
"   0";"   9";" 0.00";"  -3.757";"toote";"5.258793e-02"
"   0";"   9";" 0.00";"  -3.757";"synthetic";"5.258793e-02"
"   0";"   9";" 0.00";"  -3.757";"stance";"5.258793e-02"
"   0";"   9";" 0.00";"  -3.757";"stagnate";"5.258793e-02"
"   0";"   9";" 0.00";"  -3.757";"slaughter";"5.258793e-02"
"   0";"   9";" 0.00";"  -3.757";"skyrocket";"5.258793e-02"
"   0";"   9";" 0.00";"  -3.757";"sinister";"5.258793e-02"
"   0";"   9";" 0.00";"  -3.757";"seemingly";"5.258793e-02"
"   0";"   9";" 0.00";"  -3.757";"scrape";"5.258793e-02"
"   0";"   9";" 0.00";"  -3.757";"reimbursement";"5.258793e-02"
"   0";"   9";" 0.00";"  -3.757";"propel";"5.258793e-02"
"   0";"   9";" 0.00";"  -3.757";"pit";"5.258793e-02"
"   0";"   9";" 0.00";"  -3.757";"pg";"5.258793e-02"
"   0";"   9";" 0.00";"  -3.757";"outer";"5.258793e-02"
"   0";"   9";" 0.00";"  -3.757";"organ";"5.258793e-02"
"   0";"   9";" 0.00";"  -3.757";"nutrition";"5.258793e-02"
"   0";"   9";" 0.00";"  -3.757";"ml";"5.258793e-02"
"   0";"   9";" 0.00";"  -3.757";"messaging";"5.258793e-02"
"   0";"   9";" 0.00";"  -3.757";"maintenance";"5.258793e-02"
"   0";"   9";" 0.00";"  -3.757";"lade";"5.258793e-02"
"   0";"   9";" 0.00";"  -3.757";"laboratory";"5.258793e-02"
"   0";"   9";" 0.00";"  -3.757";"kilowatt";"5.258793e-02"
"   0";"   9";" 0.00";"  -3.757";"keen";"5.258793e-02"
"   0";"   9";" 0.00";"  -3.757";"juno";"5.258793e-02"
"   0";"   9";" 0.00";"  -3.757";"ideologically";"5.258793e-02"
"   0";"   9";" 0.00";"  -3.757";"hypersonic";"5.258793e-02"
"   0";"   9";" 0.00";"  -3.757";"humankind";"5.258793e-02"
"   0";"   9";" 0.00";"  -3.757";"healthare";"5.258793e-02"
"   0";"   9";" 0.00";"  -3.757";"headset";"5.258793e-02"
"   0";"   9";" 0.00";"  -3.757";"geopolitical";"5.258793e-02"
"   0";"   9";" 0.00";"  -3.757";"garbage";"5.258793e-02"
"   0";"   9";" 0.00";"  -3.757";"fossil";"5.258793e-02"
"   0";"   9";" 0.00";"  -3.757";"extension";"5.258793e-02"
"   0";"   9";" 0.00";"  -3.757";"ev";"5.258793e-02"
"   0";"   9";" 0.00";"  -3.757";"empathetic";"5.258793e-02"
"   0";"   9";" 0.00";"  -3.757";"ease";"5.258793e-02"
"   0";"   9";" 0.00";"  -3.757";"container";"5.258793e-02"
"   0";"   9";" 0.00";"  -3.757";"cluji";"5.258793e-02"
"   0";"   9";" 0.00";"  -3.757";"cfpb";"5.258793e-02"
"   0";"   9";" 0.00";"  -3.757";"candy";"5.258793e-02"
"   0";"   9";" 0.00";"  -3.757";"bo";"5.258793e-02"
"   0";"   9";" 0.00";"  -3.757";"blink";"5.258793e-02"
"   0";"   9";" 0.00";"  -3.757";"biologically";"5.258793e-02"
"   0";"   9";" 0.00";"  -3.757";"authoritarianism";"5.258793e-02"
"   0";"   9";" 0.00";"  -3.757";"arrive";"5.258793e-02"
"   0";"   9";" 0.00";"  -3.757";"acknowledgement";"5.258793e-02"
"   0";"   9";" 0.00";"  -3.757";"1930s";"5.258793e-02"
"   4";"  30";"13.33";"  -3.752";"navigate";"5.275299e-02"
"   4";"  30";"13.33";"  -3.752";"cancel";"5.275299e-02"
"   1";"  15";" 6.67";"  -3.748";"yard";"5.287598e-02"
"   1";"  15";" 6.67";"  -3.748";"liquid";"5.287598e-02"
"   1";"  15";" 6.67";"  -3.748";"violate";"5.287598e-02"
"   1";"  15";" 6.67";"  -3.748";"profound";"5.287598e-02"
"   1";"  15";" 6.67";"  -3.748";"underground";"5.287598e-02"
"   1";"  15";" 6.67";"  -3.748";"semiconductor";"5.287598e-02"
"   1";"  15";" 6.67";"  -3.748";"request";"5.287598e-02"
"   1";"  15";" 6.67";"  -3.748";"apex";"5.287598e-02"
"   1";"  15";" 6.67";"  -3.748";"scan";"5.287598e-02"
"   1";"  15";" 6.67";"  -3.748";"residential";"5.287598e-02"
"   1";"  15";" 6.67";"  -3.748";"arab";"5.287598e-02"
"   1";"  15";" 6.67";"  -3.748";"unicorn";"5.287598e-02"
"   1";"  15";" 6.67";"  -3.748";"temperature";"5.287598e-02"
"   1";"  15";" 6.67";"  -3.748";"reliability";"5.287598e-02"
"   1";"  15";" 6.67";"  -3.748";"pollute";"5.287598e-02"
"   1";"  15";" 6.67";"  -3.748";"overnight";"5.287598e-02"
"   1";"  15";" 6.67";"  -3.748";"mail";"5.287598e-02"
"   1";"  15";" 6.67";"  -3.748";"intensive";"5.287598e-02"
"   1";"  15";" 6.67";"  -3.748";"ill";"5.287598e-02"
"   1";"  15";" 6.67";"  -3.748";"dysfunctional";"5.287598e-02"
"  13";"  69";"18.84";"  -3.742";"accelerate";"5.305394e-02"
"   6";"  39";"15.38";"  -3.715";"winner";"5.391474e-02"
"   6";"  39";"15.38";"  -3.715";"buck";"5.391474e-02"
"  26";" 121";"21.49";"  -3.701";"perfect";"5.439347e-02"
" 133";" 519";"25.63";"  -3.697";"team";"5.450768e-02"
"   9";"  52";"17.31";"  -3.693";"scenario";"5.465043e-02"
"   3";"  25";"12.00";"  -3.665";"stakeholder";"5.557345e-02"
"   3";"  25";"12.00";"  -3.665";"exponential";"5.557345e-02"
"   3";"  25";"12.00";"  -3.665";"sun";"5.557345e-02"
"   3";"  25";"12.00";"  -3.665";"sake";"5.557345e-02"
"   3";"  25";"12.00";"  -3.665";"custom";"5.557345e-02"
"   2";"  20";"10.00";"  -3.642";"reset";"5.633566e-02"
"   2";"  20";"10.00";"  -3.642";"cent";"5.633566e-02"
"   2";"  20";"10.00";"  -3.642";"motion";"5.633566e-02"
"   2";"  20";"10.00";"  -3.642";"harvey";"5.633566e-02"
"   2";"  20";"10.00";"  -3.642";"audit";"5.633566e-02"
"   2";"  20";"10.00";"  -3.642";"unfortunate";"5.633566e-02"
"   2";"  20";"10.00";"  -3.642";"tier";"5.633566e-02"
"   2";"  20";"10.00";"  -3.642";"pacific";"5.633566e-02"
"   2";"  20";"10.00";"  -3.642";"intention";"5.633566e-02"
"   2";"  20";"10.00";"  -3.642";"constitutional";"5.633566e-02"
"   2";"  20";"10.00";"  -3.642";"observation";"5.633566e-02"
"   2";"  20";"10.00";"  -3.642";"foremost";"5.633566e-02"
"  10";"  56";"17.86";"  -3.625";"merit";"5.690799e-02"
"  31";" 140";"22.14";"  -3.607";"act";"5.752015e-02"
"   7";"  43";"16.28";"  -3.592";"blood";"5.805156e-02"
"   7";"  43";"16.28";"  -3.592";"capacity";"5.805156e-02"
"   7";"  43";"16.28";"  -3.592";"nonsense";"5.805156e-02"
"   5";"  34";"14.71";"  -3.559";"dna";"5.923160e-02"
"   5";"  34";"14.71";"  -3.559";"silly";"5.923160e-02"
"   5";"  34";"14.71";"  -3.559";"leap";"5.923160e-02"
"   5";"  34";"14.71";"  -3.559";"enter";"5.923160e-02"
" 104";" 412";"25.24";"  -3.543";"city";"5.979300e-02"
"  34";" 151";"22.52";"  -3.504";"food";"6.122241e-02"
"  13";"  68";"19.12";"  -3.498";"campaign";"6.145454e-02"
"   8";"  47";"17.02";"  -3.497";"percentage";"6.149715e-02"
"  25";" 116";"21.55";"  -3.490";"bottom";"6.173194e-02"
"  16";"  80";"20.00";"  -3.443";"bullish";"6.352087e-02"
"   4";"  29";"13.79";"  -3.423";"sponsor";"6.431189e-02"
"   4";"  29";"13.79";"  -3.423";"bear";"6.431189e-02"
"   4";"  29";"13.79";"  -3.423";"pivot";"6.431189e-02"
"   4";"  29";"13.79";"  -3.423";"input";"6.431189e-02"
"   6";"  38";"15.79";"  -3.415";"improvement";"6.462584e-02"
"   6";"  38";"15.79";"  -3.415";"official";"6.462584e-02"
"  36";" 158";"22.78";"  -3.389";"correct";"6.564672e-02"
"  10";"  55";"18.18";"  -3.364";"hot";"6.664727e-02"
"   1";"  14";" 7.14";"  -3.353";"subsidy";"6.707611e-02"
"   1";"  14";" 7.14";"  -3.353";"pour";"6.707611e-02"
"   1";"  14";" 7.14";"  -3.353";"fa";"6.707611e-02"
"   1";"  14";" 7.14";"  -3.353";"safely";"6.707611e-02"
"   1";"  14";" 7.14";"  -3.353";"raw";"6.707611e-02"
"   1";"  14";" 7.14";"  -3.353";"precise";"6.707611e-02"
"   1";"  14";" 7.14";"  -3.353";"eu";"6.707611e-02"
"   1";"  14";" 7.14";"  -3.353";"doug";"6.707611e-02"
"   1";"  14";" 7.14";"  -3.353";"demographic";"6.707611e-02"
"   1";"  14";" 7.14";"  -3.353";"stagnation";"6.707611e-02"
"   1";"  14";" 7.14";"  -3.353";"pulse";"6.707611e-02"
"   1";"  14";" 7.14";"  -3.353";"phenomenon";"6.707611e-02"
"   1";"  14";" 7.14";"  -3.353";"organic";"6.707611e-02"
"   1";"  14";" 7.14";"  -3.353";"logical";"6.707611e-02"
"   1";"  14";" 7.14";"  -3.353";"item";"6.707611e-02"
"   1";"  14";" 7.14";"  -3.353";"fintech";"6.707611e-02"
"   1";"  14";" 7.14";"  -3.353";"decentralization";"6.707611e-02"
"   1";"  14";" 7.14";"  -3.353";"costly";"6.707611e-02"
"   1";"  14";" 7.14";"  -3.353";"adaptive";"6.707611e-02"
"   0";"   8";" 0.00";"  -3.339";"notch";"6.763797e-02"
"   0";"   8";" 0.00";"  -3.339";"transistor";"6.763797e-02"
"   0";"   8";" 0.00";"  -3.339";"thorium";"6.763797e-02"
"   0";"   8";" 0.00";"  -3.339";"reinforcement";"6.763797e-02"
"   0";"   8";" 0.00";"  -3.339";"node";"6.763797e-02"
"   0";"   8";" 0.00";"  -3.339";"gpt3";"6.763797e-02"
"   0";"   8";" 0.00";"  -3.339";"deregulation";"6.763797e-02"
"   0";"   8";" 0.00";"  -3.339";"aol";"6.763797e-02"
"   0";"   8";" 0.00";"  -3.339";"warp";"6.763797e-02"
"   0";"   8";" 0.00";"  -3.339";"veto";"6.763797e-02"
"   0";"   8";" 0.00";"  -3.339";"sandbox";"6.763797e-02"
"   0";"   8";" 0.00";"  -3.339";"loud";"6.763797e-02"
"   0";"   8";" 0.00";"  -3.339";"lar";"6.763797e-02"
"   0";"   8";" 0.00";"  -3.339";"fiat";"6.763797e-02"
"   0";"   8";" 0.00";"  -3.339";"enrollment";"6.763797e-02"
"   0";"   8";" 0.00";"  -3.339";"cvs";"6.763797e-02"
"   0";"   8";" 0.00";"  -3.339";"convention";"6.763797e-02"
"   0";"   8";" 0.00";"  -3.339";"cbo";"6.763797e-02"
"   0";"   8";" 0.00";"  -3.339";"wacky";"6.763797e-02"
"   0";"   8";" 0.00";"  -3.339";"tyranny";"6.763797e-02"
"   0";"   8";" 0.00";"  -3.339";"systemic";"6.763797e-02"
"   0";"   8";" 0.00";"  -3.339";"steroid";"6.763797e-02"
"   0";"   8";" 0.00";"  -3.339";"stealth";"6.763797e-02"
"   0";"   8";" 0.00";"  -3.339";"statewide";"6.763797e-02"
"   0";"   8";" 0.00";"  -3.339";"scandal";"6.763797e-02"
"   0";"   8";" 0.00";"  -3.339";"phillips";"6.763797e-02"
"   0";"   8";" 0.00";"  -3.339";"occupational";"6.763797e-02"
"   0";"   8";" 0.00";"  -3.339";"nonpartisan";"6.763797e-02"
"   0";"   8";" 0.00";"  -3.339";"invisible";"6.763797e-02"
"   0";"   8";" 0.00";"  -3.339";"interactive";"6.763797e-02"
"   0";"   8";" 0.00";"  -3.339";"infiltrate";"6.763797e-02"
"   0";"   8";" 0.00";"  -3.339";"incarcerate";"6.763797e-02"
"   0";"   8";" 0.00";"  -3.339";"homicide";"6.763797e-02"
"   0";"   8";" 0.00";"  -3.339";"fiduciary";"6.763797e-02"
"   0";"   8";" 0.00";"  -3.339";"drag";"6.763797e-02"
"   0";"   8";" 0.00";"  -3.339";"clown";"6.763797e-02"
"   0";"   8";" 0.00";"  -3.339";"claw";"6.763797e-02"
"   0";"   8";" 0.00";"  -3.339";"blackberry";"6.763797e-02"
"   0";"   8";" 0.00";"  -3.339";"aws";"6.763797e-02"
"   0";"   8";" 0.00";"  -3.339";"2x";"6.763797e-02"
"   0";"   8";" 0.00";"  -3.339";"xai";"6.763797e-02"
"   0";"   8";" 0.00";"  -3.339";"wary";"6.763797e-02"
"   0";"   8";" 0.00";"  -3.339";"wallet";"6.763797e-02"
"   0";"   8";" 0.00";"  -3.339";"unlimited";"6.763797e-02"
"   0";"   8";" 0.00";"  -3.339";"triable";"6.763797e-02"
"   0";"   8";" 0.00";"  -3.339";"surveillance";"6.763797e-02"
"   0";"   8";" 0.00";"  -3.339";"surplus";"6.763797e-02"
"   0";"   8";" 0.00";"  -3.339";"smell";"6.763797e-02"
"   0";"   8";" 0.00";"  -3.339";"slack";"6.763797e-02"
"   0";"   8";" 0.00";"  -3.339";"skull";"6.763797e-02"
"   0";"   8";" 0.00";"  -3.339";"semitic";"6.763797e-02"
"   0";"   8";" 0.00";"  -3.339";"scalability";"6.763797e-02"
"   0";"   8";" 0.00";"  -3.339";"salesforce";"6.763797e-02"
"   0";"   8";" 0.00";"  -3.339";"robotic";"6.763797e-02"
"   0";"   8";" 0.00";"  -3.339";"renewable";"6.763797e-02"
"   0";"   8";" 0.00";"  -3.339";"redefine";"6.763797e-02"
"   0";"   8";" 0.00";"  -3.339";"promoter";"6.763797e-02"
"   0";"   8";" 0.00";"  -3.339";"predictive";"6.763797e-02"
"   0";"   8";" 0.00";"  -3.339";"penicillin";"6.763797e-02"
"   0";"   8";" 0.00";"  -3.339";"pad";"6.763797e-02"
"   0";"   8";" 0.00";"  -3.339";"overlie";"6.763797e-02"
"   0";"   8";" 0.00";"  -3.339";"occupy";"6.763797e-02"
"   0";"   8";" 0.00";"  -3.339";"militarily";"6.763797e-02"
"   0";"   8";" 0.00";"  -3.339";"manually";"6.763797e-02"
"   0";"   8";" 0.00";"  -3.339";"jfk";"6.763797e-02"
"   0";"   8";" 0.00";"  -3.339";"islamist";"6.763797e-02"
"   0";"   8";" 0.00";"  -3.339";"ipos";"6.763797e-02"
"   0";"   8";" 0.00";"  -3.339";"investigation";"6.763797e-02"
"   0";"   8";" 0.00";"  -3.339";"ingest";"6.763797e-02"
"   0";"   8";" 0.00";"  -3.339";"incompetent";"6.763797e-02"
"   0";"   8";" 0.00";"  -3.339";"ignite";"6.763797e-02"
"   0";"   8";" 0.00";"  -3.339";"horizon";"6.763797e-02"
"   0";"   8";" 0.00";"  -3.339";"holistically";"6.763797e-02"
"   0";"   8";" 0.00";"  -3.339";"gulf";"6.763797e-02"
"   0";"   8";" 0.00";"  -3.339";"gpt7";"6.763797e-02"
"   0";"   8";" 0.00";"  -3.339";"generous";"6.763797e-02"
"   0";"   8";" 0.00";"  -3.339";"explosive";"6.763797e-02"
"   0";"   8";" 0.00";"  -3.339";"expansive";"6.763797e-02"
"   0";"   8";" 0.00";"  -3.339";"exaggerate";"6.763797e-02"
"   0";"   8";" 0.00";"  -3.339";"entrench";"6.763797e-02"
"   0";"   8";" 0.00";"  -3.339";"endorse";"6.763797e-02"
"   0";"   8";" 0.00";"  -3.339";"electron";"6.763797e-02"
"   0";"   8";" 0.00";"  -3.339";"downplay";"6.763797e-02"
"   0";"   8";" 0.00";"  -3.339";"cyclical";"6.763797e-02"
"   0";"   8";" 0.00";"  -3.339";"computation";"6.763797e-02"
"   0";"   8";" 0.00";"  -3.339";"compensation";"6.763797e-02"
"   0";"   8";" 0.00";"  -3.339";"commercialization";"6.763797e-02"
"   0";"   8";" 0.00";"  -3.339";"comical";"6.763797e-02"
"   0";"   8";" 0.00";"  -3.339";"bylaw";"6.763797e-02"
"   0";"   8";" 0.00";"  -3.339";"buildup";"6.763797e-02"
"   0";"   8";" 0.00";"  -3.339";"boil";"6.763797e-02"
"   0";"   8";" 0.00";"  -3.339";"bespeak";"6.763797e-02"
"   0";"   8";" 0.00";"  -3.339";"autonomously";"6.763797e-02"
"   0";"   8";" 0.00";"  -3.339";"atheist";"6.763797e-02"
"  27";" 123";"21.95";"  -3.336";"outcome";"6.776381e-02"
"   3";"  24";"12.50";"  -3.319";"branch";"6.846982e-02"
"   7";"  42";"16.67";"  -3.305";"golden";"6.906857e-02"
"  12";"  63";"19.05";"  -3.284";"table";"6.995227e-02"
"  32";" 142";"22.54";"  -3.277";"difficult";"7.027604e-02"
"   2";"  19";"10.53";"  -3.275";"mafia";"7.033690e-02"
"   2";"  19";"10.53";"  -3.275";"explode";"7.033690e-02"
"   2";"  19";"10.53";"  -3.275";"germans";"7.033690e-02"
"   2";"  19";"10.53";"  -3.275";"ontology";"7.033690e-02"
"   2";"  19";"10.53";"  -3.275";"intervention";"7.033690e-02"
"   2";"  19";"10.53";"  -3.275";"accessible";"7.033690e-02"
"  23";" 107";"21.50";"  -3.265";"finally";"7.078247e-02"
"  31";" 138";"22.46";"  -3.250";"necessarily";"7.141978e-02"
"   5";"  33";"15.15";"  -3.248";"nurse";"7.149755e-02"
"   5";"  33";"15.15";"  -3.248";"fat";"7.149755e-02"
"   5";"  33";"15.15";"  -3.248";"disaster";"7.149755e-02"
"   5";"  33";"15.15";"  -3.248";"river";"7.149755e-02"
"   5";"  33";"15.15";"  -3.248";"jack";"7.149755e-02"
"   5";"  33";"15.15";"  -3.248";"communicate";"7.149755e-02"
" 239";" 894";"26.73";"  -3.245";"run";"7.165670e-02"
"   8";"  46";"17.39";"  -3.221";"invent";"7.268842e-02"
"  16";"  79";"20.25";"  -3.220";"impossible";"7.274206e-02"
" 148";" 568";"26.06";"  -3.190";"move";"7.406979e-02"
"   6";"  37";"16.22";"  -3.120";"actor";"7.733609e-02"
"  25";" 114";"21.93";"  -3.109";"legal";"7.785389e-02"
"   4";"  28";"14.29";"  -3.100";"weak";"7.830648e-02"
"   4";"  28";"14.29";"  -3.100";"transformation";"7.830648e-02"
"   4";"  28";"14.29";"  -3.100";"privacy";"7.830648e-02"
"   4";"  28";"14.29";"  -3.100";"station";"7.830648e-02"
"   4";"  28";"14.29";"  -3.100";"violence";"7.830648e-02"
"   4";"  28";"14.29";"  -3.100";"bipartisan";"7.830648e-02"
"  11";"  58";"18.97";"  -3.071";"pandemic";"7.970041e-02"
" 188";" 710";"26.48";"  -3.068";"pretty";"7.985064e-02"
" 132";" 509";"25.93";"  -3.065";"figure";"7.997324e-02"
" 100";" 393";"25.45";"  -3.060";"program";"8.023737e-02"
"  12";"  62";"19.35";"  -3.044";"africa";"8.104845e-02"
"   7";"  41";"17.07";"  -3.024";"random";"8.202890e-02"
"  39";" 167";"23.35";"  -2.997";"result";"8.341358e-02"
"   3";"  23";"13.04";"  -2.980";"tower";"8.429086e-02"
"   3";"  23";"13.04";"  -2.980";"microsoft";"8.429086e-02"
"   3";"  23";"13.04";"  -2.980";"rethink";"8.429086e-02"
"   3";"  23";"13.04";"  -2.980";"dirty";"8.429086e-02"
"   3";"  23";"13.04";"  -2.980";"analyze";"8.429086e-02"
"   3";"  23";"13.04";"  -2.980";"span";"8.429086e-02"
"   3";"  23";"13.04";"  -2.980";"regular";"8.429086e-02"
"   3";"  23";"13.04";"  -2.980";"perfectly";"8.429086e-02"
"   3";"  23";"13.04";"  -2.980";"representative";"8.429086e-02"
"   3";"  23";"13.04";"  -2.980";"angel";"8.429086e-02"
"   1";"  13";" 7.69";"  -2.962";"pose";"8.524052e-02"
"   1";"  13";" 7.69";"  -2.962";"schumer";"8.524052e-02"
"   1";"  13";" 7.69";"  -2.962";"bid";"8.524052e-02"
"   1";"  13";" 7.69";"  -2.962";"scam";"8.524052e-02"
"   1";"  13";" 7.69";"  -2.962";"knife";"8.524052e-02"
"   1";"  13";" 7.69";"  -2.962";"revolutionary";"8.524052e-02"
"   1";"  13";" 7.69";"  -2.962";"recycle";"8.524052e-02"
"   1";"  13";" 7.69";"  -2.962";"prompt";"8.524052e-02"
"   1";"  13";" 7.69";"  -2.962";"minimize";"8.524052e-02"
"   1";"  13";" 7.69";"  -2.962";"gross";"8.524052e-02"
"   1";"  13";" 7.69";"  -2.962";"ftc";"8.524052e-02"
"   1";"  13";" 7.69";"  -2.962";"consumption";"8.524052e-02"
"   1";"  13";" 7.69";"  -2.962";"arrest";"8.524052e-02"
"   1";"  13";" 7.69";"  -2.962";"architect";"8.524052e-02"
"   1";"  13";" 7.69";"  -2.962";"salesperson";"8.524052e-02"
"   1";"  13";" 7.69";"  -2.962";"resolution";"8.524052e-02"
"   1";"  13";" 7.69";"  -2.962";"republic";"8.524052e-02"
"   1";"  13";" 7.69";"  -2.962";"pounder";"8.524052e-02"
"   1";"  13";" 7.69";"  -2.962";"offshore";"8.524052e-02"
"   1";"  13";" 7.69";"  -2.962";"motive";"8.524052e-02"
"   1";"  13";" 7.69";"  -2.962";"learning";"8.524052e-02"
"   1";"  13";" 7.69";"  -2.962";"infection";"8.524052e-02"
"   1";"  13";" 7.69";"  -2.962";"hood";"8.524052e-02"
"   1";"  13";" 7.69";"  -2.962";"hierarchy";"8.524052e-02"
"   1";"  13";" 7.69";"  -2.962";"funnel";"8.524052e-02"
"   1";"  13";" 7.69";"  -2.962";"dramatic";"8.524052e-02"
"   1";"  13";" 7.69";"  -2.962";"defensive";"8.524052e-02"
"   1";"  13";" 7.69";"  -2.962";"connectivity";"8.524052e-02"
"   1";"  13";" 7.69";"  -2.962";"capita";"8.524052e-02"
"   1";"  13";" 7.69";"  -2.962";"automatic";"8.524052e-02"
"   1";"  13";" 7.69";"  -2.962";"assist";"8.524052e-02"
"  61";" 249";"24.50";"  -2.954";"imagine";"8.566983e-02"
"   8";"  45";"17.78";"  -2.952";"square";"8.575539e-02"
"   8";"  45";"17.78";"  -2.952";"avoid";"8.575539e-02"
"   5";"  32";"15.62";"  -2.945";"breach";"8.616730e-02"
"   5";"  32";"15.62";"  -2.945";"hole";"8.616730e-02"
"   5";"  32";"15.62";"  -2.945";"characteristic";"8.616730e-02"
"   5";"  32";"15.62";"  -2.945";"ad";"8.616730e-02"
"   5";"  32";"15.62";"  -2.945";"knock";"8.616730e-02"
"   0";"   7";" 0.00";"  -2.922";"debris";"8.738379e-02"
"   0";"   7";" 0.00";"  -2.922";"infinity";"8.738379e-02"
"   0";"   7";" 0.00";"  -2.922";"cube";"8.738379e-02"
"   0";"   7";" 0.00";"  -2.922";"crater";"8.738379e-02"
"   0";"   7";" 0.00";"  -2.922";"array";"8.738379e-02"
"   0";"   7";" 0.00";"  -2.922";"spartan";"8.738379e-02"
"   0";"   7";" 0.00";"  -2.922";"simulate";"8.738379e-02"
"   0";"   7";" 0.00";"  -2.922";"reboot";"8.738379e-02"
"   0";"   7";" 0.00";"  -2.922";"ramjet";"8.738379e-02"
"   0";"   7";" 0.00";"  -2.922";"partition";"8.738379e-02"
"   0";"   7";" 0.00";"  -2.922";"overheat";"8.738379e-02"
"   0";"   7";" 0.00";"  -2.922";"opponent";"8.738379e-02"
"   0";"   7";" 0.00";"  -2.922";"hp";"8.738379e-02"
"   0";"   7";" 0.00";"  -2.922";"drown";"8.738379e-02"
"   0";"   7";" 0.00";"  -2.922";"digit";"8.738379e-02"
"   0";"   7";" 0.00";"  -2.922";"brit";"8.738379e-02"
"   0";"   7";" 0.00";"  -2.922";"bingo";"8.738379e-02"
"   0";"   7";" 0.00";"  -2.922";"astronomical";"8.738379e-02"
"   0";"   7";" 0.00";"  -2.922";"yahoo";"8.738379e-02"
"   0";"   7";" 0.00";"  -2.922";"wuhan";"8.738379e-02"
"   0";"   7";" 0.00";"  -2.922";"wi";"8.738379e-02"
"   0";"   7";" 0.00";"  -2.922";"visualize";"8.738379e-02"
"   0";"   7";" 0.00";"  -2.922";"starling";"8.738379e-02"
"   0";"   7";" 0.00";"  -2.922";"squeeze";"8.738379e-02"
"   0";"   7";" 0.00";"  -2.922";"smartphones";"8.738379e-02"
"   0";"   7";" 0.00";"  -2.922";"sentry";"8.738379e-02"
"   0";"   7";" 0.00";"  -2.922";"roosevelt";"8.738379e-02"
"   0";"   7";" 0.00";"  -2.922";"retiree";"8.738379e-02"
"   0";"   7";" 0.00";"  -2.922";"restriction";"8.738379e-02"
"   0";"   7";" 0.00";"  -2.922";"moscow";"8.738379e-02"
"   0";"   7";" 0.00";"  -2.922";"modernize";"8.738379e-02"
"   0";"   7";" 0.00";"  -2.922";"modernism";"8.738379e-02"
"   0";"   7";" 0.00";"  -2.922";"milestone";"8.738379e-02"
"   0";"   7";" 0.00";"  -2.922";"ion";"8.738379e-02"
"   0";"   7";" 0.00";"  -2.922";"humanoid";"8.738379e-02"
"   0";"   7";" 0.00";"  -2.922";"gradual";"8.738379e-02"
"   0";"   7";" 0.00";"  -2.922";"falcon";"8.738379e-02"
"   0";"   7";" 0.00";"  -2.922";"evaluation";"8.738379e-02"
"   0";"   7";" 0.00";"  -2.922";"endpoint";"8.738379e-02"
"   0";"   7";" 0.00";"  -2.922";"empowerment";"8.738379e-02"
"   0";"   7";" 0.00";"  -2.922";"disclose";"8.738379e-02"
"   0";"   7";" 0.00";"  -2.922";"defensibility";"8.738379e-02"
"   0";"   7";" 0.00";"  -2.922";"constituent";"8.738379e-02"
"   0";"   7";" 0.00";"  -2.922";"configure";"8.738379e-02"
"   0";"   7";" 0.00";"  -2.922";"coder";"8.738379e-02"
"   0";"   7";" 0.00";"  -2.922";"catalyst";"8.738379e-02"
"   0";"   7";" 0.00";"  -2.922";"bog";"8.738379e-02"
"   0";"   7";" 0.00";"  -2.922";"appease";"8.738379e-02"
"   0";"   7";" 0.00";"  -2.922";"adjustment";"8.738379e-02"
"   0";"   7";" 0.00";"  -2.922";"yikes";"8.738379e-02"
"   0";"   7";" 0.00";"  -2.922";"visual";"8.738379e-02"
"   0";"   7";" 0.00";"  -2.922";"venezuelan";"8.738379e-02"
"   0";"   7";" 0.00";"  -2.922";"vendor";"8.738379e-02"
"   0";"   7";" 0.00";"  -2.922";"unpopular";"8.738379e-02"
"   0";"   7";" 0.00";"  -2.922";"undo";"8.738379e-02"
"   0";"   7";" 0.00";"  -2.922";"ui";"8.738379e-02"
"   0";"   7";" 0.00";"  -2.922";"trailer";"8.738379e-02"
"   0";"   7";" 0.00";"  -2.922";"theorist";"8.738379e-02"
"   0";"   7";" 0.00";"  -2.922";"technolog";"8.738379e-02"
"   0";"   7";" 0.00";"  -2.922";"tactical";"8.738379e-02"
"   0";"   7";" 0.00";"  -2.922";"sufficiently";"8.738379e-02"
"   0";"   7";" 0.00";"  -2.922";"stubborn";"8.738379e-02"
"   0";"   7";" 0.00";"  -2.922";"streamline";"8.738379e-02"
"   0";"   7";" 0.00";"  -2.922";"starve";"8.738379e-02"
"   0";"   7";" 0.00";"  -2.922";"solvable";"8.738379e-02"
"   0";"   7";" 0.00";"  -2.922";"sane";"8.738379e-02"
"   0";"   7";" 0.00";"  -2.922";"rogue";"8.738379e-02"
"   0";"   7";" 0.00";"  -2.922";"rhetoric";"8.738379e-02"
"   0";"   7";" 0.00";"  -2.922";"restore";"8.738379e-02"
"   0";"   7";" 0.00";"  -2.922";"reconnaissance";"8.738379e-02"
"   0";"   7";" 0.00";"  -2.922";"preventative";"8.738379e-02"
"   0";"   7";" 0.00";"  -2.922";"predictable";"8.738379e-02"
"   0";"   7";" 0.00";"  -2.922";"pierce";"8.738379e-02"
"   0";"   7";" 0.00";"  -2.922";"onboard";"8.738379e-02"
"   0";"   7";" 0.00";"  -2.922";"nike";"8.738379e-02"
"   0";"   7";" 0.00";"  -2.922";"nih";"8.738379e-02"
"   0";"   7";" 0.00";"  -2.922";"nasdaq";"8.738379e-02"
"   0";"   7";" 0.00";"  -2.922";"misaligned";"8.738379e-02"
"   0";"   7";" 0.00";"  -2.922";"microbe";"8.738379e-02"
"   0";"   7";" 0.00";"  -2.922";"marijuana";"8.738379e-02"
"   0";"   7";" 0.00";"  -2.922";"manifestation";"8.738379e-02"
"   0";"   7";" 0.00";"  -2.922";"loose";"8.738379e-02"
"   0";"   7";" 0.00";"  -2.922";"lms";"8.738379e-02"
"   0";"   7";" 0.00";"  -2.922";"length";"8.738379e-02"
"   0";"   7";" 0.00";"  -2.922";"kite";"8.738379e-02"
"   0";"   7";" 0.00";"  -2.922";"intrusive";"8.738379e-02"
"   0";"   7";" 0.00";"  -2.922";"intervene";"8.738379e-02"
"   0";"   7";" 0.00";"  -2.922";"insure";"8.738379e-02"
"   0";"   7";" 0.00";"  -2.922";"instant";"8.738379e-02"
"   0";"   7";" 0.00";"  -2.922";"inflationary";"8.738379e-02"
"   0";"   7";" 0.00";"  -2.922";"horrify";"8.738379e-02"
"   0";"   7";" 0.00";"  -2.922";"grift";"8.738379e-02"
"   0";"   7";" 0.00";"  -2.922";"genetically";"8.738379e-02"
"   0";"   7";" 0.00";"  -2.922";"gb4";"8.738379e-02"
"   0";"   7";" 0.00";"  -2.922";"gadget";"8.738379e-02"
"   0";"   7";" 0.00";"  -2.922";"farle";"8.738379e-02"
"   0";"   7";" 0.00";"  -2.922";"explosion";"8.738379e-02"
"   0";"   7";" 0.00";"  -2.922";"ethnic";"8.738379e-02"
"   0";"   7";" 0.00";"  -2.922";"envy";"8.738379e-02"
"   0";"   7";" 0.00";"  -2.922";"durable";"8.738379e-02"
"   0";"   7";" 0.00";"  -2.922";"dopamine";"8.738379e-02"
"   0";"   7";" 0.00";"  -2.922";"discourage";"8.738379e-02"
"   0";"   7";" 0.00";"  -2.922";"deregulate";"8.738379e-02"
"   0";"   7";" 0.00";"  -2.922";"demonize";"8.738379e-02"
"   0";"   7";" 0.00";"  -2.922";"crude";"8.738379e-02"
"   0";"   7";" 0.00";"  -2.922";"crony";"8.738379e-02"
"   0";"   7";" 0.00";"  -2.922";"crappy";"8.738379e-02"
"   0";"   7";" 0.00";"  -2.922";"cooperative";"8.738379e-02"
"   0";"   7";" 0.00";"  -2.922";"contrary";"8.738379e-02"
"   0";"   7";" 0.00";"  -2.922";"contend";"8.738379e-02"
"   0";"   7";" 0.00";"  -2.922";"concede";"8.738379e-02"
"   0";"   7";" 0.00";"  -2.922";"competence";"8.738379e-02"
"   0";"   7";" 0.00";"  -2.922";"coerce";"8.738379e-02"
"   0";"   7";" 0.00";"  -2.922";"cocaine";"8.738379e-02"
"   0";"   7";" 0.00";"  -2.922";"cartoon";"8.738379e-02"
"   0";"   7";" 0.00";"  -2.922";"canonical";"8.738379e-02"
"   0";"   7";" 0.00";"  -2.922";"bureau";"8.738379e-02"
"   0";"   7";" 0.00";"  -2.922";"bi";"8.738379e-02"
"   0";"   7";" 0.00";"  -2.922";"benchmark";"8.738379e-02"
"   0";"   7";" 0.00";"  -2.922";"beholden";"8.738379e-02"
"   0";"   7";" 0.00";"  -2.922";"beautifully";"8.738379e-02"
"   0";"   7";" 0.00";"  -2.922";"bandwidth";"8.738379e-02"
"   0";"   7";" 0.00";"  -2.922";"asymmetry";"8.738379e-02"
"   0";"   7";" 0.00";"  -2.922";"asymmetrical";"8.738379e-02"
"   0";"   7";" 0.00";"  -2.922";"assistance";"8.738379e-02"
"   0";"   7";" 0.00";"  -2.922";"ash";"8.738379e-02"
"   0";"   7";" 0.00";"  -2.922";"arsenal";"8.738379e-02"
"   0";"   7";" 0.00";"  -2.922";"anxiety";"8.738379e-02"
"   0";"   7";" 0.00";"  -2.922";"alzheimer";"8.738379e-02"
"   0";"   7";" 0.00";"  -2.922";"accumulate";"8.738379e-02"
"   0";"   7";" 0.00";"  -2.922";"3x";"8.738379e-02"
"   2";"  18";"11.11";"  -2.914";"dense";"8.782313e-02"
"   2";"  18";"11.11";"  -2.914";"utilize";"8.782313e-02"
"   2";"  18";"11.11";"  -2.914";"manipulate";"8.782313e-02"
"   2";"  18";"11.11";"  -2.914";"decay";"8.782313e-02"
"   2";"  18";"11.11";"  -2.914";"coal";"8.782313e-02"
"   2";"  18";"11.11";"  -2.914";"aim";"8.782313e-02"
"   2";"  18";"11.11";"  -2.914";"terror";"8.782313e-02"
"   2";"  18";"11.11";"  -2.914";"clever";"8.782313e-02"
"  31";" 136";"22.79";"  -2.907";"nation";"8.820319e-02"
" 224";" 836";"26.79";"  -2.895";"high";"8.882851e-02"
"  10";"  53";"18.87";"  -2.858";"condition";"9.089964e-02"
"   6";"  36";"16.67";"  -2.832";"chess";"9.238044e-02"
"   6";"  36";"16.67";"  -2.832";"lifetime";"9.238044e-02"
"   6";"  36";"16.67";"  -2.832";"treatment";"9.238044e-02"
"   6";"  36";"16.67";"  -2.832";"distribution";"9.238044e-02"
"   6";"  36";"16.67";"  -2.832";"activist";"9.238044e-02"
"   6";"  36";"16.67";"  -2.832";"rank";"9.238044e-02"
"  20";"  93";"21.51";"  -2.829";"scare";"9.255694e-02"
"  11";"  57";"19.30";"  -2.829";"score";"9.255482e-02"
"  11";"  57";"19.30";"  -2.829";"spot";"9.255482e-02"
"  18";"  85";"21.18";"  -2.804";"event";"9.402929e-02"
"  13";"  65";"20.00";"  -2.796";"suddenly";"9.448527e-02"
"   4";"  27";"14.81";"  -2.784";"iranian";"9.521506e-02"
"   4";"  27";"14.81";"  -2.784";"arizona";"9.521506e-02"
"   4";"  27";"14.81";"  -2.784";"ensure";"9.521506e-02"
"  30";" 131";"22.90";"  -2.711";"land";"9.968727e-02"
"   8";"  44";"18.18";"  -2.690";"frontier";"1.009705e-01"
"   8";"  44";"18.18";"  -2.690";"workforce";"1.009705e-01"
"  34";" 146";"23.29";"  -2.675";"venture";"1.019101e-01"
"  21";"  96";"21.88";"  -2.655";"worker";"1.032103e-01"
"   5";"  31";"16.13";"  -2.648";"adjust";"1.036679e-01"
"   5";"  31";"16.13";"  -2.648";"proxy";"1.036679e-01"
"   5";"  31";"16.13";"  -2.648";"parallel";"1.036679e-01"
"   5";"  31";"16.13";"  -2.648";"judgment";"1.036679e-01"
"   3";"  22";"13.64";"  -2.648";"nuke";"1.036703e-01"
"   3";"  22";"13.64";"  -2.648";"quota";"1.036703e-01"
"   3";"  22";"13.64";"  -2.648";"panel";"1.036703e-01"
"   3";"  22";"13.64";"  -2.648";"merge";"1.036703e-01"
"   3";"  22";"13.64";"  -2.648";"origin";"1.036703e-01"
"   3";"  22";"13.64";"  -2.648";"financially";"1.036703e-01"
"   3";"  22";"13.64";"  -2.648";"distance";"1.036703e-01"
"   3";"  22";"13.64";"  -2.648";"cow";"1.036703e-01"
"   3";"  22";"13.64";"  -2.648";"absolute";"1.036703e-01"
"   9";"  48";"18.75";"  -2.646";"portfolio";"1.037857e-01"
"  10";"  52";"19.23";"  -2.615";"reward";"1.058406e-01"
"  10";"  52";"19.23";"  -2.615";"organize";"1.058406e-01"
"  11";"  56";"19.64";"  -2.594";"box";"1.072658e-01"
"  12";"  60";"20.00";"  -2.581";"document";"1.081678e-01"
"  40";" 168";"23.81";"  -2.580";"scary";"1.081928e-01"
"   1";"  12";" 8.33";"  -2.575";"tent";"1.085405e-01"
"   1";"  12";" 8.33";"  -2.575";"industrialize";"1.085405e-01"
"   1";"  12";" 8.33";"  -2.575";"jammer";"1.085405e-01"
"   1";"  12";" 8.33";"  -2.575";"intrusion";"1.085405e-01"
"   1";"  12";" 8.33";"  -2.575";"instagram";"1.085405e-01"
"   1";"  12";" 8.33";"  -2.575";"cto";"1.085405e-01"
"   1";"  12";" 8.33";"  -2.575";"torture";"1.085405e-01"
"   1";"  12";" 8.33";"  -2.575";"sink";"1.085405e-01"
"   1";"  12";" 8.33";"  -2.575";"sailor";"1.085405e-01"
"   1";"  12";" 8.33";"  -2.575";"probation";"1.085405e-01"
"   1";"  12";" 8.33";"  -2.575";"oversight";"1.085405e-01"
"   1";"  12";" 8.33";"  -2.575";"hook";"1.085405e-01"
"   1";"  12";" 8.33";"  -2.575";"fiber";"1.085405e-01"
"   1";"  12";" 8.33";"  -2.575";"discount";"1.085405e-01"
"   1";"  12";" 8.33";"  -2.575";"arise";"1.085405e-01"
"   1";"  12";" 8.33";"  -2.575";"upfront";"1.085405e-01"
"   1";"  12";" 8.33";"  -2.575";"terribly";"1.085405e-01"
"   1";"  12";" 8.33";"  -2.575";"tailwind";"1.085405e-01"
"   1";"  12";" 8.33";"  -2.575";"stability";"1.085405e-01"
"   1";"  12";" 8.33";"  -2.575";"shore";"1.085405e-01"
"   1";"  12";" 8.33";"  -2.575";"scheme";"1.085405e-01"
"   1";"  12";" 8.33";"  -2.575";"rumor";"1.085405e-01"
"   1";"  12";" 8.33";"  -2.575";"rep";"1.085405e-01"
"   1";"  12";" 8.33";"  -2.575";"remotely";"1.085405e-01"
"   1";"  12";" 8.33";"  -2.575";"purposely";"1.085405e-01"
"   1";"  12";" 8.33";"  -2.575";"pillar";"1.085405e-01"
"   1";"  12";" 8.33";"  -2.575";"mankind";"1.085405e-01"
"   1";"  12";" 8.33";"  -2.575";"mainstream";"1.085405e-01"
"   1";"  12";" 8.33";"  -2.575";"locate";"1.085405e-01"
"   1";"  12";" 8.33";"  -2.575";"locally";"1.085405e-01"
"   1";"  12";" 8.33";"  -2.575";"fifty";"1.085405e-01"
"   1";"  12";" 8.33";"  -2.575";"emergence";"1.085405e-01"
"   1";"  12";" 8.33";"  -2.575";"cleanup";"1.085405e-01"
"   1";"  12";" 8.33";"  -2.575";"circumstance";"1.085405e-01"
"   1";"  12";" 8.33";"  -2.575";"chuck";"1.085405e-01"
"   1";"  12";" 8.33";"  -2.575";"cannon";"1.085405e-01"
"   1";"  12";" 8.33";"  -2.575";"bullet";"1.085405e-01"
"   1";"  12";" 8.33";"  -2.575";"beneficial";"1.085405e-01"
"   1";"  12";" 8.33";"  -2.575";"aisle";"1.085405e-01"
"   2";"  17";"11.76";"  -2.559";"peer";"1.096565e-01"
"   2";"  17";"11.76";"  -2.559";"worthy";"1.096565e-01"
"   2";"  17";"11.76";"  -2.559";"auggie";"1.096565e-01"
"   2";"  17";"11.76";"  -2.559";"intern";"1.096565e-01"
"   2";"  17";"11.76";"  -2.559";"propaganda";"1.096565e-01"
"   2";"  17";"11.76";"  -2.559";"chart";"1.096565e-01"
"   2";"  17";"11.76";"  -2.559";"wokeness";"1.096565e-01"
"   6";"  35";"17.14";"  -2.552";"danger";"1.101384e-01"
"   6";"  35";"17.14";"  -2.552";"click";"1.101384e-01"
"  24";" 107";"22.43";"  -2.542";"depend";"1.108346e-01"
"  66";" 264";"25.00";"  -2.530";"close";"1.117309e-01"
"   0";"   6";" 0.00";"  -2.504";"vulnerability";"1.135263e-01"
"   0";"   6";" 0.00";"  -2.504";"glucose";"1.135263e-01"
"   0";"   6";" 0.00";"  -2.504";"autocomplete";"1.135263e-01"
"   0";"   6";" 0.00";"  -2.504";"volt";"1.135263e-01"
"   0";"   6";" 0.00";"  -2.504";"repercussion";"1.135263e-01"
"   0";"   6";" 0.00";"  -2.504";"oxide";"1.135263e-01"
"   0";"   6";" 0.00";"  -2.504";"nitride";"1.135263e-01"
"   0";"   6";" 0.00";"  -2.504";"masa";"1.135263e-01"
"   0";"   6";" 0.00";"  -2.504";"lockdowns";"1.135263e-01"
"   0";"   6";" 0.00";"  -2.504";"inspection";"1.135263e-01"
"   0";"   6";" 0.00";"  -2.504";"idaho";"1.135263e-01"
"   0";"   6";" 0.00";"  -2.504";"gallium";"1.135263e-01"
"   0";"   6";" 0.00";"  -2.504";"freshworks";"1.135263e-01"
"   0";"   6";" 0.00";"  -2.504";"exile";"1.135263e-01"
"   0";"   6";" 0.00";"  -2.504";"apollo";"1.135263e-01"
"   0";"   6";" 0.00";"  -2.504";"allen";"1.135263e-01"
"   0";"   6";" 0.00";"  -2.504";"urgent";"1.135263e-01"
"   0";"   6";" 0.00";"  -2.504";"uncertainty";"1.135263e-01"
"   0";"   6";" 0.00";"  -2.504";"sugar";"1.135263e-01"
"   0";"   6";" 0.00";"  -2.504";"menial";"1.135263e-01"
"   0";"   6";" 0.00";"  -2.504";"marketer";"1.135263e-01"
"   0";"   6";" 0.00";"  -2.504";"mach";"1.135263e-01"
"   0";"   6";" 0.00";"  -2.504";"lps";"1.135263e-01"
"   0";"   6";" 0.00";"  -2.504";"kilometer";"1.135263e-01"
"   0";"   6";" 0.00";"  -2.504";"imperfect";"1.135263e-01"
"   0";"   6";" 0.00";"  -2.504";"gp";"1.135263e-01"
"   0";"   6";" 0.00";"  -2.504";"generator";"1.135263e-01"
"   0";"   6";" 0.00";"  -2.504";"forty";"1.135263e-01"
"   0";"   6";" 0.00";"  -2.504";"fed";"1.135263e-01"
"   0";"   6";" 0.00";"  -2.504";"epa";"1.135263e-01"
"   0";"   6";" 0.00";"  -2.504";"drift";"1.135263e-01"
"   0";"   6";" 0.00";"  -2.504";"copper";"1.135263e-01"
"   0";"   6";" 0.00";"  -2.504";"commoditize";"1.135263e-01"
"   0";"   6";" 0.00";"  -2.504";"chavez";"1.135263e-01"
"   0";"   6";" 0.00";"  -2.504";"auditor";"1.135263e-01"
"   0";"   6";" 0.00";"  -2.504";"ammo";"1.135263e-01"
"   0";"   6";" 0.00";"  -2.504";"ambiguous";"1.135263e-01"
"   0";"   6";" 0.00";"  -2.504";"accredit";"1.135263e-01"
"   0";"   6";" 0.00";"  -2.504";"100x";"1.135263e-01"
"   0";"   6";" 0.00";"  -2.504";"xiin";"1.135263e-01"
"   0";"   6";" 0.00";"  -2.504";"volatility";"1.135263e-01"
"   0";"   6";" 0.00";"  -2.504";"verge";"1.135263e-01"
"   0";"   6";" 0.00";"  -2.504";"velocity";"1.135263e-01"
"   0";"   6";" 0.00";"  -2.504";"vastly";"1.135263e-01"
"   0";"   6";" 0.00";"  -2.504";"vaccination";"1.135263e-01"
"   0";"   6";" 0.00";"  -2.504";"unstructured";"1.135263e-01"
"   0";"   6";" 0.00";"  -2.504";"unnecessary";"1.135263e-01"
"   0";"   6";" 0.00";"  -2.504";"uncover";"1.135263e-01"
"   0";"   6";" 0.00";"  -2.504";"unacceptable";"1.135263e-01"
"   0";"   6";" 0.00";"  -2.504";"tvs";"1.135263e-01"
"   0";"   6";" 0.00";"  -2.504";"turkey";"1.135263e-01"
"   0";"   6";" 0.00";"  -2.504";"toxicity";"1.135263e-01"
"   0";"   6";" 0.00";"  -2.504";"thatcher";"1.135263e-01"
"   0";"   6";" 0.00";"  -2.504";"telehealth";"1.135263e-01"
"   0";"   6";" 0.00";"  -2.504";"telecom";"1.135263e-01"
"   0";"   6";" 0.00";"  -2.504";"takeoff";"1.135263e-01"
"   0";"   6";" 0.00";"  -2.504";"taiwanese";"1.135263e-01"
"   0";"   6";" 0.00";"  -2.504";"substantially";"1.135263e-01"
"   0";"   6";" 0.00";"  -2.504";"substantial";"1.135263e-01"
"   0";"   6";" 0.00";"  -2.504";"statistically";"1.135263e-01"
"   0";"   6";" 0.00";"  -2.504";"starlink";"1.135263e-01"
"   0";"   6";" 0.00";"  -2.504";"stabilize";"1.135263e-01"
"   0";"   6";" 0.00";"  -2.504";"squat";"1.135263e-01"
"   0";"   6";" 0.00";"  -2.504";"spec";"1.135263e-01"
"   0";"   6";" 0.00";"  -2.504";"significance";"1.135263e-01"
"   0";"   6";" 0.00";"  -2.504";"seric";"1.135263e-01"
"   0";"   6";" 0.00";"  -2.504";"semester";"1.135263e-01"
"   0";"   6";" 0.00";"  -2.504";"scotland";"1.135263e-01"
"   0";"   6";" 0.00";"  -2.504";"s3";"1.135263e-01"
"   0";"   6";" 0.00";"  -2.504";"rigid";"1.135263e-01"
"   0";"   6";" 0.00";"  -2.504";"rfk";"1.135263e-01"
"   0";"   6";" 0.00";"  -2.504";"retinopathy";"1.135263e-01"
"   0";"   6";" 0.00";"  -2.504";"resist";"1.135263e-01"
"   0";"   6";" 0.00";"  -2.504";"reopen";"1.135263e-01"
"   0";"   6";" 0.00";"  -2.504";"regs";"1.135263e-01"
"   0";"   6";" 0.00";"  -2.504";"reg";"1.135263e-01"
"   0";"   6";" 0.00";"  -2.504";"referral";"1.135263e-01"
"   0";"   6";" 0.00";"  -2.504";"redistribution";"1.135263e-01"
"   0";"   6";" 0.00";"  -2.504";"radicalism";"1.135263e-01"
"   0";"   6";" 0.00";"  -2.504";"quirky";"1.135263e-01"
"   0";"   6";" 0.00";"  -2.504";"purse";"1.135263e-01"
"   0";"   6";" 0.00";"  -2.504";"profitably";"1.135263e-01"
"   0";"   6";" 0.00";"  -2.504";"processor";"1.135263e-01"
"   0";"   6";" 0.00";"  -2.504";"plain";"1.135263e-01"
"   0";"   6";" 0.00";"  -2.504";"permanently";"1.135263e-01"
"   0";"   6";" 0.00";"  -2.504";"performant";"1.135263e-01"
"   0";"   6";" 0.00";"  -2.504";"penetrate";"1.135263e-01"
"   0";"   6";" 0.00";"  -2.504";"patreon";"1.135263e-01"
"   0";"   6";" 0.00";"  -2.504";"parole";"1.135263e-01"
"   0";"   6";" 0.00";"  -2.504";"paralyze";"1.135263e-01"
"   0";"   6";" 0.00";"  -2.504";"palent";"1.135263e-01"
"   0";"   6";" 0.00";"  -2.504";"oxygen";"1.135263e-01"
"   0";"   6";" 0.00";"  -2.504";"orbital";"1.135263e-01"
"   0";"   6";" 0.00";"  -2.504";"nightmare";"1.135263e-01"
"   0";"   6";" 0.00";"  -2.504";"navigation";"1.135263e-01"
"   0";"   6";" 0.00";"  -2.504";"narrowly";"1.135263e-01"
"   0";"   6";" 0.00";"  -2.504";"modernization";"1.135263e-01"
"   0";"   6";" 0.00";"  -2.504";"mitigate";"1.135263e-01"
"   0";"   6";" 0.00";"  -2.504";"mercedes";"1.135263e-01"
"   0";"   6";" 0.00";"  -2.504";"meme";"1.135263e-01"
"   0";"   6";" 0.00";"  -2.504";"materialize";"1.135263e-01"
"   0";"   6";" 0.00";"  -2.504";"market_s";"1.135263e-01"
"   0";"   6";" 0.00";"  -2.504";"leninist";"1.135263e-01"
"   0";"   6";" 0.00";"  -2.504";"legislative";"1.135263e-01"
"   0";"   6";" 0.00";"  -2.504";"lawmaker";"1.135263e-01"
"   0";"   6";" 0.00";"  -2.504";"kame";"1.135263e-01"
"   0";"   6";" 0.00";"  -2.504";"judicial";"1.135263e-01"
"   0";"   6";" 0.00";"  -2.504";"irregular";"1.135263e-01"
"   0";"   6";" 0.00";"  -2.504";"intrinsically";"1.135263e-01"
"   0";"   6";" 0.00";"  -2.504";"installation";"1.135263e-01"
"   0";"   6";" 0.00";"  -2.504";"innocent";"1.135263e-01"
"   0";"   6";" 0.00";"  -2.504";"infinitely";"1.135263e-01"
"   0";"   6";" 0.00";"  -2.504";"incumbency";"1.135263e-01"
"   0";"   6";" 0.00";"  -2.504";"hint";"1.135263e-01"
"   0";"   6";" 0.00";"  -2.504";"helium";"1.135263e-01"
"   0";"   6";" 0.00";"  -2.504";"hearing";"1.135263e-01"
"   0";"   6";" 0.00";"  -2.504";"harvest";"1.135263e-01"
"   0";"   6";" 0.00";"  -2.504";"gpd3";"1.135263e-01"
"   0";"   6";" 0.00";"  -2.504";"gigabyte";"1.135263e-01"
"   0";"   6";" 0.00";"  -2.504";"geo";"1.135263e-01"
"   0";"   6";" 0.00";"  -2.504";"gemini";"1.135263e-01"
"   0";"   6";" 0.00";"  -2.504";"gbd3";"1.135263e-01"
"   0";"   6";" 0.00";"  -2.504";"fundraise";"1.135263e-01"
"   0";"   6";" 0.00";"  -2.504";"ftx";"1.135263e-01"
"   0";"   6";" 0.00";"  -2.504";"frictionless";"1.135263e-01"
"   0";"   6";" 0.00";"  -2.504";"flywheel";"1.135263e-01"
"   0";"   6";" 0.00";"  -2.504";"exporter";"1.135263e-01"
"   0";"   6";" 0.00";"  -2.504";"experimentation";"1.135263e-01"
"   0";"   6";" 0.00";"  -2.504";"everest";"1.135263e-01"
"   0";"   6";" 0.00";"  -2.504";"emmys";"1.135263e-01"
"   0";"   6";" 0.00";"  -2.504";"editable";"1.135263e-01"
"   0";"   6";" 0.00";"  -2.504";"ec2";"1.135263e-01"
"   0";"   6";" 0.00";"  -2.504";"driverless";"1.135263e-01"
"   0";"   6";" 0.00";"  -2.504";"drain";"1.135263e-01"
"   0";"   6";" 0.00";"  -2.504";"doctrine";"1.135263e-01"
"   0";"   6";" 0.00";"  -2.504";"dividend";"1.135263e-01"
"   0";"   6";" 0.00";"  -2.504";"ditch";"1.135263e-01"
"   0";"   6";" 0.00";"  -2.504";"dislike";"1.135263e-01"
"   0";"   6";" 0.00";"  -2.504";"dish";"1.135263e-01"
"   0";"   6";" 0.00";"  -2.504";"discrepancy";"1.135263e-01"
"   0";"   6";" 0.00";"  -2.504";"difficulty";"1.135263e-01"
"   0";"   6";" 0.00";"  -2.504";"dependency";"1.135263e-01"
"   0";"   6";" 0.00";"  -2.504";"defer";"1.135263e-01"
"   0";"   6";" 0.00";"  -2.504";"dare";"1.135263e-01"
"   0";"   6";" 0.00";"  -2.504";"crave";"1.135263e-01"
"   0";"   6";" 0.00";"  -2.504";"coven";"1.135263e-01"
"   0";"   6";" 0.00";"  -2.504";"computational";"1.135263e-01"
"   0";"   6";" 0.00";"  -2.504";"comply";"1.135263e-01"
"   0";"   6";" 0.00";"  -2.504";"compliance";"1.135263e-01"
"   0";"   6";" 0.00";"  -2.504";"comparable";"1.135263e-01"
"   0";"   6";" 0.00";"  -2.504";"comm";"1.135263e-01"
"   0";"   6";" 0.00";"  -2.504";"codify";"1.135263e-01"
"   0";"   6";" 0.00";"  -2.504";"coachability";"1.135263e-01"
"   0";"   6";" 0.00";"  -2.504";"checklist";"1.135263e-01"
"   0";"   6";" 0.00";"  -2.504";"cathode";"1.135263e-01"
"   0";"   6";" 0.00";"  -2.504";"capitalization";"1.135263e-01"
"   0";"   6";" 0.00";"  -2.504";"bundle";"1.135263e-01"
"   0";"   6";" 0.00";"  -2.504";"bounty";"1.135263e-01"
"   0";"   6";" 0.00";"  -2.504";"bmw";"1.135263e-01"
"   0";"   6";" 0.00";"  -2.504";"backpack";"1.135263e-01"
"   0";"   6";" 0.00";"  -2.504";"availability";"1.135263e-01"
"   0";"   6";" 0.00";"  -2.504";"artillery";"1.135263e-01"
"   0";"   6";" 0.00";"  -2.504";"arch";"1.135263e-01"
"   0";"   6";" 0.00";"  -2.504";"arbitrage";"1.135263e-01"
"   0";"   6";" 0.00";"  -2.504";"annuity";"1.135263e-01"
"   0";"   6";" 0.00";"  -2.504";"annually";"1.135263e-01"
"   0";"   6";" 0.00";"  -2.504";"androll";"1.135263e-01"
"   0";"   6";" 0.00";"  -2.504";"analogous";"1.135263e-01"
"   0";"   6";" 0.00";"  -2.504";"aerial";"1.135263e-01"
"   0";"   6";" 0.00";"  -2.504";"20x";"1.135263e-01"
"   0";"   6";" 0.00";"  -2.504";"1920s";"1.135263e-01"
"   7";"  39";"17.95";"  -2.484";"divide";"1.150228e-01"
"   7";"  39";"17.95";"  -2.484";"theme";"1.150228e-01"
"   4";"  26";"15.38";"  -2.476";"tackle";"1.155968e-01"
"   4";"  26";"15.38";"  -2.476";"update";"1.155968e-01"
"   4";"  26";"15.38";"  -2.476";"researcher";"1.155968e-01"
"   8";"  43";"18.60";"  -2.435";"tribe";"1.186347e-01"
"   8";"  43";"18.60";"  -2.435";"final";"1.186347e-01"
"   8";"  43";"18.60";"  -2.435";"whatnot";"1.186347e-01"
"  26";" 114";"22.81";"  -2.426";"paper";"1.193605e-01"
"   9";"  47";"19.15";"  -2.401";"aggressive";"1.212207e-01"
"  16";"  75";"21.33";"  -2.380";"defend";"1.228606e-01"
"  11";"  55";"20.00";"  -2.365";"match";"1.240529e-01"
"  11";"  55";"20.00";"  -2.365";"broadly";"1.240529e-01"
"  14";"  67";"20.90";"  -2.362";"basis";"1.243412e-01"
"   5";"  30";"16.67";"  -2.360";"premise";"1.244876e-01"
"   5";"  30";"16.67";"  -2.360";"taxi";"1.244876e-01"
"   5";"  30";"16.67";"  -2.360";"permanent";"1.244876e-01"
"   5";"  30";"16.67";"  -2.360";"council";"1.244876e-01"
"   5";"  30";"16.67";"  -2.360";"france";"1.244876e-01"
"   5";"  30";"16.67";"  -2.360";"counter";"1.244876e-01"
"  12";"  59";"20.34";"  -2.359";"transition";"1.245767e-01"
"  12";"  59";"20.34";"  -2.359";"wage";"1.245767e-01"
"  13";"  63";"20.63";"  -2.358";"dig";"1.246460e-01"
"   3";"  21";"14.29";"  -2.324";"surgery";"1.273657e-01"
"   3";"  21";"14.29";"  -2.324";"misunderstand";"1.273657e-01"
"   3";"  21";"14.29";"  -2.324";"britain";"1.273657e-01"
"   3";"  21";"14.29";"  -2.324";"7th";"1.273657e-01"
"   6";"  34";"17.65";"  -2.280";"communication";"1.310361e-01"
"  20";"  90";"22.22";"  -2.266";"define";"1.322604e-01"
" 359";"1301";"27.59";"  -2.227";"call";"1.356535e-01"
"   7";"  38";"18.42";"  -2.225";"sea";"1.357674e-01"
"   7";"  38";"18.42";"  -2.225";"pair";"1.357674e-01"
"  18";"  82";"21.95";"  -2.222";"innovate";"1.360843e-01"
"   2";"  16";"12.50";"  -2.212";"singapore";"1.369065e-01"
"   2";"  16";"12.50";"  -2.212";"mac";"1.369065e-01"
"   2";"  16";"12.50";"  -2.212";"recession";"1.369065e-01"
"   2";"  16";"12.50";"  -2.212";"clutter";"1.369065e-01"
"   2";"  16";"12.50";"  -2.212";"relief";"1.369065e-01"
"   2";"  16";"12.50";"  -2.212";"forum";"1.369065e-01"
"   2";"  16";"12.50";"  -2.212";"finger";"1.369065e-01"
"   2";"  16";"12.50";"  -2.212";"dirt";"1.369065e-01"
"   2";"  16";"12.50";"  -2.212";"comp";"1.369065e-01"
"   2";"  16";"12.50";"  -2.212";"stream";"1.369065e-01"
"   2";"  16";"12.50";"  -2.212";"plot";"1.369065e-01"
"   2";"  16";"12.50";"  -2.212";"persistent";"1.369065e-01"
"   2";"  16";"12.50";"  -2.212";"outperform";"1.369065e-01"
"   2";"  16";"12.50";"  -2.212";"native";"1.369065e-01"
"   2";"  16";"12.50";"  -2.212";"med";"1.369065e-01"
"   2";"  16";"12.50";"  -2.212";"fulfillment";"1.369065e-01"
"   1";"  11";" 9.09";"  -2.194";"offload";"1.385235e-01"
"   1";"  11";" 9.09";"  -2.194";"consent";"1.385235e-01"
"   1";"  11";" 9.09";"  -2.194";"unknown";"1.385235e-01"
"   1";"  11";" 9.09";"  -2.194";"genocide";"1.385235e-01"
"   1";"  11";" 9.09";"  -2.194";"assault";"1.385235e-01"
"   1";"  11";" 9.09";"  -2.194";"supercharge";"1.385235e-01"
"   1";"  11";" 9.09";"  -2.194";"simulation";"1.385235e-01"
"   1";"  11";" 9.09";"  -2.194";"gmail";"1.385235e-01"
"   1";"  11";" 9.09";"  -2.194";"float";"1.385235e-01"
"   1";"  11";" 9.09";"  -2.194";"ceiling";"1.385235e-01"
"   1";"  11";" 9.09";"  -2.194";"bucket";"1.385235e-01"
"   1";"  11";" 9.09";"  -2.194";"rift";"1.385235e-01"
"   1";"  11";" 9.09";"  -2.194";"quarterly";"1.385235e-01"
"   1";"  11";" 9.09";"  -2.194";"lifespan";"1.385235e-01"
"   1";"  11";" 9.09";"  -2.194";"index";"1.385235e-01"
"   1";"  11";" 9.09";"  -2.194";"digitize";"1.385235e-01"
"   1";"  11";" 9.09";"  -2.194";"cdc";"1.385235e-01"
"   1";"  11";" 9.09";"  -2.194";"candid";"1.385235e-01"
"   1";"  11";" 9.09";"  -2.194";"brexit";"1.385235e-01"
"   1";"  11";" 9.09";"  -2.194";"api";"1.385235e-01"
"   1";"  11";" 9.09";"  -2.194";"accelerationist";"1.385235e-01"
"   1";"  11";" 9.09";"  -2.194";"theoretically";"1.385235e-01"
"   1";"  11";" 9.09";"  -2.194";"stretch";"1.385235e-01"
"   1";"  11";" 9.09";"  -2.194";"slide";"1.385235e-01"
"   1";"  11";" 9.09";"  -2.194";"recommendation";"1.385235e-01"
"   1";"  11";" 9.09";"  -2.194";"randomly";"1.385235e-01"
"   1";"  11";" 9.09";"  -2.194";"prospect";"1.385235e-01"
"   1";"  11";" 9.09";"  -2.194";"president_s";"1.385235e-01"
"   1";"  11";" 9.09";"  -2.194";"patchwork";"1.385235e-01"
"   1";"  11";" 9.09";"  -2.194";"merger";"1.385235e-01"
"   1";"  11";" 9.09";"  -2.194";"marxists";"1.385235e-01"
"   1";"  11";" 9.09";"  -2.194";"litigation";"1.385235e-01"
"   1";"  11";" 9.09";"  -2.194";"hostile";"1.385235e-01"
"   1";"  11";" 9.09";"  -2.194";"forest";"1.385235e-01"
"   1";"  11";" 9.09";"  -2.194";"dot";"1.385235e-01"
"   1";"  11";" 9.09";"  -2.194";"differentiate";"1.385235e-01"
"   1";"  11";" 9.09";"  -2.194";"delta";"1.385235e-01"
"   1";"  11";" 9.09";"  -2.194";"delete";"1.385235e-01"
"   1";"  11";" 9.09";"  -2.194";"confusion";"1.385235e-01"
"   1";"  11";" 9.09";"  -2.194";"commercially";"1.385235e-01"
"   1";"  11";" 9.09";"  -2.194";"castle";"1.385235e-01"
" 144";" 542";"26.57";"  -2.192";"sense";"1.386898e-01"
"   8";"  42";"19.05";"  -2.188";"minimum";"1.390775e-01"
" 742";"2633";"28.18";"  -2.187";"time";"1.391598e-01"
"   4";"  25";"16.00";"  -2.177";"assessment";"1.401001e-01"
"   4";"  25";"16.00";"  -2.177";"grab";"1.401001e-01"
"  23";" 101";"22.77";"  -2.171";"twitter";"1.406495e-01"
"  14";"  66";"21.21";"  -2.157";"secret";"1.418901e-01"
"  10";"  50";"20.00";"  -2.150";"police";"1.425650e-01"
"  10";"  50";"20.00";"  -2.150";"complete";"1.425650e-01"
"  12";"  58";"20.69";"  -2.144";"insight";"1.431637e-01"
"  12";"  58";"20.69";"  -2.144";"lock";"1.431637e-01"
"  11";"  54";"20.37";"  -2.144";"afghanistan";"1.431508e-01"
"  22";"  97";"22.68";"  -2.142";"earth";"1.432754e-01"
"   0";"   5";" 0.00";"  -2.087";"mushroom";"1.485605e-01"
"   0";"   5";" 0.00";"  -2.087";"yeast";"1.485605e-01"
"   0";"   5";" 0.00";"  -2.087";"mio";"1.485605e-01"
"   0";"   5";" 0.00";"  -2.087";"auction";"1.485605e-01"
"   0";"   5";" 0.00";"  -2.087";"assassinate";"1.485605e-01"
"   0";"   5";" 0.00";"  -2.087";"verification";"1.485605e-01"
"   0";"   5";" 0.00";"  -2.087";"sobriety";"1.485605e-01"
"   0";"   5";" 0.00";"  -2.087";"rescue";"1.485605e-01"
"   0";"   5";" 0.00";"  -2.087";"propeller";"1.485605e-01"
"   0";"   5";" 0.00";"  -2.087";"pregnancy";"1.485605e-01"
"   0";"   5";" 0.00";"  -2.087";"photon";"1.485605e-01"
"   0";"   5";" 0.00";"  -2.087";"objection";"1.485605e-01"
"   0";"   5";" 0.00";"  -2.087";"minimal";"1.485605e-01"
"   0";"   5";" 0.00";"  -2.087";"megawatt";"1.485605e-01"
"   0";"   5";" 0.00";"  -2.087";"judiciary";"1.485605e-01"
"   0";"   5";" 0.00";"  -2.087";"incarceration";"1.485605e-01"
"   0";"   5";" 0.00";"  -2.087";"dominance";"1.485605e-01"
"   0";"   5";" 0.00";"  -2.087";"conformity";"1.485605e-01"
"   0";"   5";" 0.00";"  -2.087";"cholesterol";"1.485605e-01"
"   0";"   5";" 0.00";"  -2.087";"alike";"1.485605e-01"
"   0";"   5";" 0.00";"  -2.087";"worldclass";"1.485605e-01"
"   0";"   5";" 0.00";"  -2.087";"trigger";"1.485605e-01"
"   0";"   5";" 0.00";"  -2.087";"token";"1.485605e-01"
"   0";"   5";" 0.00";"  -2.087";"thumb";"1.485605e-01"
"   0";"   5";" 0.00";"  -2.087";"textile";"1.485605e-01"
"   0";"   5";" 0.00";"  -2.087";"statutory";"1.485605e-01"
"   0";"   5";" 0.00";"  -2.087";"shader";"1.485605e-01"
"   0";"   5";" 0.00";"  -2.087";"severely";"1.485605e-01"
"   0";"   5";" 0.00";"  -2.087";"reflexivity";"1.485605e-01"
"   0";"   5";" 0.00";"  -2.087";"redundancy";"1.485605e-01"
"   0";"   5";" 0.00";"  -2.087";"preemptively";"1.485605e-01"
"   0";"   5";" 0.00";"  -2.087";"penetration";"1.485605e-01"
"   0";"   5";" 0.00";"  -2.087";"opium";"1.485605e-01"
"   0";"   5";" 0.00";"  -2.087";"nda";"1.485605e-01"
"   0";"   5";" 0.00";"  -2.087";"nanometer";"1.485605e-01"
"   0";"   5";" 0.00";"  -2.087";"leukemia";"1.485605e-01"
"   0";"   5";" 0.00";"  -2.087";"lethal";"1.485605e-01"
"   0";"   5";" 0.00";"  -2.087";"kamla";"1.485605e-01"
"   0";"   5";" 0.00";"  -2.087";"jungle";"1.485605e-01"
"   0";"   5";" 0.00";"  -2.087";"iv";"1.485605e-01"
"   0";"   5";" 0.00";"  -2.087";"insulin";"1.485605e-01"
"   0";"   5";" 0.00";"  -2.087";"injunction";"1.485605e-01"
"   0";"   5";" 0.00";"  -2.087";"inaccurate";"1.485605e-01"
"   0";"   5";" 0.00";"  -2.087";"idiosyncratic";"1.485605e-01"
"   0";"   5";" 0.00";"  -2.087";"hvac";"1.485605e-01"
"   0";"   5";" 0.00";"  -2.087";"graspable";"1.485605e-01"
"   0";"   5";" 0.00";"  -2.087";"felony";"1.485605e-01"
"   0";"   5";" 0.00";"  -2.087";"enslave";"1.485605e-01"
"   0";"   5";" 0.00";"  -2.087";"electorate";"1.485605e-01"
"   0";"   5";" 0.00";"  -2.087";"dispatch";"1.485605e-01"
"   0";"   5";" 0.00";"  -2.087";"dealer";"1.485605e-01"
"   0";"   5";" 0.00";"  -2.087";"custody";"1.485605e-01"
"   0";"   5";" 0.00";"  -2.087";"chile";"1.485605e-01"
"   0";"   5";" 0.00";"  -2.087";"browser";"1.485605e-01"
"   0";"   5";" 0.00";"  -2.087";"brainer";"1.485605e-01"
"   0";"   5";" 0.00";"  -2.087";"blm";"1.485605e-01"
"   0";"   5";" 0.00";"  -2.087";"anode";"1.485605e-01"
"   0";"   5";" 0.00";"  -2.087";"anabolic";"1.485605e-01"
"   0";"   5";" 0.00";"  -2.087";"000x";"1.485605e-01"
"   0";"   5";" 0.00";"  -2.087";"zillow";"1.485605e-01"
"   0";"   5";" 0.00";"  -2.087";"wrench";"1.485605e-01"
"   0";"   5";" 0.00";"  -2.087";"whitehead";"1.485605e-01"
"   0";"   5";" 0.00";"  -2.087";"weaponize";"1.485605e-01"
"   0";"   5";" 0.00";"  -2.087";"volatile";"1.485605e-01"
"   0";"   5";" 0.00";"  -2.087";"vladimir";"1.485605e-01"
"   0";"   5";" 0.00";"  -2.087";"visceral";"1.485605e-01"
"   0";"   5";" 0.00";"  -2.087";"vertiport";"1.485605e-01"
"   0";"   5";" 0.00";"  -2.087";"valid";"1.485605e-01"
"   0";"   5";" 0.00";"  -2.087";"v1";"1.485605e-01"
"   0";"   5";" 0.00";"  -2.087";"unsustainable";"1.485605e-01"
"   0";"   5";" 0.00";"  -2.087";"unmatched";"1.485605e-01"
"   0";"   5";" 0.00";"  -2.087";"uncommon";"1.485605e-01"
"   0";"   5";" 0.00";"  -2.087";"tout";"1.485605e-01"
"   0";"   5";" 0.00";"  -2.087";"toothbrush";"1.485605e-01"
"   0";"   5";" 0.00";"  -2.087";"tilt";"1.485605e-01"
"   0";"   5";" 0.00";"  -2.087";"tether";"1.485605e-01"
"   0";"   5";" 0.00";"  -2.087";"tesla_s";"1.485605e-01"
"   0";"   5";" 0.00";"  -2.087";"tenth";"1.485605e-01"
"   0";"   5";" 0.00";"  -2.087";"tangible";"1.485605e-01"
"   0";"   5";" 0.00";"  -2.087";"synapse";"1.485605e-01"
"   0";"   5";" 0.00";"  -2.087";"suspicious";"1.485605e-01"
"   0";"   5";" 0.00";"  -2.087";"suspicion";"1.485605e-01"
"   0";"   5";" 0.00";"  -2.087";"surreal";"1.485605e-01"
"   0";"   5";" 0.00";"  -2.087";"superior";"1.485605e-01"
"   0";"   5";" 0.00";"  -2.087";"submission";"1.485605e-01"
"   0";"   5";" 0.00";"  -2.087";"statute";"1.485605e-01"
"   0";"   5";" 0.00";"  -2.087";"southeast";"1.485605e-01"
"   0";"   5";" 0.00";"  -2.087";"slate";"1.485605e-01"
"   0";"   5";" 0.00";"  -2.087";"singular";"1.485605e-01"
"   0";"   5";" 0.00";"  -2.087";"shin";"1.485605e-01"
"   0";"   5";" 0.00";"  -2.087";"scramble";"1.485605e-01"
"   0";"   5";" 0.00";"  -2.087";"rug";"1.485605e-01"
"   0";"   5";" 0.00";"  -2.087";"rubio";"1.485605e-01"
"   0";"   5";" 0.00";"  -2.087";"reusable";"1.485605e-01"
"   0";"   5";" 0.00";"  -2.087";"retention";"1.485605e-01"
"   0";"   5";" 0.00";"  -2.087";"retailer";"1.485605e-01"
"   0";"   5";" 0.00";"  -2.087";"restrain";"1.485605e-01"
"   0";"   5";" 0.00";"  -2.087";"repress";"1.485605e-01"
"   0";"   5";" 0.00";"  -2.087";"repeatable";"1.485605e-01"
"   0";"   5";" 0.00";"  -2.087";"repeal";"1.485605e-01"
"   0";"   5";" 0.00";"  -2.087";"remark";"1.485605e-01"
"   0";"   5";" 0.00";"  -2.087";"reinvest";"1.485605e-01"
"   0";"   5";" 0.00";"  -2.087";"refrigerator";"1.485605e-01"
"   0";"   5";" 0.00";"  -2.087";"reflective";"1.485605e-01"
"   0";"   5";" 0.00";"  -2.087";"redundant";"1.485605e-01"
"   0";"   5";" 0.00";"  -2.087";"readiness";"1.485605e-01"
"   0";"   5";" 0.00";"  -2.087";"psychotherapy";"1.485605e-01"
"   0";"   5";" 0.00";"  -2.087";"provocator";"1.485605e-01"
"   0";"   5";" 0.00";"  -2.087";"protective";"1.485605e-01"
"   0";"   5";" 0.00";"  -2.087";"prosper";"1.485605e-01"
"   0";"   5";" 0.00";"  -2.087";"prod";"1.485605e-01"
"   0";"   5";" 0.00";"  -2.087";"presuppose";"1.485605e-01"
"   0";"   5";" 0.00";"  -2.087";"presentation";"1.485605e-01"
"   0";"   5";" 0.00";"  -2.087";"polymathic";"1.485605e-01"
"   0";"   5";" 0.00";"  -2.087";"plausibly";"1.485605e-01"
"   0";"   5";" 0.00";"  -2.087";"peg";"1.485605e-01"
"   0";"   5";" 0.00";"  -2.087";"peel";"1.485605e-01"
"   0";"   5";" 0.00";"  -2.087";"paranoid";"1.485605e-01"
"   0";"   5";" 0.00";"  -2.087";"parameter";"1.485605e-01"
"   0";"   5";" 0.00";"  -2.087";"palm";"1.485605e-01"
"   0";"   5";" 0.00";"  -2.087";"pallet";"1.485605e-01"
"   0";"   5";" 0.00";"  -2.087";"overvalue";"1.485605e-01"
"   0";"   5";" 0.00";"  -2.087";"outdoor";"1.485605e-01"
"   0";"   5";" 0.00";"  -2.087";"os";"1.485605e-01"
"   0";"   5";" 0.00";"  -2.087";"onboarding";"1.485605e-01"
"   0";"   5";" 0.00";"  -2.087";"nyt";"1.485605e-01"
"   0";"   5";" 0.00";"  -2.087";"nordstrom";"1.485605e-01"
"   0";"   5";" 0.00";"  -2.087";"newsome";"1.485605e-01"
"   0";"   5";" 0.00";"  -2.087";"neurologist";"1.485605e-01"
"   0";"   5";" 0.00";"  -2.087";"ndaa";"1.485605e-01"
"   0";"   5";" 0.00";"  -2.087";"nazism";"1.485605e-01"
"   0";"   5";" 0.00";"  -2.087";"musculoskeletal";"1.485605e-01"
"   0";"   5";" 0.00";"  -2.087";"murderer";"1.485605e-01"
"   0";"   5";" 0.00";"  -2.087";"multiplier";"1.485605e-01"
"   0";"   5";" 0.00";"  -2.087";"morass";"1.485605e-01"
"   0";"   5";" 0.00";"  -2.087";"moderator";"1.485605e-01"
"   0";"   5";" 0.00";"  -2.087";"mismatch";"1.485605e-01"
"   0";"   5";" 0.00";"  -2.087";"migration";"1.485605e-01"
"   0";"   5";" 0.00";"  -2.087";"migrate";"1.485605e-01"
"   0";"   5";" 0.00";"  -2.087";"middleman";"1.485605e-01"
"   0";"   5";" 0.00";"  -2.087";"microprocessor";"1.485605e-01"
"   0";"   5";" 0.00";"  -2.087";"mic";"1.485605e-01"
"   0";"   5";" 0.00";"  -2.087";"mcafee";"1.485605e-01"
"   0";"   5";" 0.00";"  -2.087";"mayhem";"1.485605e-01"
"   0";"   5";" 0.00";"  -2.087";"maneuver";"1.485605e-01"
"   0";"   5";" 0.00";"  -2.087";"malt";"1.485605e-01"
"   0";"   5";" 0.00";"  -2.087";"macarthur";"1.485605e-01"
"   0";"   5";" 0.00";"  -2.087";"logistical";"1.485605e-01"
"   0";"   5";" 0.00";"  -2.087";"leftwing";"1.485605e-01"
"   0";"   5";" 0.00";"  -2.087";"landslide";"1.485605e-01"
"   0";"   5";" 0.00";"  -2.087";"landlord";"1.485605e-01"
"   0";"   5";" 0.00";"  -2.087";"kindle";"1.485605e-01"
"   0";"   5";" 0.00";"  -2.087";"justification";"1.485605e-01"
"   0";"   5";" 0.00";"  -2.087";"invariably";"1.485605e-01"
"   0";"   5";" 0.00";"  -2.087";"intermediary";"1.485605e-01"
"   0";"   5";" 0.00";"  -2.087";"instacart";"1.485605e-01"
"   0";"   5";" 0.00";"  -2.087";"insist";"1.485605e-01"
"   0";"   5";" 0.00";"  -2.087";"initiate";"1.485605e-01"
"   0";"   5";" 0.00";"  -2.087";"infancy";"1.485605e-01"
"   0";"   5";" 0.00";"  -2.087";"independently";"1.485605e-01"
"   0";"   5";" 0.00";"  -2.087";"inability";"1.485605e-01"
"   0";"   5";" 0.00";"  -2.087";"imitation";"1.485605e-01"
"   0";"   5";" 0.00";"  -2.087";"imbalance";"1.485605e-01"
"   0";"   5";" 0.00";"  -2.087";"hover";"1.485605e-01"
"   0";"   5";" 0.00";"  -2.087";"hilarious";"1.485605e-01"
"   0";"   5";" 0.00";"  -2.087";"hawk";"1.485605e-01"
"   0";"   5";" 0.00";"  -2.087";"guardrail";"1.485605e-01"
"   0";"   5";" 0.00";"  -2.087";"gpd";"1.485605e-01"
"   0";"   5";" 0.00";"  -2.087";"geopolitically";"1.485605e-01"
"   0";"   5";" 0.00";"  -2.087";"ft";"1.485605e-01"
"   0";"   5";" 0.00";"  -2.087";"fracking";"1.485605e-01"
"   0";"   5";" 0.00";"  -2.087";"forecast";"1.485605e-01"
"   0";"   5";" 0.00";"  -2.087";"fluid";"1.485605e-01"
"   0";"   5";" 0.00";"  -2.087";"financials";"1.485605e-01"
"   0";"   5";" 0.00";"  -2.087";"fargo";"1.485605e-01"
"   0";"   5";" 0.00";"  -2.087";"extensive";"1.485605e-01"
"   0";"   5";" 0.00";"  -2.087";"exquisite";"1.485605e-01"
"   0";"   5";" 0.00";"  -2.087";"exp";"1.485605e-01"
"   0";"   5";" 0.00";"  -2.087";"exec";"1.485605e-01"
"   0";"   5";" 0.00";"  -2.087";"exclusive";"1.485605e-01"
"   0";"   5";" 0.00";"  -2.087";"evs";"1.485605e-01"
"   0";"   5";" 0.00";"  -2.087";"endowment";"1.485605e-01"
"   0";"   5";" 0.00";"  -2.087";"ellison";"1.485605e-01"
"   0";"   5";" 0.00";"  -2.087";"documentation";"1.485605e-01"
"   0";"   5";" 0.00";"  -2.087";"distraction";"1.485605e-01"
"   0";"   5";" 0.00";"  -2.087";"dissipate";"1.485605e-01"
"   0";"   5";" 0.00";"  -2.087";"disjoint";"1.485605e-01"
"   0";"   5";" 0.00";"  -2.087";"discretionary";"1.485605e-01"
"   0";"   5";" 0.00";"  -2.087";"discharge";"1.485605e-01"
"   0";"   5";" 0.00";"  -2.087";"directional";"1.485605e-01"
"   0";"   5";" 0.00";"  -2.087";"diesel";"1.485605e-01"
"   0";"   5";" 0.00";"  -2.087";"desantis";"1.485605e-01"
"   0";"   5";" 0.00";"  -2.087";"demetri";"1.485605e-01"
"   0";"   5";" 0.00";"  -2.087";"defraud";"1.485605e-01"
"   0";"   5";" 0.00";"  -2.087";"darkness";"1.485605e-01"
"   0";"   5";" 0.00";"  -2.087";"cumulative";"1.485605e-01"
"   0";"   5";" 0.00";"  -2.087";"cue";"1.485605e-01"
"   0";"   5";" 0.00";"  -2.087";"crunch";"1.485605e-01"
"   0";"   5";" 0.00";"  -2.087";"counterintuitive";"1.485605e-01"
"   0";"   5";" 0.00";"  -2.087";"consideration";"1.485605e-01"
"   0";"   5";" 0.00";"  -2.087";"compression";"1.485605e-01"
"   0";"   5";" 0.00";"  -2.087";"compiler";"1.485605e-01"
"   0";"   5";" 0.00";"  -2.087";"compact";"1.485605e-01"
"   0";"   5";" 0.00";"  -2.087";"commonly";"1.485605e-01"
"   0";"   5";" 0.00";"  -2.087";"combustion";"1.485605e-01"
"   0";"   5";" 0.00";"  -2.087";"clause";"1.485605e-01"
"   0";"   5";" 0.00";"  -2.087";"cla";"1.485605e-01"
"   0";"   5";" 0.00";"  -2.087";"causal";"1.485605e-01"
"   0";"   5";" 0.00";"  -2.087";"cardboard";"1.485605e-01"
"   0";"   5";" 0.00";"  -2.087";"capsule";"1.485605e-01"
"   0";"   5";" 0.00";"  -2.087";"cannibalize";"1.485605e-01"
"   0";"   5";" 0.00";"  -2.087";"bulk";"1.485605e-01"
"   0";"   5";" 0.00";"  -2.087";"bulb";"1.485605e-01"
"   0";"   5";" 0.00";"  -2.087";"btc";"1.485605e-01"
"   0";"   5";" 0.00";"  -2.087";"bomber";"1.485605e-01"
"   0";"   5";" 0.00";"  -2.087";"biomanufacturing";"1.485605e-01"
"   0";"   5";" 0.00";"  -2.087";"biller";"1.485605e-01"
"   0";"   5";" 0.00";"  -2.087";"barnacle";"1.485605e-01"
"   0";"   5";" 0.00";"  -2.087";"ballistic";"1.485605e-01"
"   0";"   5";" 0.00";"  -2.087";"backfill";"1.485605e-01"
"   0";"   5";" 0.00";"  -2.087";"b2c";"1.485605e-01"
"   0";"   5";" 0.00";"  -2.087";"ax";"1.485605e-01"
"   0";"   5";" 0.00";"  -2.087";"avs";"1.485605e-01"
"   0";"   5";" 0.00";"  -2.087";"astound";"1.485605e-01"
"   0";"   5";" 0.00";"  -2.087";"artistic";"1.485605e-01"
"   0";"   5";" 0.00";"  -2.087";"architectural";"1.485605e-01"
"   0";"   5";" 0.00";"  -2.087";"apis";"1.485605e-01"
"   0";"   5";" 0.00";"  -2.087";"anvil";"1.485605e-01"
"   0";"   5";" 0.00";"  -2.087";"anthropics";"1.485605e-01"
"   0";"   5";" 0.00";"  -2.087";"amplify";"1.485605e-01"
"   0";"   5";" 0.00";"  -2.087";"amend";"1.485605e-01"
"   0";"   5";" 0.00";"  -2.087";"akin";"1.485605e-01"
"   0";"   5";" 0.00";"  -2.087";"airspace";"1.485605e-01"
"   0";"   5";" 0.00";"  -2.087";"airfield";"1.485605e-01"
"   0";"   5";" 0.00";"  -2.087";"affordability";"1.485605e-01"
"   0";"   5";" 0.00";"  -2.087";"additive";"1.485605e-01"
"   0";"   5";" 0.00";"  -2.087";"achievable";"1.485605e-01"
"   0";"   5";" 0.00";"  -2.087";"accurately";"1.485605e-01"
"   0";"   5";" 0.00";"  -2.087";"accumulation";"1.485605e-01"
"   0";"   5";" 0.00";"  -2.087";"accelerator";"1.485605e-01"
"   0";"   5";" 0.00";"  -2.087";"abusive";"1.485605e-01"
"   0";"   5";" 0.00";"  -2.087";"abrams";"1.485605e-01"
"   0";"   5";" 0.00";"  -2.087";"abortion";"1.485605e-01"
"   0";"   5";" 0.00";"  -2.087";"9s";"1.485605e-01"
"   0";"   5";" 0.00";"  -2.087";"5x";"1.485605e-01"
"   5";"  29";"17.24";"  -2.081";"dental";"1.491793e-01"
"   5";"  29";"17.24";"  -2.081";"impose";"1.491793e-01"
"   5";"  29";"17.24";"  -2.081";"globally";"1.491793e-01"
"  41";" 168";"24.40";"  -2.064";"reality";"1.508030e-01"
"   6";"  33";"18.18";"  -2.017";"disruptive";"1.555475e-01"
"   6";"  33";"18.18";"  -2.017";"engagement";"1.555475e-01"
"   6";"  33";"18.18";"  -2.017";"constrain";"1.555475e-01"
" 120";" 454";"26.43";"  -2.010";"break";"1.562747e-01"
"   3";"  20";"15.00";"  -2.010";"cia";"1.562764e-01"
"   3";"  20";"15.00";"  -2.010";"bone";"1.562764e-01"
"   3";"  20";"15.00";"  -2.010";"trans";"1.562764e-01"
"   3";"  20";"15.00";"  -2.010";"ticket";"1.562764e-01"
"   3";"  20";"15.00";"  -2.010";"fault";"1.562764e-01"
"   3";"  20";"15.00";"  -2.010";"loser";"1.562764e-01"
"   3";"  20";"15.00";"  -2.010";"consume";"1.562764e-01"
"   3";"  20";"15.00";"  -2.010";"consistent";"1.562764e-01"
"   3";"  20";"15.00";"  -2.010";"ping";"1.562764e-01"
"   3";"  20";"15.00";"  -2.010";"investigate";"1.562764e-01"
"   3";"  20";"15.00";"  -2.010";"contact";"1.562764e-01"
"  23";" 100";"23.00";"  -2.005";"concept";"1.567720e-01"
"*****";"*";"*";"*";"*";"*"
"5036";"18490";"27.24";"-90.122";"that";"2.239708e-21"
" 119";"  780";"15.26";"-77.275";"use";"1.487683e-18"
"3666";"13646";"26.87";"-70.803";"is";"3.946662e-17"
"3300";"12363";"26.69";"-68.992";"so";"9.888463e-17"
"  47";"  381";"12.34";"-54.263";"using";"1.753900e-13"
"7526";"26497";"28.40";"-53.791";"the";"2.230015e-13"
"1027";" 4161";"24.68";"-51.447";"can";"7.354501e-13"
"1096";" 4408";"24.86";"-50.807";"or";"1.018935e-12"
" 423";" 1896";"22.31";"-49.067";"could";"2.473185e-12"
" 884";" 3595";"24.59";"-45.365";"then";"1.634993e-11"
"1571";" 6031";"26.05";"-40.298";"right";"2.180561e-10"
"2865";"10530";"27.21";"-35.987";"we";"1.986672e-09"
"  63";"  392";"16.07";"-34.123";"allow";"5.174469e-09"
" 877";" 3476";"25.23";"-32.933";"more";"9.538369e-09"
" 214";" 1003";"21.34";"-32.665";"able";"1.094728e-08"
" 436";" 1841";"23.68";"-31.025";"has";"2.547353e-08"
" 657";" 2657";"24.73";"-30.758";"which";"2.922420e-08"
"1228";" 4705";"26.10";"-29.192";"if";"6.553411e-08"
"  41";"  278";"14.75";"-29.131";"its";"6.765531e-08"
" 846";" 3305";"25.60";"-25.954";"now";"3.496847e-07"
" 844";" 3292";"25.64";"-25.302";"we_re";"4.900911e-07"
" 873";" 3394";"25.72";"-25.027";"make";"5.652017e-07"
" 564";" 2256";"25.00";"-22.905";"by";"1.702461e-06"
" 325";" 1371";"23.71";"-22.610";"over";"1.984566e-06"
"1100";" 4175";"26.35";"-21.840";"these";"2.963156e-06"
"1305";" 4902";"26.62";"-21.803";"going";"3.020519e-06"
"1583";" 5880";"26.92";"-21.577";"just";"3.399724e-06"
" 735";" 2863";"25.67";"-21.326";"actually";"3.874258e-06"
"  36";"  230";"15.65";"-21.199";"within";"4.140660e-06"
" 212";"  932";"22.75";"-20.668";"we_ve";"5.462133e-06"
" 118";"  566";"20.85";"-20.460";"three";"6.087507e-06"
" 157";"  716";"21.93";"-19.877";"10";"8.259756e-06"
" 157";"  708";"22.18";"-18.376";"example";"1.813006e-05"
" 437";" 1752";"24.94";"-17.976";"need";"2.236755e-05"
"  75";"  380";"19.74";"-17.425";"less";"2.988648e-05"
"  58";"  308";"18.83";"-16.847";"50";"4.051460e-05"
" 220";"  939";"23.43";"-16.800";"does";"4.153475e-05"
" 136";"  617";"22.04";"-16.563";"own";"4.707064e-05"
"1414";" 5211";"27.13";"-15.676";"not";"7.517663e-05"
"  79";"  388";"20.36";"-15.582";"100";"7.901119e-05"
"6040";"21071";"28.66";"-15.074";"of";"1.033840e-04"
"3542";"12559";"28.20";"-14.395";"it";"1.482105e-04"
"1977";" 7156";"27.63";"-14.239";"are";"1.609825e-04"
" 298";" 1211";"24.61";"-14.119";"will";"1.715916e-04"
" 677";" 2579";"26.25";"-13.656";"they_re";"2.195391e-04"
" 257";" 1049";"24.50";"-12.724";"two";"3.609938e-04"
"  84";"  394";"21.32";"-12.661";"far";"3.734420e-04"
"  16";"  112";"14.29";"-12.428";"becomes";"4.229214e-04"
"1016";" 3764";"26.99";"-12.183";"there_s";"4.823279e-04"
"2389";" 8547";"27.95";"-12.071";"it_s";"5.120675e-04"
" 836";" 3124";"26.76";"-11.877";"way";"5.684291e-04"
" 321";" 1275";"25.18";"-11.597";"different";"6.606008e-04"
"1352";" 4934";"27.40";"-11.508";"all";"6.930975e-04"
"  44";"  228";"19.30";"-11.372";"under";"7.455722e-04"
"  42";"  217";"19.35";"-10.700";"15";"1.071535e-03"
" 249";" 1003";"24.83";"-10.601";"obviously";"1.130330e-03"
"  15";"  101";"14.85";"-10.383";"forth";"1.271586e-03"
" 224";"  909";"24.64";"-10.356";"everything";"1.290663e-03"
"  32";"  174";"18.39";"-10.285";"itself";"1.341372e-03"
"  75";"  345";"21.74";" -9.957";"once";"1.601965e-03"
" 185";"  759";"24.37";" -9.599";"off";"1.947243e-03"
"   2";"   35";" 5.71";" -9.497";"uses";"2.058278e-03"
" 106";"  461";"22.99";" -9.357";"five";"2.221259e-03"
"  30";"  161";"18.63";" -9.100";"cause";"2.556601e-03"
"1723";" 6185";"27.86";" -9.074";"they";"2.592066e-03"
" 137";"  573";"23.91";" -8.590";"seems";"3.379545e-03"
"  57";"  267";"21.35";" -8.489";"without";"3.573053e-03"
" 445";" 1691";"26.32";" -8.367";"take";"3.820610e-03"
"  99";"  428";"23.13";" -8.314";"already";"3.935096e-03"
"  23";"  128";"17.97";" -8.144";"1";"4.320469e-03"
" 106";"  453";"23.40";" -8.072";"certain";"4.495815e-03"
"  65";"  296";"21.96";" -8.051";"possible";"4.549064e-03"
"  18";"  106";"16.98";" -7.950";"changes";"4.808674e-03"
"  51";"  239";"21.34";" -7.610";"happens";"5.803307e-03"
" 461";" 1739";"26.51";" -7.583";"much";"5.891767e-03"
"  36";"  179";"20.11";" -7.543";"2";"6.022798e-03"
"  41";"  199";"20.60";" -7.531";"5";"6.064878e-03"
"2037";" 7240";"28.14";" -7.500";"on";"6.170983e-03"
" 230";"  905";"25.41";" -7.262";"through";"7.044742e-03"
"  51";"  237";"21.52";" -7.215";"u";"7.230796e-03"
"  14";"   86";"16.28";" -7.193";"several";"7.318579e-03"
"1020";" 3703";"27.55";" -7.178";"get";"7.378348e-03"
" 898";" 3272";"27.44";" -6.937";"them";"8.445413e-03"
" 387";" 1466";"26.40";" -6.831";"than";"8.959590e-03"
"   2";"   28";" 7.14";" -6.709";"2011";"9.592995e-03"
"  38";"  183";"20.77";" -6.671";"they_ll";"9.799684e-03"
"  24";"  126";"19.05";" -6.580";"won_t";"1.031356e-02"
" 128";"  525";"24.38";" -6.578";"might";"1.032729e-02"
"  80";"  345";"23.19";" -6.564";"goes";"1.040484e-02"
"  15";"   88";"17.05";" -6.529";"allows";"1.061433e-02"
"  73";"  318";"22.96";" -6.503";"whether";"1.076660e-02"
" 258";"  999";"25.83";" -6.480";"down";"1.090777e-02"
"  29";"  146";"19.86";" -6.479";"3";"1.091537e-02"
" 591";" 2184";"27.06";" -6.368";"doing";"1.162131e-02"
" 111";"  460";"24.13";" -6.336";"against";"1.183263e-02"
"  20";"  108";"18.52";" -6.225";"everywhere";"1.259313e-02"
"  91";"  384";"23.70";" -6.172";"000";"1.298192e-02"
"  40";"  187";"21.39";" -5.871";"40";"1.539589e-02"
" 109";"  449";"24.28";" -5.848";"let";"1.559538e-02"
"  18";"   98";"18.37";" -5.805";"etc";"1.598319e-02"
"  11";"   68";"16.18";" -5.774";"various";"1.626858e-02"
" 119";"  485";"24.54";" -5.703";"keep";"1.693269e-02"
"  22";"  114";"19.30";" -5.668";"plus";"1.727908e-02"
" 228";"  881";"25.88";" -5.527";"only";"1.872280e-02"
" 593";" 2178";"27.23";" -5.494";"other";"1.908103e-02"
"   3";"   30";"10.00";" -5.465";"mainly";"1.940450e-02"
"  21";"  109";"19.27";" -5.453";"200";"1.953600e-02"
"   7";"   49";"14.29";" -5.428";"9";"1.981998e-02"
" 105";"  431";"24.36";" -5.426";"away";"1.983963e-02"
"  31";"  149";"20.81";" -5.376";"clearly";"2.041540e-02"
" 123";"  496";"24.80";" -5.228";"20";"2.223048e-02"
"  15";"   83";"18.07";" -5.179";"80";"2.285570e-02"
"  25";"  124";"20.16";" -5.162";"looks";"2.308233e-02"
"   9";"   57";"15.79";" -5.124";"above";"2.359054e-02"
" 210";"  811";"25.89";" -5.037";"exactly";"2.480771e-02"
"   0";"   12";" 0.00";" -5.010";"via";"2.520554e-02"
"   0";"   12";" 0.00";" -5.010";"280";"2.520554e-02"
"  16";"   86";"18.60";" -4.876";"70";"2.722650e-02"
"   5";"   38";"13.16";" -4.857";"2017";"2.752887e-02"
" 350";" 1309";"26.74";" -4.793";"should";"2.856951e-02"
"   2";"   23";" 8.70";" -4.770";"onto";"2.896698e-02"
" 155";"  609";"25.45";" -4.756";"doesn_t";"2.919239e-02"
"   0";"   11";" 0.00";" -4.592";"36";"3.211955e-02"
"   0";"   11";" 0.00";" -4.592";"34";"3.211955e-02"
"   9";"   55";"16.36";" -4.537";"2000";"3.316270e-02"
" 252";"  956";"26.36";" -4.501";"still";"3.387905e-02"
"  73";"  305";"23.93";" -4.497";"they_ve";"3.396061e-02"
"  15";"   80";"18.75";" -4.415";"anywhere";"3.563251e-02"
"  27";"  128";"21.09";" -4.313";"zero";"3.783074e-02"
"  41";"  182";"22.53";" -4.214";"instead";"4.009900e-02"
"   0";"   10";" 0.00";" -4.175";"contain";"4.103610e-02"
" 133";"  523";"25.43";" -4.118";"else";"4.242241e-02"
" 171";"  660";"25.91";" -4.047";"next";"4.425035e-02"
"   3";"   26";"11.54";" -4.016";"2022";"4.507473e-02"
"  45";"  196";"22.96";" -3.991";"either";"4.575264e-02"
" 162";"  626";"25.88";" -3.901";"course";"4.825129e-02"
"  25";"  118";"21.19";" -3.887";"per";"4.866598e-02"
"  21";"  102";"20.59";" -3.862";"it_ll";"4.937883e-02"
"   0";"    9";" 0.00";" -3.757";"et";"5.258793e-02"
"   0";"    9";" 0.00";" -3.757";"72";"5.258793e-02"
"   0";"    9";" 0.00";" -3.757";"1998";"5.258793e-02"
"   0";"    9";" 0.00";" -3.757";"1993";"5.258793e-02"
" 489";" 1784";"27.41";" -3.742";"those";"5.304692e-02"
"  36";"  160";"22.50";" -3.732";"during";"5.339504e-02"
"   3";"   25";"12.00";" -3.665";"700";"5.557345e-02"
"   3";"   25";"12.00";" -3.665";"nearly";"5.557345e-02"
"  43";"  186";"23.12";" -3.603";"towards";"5.769118e-02"
" 191";"  727";"26.27";" -3.596";"again";"5.792531e-02"
" 205";"  777";"26.38";" -3.584";"any";"5.835147e-02"
"  95";"  379";"25.07";" -3.536";"between";"6.005146e-02"
" 279";" 1039";"26.85";" -3.462";"probably";"6.280594e-02"
"   0";"    8";" 0.00";" -3.339";"47";"6.763797e-02"
"  74";"  300";"24.67";" -3.325";"30";"6.822709e-02"
"   7";"   42";"16.67";" -3.305";"2021";"6.906857e-02"
"  19";"   91";"20.88";" -3.222";"somewhere";"7.264306e-02"
"  19";"   90";"21.11";" -3.016";"they_d";"8.242169e-02"
"  33";"  144";"22.92";" -2.966";"particular";"8.502422e-02"
" 203";"  762";"26.64";" -2.948";"can_t";"8.597684e-02"
"   0";"    7";" 0.00";" -2.922";"sensible";"8.738379e-02"
"   0";"    7";" 0.00";" -2.922";"moreover";"8.738379e-02"
" 370";" 1352";"27.37";" -2.921";"new";"8.741266e-02"
"1751";" 6135";"28.54";" -2.914";"do";"8.782249e-02"
"  24";"  109";"22.02";" -2.903";"mostly";"8.842870e-02"
" 163";"  618";"26.38";" -2.852";"whole";"9.123481e-02"
" 108";"  420";"25.71";" -2.847";"another";"9.152070e-02"
"  17";"   81";"20.99";" -2.795";"necessary";"9.454913e-02"
"2341";" 8155";"28.71";" -2.777";"but";"9.562594e-02"
"   7";"   40";"17.50";" -2.750";"400";"9.723451e-02"
"   5";"   31";"16.13";" -2.648";"associated";"1.036679e-01"
"   9";"   48";"18.75";" -2.646";"entirely";"1.037857e-01"
"  18";"   84";"21.43";" -2.605";"therefore";"1.065576e-01"
"  13";"   64";"20.31";" -2.574";"2020";"1.086340e-01"
" 225";"  835";"26.95";" -2.570";"getting";"1.089011e-01"
"  46";"  190";"24.21";" -2.519";"isn_t";"1.124564e-01"
"   0";"    6";" 0.00";" -2.504";"187";"1.135263e-01"
"   0";"    6";" 0.00";" -2.504";"thus";"1.135263e-01"
"   0";"    6";" 0.00";" -2.504";"1991";"1.135263e-01"
"   7";"   39";"17.95";" -2.484";"250";"1.150228e-01"
"  11";"   55";"20.00";" -2.365";"24";"1.240529e-01"
"   3";"   21";"14.29";" -2.324";"120";"1.273657e-01"
"  32";"  136";"23.53";" -2.300";"unfortunately";"1.294025e-01"
"   2";"   16";"12.50";" -2.212";"sub";"1.369065e-01"
"1231";" 4322";"28.48";" -2.195";"there";"1.384892e-01"
"   1";"   11";" 9.09";" -2.194";"concerning";"1.385235e-01"
"   1";"   11";" 9.09";" -2.194";"unlikely";"1.385235e-01"
"   1";"   11";" 9.09";" -2.194";"1970";"1.385235e-01"
"   1";"   11";" 9.09";" -2.194";"110";"1.385235e-01"
"   8";"   42";"19.05";" -2.188";"appropriate";"1.390775e-01"
" 282";" 1030";"27.38";" -2.180";"trying";"1.398134e-01"
"   4";"   25";"16.00";" -2.177";"95";"1.401001e-01"
" 840";" 2971";"28.27";" -2.142";"where";"1.433255e-01"
" 204";"  754";"27.06";" -2.117";"done";"1.456942e-01"
" 522";" 1867";"27.96";" -2.093";"into";"1.479370e-01"
"   0";"    5";" 0.00";" -2.087";"87";"1.485605e-01"
"   0";"    5";" 0.00";" -2.087";"84";"1.485605e-01"
"   0";"    5";" 0.00";" -2.087";"49";"1.485605e-01"
"   0";"    5";" 0.00";" -2.087";"247";"1.485605e-01"
"   0";"    5";" 0.00";" -2.087";"1988";"1.485605e-01"
"   0";"    5";" 0.00";" -2.087";"1943";"1.485605e-01"
"   5";"   29";"17.24";" -2.081";"n";"1.491793e-01"
"  19";"   85";"22.35";" -2.063";"none";"1.509276e-01"
"  19";"   85";"22.35";" -2.063";"becoming";"1.509276e-01"
"   6";"   33";"18.18";" -2.017";"normally";"1.555475e-01"
"  36";"  149";"24.16";" -2.011";"eight";"1.561737e-01"
"   3";"   20";"15.00";" -2.010";"2004";"1.562764e-01"
"*";"*";"*";"*";"*";"*"
"22";"255";" 8.63";"-53.577";"*video=Oklos_Amazing_Small_Reactor_That_Can_Reuse_Nuclear_Waste_tXbWC1mDrl4en";"2.486716e-13"
"45";"367";"12.26";"-52.703";"*video=Top_Tech_Investors_This_AI_Wave_Is_10X_Bigger_Than_SaaS_aETqFYCrIoAen";"3.879113e-13"
"32";"299";"10.70";"-50.986";"*video=Ep_57_Balaji_Srinivasan_on_the_Severity_of_the_Bank_Crisis_and_the_Future_of_Bitcoin_QKjfAhnWJqUen";"9.302391e-13"
"24";"257";" 9.34";"-50.374";"*video=How_AI_Robots_Are_Taking_Over_Construction_l2sdZ1IyZx8en";"1.270576e-12"
"14";"201";" 6.97";"-49.170";"*video=Electronic_Warfare_and_Real-Life_Force_Fields_Epirus_CEO_Andy_Lowery_X2IWqRu7L1oen";"2.347418e-12"
"30";"282";"10.64";"-48.393";"*video=He_Predicted_Putins_Invasion_Now_He_Predicts_When_China_Will_Invade_Taiwan_dPkpBJajfF8en";"3.487883e-12"
"23";"240";" 9.58";"-45.881";"*video=Investing_in_2026_What_You_Need_to_Know_SEC_Chairman_7Cb19tOA0p4en";"1.256325e-11"
" 4";"128";" 3.12";"-42.836";"*video=Palantir_Co-Founder_on_the_Next_Generation_of_Warfare_RsaoH4knEA8en";"5.953880e-11"
"13";"177";" 7.34";"-41.821";"*video=He_Built_Teslas_FIRST_Roadster_Battery_Find_Out_What_Hes_Building_Next_yhbKdsegqnEen";"1.000217e-10"
" 9";"148";" 6.08";"-39.050";"*video=4_Ways_Robots_Are_Already_Taking_Over_LhBcuAHRqNAen";"4.130926e-10"
"23";"218";"10.55";"-37.692";"*video=Billionaire_vs_US_Senator_Should_TikTok_Be_Banned_HX8MIYvQcVQen";"8.282594e-10"
"20";"198";"10.10";"-35.862";"*video=Dr_Mark_Esper_Lessons_from_Russias_Invasion_of_Ukraine_eqedig-EvaEen";"2.117758e-09"
"42";"302";"13.91";"-35.395";"*video=From_Palantir_to_Space_Defense_Building_a_100_Billion_Company_hoVEoHXB6NEen";"2.692363e-09"
"14";"160";" 8.75";"-33.133";"*video=How_to_Fix_Dysfunctional_Government_with_Esper_CEO_Maleka_Momand_nTWBWcxIlUMen";"8.604914e-09"
"26";"213";"12.21";"-30.651";"*video=Ep_82_Rising_Inflation_Looming_Recession_The_State_of_the_Economy_with_Whitney_Baker_cD_2rcNsRNYen";"3.089339e-08"
"33";"243";"13.58";"-29.642";"*video=Balaji_Srinivasan_Bitcoin_China_the_Woke_Mob_and_the_Future_of_the_Internet_MMuIyspn7s0en";"5.197205e-08"
"20";"179";"11.17";"-28.911";"*video=Ep_73_Lessons_from_Palantir__How_Candid_Health_Is_Fixing_the_280B_Healthcare_Billing_Fiasco_rtNunKe7Q80en";"7.577912e-08"
"46";"296";"15.54";"-27.777";"*video=5_AI_Experts_Reveal_The_Best__Worst_Case_Scenarios_JtFuByhYUT4en";"1.361494e-07"
"20";"172";"11.63";"-26.410";"*video=Force_Fields__Directed_Energy_Are_Here_How_Epirus_Is_Changing_Defense_Tech_PFMaaQDvGVQen";"2.761445e-07"
"22";"180";"12.22";"-25.831";"*video=Ep_83_A_New_Leukemia_Cure_with_Ivan_Dimov_of_Orca_Bio_J99MyfKKdeQen";"3.726821e-07"
"31";"221";"14.03";"-25.445";"*video=Peng_Shuai_Beijing_Olympics__Holding_China_Accountable_with_Former_UN_Ambassador_Kelly_Craft_U4iFXcd3czEen";"4.551799e-07"
"30";"216";"13.89";"-25.314";"*video=Ep_72_Illegal_Chinese_Bio_Labs__Secret_Police_Inside_America_Congressman_Mike_Gallagher_13-lkPU9hqMen";"4.872189e-07"
"43";"272";"15.81";"-24.533";"*video=5_Expert_Predictions_The_Future_of_Artificial_Intelligence_NcKVW3r_YJQen";"7.306668e-07"
"17";"151";"11.26";"-24.143";"*video=AI_Vs_Engineers_Will_They_Be_Replaced_xyZABt3sCT4en";"8.944145e-07"
"15";"141";"10.64";"-24.101";"*video=New_Face_of_DOGE_Agenda_Explains_the_Big_Beautiful_Bill_cev5y2Hb5Rcen";"9.143347e-07"
"30";"210";"14.29";"-23.367";"*video=How_AI_is_Fixing_Americas_Most_Boring_Industry_ot0ofWCEuy4en";"1.338501e-06"
"24";"182";"13.19";"-23.276";"*video=The_Man_Behind_the_Militarys_Smartest_Self-Driving_Vehicles_3IkwPQedA80en";"1.403721e-06"
"36";"231";"15.58";"-21.501";"*video=This_New_Startup_Is_Disrupting_Healthcare_As_We_Know_It_woTmD-R3EIoen";"3.536301e-06"
"42";"254";"16.54";"-20.522";"*video=Trillions_in_AI_InvestmentBut_No_Bubble_4FdXvFy3ZY0en";"5.894296e-06"
"41";"248";"16.53";"-20.044";"*video=Free_Housing_Wont_Solve_the_Homeless_Crisis_Heres_What_Will_m3PSd0YLxDAen";"7.568426e-06"
" 4";" 71";" 5.63";"-19.415";"*video=Billionaire_Investor_This_is_the_Most_Undervalued_AI_Opportunity_ELj2LLNP8Aken";"1.051506e-05"
"45";"260";"17.31";"-18.572";"*video=Sal_Churi_Keri_Findley_and_Wesley_Chan_Innovators_Changing_Our_World_Right_Now_9WYqRab7ysIen";"1.636040e-05"
"46";"260";"17.69";"-17.414";"*video=How_Palantir_Alumni_Keep_Launching_Billion-Dollar_Ideas_ByDqjdLKVKken";"3.006616e-05"
"40";"233";"17.17";"-17.017";"*video=The_Year_That_Changed_Medicine_Forever__Francisco_Gimenez_Explains_the_Biotech_Revolution_UMBNkVKTCI4en";"3.703797e-05"
" 9";" 91";" 9.89";"-16.793";"*video=Palmer_Luckey_Important_Development_in_AI_Weapons_J3Fs47nQkZYen";"4.169021e-05"
" 3";" 58";" 5.17";"-16.475";"*video=Peter_Thiels_Contrarian_Guide_to_Investing_c3TfvGUm8_0en";"4.929217e-05"
" 0";" 39";" 0.00";"-16.294";"*video=Peter_Thiel_Reveals_Palantirs_Unstoppable_Philosophy_9-EBf5KhJ-sen";"5.423860e-05"
"31";"188";"16.49";"-15.270";"*video=Ep_55_Nathan_Mintz_on_Directed_Energy_a_New_Space_Age__the_Final_Hurdles_to_a_Driverless_Future_9SewQ5XabFgen";"9.319278e-05"
" 0";" 36";" 0.00";"-15.039";"*video=The_Beginning_of_the_End_of_Cancer_with_Dr_Rick_Klausner_aUpMZjHCtB8en";"1.052985e-04"
" 4";" 60";" 6.67";"-15.010";"*video=Why_The_Next_Financial_Lockdown_Could_Be_Worse_Than_The_1930s_U27BrPBlP0gen";"1.069273e-04"
"47";"255";"18.43";"-14.996";"*video=Palmer_Luckey_Meet_the_Real-Life_Tony_Stark_epy8UVZilmAen";"1.077277e-04"
"26";"165";"15.76";"-14.949";"*video=Ep_87_Dr_Cliff_Winston__Deregulate_Lawyers_Deregulate_Airlines__Let_Markets_Correct_Themselves_-mIhnpoCnUcen";"1.104715e-04"
" 3";" 54";" 5.56";"-14.857";"*video=AI_Will_Replace_These_Jobs_First_A_Warning_From_OpenAIs_Chief_Of_Research_sJE1dE2dulgen";"1.159873e-04"
"43";"236";"18.22";"-14.408";"*video=AI_Expert_Agents_Will_Take_Over_Everything_NJ_vGrXZVTMen";"1.471701e-04"
" 4";" 58";" 6.90";"-14.218";"*video=What_He_Learned_Working_Side_by_Side_with_Elon_Musk_NaG0PGvfX6sen";"1.628284e-04"
"32";"188";"17.02";"-14.042";"*video=Exposing_a_Billion_Dollar_Fraud_Scandal_Using_Palantir_xkXRTycBpEsen";"1.787986e-04"
" 3";" 51";" 5.88";"-13.649";"*video=The_Billion-Dollar_Tech_Idea_That_Started_in_a_Camper_2YD6zoNnBOwen";"2.203540e-04"
"37";"205";"18.05";"-12.890";"*video=How_to_Fix_Homelessness_Expand_Telehealth_and_Defeat_Special_Interests_with_Jared_Meyer_JRPWSx9Ymi0en";"3.303938e-04"
"23";"144";"15.97";"-12.633";"*video=From_Prosperity_to_Ruins_Venezuelas_Fight_for_Freedom_YEgJKvg9xbUen";"3.790496e-04"
" 7";" 69";"10.14";"-12.396";"*video=6_Levels_of_AI_Investing_Everyone_Should_Know_nZuDFOEMqpQen";"4.303257e-04"
" 8";" 74";"10.81";"-12.394";"*video=Will_Superintelligent_AI_Destroy_Humanity_v7RJ8kbE9oUen";"4.306755e-04"
"23";"143";"16.08";"-12.338";"*video=This_AI_Sea_Drone_Could_Destroy_A_Submarine_nRA40EAFf-sen";"4.439439e-04"
"21";"134";"15.67";"-12.282";"*video=Discovering_Life-Saving_Drugs_from_Fungi_BTpYV9Zsikken";"4.572523e-04"
" 4";" 52";" 7.69";"-11.861";"*video=From_Survival_to_Creative_Mode_How_AI_Will_Change_Work_FoPvBnRgO70en";"5.731820e-04"
" 5";" 57";" 8.77";"-11.745";"*video=What_The_Media_Gets_Wrong_About_Climate_Change_R3FwJjvi-5Qen";"6.101662e-04"
" 0";" 28";" 0.00";"-11.695";"*video=The_Trillion_Dollar_Mistake_That_Nearly_Destroyed_the_US_Economy_Q89JskIykTMen";"6.268285e-04"
"65";"313";"20.77";"-11.447";"*video=From_Math_Prodigy_to_AI_Genius_How_Scott_Wu_Built_Devin_YwmQzWGyrRQen";"7.160132e-04"
" 4";" 50";" 8.00";"-11.084";"*video=Iran_vs_Israel_Exiled_Crown_Prince_on_the_Reason_for_the_Conflict_bE8S6Cp8lo0en";"8.707888e-04"
" 0";" 26";" 0.00";"-10.859";"*video=The_Genius_Strategy_Behind_Apples_First_iPhone_mJMB7O8_GE0en";"9.833633e-04"
" 2";" 38";" 5.26";"-10.707";"*video=Defense_Experts_AI_Solution_To_The_Drone_Threat_LEsO1NISV0oen";"1.067028e-03"
"34";"184";"18.48";"-10.707";"*video=Ep_80_Leonard_Leo_Knows_How_to_Win_and_How_to_Save_Our_Country_Qh6Y43e02vYen";"1.067084e-03"
"50";"249";"20.08";"-10.585";"*video=Senator_Exposes_Americas_Biggest_Censorship_Scandal_uXJqzcl1NaYen";"1.140059e-03"
"33";"178";"18.54";"-10.241";"*video=Ep_69_How_a_Teenager_Set_Out_to_Rid_the_Ocean_of_Plastic_Boyan_Slat__the_Ocean_Cleanup_UNWiqq0UxN0en";"1.373178e-03"
"34";"182";"18.68";"-10.202";"*video=How_Hayes_Barnard_Is_Transforming_Solar_Tech__Green_Housing_sytqGvIojlYen";"1.402988e-03"
" 6";" 58";"10.34";"-10.202";"*video=Open_AI_Chief_Outlines_His_AI_Thesis_in_9_Minutes_olN6m5mi48cen";"1.403118e-03"
"38";"198";"19.19";"-10.075";"*video=How_to_Disrupt_the_38_Billion_Storage_Industry_6EcNTOec3Qcen";"1.502730e-03"
" 4";" 47";" 8.51";" -9.928";"*video=Will_AI_Replace_Software_Engineers_Tech_CEOs_Prediction_b-RMZL0_xLken";"1.628018e-03"
"54";"262";"20.61";" -9.915";"*video=Ep_66_Bob_McGrew__the_Superstar_Palantir_Alum_Leading_OpenAIs_Transformative_Research_Projects_SeAaxSJ8v6Men";"1.638932e-03"
" 1";" 30";" 3.33";" -9.854";"*video=Why_María_Corina_Machado_Won_The_Nobel_Peace_Prize_ydNKBHRC1CEen";"1.694514e-03"
" 0";" 23";" 0.00";" -9.605";"*video=Peter_Thiel_on_Trumps_Trade_and_Tariff_Policy_RCsW1snWed8en";"1.940584e-03"
" 4";" 46";" 8.70";" -9.545";"*video=What_Investors_Need_to_Know_About_the_US_Debt_Spiral_FAuc2CMRbacen";"2.004613e-03"
" 2";" 35";" 5.71";" -9.497";"*video=Scared_of_AI_This_will_terrify_you_-_Ex-Google_Physicist_g0FZT99tPi0en";"2.058278e-03"
"33";"175";"18.86";" -9.490";"*video=Ep_68_Are_High_Interest_Rates__Inflation_Here_to_Stay_How_to_Generate_Alpha_with_Jacob_Miller_2_7ceKkWYOIen";"2.066221e-03"
"34";"179";"18.99";" -9.458";"*video=Pentagon_Chief_6_Weapons_That_Will_Prevent_WW3_U3ZqGHLxlQ0en";"2.102677e-03"
"49";"239";"20.50";" -9.263";"*video=These_Jobs_Will_Skyrocket_in_the_AI_Economy_EVZdkY7EoNAen";"2.338590e-03"
" 5";" 50";"10.00";" -9.113";"*video=The_Economy_After_AI__Cryptocurrency_6s-jFYUXyioen";"2.538091e-03"
" 6";" 55";"10.91";" -9.110";"*video=How_to_Invest_in_2026_Altimeter_CEOs_Prediction_KnJopI3Q7Kgen";"2.542005e-03"
"39";"198";"19.70";" -9.107";"*video=Kimmy_Scotti_How_to_Spot_and_Build_the_Next_Big_Thing_MFtexGKDeVEen";"2.546144e-03"
"77";"347";"22.19";" -8.878";"*video=Ep_65_Marc_Andreessen_and_the_Case_for_AI_Optimism_KZE0FwuFee0en";"2.887004e-03"
"19";"113";"16.81";" -8.705";"*video=6_Hard_Truths_for_Building_Startups_From_a_Billionaire_E7qzohsrciUen";"3.172809e-03"
"54";"255";"21.18";" -8.452";"*video=How_AI_Agents_Are_Transforming_Logistics_67d8KUrbiCYen";"3.645667e-03"
"53";"251";"21.12";" -8.442";"*video=From_ChatGPT_to_Billions_of_Robots_Marc_Andreessens_Prediction_pRoKi4VL_5sen";"3.666711e-03"
"53";"251";"21.12";" -8.442";"*video=How_Elon_Musks_SpaceX_Is_Embarrassing_The_US_Government_3pLEpO90jLoen";"3.666711e-03"
" 6";" 53";"11.32";" -8.393";"*video=Sam_Altmans_Nuclear_Startup_Could_Power_The_US_For_100_Years_v_t1_bIdQzwen";"3.767192e-03"
" 4";" 41";" 9.76";" -7.659";"*video=Marc_Andreessen_Predicts_AIs_Critical_Turning_Point_dgxiFHcPluAen";"5.648033e-03"
"40";"194";"20.62";" -7.315";"*video=Ep_85_The_Path_to_Regime_Change_in_Iran_with_Crown_Prince_Reza_Pahlavi_MmoEeCx30Fcen";"6.838566e-03"
"49";"229";"21.40";" -7.185";"*video=Why_this_Billionaire_Just_Took_Over_NASA_gCik1Ak6WVcen";"7.351059e-03"
" 6";" 49";"12.24";" -6.987";"*video=The_Brutal_Truth_About_Palantir_86rcTPbQbfEen";"8.208343e-03"
" 9";" 63";"14.29";" -6.981";"*video=Evil_AI_Is_Coming_But_Not_the_Way_You_Think_3phTUVxbT_cen";"8.237082e-03"
"48";"224";"21.43";" -6.973";"*video=How_200MPH_Flying_Cars_are_about_to_Change_the_World_TVg_DK8-kMwen";"8.275410e-03"
"12";" 75";"16.00";" -6.540";"*video=Why_Youre_Hiring_the_Wrong_Sales_People_lSoTwMf61mAen";"1.054902e-02"
"31";"154";"20.13";" -6.460";"*video=Dr_Rick_Klausner_Curing_Cancer_Reprogramming_Cells_and_the_Incredible_Biotech_Revolution_5kFxWiL1Q2Aen";"1.103196e-02"
"12";" 74";"16.22";" -6.247";"*video=NASAs_Warning_We_Are_1_Year_From_Losing_the_Moon__naNYr1r6GAen";"1.244380e-02"
" 4";" 37";"10.81";" -6.191";"*video=6-Step_Blueprint_to_Rescue_Western_Civilization_xv3u7eVHqhUen";"1.284267e-02"
"40";"188";"21.28";" -6.070";"*video=Stephen_Harper_Rejecting_Wokeness_Addressing_China_and_Defending_Western_Values_n2CpZTlTL1Aen";"1.374913e-02"
" 2";" 26";" 7.69";" -5.926";"*video=Economists_Warning_America_Must_Win_the_AI_Race_euFe-jE1t7Aen";"1.491710e-02"
" 8";" 55";"14.55";" -5.886";"*video=Former_Crown_Prince_of_Iran_Why_This_Regime_Must_Be_Taken_Down_qpl24oMS7QQen";"1.525909e-02"
" 5";" 41";"12.20";" -5.879";"*video=Exiled_Crown_Prince_of_Iran_How_to_Liberate_a_Nation_2tx774TWXqIen";"1.532073e-02"
"35";"167";"20.96";" -5.817";"*video=How_Psychedelic_Medicine_Could_Transform_Healthcare__Why_Medical_School_Is_Broken_0uQIHrBTGeUen";"1.586938e-02"
" 8";" 53";"15.09";" -5.262";"*video=How_Palantir_is_Leading_the_AI_Revolution_and_Creating_A_Safer_World_Xg-KFZHd7uMen";"2.179922e-02"
" 5";" 39";"12.82";" -5.194";"*video=2026_Investing_StrategyIPOs_Are_Back_K_CuBI1osfUen";"2.266535e-02"
"33";"155";"21.29";" -4.983";"*video=How_this_Governor_is_Proving_Trump_Right_S6caODsDQYAen";"2.559546e-02"
"44";"197";"22.34";" -4.820";"*video=Ep_67_Brad_Gerstner_on_the_AI_Supercycle__Restoring_Faith_in_Capitalism_cnDrFBzRfgcen";"2.812626e-02"
" 3";" 28";"10.71";" -4.732";"*video=Economists_Warning_Regulation_Will_Kill_AI_Progress_E7BCJAM1kUcen";"2.960154e-02"
" 0";" 10";" 0.00";" -4.175";"*video=Russia_Invades_Ukraine_Will_China_Invade_Taiwan_Featuring_Former_UN_Ambassador_Kelly_Craft_sMqcIXKVmdUen";"4.103610e-02"
"46";"200";"23.00";" -4.021";"*video=Why_Its_Legally_Impossible_To_Build_In_America_dWwE5Vk2OFAen";"4.492420e-02"
" 8";" 48";"16.67";" -3.778";"*video=The_Psychology_of_Billionaire_Entrepreneurs_wHivhCue1CMen";"5.193691e-02"
" 6";" 39";"15.38";" -3.715";"*video=How_The_Worlds_Best_Investors_Are_Playing_AI_neqCX9ZbOywen";"5.391474e-02"
"32";"141";"22.70";" -3.105";"*video=Ep_58_Private_Markets_Outperform_Public_But_Theyre_a_Mess_Eliot_Hodges_Is_Fixing_That_sCo2Jawr24Een";"7.806976e-02"
"73";"294";"24.83";" -3.039";"*video=Why_California_is_Collapsing_From_Within_ZlPWJ9EoGhgen";"8.127233e-02"
"42";"177";"23.73";" -2.798";"*video=John_Chambers__Pankaj_Patel_Changed_the_World_with_Cisco_Now_Theyre_Doing_It_Again_with_Nile_VWkCcfX747wen";"9.439395e-02"
"35";"150";"23.33";" -2.708";"*video=How_to_Invest_Like_a_Billionaire_jzUrBI8lW1cen";"9.982222e-02"
"54";"220";"24.55";" -2.558";"*video=Ep_61_High_School_Dropout_to_Billion-Dollar_Startup_the_Story_of_Guillermo_Rauch__Vercel_UhctkmjffsUen";"1.097407e-01"
"24";"107";"22.43";" -2.542";"*video=The_AI_Threat_Is_Worse_Than_You_Think__Trumps_Tech_Advisor_JbTDK4Izw1Qen";"1.108346e-01"
" 0";"  6";" 0.00";" -2.504";"*video=Historian_Niall_Ferguson_Chinas_Strengths_Are_Exaggerated_ocB5fpQxh7sen";"1.135263e-01"
"49";"200";"24.50";" -2.367";"*video=Ep_76_Accelerate_or_Die_Guillaume_Verdon_and_the_eacc_Movement_NgUwdHGWKkAen";"1.238915e-01"
"33";"140";"23.57";" -2.334";"*video=Niall_Ferguson_Why_Great_Civilizations_Rise_and_Fall_cAdUdrDaAqAen";"1.265723e-01"
"68";"268";"25.37";" -2.155";"*video=Tariffs_DOGE__Fixing_America_Peter_Thiels_Skeptic_Solutions_v2q3yPwEo5wen";"1.420958e-01"
" 5";" 29";"17.24";" -2.081";"*video=The_End_of_Cancer_CAR_T-Cell_Therapy__the_Biology_Revolution_-UxrkJAhtnoen";"1.491793e-01"
"**";"classe";"3";"**";"";""
"****";"8186";"35680";"22.94";"****";""
" 165";"2225";" 7.42";"-323.604";"build";"2.375880e-72"
" 201";"2380";" 8.45";"-303.166";"company";"6.729686e-68"
" 107";"1384";" 7.73";"-188.455";"ai";"6.911204e-43"
"  15";" 553";" 2.71";"-130.034";"product";"4.028967e-30"
"  70";" 825";" 8.48";" -99.855";"technology";"1.639929e-23"
"  43";" 637";" 6.75";" -96.189";"dollar";"1.044023e-22"
"  40";" 613";" 6.53";" -95.092";"excite";"1.817619e-22"
"  21";" 470";" 4.47";" -91.950";"engineer";"8.887879e-22"
" 209";"1595";"13.10";" -91.432";"great";"1.155031e-21"
"   7";" 361";" 1.94";" -91.003";"scale";"1.434189e-21"
"   6";" 351";" 1.71";" -90.403";"software";"1.943156e-21"
" 269";"1912";"14.07";" -89.984";"start";"2.400896e-21"
"  24";" 470";" 5.11";" -85.706";"billion";"2.087382e-20"
"  85";" 857";" 9.92";" -84.256";"kid";"4.346332e-20"
"  19";" 429";" 4.43";" -84.187";"sell";"4.500111e-20"
"  27";" 485";" 5.57";" -83.968";"model";"5.027409e-20"
"  48";" 617";" 7.78";" -81.655";"amaze";"1.620018e-19"
"   7";" 327";" 2.14";" -80.780";"customer";"2.523213e-19"
"  80";" 780";"10.26";" -72.596";"life";"1.591124e-17"
"  99";" 886";"11.17";" -71.183";"today";"3.256402e-17"
" 111";" 949";"11.70";" -69.748";"learn";"6.737763e-17"
"  17";" 362";" 4.70";" -68.872";"experience";"1.050411e-16"
"  41";" 522";" 7.85";" -68.218";"data";"1.463869e-16"
"  95";" 850";"11.18";" -68.189";"school";"1.485538e-16"
"  94";" 836";"11.24";" -66.271";"high";"3.929164e-16"
"  17";" 349";" 4.87";" -65.108";"entrepreneur";"7.089744e-16"
"  33";" 441";" 7.48";" -60.366";"cool";"7.877832e-15"
"  22";" 367";" 5.99";" -60.249";"student";"8.360023e-15"
"  37";" 462";" 8.01";" -59.048";"buy";"1.538832e-14"
"  37";" 454";" 8.15";" -56.921";"fast";"4.536738e-14"
"  59";" 590";"10.00";" -56.845";"grow";"4.715700e-14"
"   4";" 223";" 1.79";" -56.774";"computer";"4.888174e-14"
" 170";"1209";"14.06";" -55.837";"business";"7.873905e-14"
"  13";" 285";" 4.56";" -54.907";"car";"1.263840e-13"
"  11";" 270";" 4.07";" -54.788";"valley";"1.342273e-13"
"  87";" 742";"11.73";" -53.937";"market";"2.070738e-13"
"  25";" 361";" 6.93";" -52.925";"hundred";"3.465601e-13"
"   7";" 231";" 3.03";" -52.147";"machine";"5.150984e-13"
"  13";" 272";" 4.78";" -51.148";"fun";"8.566484e-13"
"  46";" 483";" 9.52";" -49.871";"small";"1.641975e-12"
"  61";" 571";"10.68";" -49.334";"million";"2.158398e-12"
"  29";" 371";" 7.82";" -48.519";"cost";"3.271746e-12"
"  26";" 349";" 7.45";" -47.852";"space";"4.595465e-12"
"  13";" 258";" 5.04";" -47.121";"college";"6.673566e-12"
"  11";" 242";" 4.55";" -46.647";"startup";"8.500248e-12"
"  28";" 357";" 7.84";" -46.506";"invest";"9.132609e-12"
"  15";" 267";" 5.62";" -45.672";"awesome";"1.397903e-11"
"  43";" 445";" 9.66";" -44.951";"drive";"2.020152e-11"
"   9";" 220";" 4.09";" -44.500";"silicon";"2.543599e-11"
"  17";" 276";" 6.16";" -44.318";"founder";"2.791144e-11"
"  56";" 519";"10.79";" -43.997";"team";"3.288146e-11"
" 111";" 818";"13.57";" -41.604";"find";"1.117574e-10"
"   7";" 195";" 3.59";" -41.539";"productivity";"1.155491e-10"
"  20";" 283";" 7.07";" -40.668";"join";"1.804427e-10"
" 620";"3345";"18.54";" -40.561";"work";"1.905440e-10"
"   7";" 190";" 3.68";" -40.074";"price";"2.445236e-10"
"  48";" 455";"10.55";" -40.041";"future";"2.486938e-10"
"   8";" 197";" 4.06";" -39.949";"consumer";"2.607207e-10"
"  28";" 332";" 8.43";" -39.904";"read";"2.667308e-10"
" 328";"1923";"17.06";" -39.833";"good";"2.766459e-10"
" 535";"2930";"18.26";" -39.605";"year";"3.108720e-10"
"   2";" 149";" 1.34";" -39.489";"vehicle";"3.299599e-10"
" 140";" 960";"14.58";" -38.996";"day";"4.247515e-10"
"  39";" 395";" 9.87";" -38.591";"thousand";"5.226506e-10"
"  15";" 241";" 6.22";" -38.363";"ceo";"5.874628e-10"
"   5";" 169";" 2.96";" -38.359";"cheap";"5.886430e-10"
"  16";" 246";" 6.50";" -37.863";"network";"7.588119e-10"
"   7";" 181";" 3.87";" -37.443";"trillion";"9.410316e-10"
"   6";" 172";" 3.49";" -37.000";"infrastructure";"1.181115e-09"
"  15";" 235";" 6.38";" -36.694";"optimist";"1.382323e-09"
"  42";" 405";"10.37";" -36.626";"young";"1.430882e-09"
"  60";" 509";"11.79";" -36.344";"figure";"1.653534e-09"
"  23";" 286";" 8.04";" -36.210";"successful";"1.771909e-09"
"  29";" 324";" 8.95";" -36.209";"hire";"1.772295e-09"
"  10";" 197";" 5.08";" -35.768";"code";"2.222316e-09"
"   1";" 128";" 0.78";" -35.687";"cell";"2.316854e-09"
"  35";" 358";" 9.78";" -35.459";"talent";"2.604446e-09"
"  44";" 412";"10.68";" -35.456";"type";"2.608766e-09"
"  19";" 256";" 7.42";" -35.135";"science";"3.075722e-09"
" 187";"1182";"15.82";" -35.076";"money";"3.170254e-09"
"  18";" 247";" 7.29";" -34.481";"train";"4.304143e-09"
"   2";" 132";" 1.52";" -34.409";"math";"4.466236e-09"
"  16";" 233";" 6.87";" -34.284";"healthcare";"4.763024e-09"
"   4";" 146";" 2.74";" -33.846";"venture";"5.964620e-09"
"  35";" 347";"10.09";" -32.761";"energy";"1.042416e-08"
"  35";" 345";"10.14";" -32.274";"service";"1.338759e-08"
"  15";" 217";" 6.91";" -31.735";"growth";"1.767194e-08"
"  48";" 419";"11.46";" -31.644";"industry";"1.851549e-08"
"   2";" 122";" 1.64";" -31.426";"drone";"2.071924e-08"
"   5";" 144";" 3.47";" -31.004";"store";"2.574983e-08"
"  16";" 217";" 7.37";" -29.937";"investor";"4.464229e-08"
"  55";" 450";"12.22";" -29.628";"solve";"5.234183e-08"
"  12";" 189";" 6.35";" -29.593";"skill";"5.329396e-08"
"  10";" 175";" 5.71";" -29.526";"advance";"5.516056e-08"
"  99";" 690";"14.35";" -29.401";"spend";"5.884814e-08"
"  16";" 215";" 7.44";" -29.398";"ton";"5.893220e-08"
" 492";"2633";"18.69";" -29.139";"time";"6.736923e-08"
"  10";" 173";" 5.78";" -28.964";"google";"7.373989e-08"
" 893";"4503";"19.83";" -28.223";"yeah";"1.081222e-07"
"   1";" 103";" 0.97";" -28.208";"patient";"1.089616e-07"
"  15";" 204";" 7.35";" -28.206";"access";"1.090489e-07"
"   3";" 119";" 2.52";" -28.166";"dad";"1.113380e-07"
"  11";" 176";" 6.25";" -27.878";"manufacture";"1.292178e-07"
"   5";" 133";" 3.76";" -27.789";"stanford";"1.353245e-07"
"1204";"5922";"20.33";" -27.399";"um";"1.655534e-07"
"   1";"  99";" 1.01";" -27.013";"application";"2.021291e-07"
"   3";" 114";" 2.63";" -26.687";"disease";"2.391642e-07"
"  12";" 178";" 6.74";" -26.560";"age";"2.554697e-07"
"   0";"  88";" 0.00";" -26.266";"wine";"2.975266e-07"
"   6";" 135";" 4.44";" -26.229";"slow";"3.031793e-07"
"   1";"  96";" 1.04";" -26.117";"capability";"3.214202e-07"
"   1";"  96";" 1.04";" -26.117";"journey";"3.214202e-07"
"  14";" 189";" 7.41";" -25.939";"field";"3.523659e-07"
"  93";" 638";"14.58";" -25.718";"pay";"3.951543e-07"
"  90";" 622";"14.47";" -25.709";"human";"3.970268e-07"
"  12";" 174";" 6.90";" -25.466";"cuz";"4.502479e-07"
"   3";" 109";" 2.75";" -25.211";"efficient";"5.138714e-07"
"   1";"  92";" 1.09";" -24.922";"truck";"5.969308e-07"
"  30";" 284";"10.56";" -24.816";"half";"6.307255e-07"
"  17";" 204";" 8.33";" -24.770";"parent";"6.458626e-07"
"  52";" 409";"12.71";" -24.487";"teach";"7.483103e-07"
"   5";" 121";" 4.13";" -24.300";"peter";"8.244042e-07"
"   0";"  81";" 0.00";" -24.172";"solar";"8.812101e-07"
" 135";" 846";"15.96";" -23.917";"love";"1.005651e-06"
"   1";"  88";" 1.14";" -23.728";"battery";"1.109426e-06"
"  19";" 212";" 8.96";" -23.578";"platform";"1.199299e-06"
"  86";" 589";"14.60";" -23.572";"early";"1.202979e-06"
"   2";"  95";" 2.11";" -23.395";"cancer";"1.319496e-06"
"   0";"  78";" 0.00";" -23.274";"talented";"1.404557e-06"
"  14";" 179";" 7.82";" -23.269";"internet";"1.408722e-06"
"  96";" 640";"15.00";" -23.256";"friend";"1.418242e-06"
"  10";" 152";" 6.58";" -23.121";"investment";"1.521053e-06"
"   6";" 124";" 4.84";" -23.069";"insurance";"1.562925e-06"
" 119";" 755";"15.76";" -22.500";"long";"2.101932e-06"
"  22";" 226";" 9.73";" -22.444";"hit";"2.163461e-06"
"  20";" 213";" 9.39";" -22.264";"quickly";"2.376355e-06"
" 167";" 995";"16.78";" -21.961";"hard";"2.782386e-06"
"  30";" 271";"11.07";" -21.773";"amount";"3.068705e-06"
"  10";" 146";" 6.85";" -21.477";"air";"3.580837e-06"
"  75";" 517";"14.51";" -21.118";"top";"4.319014e-06"
"   7";" 124";" 5.65";" -21.060";"deliver";"4.452342e-06"
"   1";"  79";" 1.27";" -21.044";"grade";"4.488571e-06"
"   1";"  79";" 1.27";" -21.044";"engine";"4.488571e-06"
"   1";"  79";" 1.27";" -21.044";"enjoy";"4.488571e-06"
"  28";" 256";"10.94";" -21.021";"test";"4.542571e-06"
"   4";" 102";" 3.92";" -20.934";"chip";"4.752658e-06"
"   6";" 116";" 5.17";" -20.788";"dod";"5.131046e-06"
"  11";" 150";" 7.33";" -20.761";"quality";"5.204460e-06"
"  10";" 143";" 6.99";" -20.660";"water";"5.484820e-06"
"  14";" 169";" 8.28";" -20.639";"brain";"5.545908e-06"
"   0";"  69";" 0.00";" -20.584";"compute";"5.707986e-06"
"   5";" 108";" 4.63";" -20.550";"stock";"5.809842e-06"
"   8";" 129";" 6.20";" -20.525";"deploy";"5.886237e-06"
"   3";"  93";" 3.23";" -20.504";"eat";"5.950627e-06"
"  24";" 230";"10.43";" -20.486";"raise";"6.007198e-06"
"   1";"  77";" 1.30";" -20.448";"logistic";"6.127629e-06"
"   9";" 135";" 6.67";" -20.306";"expensive";"6.599403e-06"
"  20";" 205";" 9.76";" -20.280";"walk";"6.689224e-06"
"   1";"  76";" 1.32";" -20.150";"king";"7.160266e-06"
"  14";" 167";" 8.38";" -20.118";"ten";"7.279489e-06"
"   3";"  91";" 3.30";" -19.918";"bond";"8.083873e-06"
"  15";" 171";" 8.77";" -19.517";"phone";"9.969886e-06"
"   4";"  97";" 4.12";" -19.485";"earth";"1.014119e-05"
"   8";" 125";" 6.40";" -19.418";"beautiful";"1.050395e-05"
"   0";"  65";" 0.00";" -19.388";"robotics";"1.066602e-05"
"   0";"  65";" 0.00";" -19.388";"neural";"1.066602e-05"
"  41";" 323";"12.69";" -19.368";"wow";"1.078037e-05"
"  12";" 151";" 7.95";" -19.288";"food";"1.123813e-05"
"  15";" 170";" 8.82";" -19.261";"career";"1.139842e-05"
"   1";"  73";" 1.37";" -19.256";"club";"1.142951e-05"
"   4";"  96";" 4.17";" -19.195";"robot";"1.180038e-05"
"  55";" 399";"13.78";" -19.144";"man";"1.212180e-05"
"   8";" 124";" 6.45";" -19.142";"agent";"1.213688e-05"
"  33";" 276";"11.96";" -18.990";"game";"1.314058e-05"
"   9";" 130";" 6.92";" -18.940";"road";"1.348944e-05"
"   4";"  94";" 4.26";" -18.617";"autonomous";"1.597658e-05"
"   8";" 122";" 6.56";" -18.591";"extremely";"1.619789e-05"
"   0";"  62";" 0.00";" -18.492";"reactor";"1.706307e-05"
"   3";"  86";" 3.49";" -18.455";"brand";"1.739230e-05"
"   9";" 128";" 7.03";" -18.397";"favorite";"1.793794e-05"
"   2";"  78";" 2.56";" -18.363";"cynicism";"1.825878e-05"
"  28";" 244";"11.48";" -18.274";"class";"1.912689e-05"
"  12";" 147";" 8.16";" -18.238";"finance";"1.949670e-05"
"  25";" 226";"11.06";" -18.160";"hour";"2.031478e-05"
"  65";" 447";"14.54";" -18.073";"open";"2.125959e-05"
"   1";"  69";" 1.45";" -18.065";"commercial";"2.134521e-05"
"  56";" 398";"14.07";" -17.922";"story";"2.301569e-05"
"   0";"  60";" 0.00";" -17.894";"architecture";"2.335130e-05"
"   7";" 112";" 6.25";" -17.709";"supply";"2.574660e-05"
"   6";" 105";" 5.71";" -17.681";"lucky";"2.612265e-05"
" 350";"1848";"18.94";" -17.669";"big";"2.629215e-05"
"  17";" 176";" 9.66";" -17.654";"launch";"2.649717e-05"
"  40";" 309";"12.94";" -17.623";"super";"2.692618e-05"
"   6";" 104";" 5.77";" -17.401";"graduate";"3.027351e-05"
"   8";" 117";" 6.84";" -17.222";"harvard";"3.325490e-05"
"  17";" 174";" 9.77";" -17.162";"deep";"3.432717e-05"
"   3";"  81";" 3.70";" -16.997";"morning";"3.743099e-05"
"   2";"  73";" 2.74";" -16.888";"recruit";"3.964325e-05"
"   2";"  73";" 2.74";" -16.888";"spacex";"3.964325e-05"
"   7";" 109";" 6.42";" -16.879";"debt";"3.983089e-05"
"   7";" 109";" 6.42";" -16.879";"speed";"3.983089e-05"
"   6";" 102";" 5.88";" -16.841";"builder";"4.064751e-05"
"  14";" 154";" 9.09";" -16.786";"sale";"4.183084e-05"
"   1";"  64";" 1.56";" -16.578";"satellite";"4.669310e-05"
"   1";"  64";" 1.56";" -16.578";"hardware";"4.669310e-05"
"   6";" 101";" 5.94";" -16.562";"medical";"4.709309e-05"
"  23";" 207";"11.11";" -16.487";"partner";"4.899364e-05"
"  22";" 201";"10.95";" -16.458";"intelligence";"4.974209e-05"
"  29";" 241";"12.03";" -16.335";"rate";"5.307315e-05"
"   6";" 100";" 6.00";" -16.283";"revenue";"5.455532e-05"
" 111";" 673";"16.49";" -16.139";"joe";"5.885702e-05"
"   0";"  54";" 0.00";" -16.102";"physic";"6.001412e-05"
"  13";" 145";" 8.97";" -16.089";"short";"6.044048e-05"
"   2";"  70";" 2.86";" -16.005";"therapy";"6.316505e-05"
"   2";"  70";" 2.86";" -16.005";"entrepreneurship";"6.316505e-05"
"   5";"  92";" 5.43";" -15.993";"pale";"6.358410e-05"
"  57";" 392";"14.54";" -15.827";"large";"6.941632e-05"
"   1";"  61";" 1.64";" -15.686";"stack";"7.477288e-05"
"   1";"  61";" 1.64";" -15.686";"finish";"7.477288e-05"
"   0";"  52";" 0.00";" -15.505";"electronic";"8.228919e-05"
"  11";" 130";" 8.46";" -15.477";"enterprise";"8.352141e-05"
"   4";"  83";" 4.82";" -15.457";"medicine";"8.441838e-05"
"   4";"  83";" 4.82";" -15.457";"dream";"8.441838e-05"
"   7";" 103";" 6.80";" -15.234";"optimism";"9.500121e-05"
"   6";"  96";" 6.25";" -15.172";"mom";"9.815133e-05"
"   2";"  67";" 2.99";" -15.124";"layer";"1.006982e-04"
"   8";" 109";" 7.34";" -15.057";"professor";"1.043242e-04"
"   3";"  74";" 4.05";" -14.965";"cloud";"1.095157e-04"
"   3";"  74";" 4.05";" -14.965";"generate";"1.095157e-04"
"   0";"  50";" 0.00";" -14.908";"electric";"1.128967e-04"
"   5";"  88";" 5.68";" -14.867";"pessimism";"1.153551e-04"
"   1";"  58";" 1.72";" -14.795";"ocean";"1.198602e-04"
"   0";"  49";" 0.00";" -14.609";"interface";"1.322666e-04"
"   2";"  65";" 3.08";" -14.537";"search";"1.374653e-04"
"  19";" 175";"10.86";" -14.530";"nuclear";"1.379694e-04"
"   1";"  57";" 1.75";" -14.498";"artist";"1.403107e-04"
"   1";"  57";" 1.75";" -14.498";"aircraft";"1.403107e-04"
"  11";" 126";" 8.73";" -14.448";"giant";"1.441074e-04"
"   7";" 100";" 7.00";" -14.417";"hack";"1.464364e-04"
"   3";"  72";" 4.17";" -14.387";"range";"1.488445e-04"
"  12";" 132";" 9.09";" -14.379";"degree";"1.494214e-04"
"   6";"  93";" 6.45";" -14.344";"potential";"1.522873e-04"
"  28";" 226";"12.39";" -14.328";"design";"1.535342e-04"
"   4";"  79";" 5.06";" -14.317";"lab";"1.544903e-04"
"   0";"  48";" 0.00";" -14.311";"mobile";"1.549846e-04"
"  10";" 119";" 8.40";" -14.277";"drop";"1.577875e-04"
"  10";" 119";" 8.40";" -14.277";"found";"1.577875e-04"
"   7";"  99";" 7.07";" -14.147";"music";"1.691036e-04"
"  52";" 356";"14.61";" -14.134";"smart";"1.702270e-04"
"  30";" 236";"12.71";" -14.066";"capital";"1.765168e-04"
"  14";" 143";" 9.79";" -14.049";"fly";"1.781117e-04"
"   4";"  78";" 5.13";" -14.033";"plant";"1.796684e-04"
"   0";"  47";" 0.00";" -14.012";"boom";"1.816352e-04"
"   8";" 105";" 7.62";" -13.988";"size";"1.840274e-04"
"  41";" 296";"13.85";" -13.955";"hey";"1.872761e-04"
"   2";"  63";" 3.17";" -13.950";"estate";"1.877085e-04"
"   1";"  55";" 1.82";" -13.904";"device";"1.923503e-04"
"   6";"  91";" 6.59";" -13.794";"interview";"2.039698e-04"
"   5";"  84";" 5.95";" -13.748";"iterate";"2.089978e-04"
"   5";"  84";" 5.95";" -13.748";"valuable";"2.089978e-04"
"  57";" 380";"15.00";" -13.706";"family";"2.137236e-04"
"   2";"  62";" 3.23";" -13.657";"marketplace";"2.193696e-04"
"  12";" 129";" 9.30";" -13.626";"increase";"2.230936e-04"
"   7";"  97";" 7.22";" -13.607";"technical";"2.253947e-04"
"  26";" 211";"12.32";" -13.542";"project";"2.332464e-04"
"   2";"  61";" 3.28";" -13.365";"dramatically";"2.563901e-04"
"  44";" 308";"14.29";" -13.170";"optimistic";"2.843924e-04"
"  26";" 209";"12.44";" -13.117";"stay";"2.926299e-04"
"   0";"  44";" 0.00";" -13.117";"airbnb";"2.926855e-04"
"  17";" 157";"10.83";" -13.091";"information";"2.966485e-04"
"   2";"  60";" 3.33";" -13.072";"factory";"2.996811e-04"
"  20";" 174";"11.49";" -12.963";"global";"3.176595e-04"
"  45";" 312";"14.42";" -12.923";"economy";"3.245737e-04"
"  33";" 247";"13.36";" -12.918";"sit";"3.253527e-04"
"   5";"  81";" 6.17";" -12.914";"art";"3.260472e-04"
"   4";"  74";" 5.41";" -12.900";"amazon";"3.285035e-04"
"   2";"  59";" 3.39";" -12.780";"mode";"3.503092e-04"
"   2";"  59";" 3.39";" -12.780";"phd";"3.503092e-04"
"   1";"  51";" 1.96";" -12.718";"optimize";"3.621072e-04"
"   8";" 100";" 8.00";" -12.666";"ecosystem";"3.724532e-04"
"  67";" 425";"15.76";" -12.536";"university";"3.992141e-04"
"   0";"  42";" 0.00";" -12.520";"bore";"4.026792e-04"
"   8";"  99";" 8.08";" -12.403";"language";"4.285747e-04"
"   5";"  79";" 6.33";" -12.361";"driver";"4.383325e-04"
"   0";"  41";" 0.00";" -12.221";"acquisition";"4.724728e-04"
"   0";"  41";" 0.00";" -12.221";"optimus";"4.724728e-04"
"  25";" 199";"12.56";" -12.196";"incredible";"4.789187e-04"
"   6";"  85";" 7.06";" -12.159";"shape";"4.883926e-04"
"   1";"  49";" 2.04";" -12.126";"salary";"4.973004e-04"
"   1";"  49";" 2.04";" -12.126";"cure";"4.973004e-04"
"   1";"  49";" 2.04";" -12.126";"alpha";"4.973004e-04"
"  54";" 355";"15.21";" -12.124";"month";"4.977768e-04"
"   3";"  64";" 4.69";" -12.086";"website";"5.080469e-04"
"   0";"  40";" 0.00";" -11.923";"girl";"5.544887e-04"
"   1";"  48";" 2.08";" -11.830";"carbon";"5.829371e-04"
"   1";"  48";" 2.08";" -11.830";"portfolio";"5.829371e-04"
"   3";"  63";" 4.76";" -11.800";"loop";"5.923262e-04"
"   9";" 103";" 8.74";" -11.790";"produce";"5.955055e-04"
"   4";"  70";" 5.71";" -11.776";"restaurant";"6.000796e-04"
"  27";" 208";"12.98";" -11.745";"success";"6.101803e-04"
"   7";"  90";" 7.78";" -11.737";"podcast";"6.126097e-04"
"   6";"  83";" 7.23";" -11.620";"army";"6.525398e-04"
"  41";" 283";"14.49";" -11.535";"week";"6.828417e-04"
"   1";"  47";" 2.13";" -11.534";"radar";"6.834446e-04"
"   4";"  69";" 5.80";" -11.496";"navy";"6.975141e-04"
"  21";" 173";"12.14";" -11.478";"develop";"7.041716e-04"
"  10";" 108";" 9.26";" -11.473";"demand";"7.061267e-04"
"  11";" 114";" 9.65";" -11.432";"paper";"7.218546e-04"
"   0";"  38";" 0.00";" -11.326";"sensor";"7.642546e-04"
"   0";"  38";" 0.00";" -11.326";"variety";"7.642546e-04"
"   2";"  54";" 3.70";" -11.323";"dr";"7.655237e-04"
"   3";"  61";" 4.92";" -11.229";"print";"8.051507e-04"
"   7";"  88";" 7.95";" -11.210";"mile";"8.136552e-04"
" 125";" 706";"17.71";" -11.175";"job";"8.288931e-04"
"   6";"  81";" 7.41";" -11.083";"palunteer";"8.712199e-04"
"  24";" 188";"12.77";" -11.072";"tool";"8.764782e-04"
"   2";"  53";" 3.77";" -11.032";"brother";"8.953158e-04"
"   2";"  53";" 3.77";" -11.032";"web";"8.953158e-04"
"   2";"  53";" 3.77";" -11.032";"biotech";"8.953158e-04"
"   0";"  37";" 0.00";" -11.028";"warehouse";"8.975899e-04"
"   5";"  74";" 6.76";" -10.989";"combine";"9.165679e-04"
" 186";"1000";"18.60";" -10.976";"bite";"9.231660e-04"
"   3";"  60";" 5.00";" -10.945";"fuel";"9.387176e-04"
"   3";"  60";" 5.00";" -10.945";"construction";"9.387176e-04"
"   3";"  60";" 5.00";" -10.945";"wonderful";"9.387176e-04"
"   1";"  45";" 2.22";" -10.942";"integrate";"9.399754e-04"
"   1";"  45";" 2.22";" -10.942";"metal";"9.399754e-04"
"   1";"  45";" 2.22";" -10.942";"david";"9.399754e-04"
"   1";"  45";" 2.22";" -10.942";"lonsdale";"9.399754e-04"
"  13";" 124";"10.48";" -10.925";"cycle";"9.485538e-04"
"  18";" 153";"11.76";" -10.860";"room";"9.825651e-04"
"   2";"  52";" 3.85";" -10.742";"lift";"1.047213e-03"
"   2";"  52";" 3.85";" -10.742";"color";"1.047213e-03"
"   0";"  36";" 0.00";" -10.729";"stem";"1.054476e-03"
"  10";" 105";" 9.52";" -10.726";"standard";"1.056225e-03"
"   5";"  73";" 6.85";" -10.717";"drink";"1.061830e-03"
"  14";" 129";"10.85";" -10.704";"father";"1.068795e-03"
"   3";"  59";" 5.08";" -10.661";"automate";"1.094439e-03"
"   1";"  44";" 2.27";" -10.647";"gpt";"1.102695e-03"
"  49";" 320";"15.31";" -10.634";"easy";"1.110390e-03"
"  45";" 299";"15.05";" -10.625";"low";"1.115932e-03"
"   6";"  79";" 7.59";" -10.549";"macro";"1.162269e-03"
"  22";" 174";"12.64";" -10.491";"inspire";"1.199606e-03"
"  32";" 229";"13.97";" -10.487";"ability";"1.201999e-03"
"  10";" 104";" 9.62";" -10.479";"management";"1.207158e-03"
" 127";" 710";"17.89";" -10.473";"pretty";"1.211557e-03"
"  11";" 110";"10.00";" -10.455";"firm";"1.223055e-03"
"   2";"  51";" 3.92";" -10.452";"pilot";"1.225001e-03"
"   2";"  51";" 3.92";" -10.452";"son";"1.225001e-03"
"   5";"  72";" 6.94";" -10.445";"screen";"1.229925e-03"
"   0";"  35";" 0.00";" -10.431";"sas";"1.239142e-03"
"   0";"  35";" 0.00";" -10.431";"remote";"1.239142e-03"
" 121";" 679";"17.82";" -10.273";"area";"1.349547e-03"
"   9";"  97";" 9.28";" -10.273";"she_s";"1.350212e-03"
"   9";"  97";" 9.28";" -10.273";"material";"1.350212e-03"
" 226";"1183";"19.10";" -10.199";"basically";"1.404927e-03"
"   2";"  50";" 4.00";" -10.163";"storage";"1.433116e-03"
"  25";" 189";"13.23";" -10.144";"environment";"1.447484e-03"
"   0";"  34";" 0.00";" -10.133";"immune";"1.456590e-03"
"   0";"  34";" 0.00";" -10.133";"excellence";"1.456590e-03"
"   0";"  34";" 0.00";" -10.133";"profile";"1.456590e-03"
"   3";"  57";" 5.26";" -10.094";"scientist";"1.487639e-03"
"   3";"  57";" 5.26";" -10.094";"breakthrough";"1.487639e-03"
"   3";"  57";" 5.26";" -10.094";"obsess";"1.487639e-03"
"   3";"  57";" 5.26";" -10.094";"score";"1.487639e-03"
"  22";" 172";"12.79";" -10.076";"eventually";"1.502262e-03"
"   1";"  42";" 2.38";" -10.056";"scott";"1.518508e-03"
"   1";"  42";" 2.38";" -10.056";"discipline";"1.518508e-03"
"   1";"  42";" 2.38";" -10.056";"sustainable";"1.518508e-03"
"   6";"  77";" 7.79";" -10.019";"unit";"1.549233e-03"
"  14";" 126";"11.11";" -10.012";"ship";"1.554818e-03"
"  13";" 120";"10.83";"  -9.987";"door";"1.576470e-03"
"  51";" 326";"15.64";"  -9.914";"home";"1.640660e-03"
"  16";" 137";"11.68";"  -9.870";"effect";"1.679977e-03"
"   0";"  33";" 0.00";"  -9.834";"magic";"1.712745e-03"
"   0";"  33";" 0.00";"  -9.834";"brian";"1.712745e-03"
"   0";"  33";" 0.00";"  -9.834";"upside";"1.712745e-03"
"   9";"  95";" 9.47";"  -9.775";"inflation";"1.769342e-03"
"   1";"  41";" 2.44";"  -9.761";"bio";"1.782581e-03"
"  13";" 119";"10.92";"  -9.755";"stick";"1.788184e-03"
"  42";" 278";"15.11";"  -9.729";"mind";"1.814233e-03"
"  40";" 267";"14.98";"  -9.645";"study";"1.898525e-03"
"   2";"  48";" 4.17";"  -9.585";"connection";"1.962035e-03"
"   0";"  32";" 0.00";"  -9.536";"commodity";"2.014630e-03"
"   0";"  32";" 0.00";"  -9.536";"augment";"2.014630e-03"
"   9";"  94";" 9.57";"  -9.527";"email";"2.024383e-03"
"  13";" 118";"11.02";"  -9.524";"claim";"2.027490e-03"
"  13";" 118";"11.02";"  -9.524";"digital";"2.027490e-03"
"  11";" 106";"10.38";"  -9.495";"town";"2.060318e-03"
"   6";"  75";" 8.00";"  -9.492";"professional";"2.063136e-03"
"   1";"  40";" 2.50";"  -9.466";"associate";"2.093091e-03"
"   1";"  40";" 2.50";"  -9.466";"bottle";"2.093091e-03"
"   1";"  40";" 2.50";"  -9.466";"alex";"2.093091e-03"
"   5";"  68";" 7.35";"  -9.366";"carry";"2.210239e-03"
"  25";" 185";"13.51";"  -9.353";"save";"2.226771e-03"
"  57";" 353";"16.15";"  -9.313";"challenge";"2.275652e-03"
"   2";"  47";" 4.26";"  -9.296";"paypal";"2.296094e-03"
"   2";"  47";" 4.26";"  -9.296";"provider";"2.296094e-03"
"   2";"  47";" 4.26";"  -9.296";"acquire";"2.296094e-03"
"  13";" 117";"11.11";"  -9.295";"source";"2.297848e-03"
"   4";"  61";" 6.56";"  -9.280";"discover";"2.317190e-03"
"   4";"  61";" 6.56";"  -9.280";"economics";"2.317190e-03"
"  12";" 111";"10.81";"  -9.270";"complex";"2.329315e-03"
"   3";"  54";" 5.56";"  -9.248";"net";"2.357349e-03"
"   3";"  54";" 5.56";"  -9.248";"exercise";"2.357349e-03"
"   0";"  31";" 0.00";"  -9.238";"ipod";"2.370574e-03"
"   0";"  31";" 0.00";"  -9.238";"terminal";"2.370574e-03"
"   1";"  39";" 2.56";"  -9.171";"buck";"2.458325e-03"
"   1";"  39";" 2.56";"  -9.171";"operator";"2.458325e-03"
"   1";"  39";" 2.56";"  -9.171";"meaningful";"2.458325e-03"
"  50";" 316";"15.82";"  -9.142";"gonna";"2.497669e-03"
"  18";" 145";"12.41";"  -9.130";"asset";"2.515018e-03"
"   5";"  67";" 7.46";"  -9.099";"leverage";"2.557870e-03"
"   8";"  86";" 9.30";"  -9.073";"chat";"2.594225e-03"
"  12";" 110";"10.91";"  -9.038";"development";"2.644182e-03"
"   2";"  46";" 4.35";"  -9.008";"curve";"2.687331e-03"
"   2";"  46";" 4.35";"  -9.008";"efficiency";"2.687331e-03"
"   4";"  60";" 6.67";"  -9.006";"entrepreneurial";"2.691128e-03"
"   6";"  73";" 8.22";"  -8.970";"ll";"2.744775e-03"
"  21";" 161";"13.04";"  -8.965";"safe";"2.752231e-03"
"   0";"  30";" 0.00";"  -8.940";"fda";"2.790466e-03"
"   0";"  30";" 0.00";"  -8.940";"stripe";"2.790466e-03"
"   0";"  30";" 0.00";"  -8.940";"gene";"2.790466e-03"
"   0";"  30";" 0.00";"  -8.940";"seed";"2.790466e-03"
"   0";"  30";" 0.00";"  -8.940";"damn";"2.790466e-03"
"   0";"  30";" 0.00";"  -8.940";"valuation";"2.790466e-03"
"   0";"  30";" 0.00";"  -8.940";"output";"2.790466e-03"
"  11";" 103";"10.68";"  -8.787";"blow";"3.033823e-03"
"  10";"  97";"10.31";"  -8.781";"knowledge";"3.043821e-03"
"   4";"  59";" 6.78";"  -8.733";"sport";"3.125016e-03"
"  28";" 198";"14.14";"  -8.724";"austin";"3.140105e-03"
"   2";"  45";" 4.44";"  -8.721";"intuition";"3.145594e-03"
"   2";"  45";" 4.44";"  -8.721";"complexity";"3.145594e-03"
"  18";" 143";"12.59";"  -8.709";"research";"3.166893e-03"
"   3";"  52";" 5.77";"  -8.688";"wide";"3.203845e-03"
" 178";" 939";"18.96";"  -8.669";"create";"3.236681e-03"
"  35";" 235";"14.89";"  -8.669";"elon";"3.236154e-03"
"   0";"  29";" 0.00";"  -8.641";"dental";"3.286058e-03"
"   0";"  29";" 0.00";"  -8.641";"buyer";"3.286058e-03"
"   0";"  29";" 0.00";"  -8.641";"fleet";"3.286058e-03"
"   1";"  37";" 2.70";"  -8.583";"facility";"3.393914e-03"
"  10";"  96";"10.42";"  -8.543";"manager";"3.468283e-03"
"  18";" 142";"12.68";"  -8.500";"add";"3.551126e-03"
"   4";"  58";" 6.90";"  -8.461";"loan";"3.628375e-03"
"   3";"  51";" 5.88";"  -8.408";"multi";"3.734907e-03"
"   0";"  28";" 0.00";"  -8.343";"workflow";"3.871330e-03"
"   0";"  28";" 0.00";"  -8.343";"franchise";"3.871330e-03"
"   0";"  28";" 0.00";"  -8.343";"geek";"3.871330e-03"
"   0";"  28";" 0.00";"  -8.343";"grand";"3.871330e-03"
"   0";"  28";" 0.00";"  -8.343";"mill";"3.871330e-03"
"   0";"  28";" 0.00";"  -8.343";"cognition";"3.871330e-03"
"   5";"  64";" 7.81";"  -8.302";"present";"3.959582e-03"
"   1";"  36";" 2.78";"  -8.289";"chess";"3.989547e-03"
"   1";"  36";" 2.78";"  -8.289";"mit";"3.989547e-03"
"   1";"  36";" 2.78";"  -8.289";"equipment";"3.989547e-03"
"   1";"  36";" 2.78";"  -8.289";"pleasure";"3.989547e-03"
"   1";"  36";" 2.78";"  -8.289";"importantly";"3.989547e-03"
"  22";" 163";"13.50";"  -8.264";"full";"4.043389e-03"
"   6";"  70";" 8.57";"  -8.194";"uber";"4.203225e-03"
"   4";"  57";" 7.02";"  -8.190";"confident";"4.212212e-03"
"   2";"  43";" 4.65";"  -8.148";"baby";"4.311425e-03"
"   2";"  43";" 4.65";"  -8.148";"copy";"4.311425e-03"
"   2";"  43";" 4.65";"  -8.148";"coach";"4.311425e-03"
"   3";"  50";" 6.00";"  -8.130";"earn";"4.353867e-03"
"  18";" 140";"12.86";"  -8.087";"provide";"4.458454e-03"
"   9";"  88";"10.23";"  -8.068";"warfare";"4.505395e-03"
"   9";"  88";"10.23";"  -8.068";"replace";"4.505395e-03"
"   0";"  27";" 0.00";"  -8.045";"neuron";"4.562928e-03"
"   0";"  27";" 0.00";"  -8.045";"whiskey";"4.562928e-03"
"   0";"  27";" 0.00";"  -8.045";"nvidia";"4.562928e-03"
"   0";"  27";" 0.00";"  -8.045";"transformer";"4.562928e-03"
"   5";"  63";" 7.94";"  -8.039";"table";"4.578347e-03"
"  83";" 474";"17.51";"  -8.018";"couple";"4.630325e-03"
"   1";"  35";" 2.86";"  -7.995";"quantum";"4.691195e-03"
"   1";"  35";" 2.86";"  -7.995";"delivery";"4.691195e-03"
"   1";"  35";" 2.86";"  -7.995";"taste";"4.691195e-03"
"   1";"  35";" 2.86";"  -7.995";"ambitious";"4.691195e-03"
"   1";"  35";" 2.86";"  -7.995";"writer";"4.691195e-03"
"   6";"  69";" 8.70";"  -7.938";"plane";"4.841900e-03"
"   4";"  56";" 7.14";"  -7.920";"mother";"4.889253e-03"
"   7";"  75";" 9.33";"  -7.874";"crush";"5.014881e-03"
"   2";"  42";" 4.76";"  -7.862";"efficiently";"5.048476e-03"
"   2";"  42";" 4.76";"  -7.862";"hill";"5.048476e-03"
"   3";"  49";" 6.12";"  -7.852";"trial";"5.075231e-03"
"  75";" 433";"17.32";"  -7.836";"base";"5.122177e-03"
"   9";"  87";"10.34";"  -7.829";"flow";"5.140619e-03"
"   9";"  87";"10.34";"  -7.829";"physical";"5.140619e-03"
"   9";"  87";"10.34";"  -7.829";"academic";"5.140619e-03"
"  23";" 166";"13.86";"  -7.790";"incredibly";"5.252810e-03"
"   5";"  62";" 8.06";"  -7.777";"cash";"5.292500e-03"
"   5";"  62";" 8.06";"  -7.777";"gap";"5.292500e-03"
"   0";"  26";" 0.00";"  -7.747";"merchant";"5.380706e-03"
"   0";"  26";" 0.00";"  -7.747";"junior";"5.380706e-03"
"   0";"  26";" 0.00";"  -7.747";"genetic";"5.380706e-03"
"   0";"  26";" 0.00";"  -7.747";"technique";"5.380706e-03"
"   1";"  34";" 2.94";"  -7.701";"load";"5.518078e-03"
"   1";"  34";" 2.94";"  -7.701";"leap";"5.518078e-03"
"  59";" 352";"16.76";"  -7.684";"opportunity";"5.572158e-03"
"   6";"  68";" 8.82";"  -7.683";"rocket";"5.575837e-03"
"  20";" 149";"13.42";"  -7.670";"lesson";"5.613392e-03"
"   4";"  55";" 7.27";"  -7.651";"hot";"5.674202e-03"
"   8";"  80";"10.00";"  -7.597";"offer";"5.845365e-03"
"   9";"  86";"10.47";"  -7.592";"wife";"5.862786e-03"
"  17";" 132";"12.88";"  -7.590";"minute";"5.867797e-03"
"   2";"  41";" 4.88";"  -7.577";"morgan";"5.912284e-03"
"   2";"  41";" 4.88";"  -7.577";"tesla";"5.912284e-03"
"   3";"  48";" 6.25";"  -7.576";"announce";"5.915878e-03"
"  19";" 143";"13.29";"  -7.572";"wave";"5.927387e-03"
"  71";" 411";"17.27";"  -7.555";"set";"5.983151e-03"
"   5";"  61";" 8.20";"  -7.516";"round";"6.116462e-03"
"   5";"  61";" 8.20";"  -7.516";"tiny";"6.116462e-03"
"   5";"  61";" 8.20";"  -7.516";"mentor";"6.116462e-03"
"  12";" 103";"11.65";"  -7.451";"night";"6.340963e-03"
"   0";"  25";" 0.00";"  -7.449";"stanley";"6.348365e-03"
"   0";"  25";" 0.00";"  -7.449";"microwave";"6.348365e-03"
"   0";"  25";" 0.00";"  -7.449";"dress";"6.348365e-03"
"   0";"  25";" 0.00";"  -7.449";"unbelievable";"6.348365e-03"
"   0";"  25";" 0.00";"  -7.449";"exponential";"6.348365e-03"
"   0";"  25";" 0.00";"  -7.449";"contest";"6.348365e-03"
"   1";"  33";" 3.03";"  -7.408";"bob";"6.492992e-03"
"  11";"  97";"11.34";"  -7.406";"page";"6.499290e-03"
"   4";"  54";" 7.41";"  -7.383";"steve";"6.584041e-03"
"  10";"  91";"10.99";"  -7.374";"light";"6.617337e-03"
"  10";"  91";"10.99";"  -7.374";"touch";"6.617337e-03"
"   8";"  79";"10.13";"  -7.356";"fill";"6.683334e-03"
"  14";" 114";"12.28";"  -7.354";"healthy";"6.691468e-03"
"  16";" 125";"12.80";"  -7.299";"practice";"6.897447e-03"
"  20";" 147";"13.61";"  -7.279";"multiple";"6.974652e-03"
" 238";"1206";"19.73";"  -7.267";"stuff";"7.024692e-03"
"   6";"  66";" 9.09";"  -7.176";"gdp";"7.386802e-03"
"   0";"  24";" 0.00";"  -7.151";"tumor";"7.494249e-03"
"   0";"  24";" 0.00";"  -7.151";"programmer";"7.494249e-03"
"   0";"  24";" 0.00";"  -7.151";"jimmy";"7.494249e-03"
"   0";"  24";" 0.00";"  -7.151";"payer";"7.494249e-03"
"   0";"  24";" 0.00";"  -7.151";"napa";"7.494249e-03"
"   0";"  24";" 0.00";"  -7.151";"beauty";"7.494249e-03"
"   0";"  24";" 0.00";"  -7.151";"employ";"7.494249e-03"
"   9";"  84";"10.71";"  -7.122";"double";"7.615057e-03"
"   4";"  53";" 7.55";"  -7.116";"easily";"7.638368e-03"
"   1";"  32";" 3.12";"  -7.115";"hedge";"7.642990e-03"
"   1";"  32";" 3.12";"  -7.115";"weekend";"7.642990e-03"
"   1";"  32";" 3.12";"  -7.115";"location";"7.642990e-03"
"  37";" 236";"15.68";"  -7.092";"apply";"7.741483e-03"
"  13";" 107";"12.15";"  -7.072";"fit";"7.830223e-03"
"   3";"  46";" 6.52";"  -7.025";"vertical";"8.036818e-03"
"   3";"  46";" 6.52";"  -7.025";"deficit";"8.036818e-03"
"   3";"  46";" 6.52";"  -7.025";"curriculum";"8.036818e-03"
"   3";"  46";" 6.52";"  -7.025";"invent";"8.036818e-03"
"  67";" 387";"17.31";"  -7.015";"process";"8.082846e-03"
"   2";"  39";" 5.13";"  -7.009";"sophisticate";"8.111803e-03"
"   2";"  39";" 5.13";"  -7.009";"theme";"8.111803e-03"
"   5";"  59";" 8.47";"  -6.997";"foot";"8.162377e-03"
"   5";"  59";" 8.47";"  -6.997";"client";"8.162377e-03"
"  11";"  95";"11.58";"  -6.958";"feedback";"8.345259e-03"
"   0";"  23";" 0.00";"  -6.852";"sequence";"8.852307e-03"
"   0";"  23";" 0.00";"  -6.852";"fungus";"8.852307e-03"
"   0";"  23";" 0.00";"  -6.852";"tower";"8.852307e-03"
"   0";"  23";" 0.00";"  -6.852";"skin";"8.852307e-03"
"   0";"  23";" 0.00";"  -6.852";"radiation";"8.852307e-03"
"   0";"  23";" 0.00";"  -6.852";"borrow";"8.852307e-03"
"   0";"  23";" 0.00";"  -6.852";"jam";"8.852307e-03"
"   0";"  23";" 0.00";"  -6.852";"fortunate";"8.852307e-03"
"   0";"  23";" 0.00";"  -6.852";"openai";"8.852307e-03"
"   0";"  23";" 0.00";"  -6.852";"larry";"8.852307e-03"
"   0";"  23";" 0.00";"  -6.852";"exposure";"8.852307e-03"
"   0";"  23";" 0.00";"  -6.852";"philosophical";"8.852307e-03"
"   0";"  23";" 0.00";"  -6.852";"angel";"8.852307e-03"
"   4";"  52";" 7.69";"  -6.851";"apple";"8.859796e-03"
"   1";"  31";" 3.23";"  -6.823";"catholic";"9.000209e-03"
"   1";"  31";" 3.23";"  -6.823";"pound";"9.000209e-03"
"   1";"  31";" 3.23";"  -6.823";"muscle";"9.000209e-03"
"   1";"  31";" 3.23";"  -6.823";"teal";"9.000209e-03"
"   1";"  31";" 3.23";"  -6.823";"swarm";"9.000209e-03"
"   1";"  31";" 3.23";"  -6.823";"parallel";"9.000209e-03"
"   1";"  31";" 3.23";"  -6.823";"yesterday";"9.000209e-03"
"   3";"  45";" 6.67";"  -6.752";"apartment";"9.366550e-03"
"   3";"  45";" 6.67";"  -6.752";"academia";"9.366550e-03"
"   3";"  45";" 6.67";"  -6.752";"app";"9.366550e-03"
"   5";"  58";" 8.62";"  -6.740";"map";"9.424984e-03"
"   5";"  58";" 8.62";"  -6.740";"hang";"9.424984e-03"
"   5";"  58";" 8.62";"  -6.740";"ceos";"9.424984e-03"
"   2";"  38";" 5.26";"  -6.726";"dentist";"9.503584e-03"
"   2";"  38";" 5.26";"  -6.726";"pair";"9.503584e-03"
"   2";"  38";" 5.26";"  -6.726";"damage";"9.503584e-03"
"  16";" 122";"13.11";"  -6.688";"shoot";"9.704083e-03"
"  91";" 502";"18.13";"  -6.678";"write";"9.760667e-03"
"   9";"  82";"10.98";"  -6.658";"innovate";"9.871543e-03"
"   7";"  70";"10.00";"  -6.646";"planet";"9.938827e-03"
"   8";"  76";"10.53";"  -6.642";"humanity";"9.961930e-03"
"   8";"  76";"10.53";"  -6.642";"edge";"9.961930e-03"
"  65";" 374";"17.38";"  -6.617";"innovation";"1.010377e-02"
"   4";"  51";" 7.84";"  -6.587";"spirit";"1.027439e-02"
"   4";"  51";" 7.84";"  -6.587";"dinner";"1.027439e-02"
"  17";" 127";"13.39";"  -6.585";"relate";"1.028595e-02"
"   0";"  22";" 0.00";"  -6.554";"ice";"1.046327e-02"
"   0";"  22";" 0.00";"  -6.554";"undergrad";"1.046327e-02"
"   0";"  22";" 0.00";"  -6.554";"legend";"1.046327e-02"
"   0";"  22";" 0.00";"  -6.554";"grit";"1.046327e-02"
"   0";"  22";" 0.00";"  -6.554";"atom";"1.046327e-02"
"   0";"  22";" 0.00";"  -6.554";"llms";"1.046327e-02"
"   0";"  22";" 0.00";"  -6.554";"liquidity";"1.046327e-02"
"   0";"  22";" 0.00";"  -6.554";"adventure";"1.046327e-02"
"   0";"  22";" 0.00";"  -6.554";"tutor";"1.046327e-02"
"   0";"  22";" 0.00";"  -6.554";"garden";"1.046327e-02"
"   0";"  22";" 0.00";"  -6.554";"electromagnetic";"1.046327e-02"
"   1";"  30";" 3.33";"  -6.531";"terrain";"1.060286e-02"
"   1";"  30";" 3.33";"  -6.531";"clinical";"1.060286e-02"
"   1";"  30";" 3.33";"  -6.531";"camera";"1.060286e-02"
"   1";"  30";" 3.33";"  -6.531";"tomorrow";"1.060286e-02"
"   1";"  30";" 3.33";"  -6.531";"absorb";"1.060286e-02"
"  11";"  93";"11.83";"  -6.516";"succeed";"1.069226e-02"
"  94";" 515";"18.25";"  -6.503";"culture";"1.077225e-02"
"  94";" 515";"18.25";"  -6.503";"level";"1.077225e-02"
"   5";"  57";" 8.77";"  -6.485";"spot";"1.087942e-02"
"   3";"  44";" 6.82";"  -6.479";"frontier";"1.091556e-02"
"   9";"  81";"11.11";"  -6.428";"trend";"1.123055e-02"
"   6";"  63";" 9.52";"  -6.428";"dig";"1.123223e-02"
"   6";"  63";" 9.52";"  -6.428";"travel";"1.123223e-02"
"   8";"  75";"10.67";"  -6.407";"picture";"1.136851e-02"
"   7";"  69";"10.14";"  -6.405";"predict";"1.138108e-02"
"   7";"  69";"10.14";"  -6.405";"owner";"1.138108e-02"
"   7";"  69";"10.14";"  -6.405";"accelerate";"1.138108e-02"
"  26";" 174";"14.94";"  -6.330";"grind";"1.186920e-02"
"   4";"  50";" 8.00";"  -6.324";"quarter";"1.191219e-02"
"   0";"  21";" 0.00";"  -6.256";"hydrogen";"1.237612e-02"
"   0";"  21";" 0.00";"  -6.256";"lithium";"1.237612e-02"
"   0";"  21";" 0.00";"  -6.256";"lily";"1.237612e-02"
"   0";"  21";" 0.00";"  -6.256";"grid";"1.237612e-02"
"   0";"  21";" 0.00";"  -6.256";"shopify";"1.237612e-02"
"   0";"  21";" 0.00";"  -6.256";"neil";"1.237612e-02"
"   0";"  21";" 0.00";"  -6.256";"diabetes";"1.237612e-02"
"   0";"  21";" 0.00";"  -6.256";"patch";"1.237612e-02"
"   0";"  21";" 0.00";"  -6.256";"hike";"1.237612e-02"
"   0";"  21";" 0.00";"  -6.256";"fitness";"1.237612e-02"
"   0";"  21";" 0.00";"  -6.256";"palmer";"1.237612e-02"
"   0";"  21";" 0.00";"  -6.256";"whimo";"1.237612e-02"
"   0";"  21";" 0.00";"  -6.256";"prototype";"1.237612e-02"
"   0";"  21";" 0.00";"  -6.256";"creativity";"1.237612e-02"
"   0";"  21";" 0.00";"  -6.256";"chase";"1.237612e-02"
"  33";" 210";"15.71";"  -6.243";"background";"1.246540e-02"
"   1";"  29";" 3.45";"  -6.239";"carrier";"1.249644e-02"
"   1";"  29";" 3.45";"  -6.239";"greatness";"1.249644e-02"
"   1";"  29";" 3.45";"  -6.239";"unlock";"1.249644e-02"
"   1";"  29";" 3.45";"  -6.239";"globally";"1.249644e-02"
"   1";"  29";" 3.45";"  -6.239";"entry";"1.249644e-02"
" 300";"1480";"20.27";"  -6.238";"sort";"1.250291e-02"
"  13";" 103";"12.62";"  -6.225";"enable";"1.259832e-02"
"   3";"  43";" 6.98";"  -6.208";"wear";"1.271977e-02"
"   3";"  43";" 6.98";"  -6.208";"daughter";"1.271977e-02"
"   3";"  43";" 6.98";"  -6.208";"offense";"1.271977e-02"
"   3";"  43";" 6.98";"  -6.208";"passion";"1.271977e-02"
"   3";"  43";" 6.98";"  -6.208";"wise";"1.271977e-02"
"  25";" 168";"14.88";"  -6.205";"reality";"1.273600e-02"
"   6";"  62";" 9.68";"  -6.182";"switch";"1.290572e-02"
"   6";"  62";" 9.68";"  -6.182";"mhm";"1.290572e-02"
"   7";"  68";"10.29";"  -6.166";"honor";"1.302641e-02"
"   2";"  36";" 5.56";"  -6.162";"transaction";"1.305005e-02"
"   2";"  36";" 5.56";"  -6.162";"sam";"1.305005e-02"
"   2";"  36";" 5.56";"  -6.162";"pentagon";"1.305005e-02"
"   2";"  36";" 5.56";"  -6.162";"automatically";"1.305005e-02"
"   2";"  36";" 5.56";"  -6.162";"universe";"1.305005e-02"
"   4";"  49";" 8.16";"  -6.063";"determine";"1.380775e-02"
"   4";"  49";" 8.16";"  -6.063";"bar";"1.380775e-02"
" 100";" 539";"18.55";"  -5.966";"turn";"1.458713e-02"
"   0";"  20";" 0.00";"  -5.958";"cent";"1.464987e-02"
"   0";"  20";" 0.00";"  -5.958";"resume";"1.464987e-02"
"   0";"  20";" 0.00";"  -5.958";"harvey";"1.464987e-02"
"   0";"  20";" 0.00";"  -5.958";"pioneer";"1.464987e-02"
"   0";"  20";" 0.00";"  -5.958";"matt";"1.464987e-02"
"   0";"  20";" 0.00";"  -5.958";"instrument";"1.464987e-02"
"   0";"  20";" 0.00";"  -5.958";"hop";"1.464987e-02"
"   0";"  20";" 0.00";"  -5.958";"gigantic";"1.464987e-02"
"   0";"  20";" 0.00";"  -5.958";"friday";"1.464987e-02"
"   0";"  20";" 0.00";"  -5.958";"cheaply";"1.464987e-02"
"  61";" 349";"17.48";"  -5.953";"play";"1.469569e-02"
"   1";"  28";" 3.57";"  -5.948";"iphone";"1.473515e-02"
"   1";"  28";" 3.57";"  -5.948";"blend";"1.473515e-02"
"   1";"  28";" 3.57";"  -5.948";"database";"1.473515e-02"
"   1";"  28";" 3.57";"  -5.948";"fashion";"1.473515e-02"
"   1";"  28";" 3.57";"  -5.948";"artificial";"1.473515e-02"
"   8";"  73";"10.96";"  -5.942";"star";"1.478222e-02"
"   6";"  61";" 9.84";"  -5.938";"impressive";"1.482203e-02"
"   3";"  42";" 7.14";"  -5.938";"alive";"1.482092e-02"
"   3";"  42";" 7.14";"  -5.938";"fourth";"1.482092e-02"
"   7";"  67";"10.45";"  -5.928";"margin";"1.490216e-02"
"  18";" 129";"13.95";"  -5.918";"negative";"1.498892e-02"
"   2";"  35";" 5.71";"  -5.882";"philosopher";"1.529571e-02"
"   2";"  35";" 5.71";"  -5.882";"electronics";"1.529571e-02"
"   2";"  35";" 5.71";"  -5.882";"classroom";"1.529571e-02"
"   2";"  35";" 5.71";"  -5.882";"chemical";"1.529571e-02"
"   2";"  35";" 5.71";"  -5.882";"memory";"1.529571e-02"
"  13";" 101";"12.87";"  -5.811";"mine";"1.592221e-02"
"  18";" 128";"14.06";"  -5.730";"vision";"1.667574e-02"
"  18";" 128";"14.06";"  -5.730";"employee";"1.667574e-02"
"   5";"  54";" 9.26";"  -5.728";"afford";"1.669810e-02"
"   5";"  54";" 9.26";"  -5.728";"biology";"1.669810e-02"
"   5";"  54";" 9.26";"  -5.728";"license";"1.669810e-02"
"   8";"  72";"11.11";"  -5.713";"card";"1.684215e-02"
"   6";"  60";"10.00";"  -5.695";"sleep";"1.701501e-02"
"   6";"  60";"10.00";"  -5.695";"productive";"1.701501e-02"
"   7";"  66";"10.61";"  -5.692";"expert";"1.703915e-02"
"   3";"  41";" 7.32";"  -5.669";"domain";"1.726748e-02"
"   3";"  41";" 7.32";"  -5.669";"farm";"1.726748e-02"
"   3";"  41";" 7.32";"  -5.669";"relevant";"1.726748e-02"
"  22";" 149";"14.77";"  -5.660";"woman";"1.735713e-02"
"   0";"  19";" 0.00";"  -5.660";"coverage";"1.735583e-02"
"   0";"  19";" 0.00";"  -5.660";"cook";"1.735583e-02"
"   0";"  19";" 0.00";"  -5.660";"barrel";"1.735583e-02"
"   0";"  19";" 0.00";"  -5.660";"physician";"1.735583e-02"
"   0";"  19";" 0.00";"  -5.660";"martin";"1.735583e-02"
"   0";"  19";" 0.00";"  -5.660";"ontology";"1.735583e-02"
"   0";"  19";" 0.00";"  -5.660";"cat";"1.735583e-02"
"   0";"  19";" 0.00";"  -5.660";"beta";"1.735583e-02"
"   0";"  19";" 0.00";"  -5.660";"auto";"1.735583e-02"
"   0";"  19";" 0.00";"  -5.660";"accessible";"1.735583e-02"
"   0";"  19";" 0.00";"  -5.660";"llm";"1.735583e-02"
"   0";"  19";" 0.00";"  -5.660";"kitchen";"1.735583e-02"
"   0";"  19";" 0.00";"  -5.660";"jones";"1.735583e-02"
"   1";"  27";" 3.70";"  -5.657";"roof";"1.738366e-02"
"   1";"  27";" 3.70";"  -5.657";"broker";"1.738366e-02"
"   1";"  27";" 3.70";"  -5.657";"10x";"1.738366e-02"
"   1";"  27";" 3.70";"  -5.657";"operational";"1.738366e-02"
"   1";"  27";" 3.70";"  -5.657";"charles";"1.738366e-02"
"   1";"  27";" 3.70";"  -5.657";"bug";"1.738366e-02"
"   1";"  27";" 3.70";"  -5.657";"fortune";"1.738366e-02"
"   2";"  34";" 5.88";"  -5.603";"error";"1.793048e-02"
"   2";"  34";" 5.88";"  -5.603";"brilliant";"1.793048e-02"
"   2";"  34";" 5.88";"  -5.603";"uatx";"1.793048e-02"
"   2";"  34";" 5.88";"  -5.603";"master";"1.793048e-02"
"  10";"  83";"12.05";"  -5.585";"honestly";"1.811074e-02"
"  36";" 221";"16.29";"  -5.568";"approach";"1.829207e-02"
" 105";" 559";"18.78";"  -5.557";"ago";"1.840607e-02"
"   4";"  47";" 8.51";"  -5.545";"animal";"1.853720e-02"
"   4";"  47";" 8.51";"  -5.545";"burn";"1.853720e-02"
"   5";"  53";" 9.43";"  -5.479";"prior";"1.924658e-02"
"   6";"  59";"10.17";"  -5.454";"mindset";"1.952299e-02"
"  11";"  88";"12.50";"  -5.442";"convince";"1.966201e-02"
"   3";"  40";" 7.50";"  -5.402";"magazine";"2.011568e-02"
"   1";"  26";" 3.85";"  -5.367";"glass";"2.051925e-02"
"   1";"  26";" 3.85";"  -5.367";"thomas";"2.051925e-02"
"   1";"  26";" 3.85";"  -5.367";"harness";"2.051925e-02"
"   1";"  26";" 3.85";"  -5.367";"helicopter";"2.051925e-02"
"   1";"  26";" 3.85";"  -5.367";"clinic";"2.051925e-02"
"   1";"  26";" 3.85";"  -5.367";"update";"2.051925e-02"
"   1";"  26";" 3.85";"  -5.367";"typical";"2.051925e-02"
"   1";"  26";" 3.85";"  -5.367";"rough";"2.051925e-02"
"   1";"  26";" 3.85";"  -5.367";"luck";"2.051925e-02"
"   1";"  26";" 3.85";"  -5.367";"adapt";"2.051925e-02"
"   0";"  18";" 0.00";"  -5.362";"pig";"2.058035e-02"
"   0";"  18";" 0.00";"  -5.362";"insurer";"2.058035e-02"
"   0";"  18";" 0.00";"  -5.362";"tyler";"2.058035e-02"
"   0";"  18";" 0.00";"  -5.362";"dense";"2.058035e-02"
"   0";"  18";" 0.00";"  -5.362";"agi";"2.058035e-02"
"   0";"  18";" 0.00";"  -5.362";"procedure";"2.058035e-02"
"   0";"  18";" 0.00";"  -5.362";"graduation";"2.058035e-02"
"   0";"  18";" 0.00";"  -5.362";"depot";"2.058035e-02"
"   0";"  18";" 0.00";"  -5.362";"bot";"2.058035e-02"
"   0";"  18";" 0.00";"  -5.362";"mouth";"2.058035e-02"
"   0";"  18";" 0.00";"  -5.362";"mechanical";"2.058035e-02"
"   0";"  18";" 0.00";"  -5.362";"grandmother";"2.058035e-02"
"   0";"  18";" 0.00";"  -5.362";"footprint";"2.058035e-02"
"   0";"  18";" 0.00";"  -5.362";"aerospace";"2.058035e-02"
"   0";"  18";" 0.00";"  -5.362";"unintuitive";"2.058035e-02"
"   0";"  18";" 0.00";"  -5.362";"supplier";"2.058035e-02"
"   0";"  18";" 0.00";"  -5.362";"londale";"2.058035e-02"
"   0";"  18";" 0.00";"  -5.362";"electrify";"2.058035e-02"
"   0";"  18";" 0.00";"  -5.362";"bezos";"2.058035e-02"
"   0";"  18";" 0.00";"  -5.362";"aggregate";"2.058035e-02"
"  18";" 126";"14.29";"  -5.360";"doctor";"2.059968e-02"
"  18";" 126";"14.29";"  -5.360";"credit";"2.059968e-02"
"   2";"  33";" 6.06";"  -5.325";"glad";"2.102231e-02"
"  26";" 168";"15.48";"  -5.323";"manage";"2.104688e-02"
"   4";"  46";" 8.70";"  -5.288";"comfortable";"2.146925e-02"
"  28";" 178";"15.73";"  -5.264";"mission";"2.177299e-02"
"   8";"  70";"11.43";"  -5.260";"bet";"2.182455e-02"
"   8";"  70";"11.43";"  -5.260";"famous";"2.182455e-02"
"   5";"  52";" 9.62";"  -5.232";"heavy";"2.217463e-02"
"   6";"  58";"10.34";"  -5.215";"motivate";"2.238925e-02"
"   6";"  58";"10.34";"  -5.215";"production";"2.238925e-02"
"   6";"  58";"10.34";"  -5.215";"palanteer";"2.238925e-02"
"   6";"  58";"10.34";"  -5.215";"detail";"2.238925e-02"
"  13";"  98";"13.27";"  -5.206";"equity";"2.251147e-02"
"  10";"  81";"12.35";"  -5.157";"moon";"2.315400e-02"
"   3";"  39";" 7.69";"  -5.136";"football";"2.343079e-02"
"   3";"  39";" 7.69";"  -5.136";"collect";"2.343079e-02"
"  14";" 103";"13.59";"  -5.109";"ready";"2.380606e-02"
" 102";" 540";"18.89";"  -5.097";"focus";"2.396790e-02"
"   1";"  25";" 4.00";"  -5.078";"louis";"2.423437e-02"
"   1";"  25";" 4.00";"  -5.078";"assistant";"2.423437e-02"
"   1";"  25";" 4.00";"  -5.078";"male";"2.423437e-02"
"   0";"  17";" 0.00";"  -5.064";"peer";"2.442845e-02"
"   0";"  17";" 0.00";"  -5.064";"bike";"2.442845e-02"
"   0";"  17";" 0.00";"  -5.064";"biological";"2.442845e-02"
"   0";"  17";" 0.00";"  -5.064";"smoke";"2.442845e-02"
"   0";"  17";" 0.00";"  -5.064";"andy";"2.442845e-02"
"   0";"  17";" 0.00";"  -5.064";"tequila";"2.442845e-02"
"   0";"  17";" 0.00";"  -5.064";"devon";"2.442845e-02"
"   0";"  17";" 0.00";"  -5.064";"whistle";"2.442845e-02"
"   0";"  17";" 0.00";"  -5.064";"precision";"2.442845e-02"
"   0";"  17";" 0.00";"  -5.064";"intensity";"2.442845e-02"
"   0";"  17";" 0.00";"  -5.064";"adapar";"2.442845e-02"
"   0";"  17";" 0.00";"  -5.064";"season";"2.442845e-02"
"   0";"  17";" 0.00";"  -5.064";"mineral";"2.442845e-02"
"   0";"  17";" 0.00";"  -5.064";"buddy";"2.442845e-02"
"   0";"  17";" 0.00";"  -5.064";"advise";"2.442845e-02"
"   0";"  17";" 0.00";"  -5.064";"volume";"2.442845e-02"
"   0";"  17";" 0.00";"  -5.064";"tap";"2.442845e-02"
"   0";"  17";" 0.00";"  -5.064";"purchase";"2.442845e-02"
"   0";"  17";" 0.00";"  -5.064";"painful";"2.442845e-02"
"   0";"  17";" 0.00";"  -5.064";"convert";"2.442845e-02"
"   0";"  17";" 0.00";"  -5.064";"anthropic";"2.442845e-02"
"   2";"  32";" 6.25";"  -5.048";"weight";"2.465107e-02"
"   2";"  32";" 6.25";"  -5.048";"contractor";"2.465107e-02"
"   2";"  32";" 6.25";"  -5.048";"vcs";"2.465107e-02"
"   2";"  32";" 6.25";"  -5.048";"knock";"2.465107e-02"
"   4";"  45";" 8.89";"  -5.034";"missile";"2.485720e-02"
"   4";"  45";" 8.89";"  -5.034";"square";"2.485720e-02"
"   4";"  45";" 8.89";"  -5.034";"avoid";"2.485720e-02"
"  72";" 395";"18.23";"  -5.023";"education";"2.501817e-02"
"   7";"  63";"11.11";"  -4.997";"metric";"2.538554e-02"
"   5";"  51";" 9.80";"  -4.987";"pace";"2.553670e-02"
"   5";"  51";" 9.80";"  -4.987";"la";"2.553670e-02"
"  22";" 145";"15.17";"  -4.972";"sudden";"2.575514e-02"
"  10";"  80";"12.50";"  -4.946";"bullish";"2.615339e-02"
"  17";" 118";"14.41";"  -4.879";"expect";"2.717770e-02"
"   1";"  24";" 4.17";"  -4.789";"stadium";"2.863983e-02"
"   1";"  24";" 4.17";"  -4.789";"virtual";"2.863983e-02"
"   1";"  24";" 4.17";"  -4.789";"lens";"2.863983e-02"
"   1";"  24";" 4.17";"  -4.789";"fiction";"2.863983e-02"
"   1";"  24";" 4.17";"  -4.789";"exit";"2.863983e-02"
"   1";"  24";" 4.17";"  -4.789";"analysis";"2.863983e-02"
"   1";"  24";" 4.17";"  -4.789";"triple";"2.863983e-02"
"   1";"  24";" 4.17";"  -4.789";"automation";"2.863983e-02"
"   4";"  44";" 9.09";"  -4.781";"michael";"2.876997e-02"
"  29";" 180";"16.11";"  -4.776";"piece";"2.885833e-02"
"   2";"  31";" 6.45";"  -4.773";"alignment";"2.891071e-02"
"   2";"  31";" 6.45";"  -4.773";"fi";"2.891071e-02"
"   2";"  31";" 6.45";"  -4.773";"palantir";"2.891071e-02"
"   2";"  31";" 6.45";"  -4.773";"initially";"2.891071e-02"
"   2";"  31";" 6.45";"  -4.773";"guarantee";"2.891071e-02"
"   0";"  16";" 0.00";"  -4.766";"meter";"2.902820e-02"
"   0";"  16";" 0.00";"  -4.766";"trilogy";"2.902820e-02"
"   0";"  16";" 0.00";"  -4.766";"defect";"2.902820e-02"
"   0";"  16";" 0.00";"  -4.766";"captain";"2.902820e-02"
"   0";"  16";" 0.00";"  -4.766";"atmosphere";"2.902820e-02"
"   0";"  16";" 0.00";"  -4.766";"sixth";"2.902820e-02"
"   0";"  16";" 0.00";"  -4.766";"protein";"2.902820e-02"
"   0";"  16";" 0.00";"  -4.766";"soccer";"2.902820e-02"
"   0";"  16";" 0.00";"  -4.766";"propulsion";"2.902820e-02"
"   0";"  16";" 0.00";"  -4.766";"infinite";"2.902820e-02"
"   0";"  16";" 0.00";"  -4.766";"corp";"2.902820e-02"
"   0";"  16";" 0.00";"  -4.766";"bacterium";"2.902820e-02"
"   0";"  16";" 0.00";"  -4.766";"workflows";"2.902820e-02"
"   0";"  16";" 0.00";"  -4.766";"demo";"2.902820e-02"
"   0";"  16";" 0.00";"  -4.766";"clutter";"2.902820e-02"
"   0";"  16";" 0.00";"  -4.766";"yodel";"2.902820e-02"
"   0";"  16";" 0.00";"  -4.766";"upbringing";"2.902820e-02"
"   0";"  16";" 0.00";"  -4.766";"statistical";"2.902820e-02"
"   0";"  16";" 0.00";"  -4.766";"obstacle";"2.902820e-02"
"   0";"  16";" 0.00";"  -4.766";"bloomberg";"2.902820e-02"
"   0";"  16";" 0.00";"  -4.766";"vr";"2.902820e-02"
"   0";"  16";" 0.00";"  -4.766";"scholar";"2.902820e-02"
"   0";"  16";" 0.00";"  -4.766";"ratio";"2.902820e-02"
"   0";"  16";" 0.00";"  -4.766";"probability";"2.902820e-02"
"   0";"  16";" 0.00";"  -4.766";"premium";"2.902820e-02"
"   0";"  16";" 0.00";"  -4.766";"outperform";"2.902820e-02"
"   0";"  16";" 0.00";"  -4.766";"oculus";"2.902820e-02"
"   0";"  16";" 0.00";"  -4.766";"hat";"2.902820e-02"
"   0";"  16";" 0.00";"  -4.766";"garage";"2.902820e-02"
"   0";"  16";" 0.00";"  -4.766";"fulfillment";"2.902820e-02"
"   0";"  16";" 0.00";"  -4.766";"bird";"2.902820e-02"
"   0";"  16";" 0.00";"  -4.766";"b2b";"2.902820e-02"
"  36";" 215";"16.74";"  -4.701";"key";"3.014397e-02"
"   9";"  73";"12.33";"  -4.661";"transform";"3.084824e-02"
"   3";"  37";" 8.11";"  -4.611";"confidence";"3.177621e-02"
"  20";" 132";"15.15";"  -4.549";"core";"3.293220e-02"
"   7";"  61";"11.48";"  -4.545";"payment";"3.301297e-02"
"  14";" 100";"14.00";"  -4.536";"concept";"3.318190e-02"
"   4";"  43";" 9.30";"  -4.531";"capacity";"3.328643e-02"
"   4";"  43";" 9.30";"  -4.531";"sheet";"3.328643e-02"
" 106";" 553";"19.17";"  -4.527";"live";"3.336565e-02"
"   1";"  23";" 4.35";"  -4.501";"stat";"3.386863e-02"
"   1";"  23";" 4.35";"  -4.501";"reliable";"3.386863e-02"
"   1";"  23";" 4.35";"  -4.501";"athlete";"3.386863e-02"
"   1";"  23";" 4.35";"  -4.501";"flat";"3.386863e-02"
"   1";"  23";" 4.35";"  -4.501";"renaissance";"3.386863e-02"
"   1";"  23";" 4.35";"  -4.501";"humble";"3.386863e-02"
"   2";"  30";" 6.67";"  -4.499";"principal";"3.391172e-02"
"   2";"  30";" 6.67";"  -4.499";"motivation";"3.391172e-02"
"   2";"  30";" 6.67";"  -4.499";"electricity";"3.391172e-02"
"   2";"  30";" 6.67";"  -4.499";"pharmaceutical";"3.391172e-02"
"   2";"  30";" 6.67";"  -4.499";"roughly";"3.391172e-02"
"   2";"  30";" 6.67";"  -4.499";"navigate";"3.391172e-02"
"  29";" 178";"16.29";"  -4.476";"massive";"3.437918e-02"
"  18";" 121";"14.88";"  -4.469";"path";"3.451684e-02"
"   0";"  15";" 0.00";"  -4.468";"ski";"3.453653e-02"
"   0";"  15";" 0.00";"  -4.468";"molecule";"3.453653e-02"
"   0";"  15";" 0.00";"  -4.468";"duke";"3.453653e-02"
"   0";"  15";" 0.00";"  -4.468";"semiconductor";"3.453653e-02"
"   0";"  15";" 0.00";"  -4.468";"outsider";"3.453653e-02"
"   0";"  15";" 0.00";"  -4.468";"myth";"3.453653e-02"
"   0";"  15";" 0.00";"  -4.468";"monitor";"3.453653e-02"
"   0";"  15";" 0.00";"  -4.468";"collar";"3.453653e-02"
"   0";"  15";" 0.00";"  -4.468";"residential";"3.453653e-02"
"   0";"  15";" 0.00";"  -4.468";"philadelphia";"3.453653e-02"
"   0";"  15";" 0.00";"  -4.468";"impactful";"3.453653e-02"
"   0";"  15";" 0.00";"  -4.468";"ear";"3.453653e-02"
"   0";"  15";" 0.00";"  -4.468";"doable";"3.453653e-02"
"   0";"  15";" 0.00";"  -4.468";"analytics";"3.453653e-02"
"   0";"  15";" 0.00";"  -4.468";"vacation";"3.453653e-02"
"   0";"  15";" 0.00";"  -4.468";"urban";"3.453653e-02"
"   0";"  15";" 0.00";"  -4.468";"underhyped";"3.453653e-02"
"   0";"  15";" 0.00";"  -4.468";"revolutionize";"3.453653e-02"
"   0";"  15";" 0.00";"  -4.468";"reliability";"3.453653e-02"
"   0";"  15";" 0.00";"  -4.468";"prediction";"3.453653e-02"
"   0";"  15";" 0.00";"  -4.468";"intensive";"3.453653e-02"
"   0";"  15";" 0.00";"  -4.468";"elevate";"3.453653e-02"
"   0";"  15";" 0.00";"  -4.468";"dual";"3.453653e-02"
"   0";"  15";" 0.00";"  -4.468";"curiosity";"3.453653e-02"
"   0";"  15";" 0.00";"  -4.468";"critically";"3.453653e-02"
"   0";"  15";" 0.00";"  -4.468";"concentrate";"3.453653e-02"
"   0";"  15";" 0.00";"  -4.468";"bottleneck";"3.453653e-02"
"   8";"  66";"12.12";"  -4.380";"fee";"3.636344e-02"
"   8";"  66";"12.12";"  -4.380";"competitive";"3.636344e-02"
" 632";"2954";"21.39";"  -4.366";"kind";"3.666293e-02"
"   3";"  36";" 8.33";"  -4.351";"english";"3.699548e-02"
"   3";"  36";" 8.33";"  -4.351";"thesis";"3.699548e-02"
"  14";"  99";"14.14";"  -4.350";"specific";"3.700954e-02"
"   4";"  42";" 9.52";"  -4.283";"guide";"3.849667e-02"
"   4";"  42";" 9.52";"  -4.283";"pitch";"3.849667e-02"
"   4";"  42";" 9.52";"  -4.283";"cap";"3.849667e-02"
"   6";"  54";"11.11";"  -4.282";"mix";"3.850901e-02"
"   5";"  48";"10.42";"  -4.266";"user";"3.888666e-02"
"   5";"  48";"10.42";"  -4.266";"developer";"3.888666e-02"
"   5";"  48";"10.42";"  -4.266";"possibility";"3.888666e-02"
"  24";" 151";"15.89";"  -4.262";"advantage";"3.897987e-02"
"   2";"  29";" 6.90";"  -4.227";"detect";"3.978404e-02"
"   2";"  29";" 6.90";"  -4.227";"steel";"3.978404e-02"
"   2";"  29";" 6.90";"  -4.227";"fraction";"3.978404e-02"
"   2";"  29";" 6.90";"  -4.227";"accident";"3.978404e-02"
"   2";"  29";" 6.90";"  -4.227";"practical";"3.978404e-02"
"   2";"  29";" 6.90";"  -4.227";"input";"3.978404e-02"
"   1";"  22";" 4.55";"  -4.214";"fresh";"4.008079e-02"
"   1";"  22";" 4.55";"  -4.214";"opt";"4.008079e-02"
"   1";"  22";" 4.55";"  -4.214";"marry";"4.008079e-02"
"   1";"  22";" 4.55";"  -4.214";"3d";"4.008079e-02"
"   1";"  22";" 4.55";"  -4.214";"vocational";"4.008079e-02"
"   1";"  22";" 4.55";"  -4.214";"empathy";"4.008079e-02"
"   1";"  22";" 4.55";"  -4.214";"iteration";"4.008079e-02"
"   1";"  22";" 4.55";"  -4.214";"homework";"4.008079e-02"
"   1";"  22";" 4.55";"  -4.214";"grad";"4.008079e-02"
"   1";"  22";" 4.55";"  -4.214";"wheel";"4.008079e-02"
"   1";"  22";" 4.55";"  -4.214";"translate";"4.008079e-02"
"  21";" 135";"15.56";"  -4.183";"worth";"4.083133e-02"
"   0";"  14";" 0.00";"  -4.170";"bud";"4.114668e-02"
"   0";"  14";" 0.00";"  -4.170";"trek";"4.114668e-02"
"   0";"  14";" 0.00";"  -4.170";"emission";"4.114668e-02"
"   0";"  14";" 0.00";"  -4.170";"anduin";"4.114668e-02"
"   0";"  14";" 0.00";"  -4.170";"yellow";"4.114668e-02"
"   0";"  14";" 0.00";"  -4.170";"overconfident";"4.114668e-02"
"   0";"  14";" 0.00";"  -4.170";"transplant";"4.114668e-02"
"   0";"  14";" 0.00";"  -4.170";"paperwork";"4.114668e-02"
"   0";"  14";" 0.00";"  -4.170";"log";"4.114668e-02"
"   0";"  14";" 0.00";"  -4.170";"joint";"4.114668e-02"
"   0";"  14";" 0.00";"  -4.170";"headcount";"4.114668e-02"
"   0";"  14";" 0.00";"  -4.170";"tree";"4.114668e-02"
"   0";"  14";" 0.00";"  -4.170";"perceive";"4.114668e-02"
"   0";"  14";" 0.00";"  -4.170";"marginal";"4.114668e-02"
"   0";"  14";" 0.00";"  -4.170";"junk";"4.114668e-02"
"   0";"  14";" 0.00";"  -4.170";"joby";"4.114668e-02"
"   0";"  14";" 0.00";"  -4.170";"intel";"4.114668e-02"
"   0";"  14";" 0.00";"  -4.170";"ghost";"4.114668e-02"
"   0";"  14";" 0.00";"  -4.170";"friction";"4.114668e-02"
"   0";"  14";" 0.00";"  -4.170";"deviation";"4.114668e-02"
"   0";"  14";" 0.00";"  -4.170";"burst";"4.114668e-02"
"   0";"  14";" 0.00";"  -4.170";"superstar";"4.114668e-02"
"   0";"  14";" 0.00";"  -4.170";"rent";"4.114668e-02"
"   0";"  14";" 0.00";"  -4.170";"pulse";"4.114668e-02"
"   0";"  14";" 0.00";"  -4.170";"organic";"4.114668e-02"
"   0";"  14";" 0.00";"  -4.170";"meal";"4.114668e-02"
"   0";"  14";" 0.00";"  -4.170";"heck";"4.114668e-02"
"   0";"  14";" 0.00";"  -4.170";"gbt";"4.114668e-02"
"   0";"  14";" 0.00";"  -4.170";"forbid";"4.114668e-02"
"   0";"  14";" 0.00";"  -4.170";"expense";"4.114668e-02"
"   0";"  14";" 0.00";"  -4.170";"excavator";"4.114668e-02"
"   0";"  14";" 0.00";"  -4.170";"deck";"4.114668e-02"
"   0";"  14";" 0.00";"  -4.170";"comfort";"4.114668e-02"
"   0";"  14";" 0.00";"  -4.170";"chemistry";"4.114668e-02"
"   0";"  14";" 0.00";"  -4.170";"certification";"4.114668e-02"
"  53";" 295";"17.97";"  -4.167";"meet";"4.121144e-02"
"   8";"  65";"12.31";"  -4.166";"competitor";"4.124029e-02"
"  34";" 201";"16.92";"  -4.154";"operate";"4.154019e-02"
"  18";" 119";"15.13";"  -4.127";"mark";"4.221392e-02"
"  24";" 150";"16.00";"  -4.107";"philosophy";"4.270398e-02"
"   3";"  35";" 8.57";"  -4.093";"text";"4.306343e-02"
"  45";" 255";"17.65";"  -4.074";"funny";"4.354035e-02"
"   6";"  53";"11.32";"  -4.055";"tank";"4.403155e-02"
"   6";"  53";"11.32";"  -4.055";"pattern";"4.403155e-02"
"  41";" 235";"17.45";"  -4.042";"exist";"4.438670e-02"
"   4";"  41";" 9.76";"  -4.037";"teenager";"4.450344e-02"
"   4";"  41";" 9.76";"  -4.037";"correctly";"4.450344e-02"
"   5";"  47";"10.64";"  -4.030";"commerce";"4.468930e-02"
"   5";"  47";"10.64";"  -4.030";"conference";"4.468930e-02"
"   5";"  47";"10.64";"  -4.030";"adult";"4.468930e-02"
"   2";"  28";" 7.14";"  -3.957";"grandfather";"4.668052e-02"
"   2";"  28";" 7.14";"  -3.957";"pure";"4.668052e-02"
"   2";"  28";" 7.14";"  -3.957";"park";"4.668052e-02"
"   2";"  28";" 7.14";"  -3.957";"previously";"4.668052e-02"
"   2";"  28";" 7.14";"  -3.957";"pool";"4.668052e-02"
"   8";"  64";"12.50";"  -3.955";"interact";"4.673504e-02"
"   1";"  21";" 4.76";"  -3.929";"disruption";"4.746917e-02"
"   1";"  21";" 4.76";"  -3.929";"aesthetic";"4.746917e-02"
"   1";"  21";" 4.76";"  -3.929";"retail";"4.746917e-02"
"   1";"  21";" 4.76";"  -3.929";"surgery";"4.746917e-02"
"   1";"  21";" 4.76";"  -3.929";"consultant";"4.746917e-02"
"   1";"  21";" 4.76";"  -3.929";"ups";"4.746917e-02"
"   1";"  21";" 4.76";"  -3.929";"height";"4.746917e-02"
"   1";"  21";" 4.76";"  -3.929";"darpa";"4.746917e-02"
"   1";"  21";" 4.76";"  -3.929";"vessel";"4.746917e-02"
"   1";"  21";" 4.76";"  -3.929";"rend";"4.746917e-02"
"   1";"  21";" 4.76";"  -3.929";"cu";"4.746917e-02"
"  15";" 102";"14.71";"  -3.926";"john";"4.755377e-02"
"  15";" 102";"14.71";"  -3.926";"clean";"4.755377e-02"
"  19";" 123";"15.45";"  -3.923";"outcome";"4.764324e-02"
"  99";" 513";"19.30";"  -3.911";"hear";"4.798288e-02"
"   7";"  58";"12.07";"  -3.885";"factor";"4.870603e-02"
"  16";" 107";"14.95";"  -3.875";"jump";"4.900991e-02"
"   0";"  13";" 0.00";"  -3.872";"primitive";"4.909796e-02"
"   0";"  13";" 0.00";"  -3.872";"dust";"4.909796e-02"
"   0";"  13";" 0.00";"  -3.872";"nathan";"4.909796e-02"
"   0";"  13";" 0.00";"  -3.872";"antibiotic";"4.909796e-02"
"   0";"  13";" 0.00";"  -3.872";"whale";"4.909796e-02"
"   0";"  13";" 0.00";"  -3.872";"globalization";"4.909796e-02"
"   0";"  13";" 0.00";"  -3.872";"bridgewater";"4.909796e-02"
"   0";"  13";" 0.00";"  -3.872";"autoimmune";"4.909796e-02"
"   0";"  13";" 0.00";"  -3.872";"attrition";"4.909796e-02"
"   0";"  13";" 0.00";"  -3.872";"trader";"4.909796e-02"
"   0";"  13";" 0.00";"  -3.872";"tablet";"4.909796e-02"
"   0";"  13";" 0.00";"  -3.872";"nick";"4.909796e-02"
"   0";"  13";" 0.00";"  -3.872";"marcus";"4.909796e-02"
"   0";"  13";" 0.00";"  -3.872";"aviation";"4.909796e-02"
"   0";"  13";" 0.00";"  -3.872";"vertically";"4.909796e-02"
"   0";"  13";" 0.00";"  -3.872";"taylor";"4.909796e-02"
"   0";"  13";" 0.00";"  -3.872";"prompt";"4.909796e-02"
"   0";"  13";" 0.00";"  -3.872";"placement";"4.909796e-02"
"   0";"  13";" 0.00";"  -3.872";"pbm";"4.909796e-02"
"   0";"  13";" 0.00";"  -3.872";"overhead";"4.909796e-02"
"   0";"  13";" 0.00";"  -3.872";"organizational";"4.909796e-02"
"   0";"  13";" 0.00";"  -3.872";"neat";"4.909796e-02"
"   0";"  13";" 0.00";"  -3.872";"inventory";"4.909796e-02"
"   0";"  13";" 0.00";"  -3.872";"gross";"4.909796e-02"
"   0";"  13";" 0.00";"  -3.872";"display";"4.909796e-02"
"   0";"  13";" 0.00";"  -3.872";"dialogue";"4.909796e-02"
"   0";"  13";" 0.00";"  -3.872";"consumption";"4.909796e-02"
"   0";"  13";" 0.00";"  -3.872";"sharp";"4.909796e-02"
"   0";"  13";" 0.00";"  -3.872";"salesperson";"4.909796e-02"
"   0";"  13";" 0.00";"  -3.872";"realm";"4.909796e-02"
"   0";"  13";" 0.00";"  -3.872";"pounder";"4.909796e-02"
"   0";"  13";" 0.00";"  -3.872";"nerd";"4.909796e-02"
"   0";"  13";" 0.00";"  -3.872";"morally";"4.909796e-02"
"   0";"  13";" 0.00";"  -3.872";"learning";"4.909796e-02"
"   0";"  13";" 0.00";"  -3.872";"holiday";"4.909796e-02"
"   0";"  13";" 0.00";"  -3.872";"gaga";"4.909796e-02"
"   0";"  13";" 0.00";"  -3.872";"funnel";"4.909796e-02"
"   0";"  13";" 0.00";"  -3.872";"fulfil";"4.909796e-02"
"   0";"  13";" 0.00";"  -3.872";"electrical";"4.909796e-02"
"   0";"  13";" 0.00";"  -3.872";"dramatic";"4.909796e-02"
"   0";"  13";" 0.00";"  -3.872";"connectivity";"4.909796e-02"
"   0";"  13";" 0.00";"  -3.872";"backup";"4.909796e-02"
"   0";"  13";" 0.00";"  -3.872";"bachelor";"4.909796e-02"
"   0";"  13";" 0.00";"  -3.872";"advent";"4.909796e-02"
"  13";"  91";"14.29";"  -3.868";"connect";"4.922820e-02"
"  22";" 138";"15.94";"  -3.841";"pick";"5.002618e-02"
"   3";"  34";" 8.82";"  -3.838";"dna";"5.011538e-02"
"   3";"  34";" 8.82";"  -3.838";"logic";"5.011538e-02"
"   3";"  34";" 8.82";"  -3.838";"coast";"5.011538e-02"
"   9";"  69";"13.04";"  -3.832";"task";"5.027830e-02"
"   6";"  52";"11.54";"  -3.831";"invite";"5.031113e-02"
"   4";"  40";"10.00";"  -3.794";"narrow";"5.142371e-02"
"   4";"  40";"10.00";"  -3.794";"mountain";"5.142371e-02"
"   8";"  63";"12.70";"  -3.746";"submit";"5.291918e-02"
"   8";"  63";"12.70";"  -3.746";"visit";"5.291918e-02"
"  53";" 291";"18.21";"  -3.713";"community";"5.400574e-02"
"   2";"  27";" 7.41";"  -3.689";"laser";"5.478088e-02"
"   2";"  27";" 7.41";"  -3.689";"heavily";"5.478088e-02"
"   2";"  27";" 7.41";"  -3.689";"sci";"5.478088e-02"
"   2";"  27";" 7.41";"  -3.689";"dive";"5.478088e-02"
"   2";"  27";" 7.41";"  -3.689";"ancient";"5.478088e-02"
"   2";"  27";" 7.41";"  -3.689";"tail";"5.478088e-02"
"   2";"  27";" 7.41";"  -3.689";"shortage";"5.478088e-02"
"   2";"  27";" 7.41";"  -3.689";"ensure";"5.478088e-02"
"   2";"  27";" 7.41";"  -3.689";"culturally";"5.478088e-02"
"   1";"  20";" 5.00";"  -3.644";"bone";"5.626682e-02"
"   1";"  20";" 5.00";"  -3.644";"motion";"5.626682e-02"
"   1";"  20";" 5.00";"  -3.644";"solid";"5.626682e-02"
"   1";"  20";" 5.00";"  -3.644";"org";"5.626682e-02"
"   1";"  20";" 5.00";"  -3.644";"object";"5.626682e-02"
"   1";"  20";" 5.00";"  -3.644";"tier";"5.626682e-02"
"   1";"  20";" 5.00";"  -3.644";"quit";"5.626682e-02"
"   1";"  20";" 5.00";"  -3.644";"micro";"5.626682e-02"
"   1";"  20";" 5.00";"  -3.644";"episode";"5.626682e-02"
"   1";"  20";" 5.00";"  -3.644";"proof";"5.626682e-02"
"   1";"  20";" 5.00";"  -3.644";"plenty";"5.626682e-02"
"   1";"  20";" 5.00";"  -3.644";"hybrid";"5.626682e-02"
"   1";"  20";" 5.00";"  -3.644";"exponentially";"5.626682e-02"
"   3";"  33";" 9.09";"  -3.585";"jet";"5.830737e-02"
"   3";"  33";" 9.09";"  -3.585";"jeff";"5.830737e-02"
"   3";"  33";" 9.09";"  -3.585";"fat";"5.830737e-02"
"   3";"  33";" 9.09";"  -3.585";"st";"5.830737e-02"
"   3";"  33";" 9.09";"  -3.585";"engagement";"5.830737e-02"
"   3";"  33";" 9.09";"  -3.585";"building";"5.830737e-02"
"   0";"  12";" 0.00";"  -3.574";"kosher";"5.868886e-02"
"   0";"  12";" 0.00";"  -3.574";"fission";"5.868886e-02"
"   0";"  12";" 0.00";"  -3.574";"snack";"5.868886e-02"
"   0";"  12";" 0.00";"  -3.574";"generational";"5.868886e-02"
"   0";"  12";" 0.00";"  -3.574";"clue";"5.868886e-02"
"   0";"  12";" 0.00";"  -3.574";"voltage";"5.868886e-02"
"   0";"  12";" 0.00";"  -3.574";"pathway";"5.868886e-02"
"   0";"  12";" 0.00";"  -3.574";"genome";"5.868886e-02"
"   0";"  12";" 0.00";"  -3.574";"android";"5.868886e-02"
"   0";"  12";" 0.00";"  -3.574";"wash";"5.868886e-02"
"   0";"  12";" 0.00";"  -3.574";"stereotype";"5.868886e-02"
"   0";"  12";" 0.00";"  -3.574";"spreadsheet";"5.868886e-02"
"   0";"  12";" 0.00";"  -3.574";"sacrifice";"5.868886e-02"
"   0";"  12";" 0.00";"  -3.574";"replacement";"5.868886e-02"
"   0";"  12";" 0.00";"  -3.574";"realtor";"5.868886e-02"
"   0";"  12";" 0.00";"  -3.574";"mini";"5.868886e-02"
"   0";"  12";" 0.00";"  -3.574";"masculinity";"5.868886e-02"
"   0";"  12";" 0.00";"  -3.574";"longevity";"5.868886e-02"
"   0";"  12";" 0.00";"  -3.574";"intellectually";"5.868886e-02"
"   0";"  12";" 0.00";"  -3.574";"hustle";"5.868886e-02"
"   0";"  12";" 0.00";"  -3.574";"hook";"5.868886e-02"
"   0";"  12";" 0.00";"  -3.574";"headquarter";"5.868886e-02"
"   0";"  12";" 0.00";"  -3.574";"formation";"5.868886e-02"
"   0";"  12";" 0.00";"  -3.574";"distortion";"5.868886e-02"
"   0";"  12";" 0.00";"  -3.574";"discount";"5.868886e-02"
"   0";"  12";" 0.00";"  -3.574";"crispr";"5.868886e-02"
"   0";"  12";" 0.00";"  -3.574";"backbone";"5.868886e-02"
"   0";"  12";" 0.00";"  -3.574";"skip";"5.868886e-02"
"   0";"  12";" 0.00";"  -3.574";"singularity";"5.868886e-02"
"   0";"  12";" 0.00";"  -3.574";"simultaneously";"5.868886e-02"
"   0";"  12";" 0.00";"  -3.574";"scalable";"5.868886e-02"
"   0";"  12";" 0.00";"  -3.574";"salt";"5.868886e-02"
"   0";"  12";" 0.00";"  -3.574";"rob";"5.868886e-02"
"   0";"  12";" 0.00";"  -3.574";"rigorous";"5.868886e-02"
"   0";"  12";" 0.00";"  -3.574";"remotely";"5.868886e-02"
"   0";"  12";" 0.00";"  -3.574";"nickel";"5.868886e-02"
"   0";"  12";" 0.00";"  -3.574";"mathematics";"5.868886e-02"
"   0";"  12";" 0.00";"  -3.574";"linear";"5.868886e-02"
"   0";"  12";" 0.00";"  -3.574";"hvc";"5.868886e-02"
"   0";"  12";" 0.00";"  -3.574";"husband";"5.868886e-02"
"   0";"  12";" 0.00";"  -3.574";"hpm";"5.868886e-02"
"   0";"  12";" 0.00";"  -3.574";"healthc";"5.868886e-02"
"   0";"  12";" 0.00";"  -3.574";"frederick";"5.868886e-02"
"   0";"  12";" 0.00";"  -3.574";"formative";"5.868886e-02"
"   0";"  12";" 0.00";"  -3.574";"enrol";"5.868886e-02"
"   0";"  12";" 0.00";"  -3.574";"emp";"5.868886e-02"
"   0";"  12";" 0.00";"  -3.574";"diabetic";"5.868886e-02"
"   0";"  12";" 0.00";"  -3.574";"designer";"5.868886e-02"
"   0";"  12";" 0.00";"  -3.574";"collaboration";"5.868886e-02"
"   0";"  12";" 0.00";"  -3.574";"cleanup";"5.868886e-02"
"   0";"  12";" 0.00";"  -3.574";"changer";"5.868886e-02"
"   0";"  12";" 0.00";"  -3.574";"canadian";"5.868886e-02"
"   0";"  12";" 0.00";"  -3.574";"bullet";"5.868886e-02"
"   5";"  45";"11.11";"  -3.568";"explore";"5.891164e-02"
"   5";"  45";"11.11";"  -3.568";"analogy";"5.891164e-02"
"   5";"  45";"11.11";"  -3.568";"arena";"5.891164e-02"
"   4";"  39";"10.26";"  -3.554";"typically";"5.939038e-02"
"   8";"  62";"12.90";"  -3.541";"discussion";"5.987116e-02"
"  25";" 151";"16.56";"  -3.499";"wait";"6.142224e-02"
"   2";"  26";" 7.69";"  -3.423";"rapid";"6.429647e-02"
"   2";"  26";" 7.69";"  -3.423";"orbit";"6.429647e-02"
"   2";"  26";" 7.69";"  -3.423";"odd";"6.429647e-02"
"   2";"  26";" 7.69";"  -3.423";"beer";"6.429647e-02"
"   2";"  26";" 7.69";"  -3.423";"researcher";"6.429647e-02"
"   2";"  26";" 7.69";"  -3.423";"manual";"6.429647e-02"
"   2";"  26";" 7.69";"  -3.423";"battlefield";"6.429647e-02"
"   6";"  50";"12.00";"  -3.391";"pain";"6.553761e-02"
"   6";"  50";"12.00";"  -3.391";"pre";"6.553761e-02"
"   6";"  50";"12.00";"  -3.391";"mid";"6.553761e-02"
"   1";"  19";" 5.26";"  -3.361";"barry";"6.675607e-02"
"   1";"  19";" 5.26";"  -3.361";"guidance";"6.675607e-02"
"   1";"  19";" 5.26";"  -3.361";"pharmacy";"6.675607e-02"
"   1";"  19";" 5.26";"  -3.361";"paris";"6.675607e-02"
"   1";"  19";" 5.26";"  -3.361";"jake";"6.675607e-02"
"   1";"  19";" 5.26";"  -3.361";"explode";"6.675607e-02"
"   1";"  19";" 5.26";"  -3.361";"millionaire";"6.675607e-02"
"   1";"  19";" 5.26";"  -3.361";"download";"6.675607e-02"
"   1";"  19";" 5.26";"  -3.361";"tight";"6.675607e-02"
"   1";"  19";" 5.26";"  -3.361";"resilience";"6.675607e-02"
"   1";"  19";" 5.26";"  -3.361";"emotional";"6.675607e-02"
"   1";"  19";" 5.26";"  -3.361";"andre";"6.675607e-02"
"   1";"  19";" 5.26";"  -3.361";"plug";"6.675607e-02"
"   1";"  19";" 5.26";"  -3.361";"gen";"6.675607e-02"
"   1";"  19";" 5.26";"  -3.361";"technologist";"6.675607e-02"
"   1";"  19";" 5.26";"  -3.361";"integration";"6.675607e-02"
"   1";"  19";" 5.26";"  -3.361";"ed";"6.675607e-02"
"   1";"  19";" 5.26";"  -3.361";"dystopian";"6.675607e-02"
"   1";"  19";" 5.26";"  -3.361";"banker";"6.675607e-02"
"   1";"  19";" 5.26";"  -3.361";"2030s";"6.675607e-02"
"   3";"  32";" 9.38";"  -3.335";"hole";"6.781904e-02"
"   3";"  32";" 9.38";"  -3.335";"affordable";"6.781904e-02"
"   3";"  32";" 9.38";"  -3.335";"adoption";"6.781904e-02"
"  13";"  88";"14.77";"  -3.331";"player";"6.799344e-02"
"  13";"  88";"14.77";"  -3.331";"chain";"6.799344e-02"
"  89";" 459";"19.39";"  -3.320";"book";"6.844477e-02"
"   4";"  38";"10.53";"  -3.317";"permit";"6.855411e-02"
"   4";"  38";"10.53";"  -3.317";"author";"6.855411e-02"
"  14";"  93";"15.05";"  -3.283";"hospital";"7.002142e-02"
"   0";"  11";" 0.00";"  -3.276";"sheep";"7.029473e-02"
"   0";"  11";" 0.00";"  -3.276";"reed";"7.029473e-02"
"   0";"  11";" 0.00";"  -3.276";"unknown";"7.029473e-02"
"   0";"  11";" 0.00";"  -3.276";"clarence";"7.029473e-02"
"   0";"  11";" 0.00";"  -3.276";"cattle";"7.029473e-02"
"   0";"  11";" 0.00";"  -3.276";"tony";"7.029473e-02"
"   0";"  11";" 0.00";"  -3.276";"simulation";"7.029473e-02"
"   0";"  11";" 0.00";"  -3.276";"reuse";"7.029473e-02"
"   0";"  11";" 0.00";"  -3.276";"pirate";"7.029473e-02"
"   0";"  11";" 0.00";"  -3.276";"maria";"7.029473e-02"
"   0";"  11";" 0.00";"  -3.276";"gmail";"7.029473e-02"
"   0";"  11";" 0.00";"  -3.276";"village";"7.029473e-02"
"   0";"  11";" 0.00";"  -3.276";"vibe";"7.029473e-02"
"   0";"  11";" 0.00";"  -3.276";"selection";"7.029473e-02"
"   0";"  11";" 0.00";"  -3.276";"roi";"7.029473e-02"
"   0";"  11";" 0.00";"  -3.276";"rift";"7.029473e-02"
"   0";"  11";" 0.00";"  -3.276";"quarterly";"7.029473e-02"
"   0";"  11";" 0.00";"  -3.276";"plumber";"7.029473e-02"
"   0";"  11";" 0.00";"  -3.276";"pen";"7.029473e-02"
"   0";"  11";" 0.00";"  -3.276";"outstanding";"7.029473e-02"
"   0";"  11";" 0.00";"  -3.276";"outlet";"7.029473e-02"
"   0";"  11";" 0.00";"  -3.276";"medication";"7.029473e-02"
"   0";"  11";" 0.00";"  -3.276";"lifespan";"7.029473e-02"
"   0";"  11";" 0.00";"  -3.276";"lender";"7.029473e-02"
"   0";"  11";" 0.00";"  -3.276";"karp";"7.029473e-02"
"   0";"  11";" 0.00";"  -3.276";"entropy";"7.029473e-02"
"   0";"  11";" 0.00";"  -3.276";"dota";"7.029473e-02"
"   0";"  11";" 0.00";"  -3.276";"digitize";"7.029473e-02"
"   0";"  11";" 0.00";"  -3.276";"cousin";"7.029473e-02"
"   0";"  11";" 0.00";"  -3.276";"collateral";"7.029473e-02"
"   0";"  11";" 0.00";"  -3.276";"candid";"7.029473e-02"
"   0";"  11";" 0.00";"  -3.276";"breadth";"7.029473e-02"
"   0";"  11";" 0.00";"  -3.276";"bane";"7.029473e-02"
"   0";"  11";" 0.00";"  -3.276";"api";"7.029473e-02"
"   0";"  11";" 0.00";"  -3.276";"accelerationist";"7.029473e-02"
"   0";"  11";" 0.00";"  -3.276";"ut";"7.029473e-02"
"   0";"  11";" 0.00";"  -3.276";"upwards";"7.029473e-02"
"   0";"  11";" 0.00";"  -3.276";"unbelievably";"7.029473e-02"
"   0";"  11";" 0.00";"  -3.276";"thiel";"7.029473e-02"
"   0";"  11";" 0.00";"  -3.276";"theoretically";"7.029473e-02"
"   0";"  11";" 0.00";"  -3.276";"stoke";"7.029473e-02"
"   0";"  11";" 0.00";"  -3.276";"spark";"7.029473e-02"
"   0";"  11";" 0.00";"  -3.276";"shelf";"7.029473e-02"
"   0";"  11";" 0.00";"  -3.276";"server";"7.029473e-02"
"   0";"  11";" 0.00";"  -3.276";"sachs";"7.029473e-02"
"   0";"  11";" 0.00";"  -3.276";"rome";"7.029473e-02"
"   0";"  11";" 0.00";"  -3.276";"reliably";"7.029473e-02"
"   0";"  11";" 0.00";"  -3.276";"prank";"7.029473e-02"
"   0";"  11";" 0.00";"  -3.276";"metaverse";"7.029473e-02"
"   0";"  11";" 0.00";"  -3.276";"mature";"7.029473e-02"
"   0";"  11";" 0.00";"  -3.276";"machinery";"7.029473e-02"
"   0";"  11";" 0.00";"  -3.276";"loyalty";"7.029473e-02"
"   0";"  11";" 0.00";"  -3.276";"instantaneous";"7.029473e-02"
"   0";"  11";" 0.00";"  -3.276";"heritage";"7.029473e-02"
"   0";"  11";" 0.00";"  -3.276";"grader";"7.029473e-02"
"   0";"  11";" 0.00";"  -3.276";"diligence";"7.029473e-02"
"   0";"  11";" 0.00";"  -3.276";"differentiate";"7.029473e-02"
"   0";"  11";" 0.00";"  -3.276";"completion";"7.029473e-02"
"   0";"  11";" 0.00";"  -3.276";"commercially";"7.029473e-02"
"   0";"  11";" 0.00";"  -3.276";"castle";"7.029473e-02"
"   0";"  11";" 0.00";"  -3.276";"authentic";"7.029473e-02"
"   0";"  11";" 0.00";"  -3.276";"attachment";"7.029473e-02"
"   0";"  11";" 0.00";"  -3.276";"advancement";"7.029473e-02"
"  11";"  77";"14.29";"  -3.271";"body";"7.050349e-02"
"   7";"  55";"12.73";"  -3.252";"match";"7.135401e-02"
"   7";"  55";"12.73";"  -3.252";"forever";"7.135401e-02"
" 119";" 598";"19.90";"  -3.186";"show";"7.427641e-02"
"   6";"  49";"12.24";"  -3.176";"staff";"7.471016e-02"
"   2";"  25";" 8.00";"  -3.160";"naval";"7.547570e-02"
"   2";"  25";" 8.00";"  -3.160";"fellow";"7.547570e-02"
"   2";"  25";" 8.00";"  -3.160";"england";"7.547570e-02"
"  10";"  71";"14.08";"  -3.158";"technological";"7.557123e-02"
"  38";" 213";"17.84";"  -3.156";"watch";"7.566838e-02"
"   8";"  60";"13.33";"  -3.139";"dozen";"7.642991e-02"
"  20";" 123";"16.26";"  -3.118";"news";"7.744275e-02"
"  11";"  76";"14.47";"  -3.090";"foundation";"7.877484e-02"
"   3";"  31";" 9.68";"  -3.088";"vc";"7.885688e-02"
"   3";"  31";" 9.68";"  -3.088";"thoughtful";"7.885688e-02"
"   3";"  31";" 9.68";"  -3.088";"magnitude";"7.885688e-02"
"   3";"  31";" 9.68";"  -3.088";"intelligent";"7.885688e-02"
"   4";"  37";"10.81";"  -3.084";"bed";"7.908525e-02"
"   4";"  37";"10.81";"  -3.084";"climb";"7.908525e-02"
"   4";"  37";"10.81";"  -3.084";"scratch";"7.908525e-02"
"   4";"  37";"10.81";"  -3.084";"gather";"7.908525e-02"
"   1";"  18";" 5.56";"  -3.080";"script";"7.927997e-02"
"   1";"  18";" 5.56";"  -3.080";"pharma";"7.927997e-02"
"   1";"  18";" 5.56";"  -3.080";"childhood";"7.927997e-02"
"   1";"  18";" 5.56";"  -3.080";"personalize";"7.927997e-02"
"   1";"  18";" 5.56";"  -3.080";"motor";"7.927997e-02"
"   1";"  18";" 5.56";"  -3.080";"medicare";"7.927997e-02"
"   1";"  18";" 5.56";"  -3.080";"consult";"7.927997e-02"
"   1";"  18";" 5.56";"  -3.080";"zach";"7.927997e-02"
"   1";"  18";" 5.56";"  -3.080";"schedule";"7.927997e-02"
"   1";"  18";" 5.56";"  -3.080";"epis";"7.927997e-02"
"   1";"  18";" 5.56";"  -3.080";"correlate";"7.927997e-02"
"   1";"  18";" 5.56";"  -3.080";"airplane";"7.927997e-02"
"   1";"  18";" 5.56";"  -3.080";"repair";"7.927997e-02"
"   1";"  18";" 5.56";"  -3.080";"rally";"7.927997e-02"
"   1";"  18";" 5.56";"  -3.080";"deployment";"7.927997e-02"
"   1";"  18";" 5.56";"  -3.080";"craft";"7.927997e-02"
"   1";"  18";" 5.56";"  -3.080";"radio";"7.927997e-02"
"   1";"  18";" 5.56";"  -3.080";"lend";"7.927997e-02"
"   1";"  18";" 5.56";"  -3.080";"ladder";"7.927997e-02"
"   1";"  18";" 5.56";"  -3.080";"columbia";"7.927997e-02"
"   1";"  18";" 5.56";"  -3.080";"bread";"7.927997e-02"
"   1";"  18";" 5.56";"  -3.080";"afternoon";"7.927997e-02"
"   1";"  18";" 5.56";"  -3.080";"seventh";"7.927997e-02"
"   1";"  18";" 5.56";"  -3.080";"portion";"7.927997e-02"
"   1";"  18";" 5.56";"  -3.080";"limitation";"7.927997e-02"
"  16";" 102";"15.69";"  -3.047";"proud";"8.089638e-02"
" 223";"1075";"20.74";"  -3.031";"system";"8.170297e-02"
"  37";" 207";"17.87";"  -3.025";"bank";"8.196968e-02"
"  18";" 112";"16.07";"  -3.001";"return";"8.323178e-02"
"   0";"  10";" 0.00";"  -2.978";"minecraft";"8.439248e-02"
"   0";"  10";" 0.00";"  -2.978";"elevator";"8.439248e-02"
"   0";"  10";" 0.00";"  -2.978";"percentile";"8.439248e-02"
"   0";"  10";" 0.00";"  -2.978";"cobalt";"8.439248e-02"
"   0";"  10";" 0.00";"  -2.978";"workout";"8.439248e-02"
"   0";"  10";" 0.00";"  -2.978";"standardize";"8.439248e-02"
"   0";"  10";" 0.00";"  -2.978";"stan";"8.439248e-02"
"   0";"  10";" 0.00";"  -2.978";"exhaust";"8.439248e-02"
"   0";"  10";" 0.00";"  -2.978";"cigar";"8.439248e-02"
"   0";"  10";" 0.00";"  -2.978";"breast";"8.439248e-02"
"   0";"  10";" 0.00";"  -2.978";"unbiased";"8.439248e-02"
"   0";"  10";" 0.00";"  -2.978";"specialty";"8.439248e-02"
"   0";"  10";" 0.00";"  -2.978";"skincare";"8.439248e-02"
"   0";"  10";" 0.00";"  -2.978";"riff";"8.439248e-02"
"   0";"  10";" 0.00";"  -2.978";"memorize";"8.439248e-02"
"   0";"  10";" 0.00";"  -2.978";"mcdonald";"8.439248e-02"
"   0";"  10";" 0.00";"  -2.978";"leonidas";"8.439248e-02"
"   0";"  10";" 0.00";"  -2.978";"hypersonics";"8.439248e-02"
"   0";"  10";" 0.00";"  -2.978";"freight";"8.439248e-02"
"   0";"  10";" 0.00";"  -2.978";"distributor";"8.439248e-02"
"   0";"  10";" 0.00";"  -2.978";"commute";"8.439248e-02"
"   0";"  10";" 0.00";"  -2.978";"aurora";"8.439248e-02"
"   0";"  10";" 0.00";"  -2.978";"wood";"8.439248e-02"
"   0";"  10";" 0.00";"  -2.978";"smartphone";"8.439248e-02"
"   0";"  10";" 0.00";"  -2.978";"shakespeare";"8.439248e-02"
"   0";"  10";" 0.00";"  -2.978";"sample";"8.439248e-02"
"   0";"  10";" 0.00";"  -2.978";"pe";"8.439248e-02"
"   0";"  10";" 0.00";"  -2.978";"metaphor";"8.439248e-02"
"   0";"  10";" 0.00";"  -2.978";"mckinley";"8.439248e-02"
"   0";"  10";" 0.00";"  -2.978";"matrix";"8.439248e-02"
"   0";"  10";" 0.00";"  -2.978";"ko";"8.439248e-02"
"   0";"  10";" 0.00";"  -2.978";"hebrew";"8.439248e-02"
"   0";"  10";" 0.00";"  -2.978";"grandma";"8.439248e-02"
"   0";"  10";" 0.00";"  -2.978";"vary";"8.439248e-02"
"   0";"  10";" 0.00";"  -2.978";"upload";"8.439248e-02"
"   0";"  10";" 0.00";"  -2.978";"twenty";"8.439248e-02"
"   0";"  10";" 0.00";"  -2.978";"tailor";"8.439248e-02"
"   0";"  10";" 0.00";"  -2.978";"subset";"8.439248e-02"
"   0";"  10";" 0.00";"  -2.978";"static";"8.439248e-02"
"   0";"  10";" 0.00";"  -2.978";"spit";"8.439248e-02"
"   0";"  10";" 0.00";"  -2.978";"redo";"8.439248e-02"
"   0";"  10";" 0.00";"  -2.978";"quantity";"8.439248e-02"
"   0";"  10";" 0.00";"  -2.978";"practically";"8.439248e-02"
"   0";"  10";" 0.00";"  -2.978";"pie";"8.439248e-02"
"   0";"  10";" 0.00";"  -2.978";"penny";"8.439248e-02"
"   0";"  10";" 0.00";"  -2.978";"passive";"8.439248e-02"
"   0";"  10";" 0.00";"  -2.978";"par";"8.439248e-02"
"   0";"  10";" 0.00";"  -2.978";"orthodox";"8.439248e-02"
"   0";"  10";" 0.00";"  -2.978";"mimic";"8.439248e-02"
"   0";"  10";" 0.00";"  -2.978";"likelihood";"8.439248e-02"
"   0";"  10";" 0.00";"  -2.978";"layoff";"8.439248e-02"
"   0";"  10";" 0.00";"  -2.978";"ketamine";"8.439248e-02"
"   0";"  10";" 0.00";"  -2.978";"joy";"8.439248e-02"
"   0";"  10";" 0.00";"  -2.978";"inspirational";"8.439248e-02"
"   0";"  10";" 0.00";"  -2.978";"inject";"8.439248e-02"
"   0";"  10";" 0.00";"  -2.978";"hype";"8.439248e-02"
"   0";"  10";" 0.00";"  -2.978";"hospitality";"8.439248e-02"
"   0";"  10";" 0.00";"  -2.978";"gpus";"8.439248e-02"
"   0";"  10";" 0.00";"  -2.978";"gpt4";"8.439248e-02"
"   0";"  10";" 0.00";"  -2.978";"github";"8.439248e-02"
"   0";"  10";" 0.00";"  -2.978";"girlfriend";"8.439248e-02"
"   0";"  10";" 0.00";"  -2.978";"esper";"8.439248e-02"
"   0";"  10";" 0.00";"  -2.978";"elementary";"8.439248e-02"
"   0";"  10";" 0.00";"  -2.978";"douglass";"8.439248e-02"
"   0";"  10";" 0.00";"  -2.978";"diversify";"8.439248e-02"
"   0";"  10";" 0.00";"  -2.978";"disinflationary";"8.439248e-02"
"   0";"  10";" 0.00";"  -2.978";"dick";"8.439248e-02"
"   0";"  10";" 0.00";"  -2.978";"creepy";"8.439248e-02"
"   0";"  10";" 0.00";"  -2.978";"chunk";"8.439248e-02"
"   0";"  10";" 0.00";"  -2.978";"athletic";"8.439248e-02"
"   0";"  10";" 0.00";"  -2.978";"asm";"8.439248e-02"
"   0";"  10";" 0.00";"  -2.978";"abc";"8.439248e-02"
"   0";"  10";" 0.00";"  -2.978";"10th";"8.439248e-02"
"   6";"  48";"12.50";"  -2.965";"wind";"8.509264e-02"
"   6";"  48";"12.50";"  -2.965";"gun";"8.509264e-02"
"  40";" 221";"18.10";"  -2.951";"cut";"8.584603e-02"
"  24";" 142";"16.90";"  -2.943";"civilization";"8.623320e-02"
"   8";"  59";"13.56";"  -2.943";"passionate";"8.623213e-02"
"   2";"  24";" 8.33";"  -2.899";"quiet";"8.861049e-02"
"   2";"  24";" 8.33";"  -2.899";"meta";"8.861049e-02"
"   2";"  24";" 8.33";"  -2.899";"recover";"8.861049e-02"
"   2";"  24";" 8.33";"  -2.899";"coer";"8.861049e-02"
"   2";"  24";" 8.33";"  -2.899";"bag";"8.861049e-02"
"   5";"  42";"11.90";"  -2.898";"minimum";"8.869386e-02"
"  33";" 186";"17.74";"  -2.861";"goal";"9.076583e-02"
"   4";"  36";"11.11";"  -2.853";"seal";"9.117585e-02"
"   3";"  30";"10.00";"  -2.845";"andrew";"9.165767e-02"
"   3";"  30";"10.00";"  -2.845";"profitable";"9.165767e-02"
"   3";"  30";"10.00";"  -2.845";"fish";"9.165767e-02"
"   3";"  30";"10.00";"  -2.845";"slightly";"9.165767e-02"
"   3";"  30";"10.00";"  -2.845";"ben";"9.165767e-02"
"   3";"  30";"10.00";"  -2.845";"label";"9.165767e-02"
"   1";"  17";" 5.88";"  -2.800";"golf";"9.425673e-02"
"   1";"  17";" 5.88";"  -2.800";"sandwich";"9.425673e-02"
"   1";"  17";" 5.88";"  -2.800";"auggie";"9.425673e-02"
"   1";"  17";" 5.88";"  -2.800";"protocol";"9.425673e-02"
"   1";"  17";" 5.88";"  -2.800";"tour";"9.425673e-02"
"   1";"  17";" 5.88";"  -2.800";"foster";"9.425673e-02"
"   1";"  17";" 5.88";"  -2.800";"dave";"9.425673e-02"
"   1";"  17";" 5.88";"  -2.800";"viable";"9.425673e-02"
"   1";"  17";" 5.88";"  -2.800";"tooth";"9.425673e-02"
"   1";"  17";" 5.88";"  -2.800";"starship";"9.425673e-02"
"   1";"  17";" 5.88";"  -2.800";"timeline";"9.425673e-02"
"   1";"  17";" 5.88";"  -2.800";"hr";"9.425673e-02"
"   1";"  17";" 5.88";"  -2.800";"ass";"9.425673e-02"
"  10";"  69";"14.49";"  -2.792";"bubble";"9.472257e-02"
"  14";"  90";"15.56";"  -2.785";"define";"9.514228e-02"
"   8";"  58";"13.79";"  -2.751";"insight";"9.719372e-02"
"   8";"  58";"13.79";"  -2.751";"naturally";"9.719372e-02"
"  41";" 224";"18.30";"  -2.744";"yep";"9.760652e-02"
"  11";"  74";"14.86";"  -2.737";"stage";"9.804790e-02"
"  32";" 180";"17.78";"  -2.730";"percent";"9.848123e-02"
"   5";"  41";"12.20";"  -2.682";"gift";"1.014899e-01"
"   0";"   9";" 0.00";"  -2.680";"chicken";"1.015956e-01"
"   0";"   9";" 0.00";"  -2.680";"calorie";"1.015956e-01"
"   0";"   9";" 0.00";"  -2.680";"unsexy";"1.015956e-01"
"   0";"   9";" 0.00";"  -2.680";"practitioner";"1.015956e-01"
"   0";"   9";" 0.00";"  -2.680";"paycheck";"1.015956e-01"
"   0";"   9";" 0.00";"  -2.680";"interceptor";"1.015956e-01"
"   0";"   9";" 0.00";"  -2.680";"waiter";"1.015956e-01"
"   0";"   9";" 0.00";"  -2.680";"uranium";"1.015956e-01"
"   0";"   9";" 0.00";"  -2.680";"sony";"1.015956e-01"
"   0";"   9";" 0.00";"  -2.680";"payload";"1.015956e-01"
"   0";"   9";" 0.00";"  -2.680";"opto";"1.015956e-01"
"   0";"   9";" 0.00";"  -2.680";"gbd4";"1.015956e-01"
"   0";"   9";" 0.00";"  -2.680";"detection";"1.015956e-01"
"   0";"   9";" 0.00";"  -2.680";"tube";"1.015956e-01"
"   0";"   9";" 0.00";"  -2.680";"statins";"1.015956e-01"
"   0";"   9";" 0.00";"  -2.680";"runner";"1.015956e-01"
"   0";"   9";" 0.00";"  -2.680";"raj";"1.015956e-01"
"   0";"   9";" 0.00";"  -2.680";"melt";"1.015956e-01"
"   0";"   9";" 0.00";"  -2.680";"imply";"1.015956e-01"
"   0";"   9";" 0.00";"  -2.680";"grape";"1.015956e-01"
"   0";"   9";" 0.00";"  -2.680";"crm";"1.015956e-01"
"   0";"   9";" 0.00";"  -2.680";"birmingham";"1.015956e-01"
"   0";"   9";" 0.00";"  -2.680";"bible";"1.015956e-01"
"   0";"   9";" 0.00";"  -2.680";"winery";"1.015956e-01"
"   0";"   9";" 0.00";"  -2.680";"whisper";"1.015956e-01"
"   0";"   9";" 0.00";"  -2.680";"toyota";"1.015956e-01"
"   0";"   9";" 0.00";"  -2.680";"thermal";"1.015956e-01"
"   0";"   9";" 0.00";"  -2.680";"stoicism";"1.015956e-01"
"   0";"   9";" 0.00";"  -2.680";"servant";"1.015956e-01"
"   0";"   9";" 0.00";"  -2.680";"quest";"1.015956e-01"
"   0";"   9";" 0.00";"  -2.680";"patent";"1.015956e-01"
"   0";"   9";" 0.00";"  -2.680";"palo";"1.015956e-01"
"   0";"   9";" 0.00";"  -2.680";"nile";"1.015956e-01"
"   0";"   9";" 0.00";"  -2.680";"nfl";"1.015956e-01"
"   0";"   9";" 0.00";"  -2.680";"neutron";"1.015956e-01"
"   0";"   9";" 0.00";"  -2.680";"meat";"1.015956e-01"
"   0";"   9";" 0.00";"  -2.680";"lp";"1.015956e-01"
"   0";"   9";" 0.00";"  -2.680";"june";"1.015956e-01"
"   0";"   9";" 0.00";"  -2.680";"iowa";"1.015956e-01"
"   0";"   9";" 0.00";"  -2.680";"hamilton";"1.015956e-01"
"   0";"   9";" 0.00";"  -2.680";"generative";"1.015956e-01"
"   0";"   9";" 0.00";"  -2.680";"flexible";"1.015956e-01"
"   0";"   9";" 0.00";"  -2.680";"derivative";"1.015956e-01"
"   0";"   9";" 0.00";"  -2.680";"controller";"1.015956e-01"
"   0";"   9";" 0.00";"  -2.680";"brokerage";"1.015956e-01"
"   0";"   9";" 0.00";"  -2.680";"baton";"1.015956e-01"
"   0";"   9";" 0.00";"  -2.680";"asteroid";"1.015956e-01"
"   0";"   9";" 0.00";"  -2.680";"versel";"1.015956e-01"
"   0";"   9";" 0.00";"  -2.680";"uplift";"1.015956e-01"
"   0";"   9";" 0.00";"  -2.680";"tricky";"1.015956e-01"
"   0";"   9";" 0.00";"  -2.680";"toote";"1.015956e-01"
"   0";"   9";" 0.00";"  -2.680";"tonight";"1.015956e-01"
"   0";"   9";" 0.00";"  -2.680";"tag";"1.015956e-01"
"   0";"   9";" 0.00";"  -2.680";"swim";"1.015956e-01"
"   0";"   9";" 0.00";"  -2.680";"stressful";"1.015956e-01"
"   0";"   9";" 0.00";"  -2.680";"skyrocket";"1.015956e-01"
"   0";"   9";" 0.00";"  -2.680";"sinister";"1.015956e-01"
"   0";"   9";" 0.00";"  -2.680";"scrape";"1.015956e-01"
"   0";"   9";" 0.00";"  -2.680";"robin";"1.015956e-01"
"   0";"   9";" 0.00";"  -2.680";"reimbursement";"1.015956e-01"
"   0";"   9";" 0.00";"  -2.680";"ray";"1.015956e-01"
"   0";"   9";" 0.00";"  -2.680";"prescribe";"1.015956e-01"
"   0";"   9";" 0.00";"  -2.680";"patience";"1.015956e-01"
"   0";"   9";" 0.00";"  -2.680";"pano";"1.015956e-01"
"   0";"   9";" 0.00";"  -2.680";"outer";"1.015956e-01"
"   0";"   9";" 0.00";"  -2.680";"nutrition";"1.015956e-01"
"   0";"   9";" 0.00";"  -2.680";"multiply";"1.015956e-01"
"   0";"   9";" 0.00";"  -2.680";"ml";"1.015956e-01"
"   0";"   9";" 0.00";"  -2.680";"mediocre";"1.015956e-01"
"   0";"   9";" 0.00";"  -2.680";"maintenance";"1.015956e-01"
"   0";"   9";" 0.00";"  -2.680";"lockheed";"1.015956e-01"
"   0";"   9";" 0.00";"  -2.680";"kilowatt";"1.015956e-01"
"   0";"   9";" 0.00";"  -2.680";"keen";"1.015956e-01"
"   0";"   9";" 0.00";"  -2.680";"juno";"1.015956e-01"
"   0";"   9";" 0.00";"  -2.680";"inflection";"1.015956e-01"
"   0";"   9";" 0.00";"  -2.680";"hypersonic";"1.015956e-01"
"   0";"   9";" 0.00";"  -2.680";"henry";"1.015956e-01"
"   0";"   9";" 0.00";"  -2.680";"headset";"1.015956e-01"
"   0";"   9";" 0.00";"  -2.680";"grandparent";"1.015956e-01"
"   0";"   9";" 0.00";"  -2.680";"garbage";"1.015956e-01"
"   0";"   9";" 0.00";"  -2.680";"delight";"1.015956e-01"
"   0";"   9";" 0.00";"  -2.680";"def";"1.015956e-01"
"   0";"   9";" 0.00";"  -2.680";"container";"1.015956e-01"
"   0";"   9";" 0.00";"  -2.680";"compress";"1.015956e-01"
"   0";"   9";" 0.00";"  -2.680";"cluji";"1.015956e-01"
"   0";"   9";" 0.00";"  -2.680";"cafeteria";"1.015956e-01"
"   0";"   9";" 0.00";"  -2.680";"bowl";"1.015956e-01"
"   0";"   9";" 0.00";"  -2.680";"bo";"1.015956e-01"
"   0";"   9";" 0.00";"  -2.680";"blockchain";"1.015956e-01"
"   0";"   9";" 0.00";"  -2.680";"blink";"1.015956e-01"
"   0";"   9";" 0.00";"  -2.680";"biologically";"1.015956e-01"
"   0";"   9";" 0.00";"  -2.680";"assignment";"1.015956e-01"
"   0";"   9";" 0.00";"  -2.680";"arrive";"1.015956e-01"
"   0";"   9";" 0.00";"  -2.680";"armstrong";"1.015956e-01"
"   0";"   9";" 0.00";"  -2.680";"arc";"1.015956e-01"
"   0";"   9";" 0.00";"  -2.680";"antiquate";"1.015956e-01"
"   0";"   9";" 0.00";"  -2.680";"amazingly";"1.015956e-01"
"   0";"   9";" 0.00";"  -2.680";"accomplishment";"1.015956e-01"
"   7";"  52";"13.46";"  -2.648";"publish";"1.036829e-01"
"   2";"  23";" 8.70";"  -2.642";"berkeley";"1.040436e-01"
"   2";"  23";" 8.70";"  -2.642";"nest";"1.040436e-01"
"   2";"  23";" 8.70";"  -2.642";"analyze";"1.040436e-01"
"   2";"  23";" 8.70";"  -2.642";"utility";"1.040436e-01"
"   2";"  23";" 8.70";"  -2.642";"suit";"1.040436e-01"
"   2";"  23";" 8.70";"  -2.642";"gear";"1.040436e-01"
"   2";"  23";" 8.70";"  -2.642";"snort";"1.040436e-01"
"   2";"  23";" 8.70";"  -2.642";"highway";"1.040436e-01"
"   4";"  35";"11.43";"  -2.627";"click";"1.050417e-01"
"   4";"  35";"11.43";"  -2.627";"ve";"1.050417e-01"
"   4";"  35";"11.43";"  -2.627";"link";"1.050417e-01"
"  10";"  68";"14.71";"  -2.615";"listener";"1.058825e-01"
"  90";" 455";"19.78";"  -2.607";"numb";"1.063630e-01"
"   3";"  29";"10.34";"  -2.606";"personality";"1.064923e-01"
"   3";"  29";"10.34";"  -2.606";"inherently";"1.064923e-01"
"   3";"  29";"10.34";"  -2.606";"till";"1.064923e-01"
"   3";"  29";"10.34";"  -2.606";"pivot";"1.064923e-01"
"   8";"  57";"14.04";"  -2.562";"autonomy";"1.094335e-01"
"  19";" 114";"16.67";"  -2.548";"born";"1.104245e-01"
"  20";" 119";"16.81";"  -2.543";"financial";"1.107937e-01"
"   1";"  16";" 6.25";"  -2.523";"payroll";"1.121981e-01"
"   1";"  16";" 6.25";"  -2.523";"trait";"1.121981e-01"
"   1";"  16";" 6.25";"  -2.523";"statue";"1.121981e-01"
"   1";"  16";" 6.25";"  -2.523";"frequency";"1.121981e-01"
"   1";"  16";" 6.25";"  -2.523";"recession";"1.121981e-01"
"   1";"  16";" 6.25";"  -2.523";"mobility";"1.121981e-01"
"   1";"  16";" 6.25";"  -2.523";"gravity";"1.121981e-01"
"   1";"  16";" 6.25";"  -2.523";"editor";"1.121981e-01"
"   1";"  16";" 6.25";"  -2.523";"dell";"1.121981e-01"
"   1";"  16";" 6.25";"  -2.523";"clothe";"1.121981e-01"
"   1";"  16";" 6.25";"  -2.523";"charity";"1.121981e-01"
"   1";"  16";" 6.25";"  -2.523";"overlap";"1.121981e-01"
"   1";"  16";" 6.25";"  -2.523";"intercept";"1.121981e-01"
"   1";"  16";" 6.25";"  -2.523";"dirt";"1.121981e-01"
"   1";"  16";" 6.25";"  -2.523";"blank";"1.121981e-01"
"   1";"  16";" 6.25";"  -2.523";"acceleration";"1.121981e-01"
"   1";"  16";" 6.25";"  -2.523";"weather";"1.121981e-01"
"   1";"  16";" 6.25";"  -2.523";"med";"1.121981e-01"
"   1";"  16";" 6.25";"  -2.523";"echo";"1.121981e-01"
"   1";"  16";" 6.25";"  -2.523";"contrarian";"1.121981e-01"
"   1";"  16";" 6.25";"  -2.523";"consistently";"1.121981e-01"
"  32";" 178";"17.98";"  -2.495";"pull";"1.142284e-01"
"   5";"  40";"12.50";"  -2.470";"feature";"1.160269e-01"
"  87";" 439";"19.82";"  -2.455";"remember";"1.171319e-01"
"   7";"  51";"13.73";"  -2.454";"chief";"1.171973e-01"
" 272";"1286";"21.15";"  -2.423";"problem";"1.195525e-01"
"  24";" 138";"17.39";"  -2.415";"fine";"1.201742e-01"
"  18";" 108";"16.67";"  -2.414";"natural";"1.202843e-01"
"   4";"  34";"11.76";"  -2.405";"flight";"1.209244e-01"
"   2";"  22";" 9.09";"  -2.389";"nuke";"1.221771e-01"
"   2";"  22";" 9.09";"  -2.389";"treasury";"1.221771e-01"
"   2";"  22";" 9.09";"  -2.389";"purely";"1.221771e-01"
"   2";"  22";" 9.09";"  -2.389";"delay";"1.221771e-01"
"   2";"  22";" 9.09";"  -2.389";"irish";"1.221771e-01"
"   2";"  22";" 9.09";"  -2.389";"boston";"1.221771e-01"
"   2";"  22";" 9.09";"  -2.389";"earnings";"1.221771e-01"
"   2";"  22";" 9.09";"  -2.389";"bus";"1.221771e-01"
"   2";"  22";" 9.09";"  -2.389";"significantly";"1.221771e-01"
"   2";"  22";" 9.09";"  -2.389";"expertise";"1.221771e-01"
"   2";"  22";" 9.09";"  -2.389";"distance";"1.221771e-01"
"   0";"   8";" 0.00";"  -2.382";"caddy";"1.227061e-01"
"   0";"   8";" 0.00";"  -2.382";"notch";"1.227061e-01"
"   0";"   8";" 0.00";"  -2.382";"transistor";"1.227061e-01"
"   0";"   8";" 0.00";"  -2.382";"thorium";"1.227061e-01"
"   0";"   8";" 0.00";"  -2.382";"nap";"1.227061e-01"
"   0";"   8";" 0.00";"  -2.382";"reinforcement";"1.227061e-01"
"   0";"   8";" 0.00";"  -2.382";"node";"1.227061e-01"
"   0";"   8";" 0.00";"  -2.382";"jazz";"1.227061e-01"
"   0";"   8";" 0.00";"  -2.382";"interfaith";"1.227061e-01"
"   0";"   8";" 0.00";"  -2.382";"gpt3";"1.227061e-01"
"   0";"   8";" 0.00";"  -2.382";"aol";"1.227061e-01"
"   0";"   8";" 0.00";"  -2.382";"acre";"1.227061e-01"
"   0";"   8";" 0.00";"  -2.382";"tuesday";"1.227061e-01"
"   0";"   8";" 0.00";"  -2.382";"lar";"1.227061e-01"
"   0";"   8";" 0.00";"  -2.382";"keyboard";"1.227061e-01"
"   0";"   8";" 0.00";"  -2.382";"enrollment";"1.227061e-01"
"   0";"   8";" 0.00";"  -2.382";"cvs";"1.227061e-01"
"   0";"   8";" 0.00";"  -2.382";"cosmos";"1.227061e-01"
"   0";"   8";" 0.00";"  -2.382";"column";"1.227061e-01"
"   0";"   8";" 0.00";"  -2.382";"vista";"1.227061e-01"
"   0";"   8";" 0.00";"  -2.382";"usual";"1.227061e-01"
"   0";"   8";" 0.00";"  -2.382";"tiger";"1.227061e-01"
"   0";"   8";" 0.00";"  -2.382";"storytelling";"1.227061e-01"
"   0";"   8";" 0.00";"  -2.382";"steroid";"1.227061e-01"
"   0";"   8";" 0.00";"  -2.382";"stealth";"1.227061e-01"
"   0";"   8";" 0.00";"  -2.382";"punishment";"1.227061e-01"
"   0";"   8";" 0.00";"  -2.382";"phillips";"1.227061e-01"
"   0";"   8";" 0.00";"  -2.382";"orca";"1.227061e-01"
"   0";"   8";" 0.00";"  -2.382";"occupational";"1.227061e-01"
"   0";"   8";" 0.00";"  -2.382";"nicotine";"1.227061e-01"
"   0";"   8";" 0.00";"  -2.382";"milk";"1.227061e-01"
"   0";"   8";" 0.00";"  -2.382";"luther";"1.227061e-01"
"   0";"   8";" 0.00";"  -2.382";"judaism";"1.227061e-01"
"   0";"   8";" 0.00";"  -2.382";"invisible";"1.227061e-01"
"   0";"   8";" 0.00";"  -2.382";"interactive";"1.227061e-01"
"   0";"   8";" 0.00";"  -2.382";"hexagon";"1.227061e-01"
"   0";"   8";" 0.00";"  -2.382";"drag";"1.227061e-01"
"   0";"   8";" 0.00";"  -2.382";"credibility";"1.227061e-01"
"   0";"   8";" 0.00";"  -2.382";"clown";"1.227061e-01"
"   0";"   8";" 0.00";"  -2.382";"blackberry";"1.227061e-01"
"   0";"   8";" 0.00";"  -2.382";"aws";"1.227061e-01"
"   0";"   8";" 0.00";"  -2.382";"automobile";"1.227061e-01"
"   0";"   8";" 0.00";"  -2.382";"atomic";"1.227061e-01"
"   0";"   8";" 0.00";"  -2.382";"anchor";"1.227061e-01"
"   0";"   8";" 0.00";"  -2.382";"ada";"1.227061e-01"
"   0";"   8";" 0.00";"  -2.382";"accent";"1.227061e-01"
"   0";"   8";" 0.00";"  -2.382";"2x";"1.227061e-01"
"   0";"   8";" 0.00";"  -2.382";"xai";"1.227061e-01"
"   0";"   8";" 0.00";"  -2.382";"weave";"1.227061e-01"
"   0";"   8";" 0.00";"  -2.382";"unlimited";"1.227061e-01"
"   0";"   8";" 0.00";"  -2.382";"troy";"1.227061e-01"
"   0";"   8";" 0.00";"  -2.382";"triable";"1.227061e-01"
"   0";"   8";" 0.00";"  -2.382";"trad";"1.227061e-01"
"   0";"   8";" 0.00";"  -2.382";"toronto";"1.227061e-01"
"   0";"   8";" 0.00";"  -2.382";"tinker";"1.227061e-01"
"   0";"   8";" 0.00";"  -2.382";"temporary";"1.227061e-01"
"   0";"   8";" 0.00";"  -2.382";"temperance";"1.227061e-01"
"   0";"   8";" 0.00";"  -2.382";"surveillance";"1.227061e-01"
"   0";"   8";" 0.00";"  -2.382";"superhuman";"1.227061e-01"
"   0";"   8";" 0.00";"  -2.382";"sprint";"1.227061e-01"
"   0";"   8";" 0.00";"  -2.382";"spanish";"1.227061e-01"
"   0";"   8";" 0.00";"  -2.382";"smell";"1.227061e-01"
"   0";"   8";" 0.00";"  -2.382";"slack";"1.227061e-01"
"   0";"   8";" 0.00";"  -2.382";"skull";"1.227061e-01"
"   0";"   8";" 0.00";"  -2.382";"skew";"1.227061e-01"
"   0";"   8";" 0.00";"  -2.382";"shitty";"1.227061e-01"
"   0";"   8";" 0.00";"  -2.382";"sexy";"1.227061e-01"
"   0";"   8";" 0.00";"  -2.382";"scalability";"1.227061e-01"
"   0";"   8";" 0.00";"  -2.382";"salesman";"1.227061e-01"
"   0";"   8";" 0.00";"  -2.382";"salesforce";"1.227061e-01"
"   0";"   8";" 0.00";"  -2.382";"robotic";"1.227061e-01"
"   0";"   8";" 0.00";"  -2.382";"renewable";"1.227061e-01"
"   0";"   8";" 0.00";"  -2.382";"relax";"1.227061e-01"
"   0";"   8";" 0.00";"  -2.382";"promoter";"1.227061e-01"
"   0";"   8";" 0.00";"  -2.382";"predictive";"1.227061e-01"
"   0";"   8";" 0.00";"  -2.382";"penicillin";"1.227061e-01"
"   0";"   8";" 0.00";"  -2.382";"outdated";"1.227061e-01"
"   0";"   8";" 0.00";"  -2.382";"oncology";"1.227061e-01"
"   0";"   8";" 0.00";"  -2.382";"nate";"1.227061e-01"
"   0";"   8";" 0.00";"  -2.382";"municipal";"1.227061e-01"
"   0";"   8";" 0.00";"  -2.382";"mortality";"1.227061e-01"
"   0";"   8";" 0.00";"  -2.382";"millennials";"1.227061e-01"
"   0";"   8";" 0.00";"  -2.382";"manually";"1.227061e-01"
"   0";"   8";" 0.00";"  -2.382";"luckily";"1.227061e-01"
"   0";"   8";" 0.00";"  -2.382";"lake";"1.227061e-01"
"   0";"   8";" 0.00";"  -2.382";"ingest";"1.227061e-01"
"   0";"   8";" 0.00";"  -2.382";"infuse";"1.227061e-01"
"   0";"   8";" 0.00";"  -2.382";"indiana";"1.227061e-01"
"   0";"   8";" 0.00";"  -2.382";"ignite";"1.227061e-01"
"   0";"   8";" 0.00";"  -2.382";"gpt7";"1.227061e-01"
"   0";"   8";" 0.00";"  -2.382";"frequently";"1.227061e-01"
"   0";"   8";" 0.00";"  -2.382";"firefighter";"1.227061e-01"
"   0";"   8";" 0.00";"  -2.382";"ferguson";"1.227061e-01"
"   0";"   8";" 0.00";"  -2.382";"explosive";"1.227061e-01"
"   0";"   8";" 0.00";"  -2.382";"electron";"1.227061e-01"
"   0";"   8";" 0.00";"  -2.382";"dystopia";"1.227061e-01"
"   0";"   8";" 0.00";"  -2.382";"detector";"1.227061e-01"
"   0";"   8";" 0.00";"  -2.382";"despair";"1.227061e-01"
"   0";"   8";" 0.00";"  -2.382";"crop";"1.227061e-01"
"   0";"   8";" 0.00";"  -2.382";"cream";"1.227061e-01"
"   0";"   8";" 0.00";"  -2.382";"cooper";"1.227061e-01"
"   0";"   8";" 0.00";"  -2.382";"computation";"1.227061e-01"
"   0";"   8";" 0.00";"  -2.382";"commercialization";"1.227061e-01"
"   0";"   8";" 0.00";"  -2.382";"cfo";"1.227061e-01"
"   0";"   8";" 0.00";"  -2.382";"butter";"1.227061e-01"
"   0";"   8";" 0.00";"  -2.382";"brooklyn";"1.227061e-01"
"   0";"   8";" 0.00";"  -2.382";"bro";"1.227061e-01"
"   0";"   8";" 0.00";"  -2.382";"bedroom";"1.227061e-01"
"   0";"   8";" 0.00";"  -2.382";"autonomously";"1.227061e-01"
"   0";"   8";" 0.00";"  -2.382";"academically";"1.227061e-01"
"   0";"   8";" 0.00";"  -2.382";"3g";"1.227061e-01"
"   8";"  56";"14.29";"  -2.378";"combination";"1.230790e-01"
"   3";"  28";"10.71";"  -2.370";"transformation";"1.236698e-01"
"   6";"  45";"13.33";"  -2.353";"date";"1.250076e-01"
"   6";"  45";"13.33";"  -2.353";"participate";"1.250076e-01"
"   9";"  61";"14.75";"  -2.318";"wire";"1.279141e-01"
"   9";"  61";"14.75";"  -2.318";"quick";"1.279141e-01"
"  23";" 132";"17.42";"  -2.282";"online";"1.308550e-01"
"  19";" 112";"16.96";"  -2.272";"profit";"1.317719e-01"
"  10";"  66";"15.15";"  -2.270";"cyber";"1.318629e-01"
"   7";"  50";"14.00";"  -2.265";"barrier";"1.323261e-01"
"   5";"  39";"12.82";"  -2.263";"button";"1.325174e-01"
" 113";" 557";"20.29";"  -2.257";"real";"1.330057e-01"
"   1";"  15";" 6.67";"  -2.249";"liquid";"1.337329e-01"
"   1";"  15";" 6.67";"  -2.249";"disney";"1.337329e-01"
"   1";"  15";" 6.67";"  -2.249";"loyal";"1.337329e-01"
"   1";"  15";" 6.67";"  -2.249";"axis";"1.337329e-01"
"   1";"  15";" 6.67";"  -2.249";"underground";"1.337329e-01"
"   1";"  15";" 6.67";"  -2.249";"james";"1.337329e-01"
"   1";"  15";" 6.67";"  -2.249";"apex";"1.337329e-01"
"   1";"  15";" 6.67";"  -2.249";"tighten";"1.337329e-01"
"   1";"  15";" 6.67";"  -2.249";"scan";"1.337329e-01"
"   1";"  15";" 6.67";"  -2.249";"ram";"1.337329e-01"
"   1";"  15";" 6.67";"  -2.249";"optimal";"1.337329e-01"
"   1";"  15";" 6.67";"  -2.249";"jefferson";"1.337329e-01"
"   1";"  15";" 6.67";"  -2.249";"fruit";"1.337329e-01"
"   1";"  15";" 6.67";"  -2.249";"cognitive";"1.337329e-01"
"   1";"  15";" 6.67";"  -2.249";"automotive";"1.337329e-01"
"   1";"  15";" 6.67";"  -2.249";"unicorn";"1.337329e-01"
"   1";"  15";" 6.67";"  -2.249";"scope";"1.337329e-01"
"   1";"  15";" 6.67";"  -2.249";"reference";"1.337329e-01"
"   1";"  15";" 6.67";"  -2.249";"pollute";"1.337329e-01"
"   1";"  15";" 6.67";"  -2.249";"manufacturer";"1.337329e-01"
"   1";"  15";" 6.67";"  -2.249";"intuitively";"1.337329e-01"
"   1";"  15";" 6.67";"  -2.249";"industrialization";"1.337329e-01"
"   1";"  15";" 6.67";"  -2.249";"gps";"1.337329e-01"
"   1";"  15";" 6.67";"  -2.249";"abstraction";"1.337329e-01"
"   8";"  55";"14.55";"  -2.197";"article";"1.382663e-01"
"   4";"  33";"12.12";"  -2.188";"river";"1.390932e-01"
"   4";"  33";"12.12";"  -2.188";"rapidly";"1.390932e-01"
"  13";"  81";"16.05";"  -2.182";"contract";"1.396194e-01"
"  13";"  81";"16.05";"  -2.182";"creative";"1.396194e-01"
"  14";"  86";"16.28";"  -2.165";"bright";"1.411541e-01"
"  15";"  91";"16.48";"  -2.153";"purpose";"1.422831e-01"
"  22";" 126";"17.46";"  -2.150";"number";"1.425851e-01"
"   9";"  60";"15.00";"  -2.145";"document";"1.430604e-01"
"   9";"  60";"15.00";"  -2.145";"virtue";"1.430604e-01"
"   9";"  60";"15.00";"  -2.145";"performance";"1.430604e-01"
"   9";"  60";"15.00";"  -2.145";"advice";"1.430604e-01"
"   3";"  27";"11.11";"  -2.140";"strive";"1.435415e-01"
"   3";"  27";"11.11";"  -2.140";"faculty";"1.435415e-01"
"   3";"  27";"11.11";"  -2.140";"blind";"1.435415e-01"
"   3";"  27";"11.11";"  -2.140";"react";"1.435415e-01"
"   2";"  21";" 9.52";"  -2.140";"description";"1.434823e-01"
"   2";"  21";" 9.52";"  -2.140";"band";"1.434823e-01"
"  73";" 369";"19.78";"  -2.105";"true";"1.467714e-01"
"  10";"  65";"15.38";"  -2.104";"signal";"1.468969e-01"
"  10";"  65";"15.38";"  -2.104";"component";"1.468969e-01"
"  10";"  65";"15.38";"  -2.104";"musk";"1.468969e-01"
"   0";"   7";" 0.00";"  -2.085";"debris";"1.487938e-01"
"   0";"   7";" 0.00";"  -2.085";"rick";"1.487938e-01"
"   0";"   7";" 0.00";"  -2.085";"infinity";"1.487938e-01"
"   0";"   7";" 0.00";"  -2.085";"cube";"1.487938e-01"
"   0";"   7";" 0.00";"  -2.085";"crater";"1.487938e-01"
"   0";"   7";" 0.00";"  -2.085";"array";"1.487938e-01"
"   0";"   7";" 0.00";"  -2.085";"physicist";"1.487938e-01"
"   0";"   7";" 0.00";"  -2.085";"diagnostic";"1.487938e-01"
"   0";"   7";" 0.00";"  -2.085";"weld";"1.487938e-01"
"   0";"   7";" 0.00";"  -2.085";"vintage";"1.487938e-01"
"   0";"   7";" 0.00";"  -2.085";"spotify";"1.487938e-01"
"   0";"   7";" 0.00";"  -2.085";"spartan";"1.487938e-01"
"   0";"   7";" 0.00";"  -2.085";"simulate";"1.487938e-01"
"   0";"   7";" 0.00";"  -2.085";"ramjet";"1.487938e-01"
"   0";"   7";" 0.00";"  -2.085";"overheat";"1.487938e-01"
"   0";"   7";" 0.00";"  -2.085";"oak";"1.487938e-01"
"   0";"   7";" 0.00";"  -2.085";"monument";"1.487938e-01"
"   0";"   7";" 0.00";"  -2.085";"millisecond";"1.487938e-01"
"   0";"   7";" 0.00";"  -2.085";"kojo";"1.487938e-01"
"   0";"   7";" 0.00";"  -2.085";"hp";"1.487938e-01"
"   0";"   7";" 0.00";"  -2.085";"glory";"1.487938e-01"
"   0";"   7";" 0.00";"  -2.085";"digit";"1.487938e-01"
"   0";"   7";" 0.00";"  -2.085";"clay";"1.487938e-01"
"   0";"   7";" 0.00";"  -2.085";"astronomical";"1.487938e-01"
"   0";"   7";" 0.00";"  -2.085";"yahoo";"1.487938e-01"
"   0";"   7";" 0.00";"  -2.085";"vegetable";"1.487938e-01"
"   0";"   7";" 0.00";"  -2.085";"symptom";"1.487938e-01"
"   0";"   7";" 0.00";"  -2.085";"starling";"1.487938e-01"
"   0";"   7";" 0.00";"  -2.085";"squeeze";"1.487938e-01"
"   0";"   7";" 0.00";"  -2.085";"sophistication";"1.487938e-01"
"   0";"   7";" 0.00";"  -2.085";"snow";"1.487938e-01"
"   0";"   7";" 0.00";"  -2.085";"shade";"1.487938e-01"
"   0";"   7";" 0.00";"  -2.085";"sentry";"1.487938e-01"
"   0";"   7";" 0.00";"  -2.085";"retiree";"1.487938e-01"
"   0";"   7";" 0.00";"  -2.085";"medal";"1.487938e-01"
"   0";"   7";" 0.00";"  -2.085";"ion";"1.487938e-01"
"   0";"   7";" 0.00";"  -2.085";"ins";"1.487938e-01"
"   0";"   7";" 0.00";"  -2.085";"humanoid";"1.487938e-01"
"   0";"   7";" 0.00";"  -2.085";"flavor";"1.487938e-01"
"   0";"   7";" 0.00";"  -2.085";"falcon";"1.487938e-01"
"   0";"   7";" 0.00";"  -2.085";"endpoint";"1.487938e-01"
"   0";"   7";" 0.00";"  -2.085";"ebay";"1.487938e-01"
"   0";"   7";" 0.00";"  -2.085";"dropbox";"1.487938e-01"
"   0";"   7";" 0.00";"  -2.085";"dislocation";"1.487938e-01"
"   0";"   7";" 0.00";"  -2.085";"defensibility";"1.487938e-01"
"   0";"   7";" 0.00";"  -2.085";"dallas";"1.487938e-01"
"   0";"   7";" 0.00";"  -2.085";"configure";"1.487938e-01"
"   0";"   7";" 0.00";"  -2.085";"coleman";"1.487938e-01"
"   0";"   7";" 0.00";"  -2.085";"coder";"1.487938e-01"
"   0";"   7";" 0.00";"  -2.085";"charlotte";"1.487938e-01"
"   0";"   7";" 0.00";"  -2.085";"arrow";"1.487938e-01"
"   0";"   7";" 0.00";"  -2.085";"aptitude";"1.487938e-01"
"   0";"   7";" 0.00";"  -2.085";"adrian";"1.487938e-01"
"   0";"   7";" 0.00";"  -2.085";"worthwhile";"1.487938e-01"
"   0";"   7";" 0.00";"  -2.085";"wean";"1.487938e-01"
"   0";"   7";" 0.00";"  -2.085";"unfairly";"1.487938e-01"
"   0";"   7";" 0.00";"  -2.085";"ui";"1.487938e-01"
"   0";"   7";" 0.00";"  -2.085";"ucla";"1.487938e-01"
"   0";"   7";" 0.00";"  -2.085";"transport";"1.487938e-01"
"   0";"   7";" 0.00";"  -2.085";"trainee";"1.487938e-01"
"   0";"   7";" 0.00";"  -2.085";"thirty";"1.487938e-01"
"   0";"   7";" 0.00";"  -2.085";"template";"1.487938e-01"
"   0";"   7";" 0.00";"  -2.085";"technolog";"1.487938e-01"
"   0";"   7";" 0.00";"  -2.085";"teamwork";"1.487938e-01"
"   0";"   7";" 0.00";"  -2.085";"teammate";"1.487938e-01"
"   0";"   7";" 0.00";"  -2.085";"streamline";"1.487938e-01"
"   0";"   7";" 0.00";"  -2.085";"strap";"1.487938e-01"
"   0";"   7";" 0.00";"  -2.085";"steuart";"1.487938e-01"
"   0";"   7";" 0.00";"  -2.085";"spite";"1.487938e-01"
"   0";"   7";" 0.00";"  -2.085";"spike";"1.487938e-01"
"   0";"   7";" 0.00";"  -2.085";"spectacular";"1.487938e-01"
"   0";"   7";" 0.00";"  -2.085";"solvable";"1.487938e-01"
"   0";"   7";" 0.00";"  -2.085";"sneak";"1.487938e-01"
"   0";"   7";" 0.00";"  -2.085";"silent";"1.487938e-01"
"   0";"   7";" 0.00";"  -2.085";"signature";"1.487938e-01"
"   0";"   7";" 0.00";"  -2.085";"shiny";"1.487938e-01"
"   0";"   7";" 0.00";"  -2.085";"sausage";"1.487938e-01"
"   0";"   7";" 0.00";"  -2.085";"saltbox";"1.487938e-01"
"   0";"   7";" 0.00";"  -2.085";"salon";"1.487938e-01"
"   0";"   7";" 0.00";"  -2.085";"ronnie";"1.487938e-01"
"   0";"   7";" 0.00";"  -2.085";"repetitive";"1.487938e-01"
"   0";"   7";" 0.00";"  -2.085";"reflection";"1.487938e-01"
"   0";"   7";" 0.00";"  -2.085";"refine";"1.487938e-01"
"   0";"   7";" 0.00";"  -2.085";"reconnaissance";"1.487938e-01"
"   0";"   7";" 0.00";"  -2.085";"qualia";"1.487938e-01"
"   0";"   7";" 0.00";"  -2.085";"prudence";"1.487938e-01"
"   0";"   7";" 0.00";"  -2.085";"proprietary";"1.487938e-01"
"   0";"   7";" 0.00";"  -2.085";"preventative";"1.487938e-01"
"   0";"   7";" 0.00";"  -2.085";"predictable";"1.487938e-01"
"   0";"   7";" 0.00";"  -2.085";"participant";"1.487938e-01"
"   0";"   7";" 0.00";"  -2.085";"optimization";"1.487938e-01"
"   0";"   7";" 0.00";"  -2.085";"onboard";"1.487938e-01"
"   0";"   7";" 0.00";"  -2.085";"nike";"1.487938e-01"
"   0";"   7";" 0.00";"  -2.085";"newsletter";"1.487938e-01"
"   0";"   7";" 0.00";"  -2.085";"mrna";"1.487938e-01"
"   0";"   7";" 0.00";"  -2.085";"monetize";"1.487938e-01"
"   0";"   7";" 0.00";"  -2.085";"midwestern";"1.487938e-01"
"   0";"   7";" 0.00";"  -2.085";"midnight";"1.487938e-01"
"   0";"   7";" 0.00";"  -2.085";"microbe";"1.487938e-01"
"   0";"   7";" 0.00";"  -2.085";"mere";"1.487938e-01"
"   0";"   7";" 0.00";"  -2.085";"mandy";"1.487938e-01"
"   0";"   7";" 0.00";"  -2.085";"lousy";"1.487938e-01"
"   0";"   7";" 0.00";"  -2.085";"lottery";"1.487938e-01"
"   0";"   7";" 0.00";"  -2.085";"kite";"1.487938e-01"
"   0";"   7";" 0.00";"  -2.085";"jennifer";"1.487938e-01"
"   0";"   7";" 0.00";"  -2.085";"insure";"1.487938e-01"
"   0";"   7";" 0.00";"  -2.085";"instant";"1.487938e-01"
"   0";"   7";" 0.00";"  -2.085";"inflationary";"1.487938e-01"
"   0";"   7";" 0.00";"  -2.085";"india_s";"1.487938e-01"
"   0";"   7";" 0.00";"  -2.085";"impetus";"1.487938e-01"
"   0";"   7";" 0.00";"  -2.085";"idol";"1.487938e-01"
"   0";"   7";" 0.00";"  -2.085";"iconic";"1.487938e-01"
"   0";"   7";" 0.00";"  -2.085";"highend";"1.487938e-01"
"   0";"   7";" 0.00";"  -2.085";"helmet";"1.487938e-01"
"   0";"   7";" 0.00";"  -2.085";"harden";"1.487938e-01"
"   0";"   7";" 0.00";"  -2.085";"generalist";"1.487938e-01"
"   0";"   7";" 0.00";"  -2.085";"gb4";"1.487938e-01"
"   0";"   7";" 0.00";"  -2.085";"franklin";"1.487938e-01"
"   0";"   7";" 0.00";"  -2.085";"flu";"1.487938e-01"
"   0";"   7";" 0.00";"  -2.085";"fate";"1.487938e-01"
"   0";"   7";" 0.00";"  -2.085";"eve";"1.487938e-01"
"   0";"   7";" 0.00";"  -2.085";"er";"1.487938e-01"
"   0";"   7";" 0.00";"  -2.085";"entice";"1.487938e-01"
"   0";"   7";" 0.00";"  -2.085";"enabler";"1.487938e-01"
"   0";"   7";" 0.00";"  -2.085";"durable";"1.487938e-01"
"   0";"   7";" 0.00";"  -2.085";"drudgery";"1.487938e-01"
"   0";"   7";" 0.00";"  -2.085";"dopamine";"1.487938e-01"
"   0";"   7";" 0.00";"  -2.085";"distinguish";"1.487938e-01"
"   0";"   7";" 0.00";"  -2.085";"determination";"1.487938e-01"
"   0";"   7";" 0.00";"  -2.085";"desert";"1.487938e-01"
"   0";"   7";" 0.00";"  -2.085";"deregulate";"1.487938e-01"
"   0";"   7";" 0.00";"  -2.085";"daydream";"1.487938e-01"
"   0";"   7";" 0.00";"  -2.085";"davis";"1.487938e-01"
"   0";"   7";" 0.00";"  -2.085";"crude";"1.487938e-01"
"   0";"   7";" 0.00";"  -2.085";"crappy";"1.487938e-01"
"   0";"   7";" 0.00";"  -2.085";"couch";"1.487938e-01"
"   0";"   7";" 0.00";"  -2.085";"cooperative";"1.487938e-01"
"   0";"   7";" 0.00";"  -2.085";"comparison";"1.487938e-01"
"   0";"   7";" 0.00";"  -2.085";"commercialize";"1.487938e-01"
"   0";"   7";" 0.00";"  -2.085";"cmgi";"1.487938e-01"
"   0";"   7";" 0.00";"  -2.085";"chop";"1.487938e-01"
"   0";"   7";" 0.00";"  -2.085";"celebrity";"1.487938e-01"
"   0";"   7";" 0.00";"  -2.085";"canonical";"1.487938e-01"
"   0";"   7";" 0.00";"  -2.085";"bev";"1.487938e-01"
"   0";"   7";" 0.00";"  -2.085";"benchmark";"1.487938e-01"
"   0";"   7";" 0.00";"  -2.085";"beautifully";"1.487938e-01"
"   0";"   7";" 0.00";"  -2.085";"bandwidth";"1.487938e-01"
"   0";"   7";" 0.00";"  -2.085";"asymmetrical";"1.487938e-01"
"   0";"   7";" 0.00";"  -2.085";"astronaut";"1.487938e-01"
"   0";"   7";" 0.00";"  -2.085";"assistance";"1.487938e-01"
"   0";"   7";" 0.00";"  -2.085";"alzheimer";"1.487938e-01"
"   0";"   7";" 0.00";"  -2.085";"alumnus";"1.487938e-01"
"   0";"   7";" 0.00";"  -2.085";"ab";"1.487938e-01"
"   0";"   7";" 0.00";"  -2.085";"3x";"1.487938e-01"
"   0";"   7";" 0.00";"  -2.085";"1800s";"1.487938e-01"
"   5";"  38";"13.16";"  -2.060";"improvement";"1.511939e-01"
"  12";"  75";"16.00";"  -2.049";"relative";"1.522847e-01"
"  37";" 198";"18.69";"  -2.040";"moment";"1.532162e-01"
"  35";" 188";"18.62";"  -2.000";"ahead";"1.572534e-01"
"*****";"*";"*";"*";"*";"*"
"4308";"20669";"20.84";"-122.552";"you";"1.747755e-28"
" 902";" 4987";"18.09";" -77.319";"at";"1.454594e-18"
"4378";"20472";"21.39";" -65.905";"a";"4.731526e-16"
"2533";"12363";"20.49";" -64.456";"so";"9.873023e-16"
" 486";" 2855";"17.02";" -61.520";"my";"4.382104e-15"
" 769";" 4161";"18.48";" -53.038";"can";"3.271179e-13"
"  13";"  260";" 5.00";" -47.695";"thanks";"4.980031e-12"
" 493";" 2781";"17.73";" -46.404";"your";"9.621288e-12"
"2494";"11979";"20.82";" -45.977";"like";"1.196397e-11"
" 703";" 3742";"18.79";" -40.844";"you_re";"1.648749e-10"
"  96";"  716";"13.41";" -37.575";"10";"8.796652e-10"
" 464";" 2556";"18.15";" -35.724";"go";"2.273838e-09"
" 951";" 4787";"19.87";" -29.600";"really";"5.311215e-08"
" 630";" 3288";"19.16";" -29.306";"out";"6.180230e-08"
"  53";"  412";"12.86";" -23.949";"four";"9.890185e-07"
"  49";"  381";"12.86";" -22.142";"using";"2.532211e-06"
" 328";" 1784";"18.39";" -22.060";"those";"2.642793e-06"
"  32";"  283";"11.31";" -21.845";"six";"2.956185e-06"
"  85";"  566";"15.02";" -20.432";"three";"6.177900e-06"
"  38";"  308";"12.34";" -19.765";"50";"8.758457e-06"
"  33";"  279";"11.83";" -19.650";"thank";"9.300416e-06"
"  68";"  469";"14.50";" -19.167";"old";"1.197925e-05"
" 819";" 4042";"20.26";" -18.527";"how";"1.674987e-05"
" 237";" 1311";"18.08";" -18.221";"little";"1.967065e-05"
" 571";" 2878";"19.84";" -17.046";"up";"3.648458e-05"
"  69";"  461";"14.97";" -16.803";"five";"4.146527e-05"
"  60";"  406";"14.78";" -15.484";"looking";"8.318743e-05"
"   4";"   82";" 4.88";" -15.171";"t";"9.819260e-05"
"   3";"   74";" 4.05";" -14.965";"com";"1.095157e-04"
"  41";"  300";"13.67";" -14.725";"30";"1.243652e-04"
"  23";"  199";"11.56";" -14.672";"5";"1.279290e-04"
"  57";"  384";"14.84";" -14.403";"000";"1.475969e-04"
" 645";" 3185";"20.25";" -14.332";"an";"1.532716e-04"
" 125";"  727";"17.19";" -13.873";"went";"1.955532e-04"
"  18";"  166";"10.84";" -13.810";"self";"2.022190e-04"
" 182";" 1003";"18.15";" -13.434";"able";"2.470811e-04"
"   3";"   66";" 4.55";" -12.659";"300";"3.737611e-04"
"  30";"  228";"13.16";" -12.427";"yourself";"4.231182e-04"
"  60";"  388";"15.46";" -12.411";"100";"4.268783e-04"
" 339";" 1739";"19.49";" -12.300";"much";"4.530504e-04"
" 139";"  780";"17.82";" -11.835";"use";"5.812950e-04"
" 369";" 1867";"19.76";" -11.258";"into";"7.927180e-04"
"  83";"  496";"16.73";" -10.968";"20";"9.268511e-04"
"  29";"  215";"13.49";" -10.936";"her";"9.429091e-04"
"  12";"  118";"10.17";" -10.926";"per";"9.481369e-04"
"  70";"  428";"16.36";" -10.634";"already";"1.110363e-03"
"1735";" 8031";"21.60";" -10.511";"for";"1.186691e-03"
" 198";" 1049";"18.88";" -10.115";"two";"1.470516e-03"
"  63";"  387";"16.28";"  -9.827";"we_ll";"1.719593e-03"
"   8";"   88";" 9.09";"  -9.574";"allows";"1.973016e-03"
" 752";" 3595";"20.92";"  -9.272";"then";"2.327150e-03"
" 542";" 2637";"20.55";"  -9.194";"i_m";"2.428559e-03"
"  15";"  128";"11.72";"  -9.154";"seven";"2.481720e-03"
"   6";"   73";" 8.22";"  -8.970";"6";"2.744775e-03"
" 265";" 1352";"19.60";"  -8.879";"new";"2.884613e-03"
"   8";"   85";" 9.41";"  -8.824";"18";"2.973176e-03"
" 117";"  647";"18.08";"  -8.801";"having";"3.010037e-03"
"  74";"  434";"17.05";"  -8.628";"almost";"3.311076e-03"
"  19";"  146";"13.01";"  -8.175";"3";"4.246817e-03"
"5761";"25553";"22.55";"  -8.047";"and";"4.556721e-03"
"  16";"  128";"12.50";"  -7.924";"zero";"4.878215e-03"
"  18";"  139";"12.95";"  -7.882";"welcome";"4.991849e-03"
" 252";" 1275";"19.76";"  -7.554";"different";"5.986726e-03"
"   5";"   61";" 8.20";"  -7.516";"available";"6.116462e-03"
"  18";"  137";"13.14";"  -7.477";"25";"6.247843e-03"
"   2";"   40";" 5.00";"  -7.292";"400";"6.924799e-03"
"   1";"   32";" 3.12";"  -7.115";"21";"7.642990e-03"
" 150";"  789";"19.01";"  -7.054";"oh";"7.909454e-03"
"  49";"  296";"16.55";"  -6.891";"possible";"8.662921e-03"
" 695";" 3292";"21.11";"  -6.878";"we_re";"8.728360e-03"
" 204";" 1039";"19.63";"  -6.626";"probably";"1.004861e-02"
" 115";"  617";"18.64";"  -6.580";"few";"1.031569e-02"
"  25";"  170";"14.71";"  -6.555";"myself";"1.045699e-02"
" 453";" 2184";"20.74";"  -6.375";"doing";"1.157287e-02"
"  75";"  420";"17.86";"  -6.218";"another";"1.264788e-02"
"   2";"   36";" 5.56";"  -6.162";"e";"1.305005e-02"
" 195";"  991";"19.68";"  -6.149";"every";"1.314831e-02"
" 391";" 1896";"20.62";"  -6.099";"could";"1.352772e-02"
"  52";"  304";"17.11";"  -5.910";"i_ll";"1.505456e-02"
"1335";" 6135";"21.76";"  -5.859";"do";"1.549454e-02"
" 512";" 2442";"20.97";"  -5.792";"me";"1.609943e-02"
" 242";" 1204";"20.10";"  -5.697";"better";"1.699012e-02"
"1288";" 5920";"21.76";"  -5.648";"about";"1.747809e-02"
" 126";"  660";"19.09";"  -5.643";"next";"1.752049e-02"
" 348";" 1691";"20.58";"  -5.608";"take";"1.787934e-02"
"1060";" 4902";"21.62";"  -5.592";"going";"1.804017e-02"
"   4";"   47";" 8.51";"  -5.545";"yours";"1.853720e-02"
"   3";"   39";" 7.69";"  -5.136";"250";"2.343079e-02"
" 149";"  759";"19.63";"  -4.811";"off";"2.827956e-02"
"   4";"   44";" 9.09";"  -4.781";"__";"2.876997e-02"
"  81";"  433";"18.71";"  -4.449";"seeing";"3.492038e-02"
"   8";"   66";"12.12";"  -4.380";"8";"3.636344e-02"
" 171";"  856";"19.98";"  -4.365";"best";"3.669021e-02"
" 850";" 3929";"21.63";"  -4.278";"one";"3.860661e-02"
"  86";"  455";"18.90";"  -4.259";"value";"3.905385e-02"
"   1";"   22";" 4.55";"  -4.214";"novel";"4.008079e-02"
"  17";"  114";"14.91";"  -4.172";"plus";"4.110183e-02"
"   0";"   14";" 0.00";"  -4.170";"65";"4.114668e-02"
"   0";"   14";" 0.00";"  -4.170";"2007";"4.114668e-02"
"  31";"  186";"16.67";"  -4.166";"co";"4.124507e-02"
" 162";"  811";"19.98";"  -4.134";"exactly";"4.204098e-02"
"  10";"   76";"13.16";"  -4.125";"near";"4.226085e-02"
"  19";"  124";"15.32";"  -4.087";"looks";"4.321264e-02"
" 250";" 1216";"20.56";"  -4.046";"help";"4.428128e-02"
"  20";"  128";"15.62";"  -3.891";"12";"4.854198e-02"
"   0";"   13";" 0.00";"  -3.872";"2050";"4.909796e-02"
"   3";"   34";" 8.82";"  -3.838";"liked";"5.011538e-02"
"  26";"  158";"16.46";"  -3.778";"usually";"5.193943e-02"
" 204";"  999";"20.42";"  -3.699";"down";"5.444955e-02"
"   9";"   68";"13.24";"  -3.632";"7";"5.669315e-02"
"   6";"   51";"11.76";"  -3.610";"14";"5.744412e-02"
"   0";"   12";" 0.00";"  -3.574";"hi";"5.868886e-02"
"   0";"   12";" 0.00";"  -3.574";"280";"5.868886e-02"
"  65";"  347";"18.73";"  -3.514";"ever";"6.083785e-02"
"2406";"10784";"22.31";"  -3.492";"know";"6.167587e-02"
"  34";"  196";"17.35";"  -3.491";"d";"6.171041e-02"
"  30";"  176";"17.05";"  -3.480";"you_ll";"6.213344e-02"
" 146";"  727";"20.08";"  -3.434";"you_ve";"6.385625e-02"
"   9";"   67";"13.43";"  -3.434";"keeps";"6.387003e-02"
"  17";"  109";"15.60";"  -3.338";"200";"6.770655e-02"
" 594";" 2757";"21.55";"  -3.301";"had";"6.921711e-02"
"1143";" 5201";"21.98";"  -3.216";"that_s";"7.294047e-02"
"  25";"  149";"16.78";"  -3.216";"eight";"7.292313e-02"
"  25";"  149";"16.78";"  -3.216";"appreciate";"7.292313e-02"
"   6";"   49";"12.24";"  -3.176";"150";"7.471016e-02"
"2814";"12559";"22.41";"  -3.156";"it";"7.563167e-02"
" 262";" 1254";"20.89";"  -3.089";"tell";"7.884687e-02"
"   4";"   37";"10.81";"  -3.084";"22";"7.908525e-02"
"  33";"  187";"17.65";"  -2.982";"40";"8.419026e-02"
"   0";"   10";" 0.00";"  -2.978";"42";"8.439248e-02"
"1520";" 6860";"22.16";"  -2.963";"was";"8.517721e-02"
"   2";"   24";" 8.33";"  -2.899";"2012";"8.861049e-02"
"   5";"   42";"11.90";"  -2.898";"twice";"8.869386e-02"
"1299";" 5880";"22.09";"  -2.884";"just";"8.947168e-02"
"   7";"   53";"13.21";"  -2.845";"c";"9.163023e-02"
" 441";" 2057";"21.44";"  -2.792";"got";"9.471753e-02"
"   2";"   23";" 8.70";"  -2.642";"onto";"1.040436e-01"
"  31";"  174";"17.82";"  -2.600";"itself";"1.068958e-01"
" 811";" 3703";"21.90";"  -2.536";"get";"1.112818e-01"
"   9";"   62";"14.52";"  -2.495";"hasn_t";"1.142371e-01"
"   5";"   40";"12.50";"  -2.470";"currently";"1.160269e-01"
"  22";"  128";"17.19";"  -2.407";"1";"1.208046e-01"
"   0";"    8";" 0.00";"  -2.382";"yourselves";"1.227061e-01"
"   5";"   39";"12.82";"  -2.263";"16";"1.325174e-01"
"  12";"   76";"15.79";"  -2.204";"60";"1.376136e-01"
"   4";"   33";"12.12";"  -2.188";"0";"1.390932e-01"
"   2";"   21";" 9.52";"  -2.140";"120";"1.434823e-01"
"   0";"    7";" 0.00";"  -2.085";"97";"1.487938e-01"
"   0";"    7";" 0.00";"  -2.085";"63";"1.487938e-01"
"   0";"    7";" 0.00";"  -2.085";"360";"1.487938e-01"
"   0";"    7";" 0.00";"  -2.085";"101";"1.487938e-01"
"  49";"  255";"19.22";"  -2.018";"yet";"1.554318e-01"
"*";"*";"*";"*";"*";"*"
"10";"313";" 3.19";"-69.655";"*video=From_Math_Prodigy_to_AI_Genius_How_Scott_Wu_Built_Devin_YwmQzWGyrRQen";"7.062710e-17"
"20";"367";" 5.45";"-64.185";"*video=Top_Tech_Investors_This_AI_Wave_Is_10X_Bigger_Than_SaaS_aETqFYCrIoAen";"1.132426e-15"
"14";"312";" 4.49";"-60.641";"*video=Secrets_Of_Investing_Early__Lessons_From_A_Billion-Dollar_Investor_QzjIfkNAp8Uen";"6.848720e-15"
" 6";"239";" 2.51";"-56.819";"*video=How_to_Use_AI_in_2026_Opendoor_Founders_Advice_m8y0ftEmbkYen";"4.778119e-14"
" 9";"260";" 3.46";"-56.224";"*video=How_Palantir_Alumni_Keep_Launching_Billion-Dollar_Ideas_ByDqjdLKVKken";"6.465374e-14"
" 9";"255";" 3.53";"-54.752";"*video=How_AI_Agents_Are_Transforming_Logistics_67d8KUrbiCYen";"1.367487e-13"
" 0";"179";" 0.00";"-53.564";"*video=Ep_73_Lessons_from_Palantir__How_Candid_Health_Is_Fixing_the_280B_Healthcare_Billing_Fiasco_rtNunKe7Q80en";"2.503342e-13"
" 1";"182";" 0.55";"-51.889";"*video=The_Man_Behind_the_Militarys_Smartest_Self-Driving_Vehicles_3IkwPQedA80en";"5.874223e-13"
"11";"257";" 4.28";"-50.999";"*video=How_AI_Robots_Are_Taking_Over_Construction_l2sdZ1IyZx8en";"9.242121e-13"
"24";"346";" 6.94";"-50.633";"*video=Secret_Tech_Billionaire_Is_Betting_1B_on_This_HbFeNV4z9rAen";"1.113415e-12"
" 2";"182";" 1.10";"-49.373";"*video=How_Hayes_Barnard_Is_Transforming_Solar_Tech__Green_Housing_sytqGvIojlYen";"2.115874e-12"
" 2";"177";" 1.13";"-47.874";"*video=He_Built_Teslas_FIRST_Roadster_Battery_Find_Out_What_Hes_Building_Next_yhbKdsegqnEen";"4.545232e-12"
" 8";"224";" 3.57";"-47.846";"*video=How_200MPH_Flying_Cars_are_about_to_Change_the_World_TVg_DK8-kMwen";"4.610629e-12"
" 5";"198";" 2.53";"-46.949";"*video=Kimmy_Scotti_How_to_Spot_and_Build_the_Next_Big_Thing_MFtexGKDeVEen";"7.284274e-12"
" 9";"223";" 4.04";"-45.374";"*video=Legendary_iPod__iPhone_Creator_Tony_Fadell_Shares_His_Design_Secrets_TAs1OU-GZCMen";"1.627492e-11"
" 6";"198";" 3.03";"-44.655";"*video=How_to_Disrupt_the_38_Billion_Storage_Industry_6EcNTOec3Qcen";"2.349422e-11"
" 9";"210";" 4.29";"-41.592";"*video=How_AI_is_Fixing_Americas_Most_Boring_Industry_ot0ofWCEuy4en";"1.124417e-10"
" 8";"201";" 3.98";"-41.114";"*video=Electronic_Warfare_and_Real-Life_Force_Fields_Epirus_CEO_Andy_Lowery_X2IWqRu7L1oen";"1.435947e-10"
" 8";"199";" 4.02";"-40.531";"*video=Ep_62_Ben_Rubenstein_Says_Resumes_Are_Useless_Heres_How_to_Find_the_Best_Salespeople_MWG9uaUaGroen";"1.935017e-10"
"17";"262";" 6.49";"-40.420";"*video=Ep_66_Bob_McGrew__the_Superstar_Palantir_Alum_Leading_OpenAIs_Transformative_Research_Projects_SeAaxSJ8v6Men";"2.048009e-10"
"11";"220";" 5.00";"-40.312";"*video=Ep_61_High_School_Dropout_to_Billion-Dollar_Startup_the_Story_of_Guillermo_Rauch__Vercel_UhctkmjffsUen";"2.165151e-10"
" 6";"180";" 3.33";"-39.350";"*video=Ep_83_A_New_Leukemia_Cure_with_Ivan_Dimov_of_Orca_Bio_J99MyfKKdeQen";"3.543028e-10"
"11";"213";" 5.16";"-38.310";"*video=Ep_82_Rising_Inflation_Looming_Recession_The_State_of_the_Economy_with_Whitney_Baker_cD_2rcNsRNYen";"6.035699e-10"
"24";"296";" 8.11";"-37.154";"*video=5_AI_Experts_Reveal_The_Best__Worst_Case_Scenarios_JtFuByhYUT4en";"1.091461e-09"
"15";"236";" 6.36";"-36.971";"*video=Exercise_Scientist_How_AI__Miracle_Drugs_Can_Make_You_Superhuman_T_NpPPID1ecen";"1.198835e-09"
" 4";"154";" 2.60";"-36.214";"*video=Ep_84_Sri_Ganesan_on_Freshworks_Big_Win_Building_Rocketlane__Indias_Tech_Boom_io9Gn-9gOGoen";"1.768246e-09"
"16";"233";" 6.87";"-34.284";"*video=The_Year_That_Changed_Medicine_Forever__Francisco_Gimenez_Explains_the_Biotech_Revolution_UMBNkVKTCI4en";"4.763024e-09"
"11";"198";" 5.56";"-34.047";"*video=Ep_86_How_to_Teach_STEM_for_the_21st_Century_with_Dr_David_Ruth_p2jwa9iGUy8en";"5.378402e-09"
" 8";"175";" 4.57";"-33.574";"*video=Ep_68_Are_High_Interest_Rates__Inflation_Here_to_Stay_How_to_Generate_Alpha_with_Jacob_Miller_2_7ceKkWYOIen";"6.861821e-09"
"11";"193";" 5.70";"-32.636";"*video=Jake_Kloberdanz_Cause-Centric_Commerce_and_the_Art_of_Award-Winning_Winemaking_riy9Q8Baj1ken";"1.111417e-08"
" 3";"134";" 2.24";"-32.613";"*video=Discovering_Life-Saving_Drugs_from_Fungi_BTpYV9Zsikken";"1.124709e-08"
"11";"188";" 5.85";"-31.230";"*video=Ep_55_Nathan_Mintz_on_Directed_Energy_a_New_Space_Age__the_Final_Hurdles_to_a_Driverless_Future_9SewQ5XabFgen";"2.292484e-08"
" 9";"172";" 5.23";"-30.663";"*video=Force_Fields__Directed_Energy_Are_Here_How_Epirus_Is_Changing_Defense_Tech_PFMaaQDvGVQen";"3.069331e-08"
" 6";"150";" 4.00";"-30.574";"*video=How_to_Invest_Like_a_Billionaire_jzUrBI8lW1cen";"3.213932e-08"
"18";"231";" 7.79";"-30.188";"*video=This_New_Startup_Is_Disrupting_Healthcare_As_We_Know_It_woTmD-R3EIoen";"3.921398e-08"
" 5";"141";" 3.55";"-30.126";"*video=Ep_58_Private_Markets_Outperform_Public_But_Theyre_a_Mess_Eliot_Hodges_Is_Fixing_That_sCo2Jawr24Een";"4.049512e-08"
"23";"260";" 8.85";"-29.439";"*video=Sal_Churi_Keri_Findley_and_Wesley_Chan_Innovators_Changing_Our_World_Right_Now_9WYqRab7ysIen";"5.770514e-08"
" 7";"148";" 4.73";"-27.885";"*video=4_Ways_Robots_Are_Already_Taking_Over_LhBcuAHRqNAen";"1.287277e-07"
"12";"180";" 6.67";"-27.109";"*video=Ep_81_How_Palantir_Star_Tyler_Scriven_Is_Helping_Small_Business_Compete_With_Amazon_SkY_gUUH8Kcen";"1.923047e-07"
" 8";"151";" 5.30";"-26.705";"*video=AI_Vs_Engineers_Will_They_Be_Replaced_xyZABt3sCT4en";"2.370051e-07"
"14";"191";" 7.33";"-26.477";"*video=Zach_Latta_Founding_Hack_Club__Inspiring_the_Next_Generation_of_Builders_PaB5ltDmD0Qen";"2.666321e-07"
"20";"229";" 8.73";"-26.322";"*video=Why_this_Billionaire_Just_Took_Over_NASA_gCik1Ak6WVcen";"2.890482e-07"
"30";"290";"10.34";"-26.247";"*video=Turning_Whiskey_Into_Millions__The_Hustler_Behind_WhistlePig_Em5q_Y-Zatwen";"3.003678e-07"
" 9";"154";" 5.84";"-25.578";"*video=Dr_Rick_Klausner_Curing_Cancer_Reprogramming_Cells_and_the_Incredible_Biotech_Revolution_5kFxWiL1Q2Aen";"4.248906e-07"
"14";"187";" 7.49";"-25.402";"*video=Ep_71_No_Debt_Top_Professors__Personal_Coaches__A_New_Community_College_with_Tade_Oyerinde_bOJemB__Mpwen";"4.654215e-07"
"25";"255";" 9.80";"-25.079";"*video=Oklos_Amazing_Small_Reactor_That_Can_Reuse_Nuclear_Waste_tXbWC1mDrl4en";"5.502358e-07"
"16";"190";" 8.42";"-22.785";"*video=Ep_53_Joe_Gebbia_Changed_the_World_with_Airbnb_Heres_What_Hes_Building_Next_xaPInaOaT1Ien";"1.811610e-06"
"10";"147";" 6.80";"-21.750";"*video=Ep_56_A_Philosopher_Reinventing_Construction_Maria_Davidson__the_Story_of_Kojo_PcATGAEqm1sen";"3.105597e-06"
"19";"203";" 9.36";"-21.307";"*video=Joe_Lonsdale_and_Dhani_Jones_Discuss_the_Power_of_Suffering__Adversity_fm0tiE47pssen";"3.913287e-06"
"37";"302";"12.25";"-19.692";"*video=From_Palantir_to_Space_Defense_Building_a_100_Billion_Company_hoVEoHXB6NEen";"9.098332e-06"
"14";"163";" 8.59";"-19.083";"*video=Kimbal_Musk_Tesla_SpaceX_The_Kitchen_and_Launching_His_First_Company_with_Elon_IIkY9yZSMs4en";"1.251333e-05"
" 1";" 71";" 1.41";"-18.661";"*video=Billionaire_Investor_This_is_the_Most_Undervalued_AI_Opportunity_ELj2LLNP8Aken";"1.561683e-05"
"38";"300";"12.67";"-18.071";"*video=The_Truth_About_AI_Sam_Lessins_Contrarian_Take_R_aHzJGrBN0en";"2.127825e-05"
" 7";"113";" 6.19";"-17.986";"*video=6_Hard_Truths_for_Building_Startups_From_a_Billionaire_E7qzohsrciUen";"2.225628e-05"
"30";"252";"11.90";"-17.491";"*video=How_the_Renaissance_Sparked_an_Entrepreneurial_Explosion_with_Jeannette_zu_Fürstenberg_3-tSMBHnyoken";"2.887328e-05"
"34";"272";"12.50";"-16.907";"*video=5_Expert_Predictions_The_Future_of_Artificial_Intelligence_NcKVW3r_YJQen";"3.925507e-05"
"22";"200";"11.00";"-16.227";"*video=Ep_76_Accelerate_or_Die_Guillaume_Verdon_and_the_eacc_Movement_NgUwdHGWKkAen";"5.620181e-05"
" 6";" 98";" 6.12";"-15.726";"*video=Ep_75_Leadership_Lessons_with_Intuit_Founder__Silicon_Valley_Legend_Scott_Cook_rbIzL223gsMen";"7.319168e-05"
" 3";" 75";" 4.00";"-15.255";"*video=Why_Youre_Hiring_the_Wrong_Sales_People_lSoTwMf61mAen";"9.394100e-05"
" 0";" 51";" 0.00";"-15.206";"*video=The_Billion-Dollar_Tech_Idea_That_Started_in_a_Camper_2YD6zoNnBOwen";"9.637840e-05"
"19";"177";"10.73";"-14.996";"*video=John_Chambers__Pankaj_Patel_Changed_the_World_with_Cisco_Now_Theyre_Doing_It_Again_with_Nile_VWkCcfX747wen";"1.077148e-04"
"24";"201";"11.94";"-13.841";"*video=The_Greatest_Entrepreneur_Youve_Never_Heard_Of_DjKqgUY5CzMen";"1.989239e-04"
" 3";" 69";" 4.35";"-13.521";"*video=6_Levels_of_AI_Investing_Everyone_Should_Know_nZuDFOEMqpQen";"2.358566e-04"
" 1";" 52";" 1.92";"-13.015";"*video=From_Survival_to_Creative_Mode_How_AI_Will_Change_Work_FoPvBnRgO70en";"3.090670e-04"
"15";"143";"10.49";"-12.595";"*video=This_AI_Sea_Drone_Could_Destroy_A_Submarine_nRA40EAFf-sen";"3.868287e-04"
" 2";" 58";" 3.45";"-12.488";"*video=What_He_Learned_Working_Side_by_Side_with_Elon_Musk_NaG0PGvfX6sen";"4.095236e-04"
" 1";" 49";" 2.04";"-12.126";"*video=The_Hidden_Secret_To_Scaling_A_Small_Business_timNqbg_Z1Ien";"4.973004e-04"
"30";"226";"13.27";"-12.026";"*video=Ep_54_Peter_Attia_Ryan_Holiday__Joe_Lonsdale_Discuss_Longevity__Americas_Health_p_-t8q9D9xUen";"5.246037e-04"
"22";"178";"12.36";"-11.334";"*video=Ep_69_How_a_Teenager_Set_Out_to_Rid_the_Ocean_of_Plastic_Boyan_Slat__the_Ocean_Cleanup_UNWiqq0UxN0en";"7.611260e-04"
" 2";" 54";" 3.70";"-11.323";"*video=AI_Will_Replace_These_Jobs_First_A_Warning_From_OpenAIs_Chief_Of_Research_sJE1dE2dulgen";"7.655237e-04"
" 0";" 37";" 0.00";"-11.028";"*video=The_Business_Secrets_That_Made_Jimmy_John_a_Billionaire_g0zEw4Pa-DUen";"8.975899e-04"
"25";"193";"12.95";"-10.953";"*video=Harvard_Economist_The_Truth_About_Police_Brutality_9sRYbrp_jCwen";"9.344762e-04"
" 1";" 44";" 2.27";"-10.647";"*video=Top_Music_Exec_I_Turned_200_Lady_Gaga_Fans_into_Millions_GyVL7kMi098en";"1.102695e-03"
"25";"191";"13.09";"-10.547";"*video=How_John_Mack_Saved_Morgan_Stanley__Transformed_Wall_Street_W2R7bfrFQ4Men";"1.164001e-03"
" 3";" 58";" 5.17";"-10.377";"*video=Open_AI_Chief_Outlines_His_AI_Thesis_in_9_Minutes_olN6m5mi48cen";"1.275986e-03"
"27";"200";"13.50";"-10.144";"*video=Ryan_Holiday_How_Stoicism_Changed_the_World_tQplPF6Gtdken";"1.447608e-03"
" 2";" 48";" 4.17";" -9.585";"*video=How_He_Became_the_First_AI_Billionaire_smCNYsBzg0gen";"1.962035e-03"
" 1";" 38";" 2.63";" -8.877";"*video=Defense_Experts_AI_Solution_To_The_Drone_Threat_LEsO1NISV0oen";"2.888073e-03"
" 0";" 29";" 0.00";" -8.641";"*video=The_End_of_Cancer_CAR_T-Cell_Therapy__the_Biology_Revolution_-UxrkJAhtnoen";"3.286058e-03"
"39";"255";"15.29";" -8.499";"*video=Palmer_Luckey_Meet_the_Real-Life_Tony_Stark_epy8UVZilmAen";"3.553285e-03"
"13";"113";"11.50";" -8.389";"*video=Ep_74_Niall_Ferguson__Pano_Kanelos_on_Building_the_University_of_Austin_5l_Bk-zeVMYen";"3.774325e-03"
" 9";" 89";"10.11";" -8.308";"*video=NFL_Legend_Ronnie_Lott_on_Grit_Leadership__What_America_Means_to_Him_ayGzwyR5YEEen";"3.946957e-03"
" 1";" 36";" 2.78";" -8.289";"*video=The_Beginning_of_the_End_of_Cancer_with_Dr_Rick_Klausner_aUpMZjHCtB8en";"3.989547e-03"
"31";"211";"14.69";" -8.173";"*video=How_Founder_Ken_Langone_Turned_Home_Depot_Into_A_400_Billion_Empire_t65qijV0nPcen";"4.251075e-03"
"16";"128";"12.50";" -7.924";"*video=Palantir_Co-Founder_on_the_Next_Generation_of_Warfare_RsaoH4knEA8en";"4.878215e-03"
"39";"251";"15.54";" -7.840";"*video=How_Elon_Musks_SpaceX_Is_Embarrassing_The_US_Government_3pLEpO90jLoen";"5.109699e-03"
"21";"155";"13.55";" -7.771";"*video=Texas_State_Technical_College_The_School_With_a_Money-Back_Guarantee_t57vCXW8b-wen";"5.307736e-03"
" 1";" 34";" 2.94";" -7.701";"*video=What_He_Learned_Building_Amazon_With_Jeff_Bezos_DyHa6By5zc8en";"5.518078e-03"
"27";"186";"14.52";" -7.510";"*video=Ep_60_Dr_Rebekah_Gee__Nest_Health_Are_Saving_Lives_by_Reinventing_In-Home_Care_Xt8X09d7cE4en";"6.135879e-03"
" 3";" 47";" 6.38";" -7.300";"*video=2_Investment_Strategies_That_Made_Ken_Langone_a_Billionaire_-8JWYUnrL1sen";"6.895456e-03"
"23";"163";"14.11";" -7.226";"*video=Charles_Koch_How_a_Love_of_Philosophy_Unlocked_Exponential_Growth_uCFcz8SESdQen";"7.187160e-03"
"24";"167";"14.37";" -6.973";"*video=How_Psychedelic_Medicine_Could_Transform_Healthcare__Why_Medical_School_Is_Broken_0uQIHrBTGeUen";"8.275250e-03"
" 1";" 31";" 3.23";" -6.823";"*video=AI_Vs_Inflation_How_The_Top_Investors_Are_Preparing_oe0fZ6yEqhwen";"9.000209e-03"
"26";"174";"14.94";" -6.330";"*video=Turning_25K_Into_3_Billion_The_Hard_Truths_Of_Jimmy_Johns_Success_izc8oXNri1oen";"1.186920e-02"
" 1";" 27";" 3.70";" -5.657";"*video=How_Elon_Musk_Built__Sold_His_First_Company_300M_Sale_X5PZ3JuzEX8en";"1.738366e-02"
" 4";" 47";" 8.51";" -5.545";"*video=Will_AI_Replace_Software_Engineers_Tech_CEOs_Prediction_b-RMZL0_xLken";"1.853720e-02"
" 3";" 40";" 7.50";" -5.402";"*video=Ubers_Billion-Dollar_Strategy_That_Crushed_Lyft_O024I_rzgVAen";"2.011568e-02"
" 0";" 18";" 0.00";" -5.362";"*video=4_Steps_to_Scale_Your_Business_Intuit_Founder_tBaGj8B8d24en";"2.058035e-02"
"16";"115";"13.91";" -5.321";"*video=AI__the_Future_of_Technology_Joe_Lonsdale_Answers_5_Critical_Questions_1jUoU0Yppnsen";"2.106975e-02"
" 4";" 46";" 8.70";" -5.288";"*video=What_Investors_Need_to_Know_About_the_US_Debt_Spiral_FAuc2CMRbacen";"2.146925e-02"
"29";"183";"15.85";" -5.239";"*video=Ep_70_Andrew_McAfee_on_the_Science_Behind_the_Worlds_Most_Valuable_Companies_H0l0UuyP6RQen";"2.208866e-02"
" 5";" 52";" 9.62";" -5.232";"*video=Lean_Startup_vs_Fat_Startup_How_to_Succeed_like_Palantir__SpaceX_3U7_bkz-r-Een";"2.217463e-02"
"34";"207";"16.43";" -5.003";"*video=Ep_52_Yitz_Applbaum_and_a_Modern_Middle_East_Renaissance_7-7ZYcCjxjMen";"2.530408e-02"
" 5";" 51";" 9.80";" -4.987";"*video=Why_Fortune_500_Companies_Arent_Hiring_The_Best_People_iCEPIhjWl2Aen";"2.553670e-02"
"33";"199";"16.58";" -4.579";"*video=Billion_Dollar_Wins_--_and_Losses_zBWyxGAeKa4en";"3.237537e-02"
" 1";" 23";" 4.35";" -4.501";"*video=Palantir_Founder_How_to_Reach_the_Top_1_nQ2vho89H1wen";"3.386863e-02"
"13";" 91";"14.29";" -3.868";"*video=Palmer_Luckey_Important_Development_in_AI_Weapons_J3Fs47nQkZYen";"4.922820e-02"
" 4";" 39";"10.26";" -3.554";"*video=How_The_Worlds_Best_Investors_Are_Playing_AI_neqCX9ZbOywen";"5.939038e-02"
" 2";" 26";" 7.69";" -3.423";"*video=The_Genius_Strategy_Behind_Apples_First_iPhone_mJMB7O8_GE0en";"6.429647e-02"
" 6";" 47";"12.77";" -2.757";"*video=4_Rules_That_Built_Amazon_Apple__SpaceX_vXhxaOGw1IEen";"9.682896e-02"
"11";" 74";"14.86";" -2.737";"*video=Will_Superintelligent_AI_Destroy_Humanity_v7RJ8kbE9oUen";"9.804790e-02"
" 4";" 35";"11.43";" -2.627";"*video=Scared_of_AI_This_will_terrify_you_-_Ex-Google_Physicist_g0FZT99tPi0en";"1.050417e-01"
" 3";" 29";"10.34";" -2.606";"*video=Peter_Thiel_Elon_Musks_Advice_that_Transformed_Palantir_ax4IsNzPcXUen";"1.064923e-01"
" 7";" 51";"13.73";" -2.454";"*video=How_John_Mackey_Started_Whole_Foods_with_Just_45k_WKOH1xrVVt8en";"1.171973e-01"
"37";"201";"18.41";" -2.351";"*video=Why_This_Social_Justice_Activist_Became_an_Entrepreneur_Instead_-hCEp1EyMj0en";"1.251741e-01"
" 8";" 55";"14.55";" -2.197";"*video=How_to_Invest_in_2026_Altimeter_CEOs_Prediction_KnJopI3Q7Kgen";"1.382663e-01"
"37";"199";"18.59";" -2.142";"*video=A_Conversation_with_MLKs_Lawyer__Speechwriter_Dr_Clarence_Jones_AcVCzCUqxGken";"1.433365e-01"
