"";"classe 1";"classe 2";"classe 3"
"uh";-0,911;-0,469;3,52
"person";-343,87;132,481;91,186
"thing";20,75;-14,556;-1,625
"um";139,401;-65,748;-27,399
"yeah";4,308;6,898;-28,223
"work";13,861;3,224;-40,561
"year";70,174;-11,381;-39,605
"kind";0,108;2,458;-4,366
"time";34,743;-2,187;-29,139
"company";914,556;-291,545;-303,166
"build";718,892;-163,439;-323,604
"world";-21,819;33,296;-0,5
"good";-37,574;157,22;-39,833
"start";8,423;31,033;-89,984
"big";164,487;-103,54;-17,669
"talk";-149,547;155,555;1,011
"back";-55,824;66,167;0,003
"great";-147,06;488,789;-91,432
"ai";632,295;-221,679;-188,455
"sort";81,042;-57,156;-6,238
"problem";86,675;-76,829;-2,423
"interest";-3,028;2,962;0,04
"call";6,352;-2,227;-1,894
"business";110,432;-21,358;-55,837
"guy";-100,385;131,429;-0,277
"money";147,749;-61,707;-35,076
"stuff";49,378;-27,175;-7,267
"happen";-20,317;-48,478;166,449
"part";-8,745;3,048;2,624
"basically";169,264;-127,905;-10,199
"country";-275,247;6,212;289,152
"system";149,489;-139,03;-3,031
"government";-42,964;-117,018;380,725
"give";-9,754;10,772;0,023
"state";-315,262;-176,253;1258,952
"put";4,108;-37,273;17,728
"learn";31,476;2,424;-69,748
"hard";22,857;-0,838;-21,961
"day";-7,963;78,371;-38,996
"bite";-38,11;96,441;-10,976
"create";62,015;-34,96;-8,669
"school";-333,452;763,217;-68,189
"kid";-341,797;825,139;-84,256
"end";1,054;-0,186;-0,565
"run";0,185;-3,245;2,077
"idea";-80,19;31,15;21,035
"bad";-113,89;-8,541;251,041
"love";-215,694;424,522;-23,917
"point";0,197;0,334;-1,332
"change";7,27;-21,576;3,359
"important";-55,403;7,87;33,643
"high";70,67;-2,895;-66,271
"today";-17,747;153,735;-71,183
"technology";279,89;-83,053;-99,855
"find";-3,253;62,83;-41,604
"understand";-2,161;-0,002;3,2
"place";-120,035;73,111;14,023
"america";-350,058;93,555;137,792
"market";271,255;-127,049;-53,937
"life";-43,874;228,545;-72,596
"feel";-126,284;101,074;6,001
"long";55,92;-14,578;-22,5
"job";-0,008;10,106;-11,175
"pretty";18,688;-3,068;-10,473
"spend";116,92;-46,87;-29,401
"american";-337,334;364,592;1,248
"question";-10,216;15,6;-0,235
"area";45,259;-19,49;-10,273
"side";-27,056;1,747;22,521
"pay";125,828;-57,958;-25,718
"dollar";442,275;-195,893;-96,189
"leave";-239,968;4,635;258,126
"human";108,915;-45,67;-25,709
"bring";-18,349;28,946;-0,554
"joe";-186,858;349,098;-16,139
"friend";-173,066;355,831;-23,256
"show";-54,887;95,344;-3,186
"million";176,184;-65,04;-49,334
"grow";-0,33;57,527;-56,845
"amaze";-9,431;136,911;-81,655
"product";448,194;-160,731;-130,034
"excite";0,114;74,404;-95,092
"guess";0,008;1,25;-1,741
"term";25,998;-47,281;1,953
"early";7,339;2,281;-23,572
"case";29,524;-40,458;0,195
"move";4,687;-3,19;-0,404
"china";-79,232;-185,195;641,357
"live";-84,775;145,239;-4,527
"care";0,601;0,052;-1,365
"real";10,448;-4,648;-2,257
"data";282,756;-116,767;-68,218
"reason";-32,449;4,514;19,918
"focus";23,552;-10,465;-5,097
"culture";-84,127;153,822;-6,503
"level";88,412;-63,211;-6,503
"turn";50,005;-30,197;-5,966
"power";7,253;-55,385;23,702
"ago";0,449;2,075;-5,557
"sense";-5,499;-2,192;19,276
"team";53,862;-3,697;-43,997
"society";-200,873;43,651;93,561
"top";20,342;-0,494;-21,118
"model";231,151;-67,338;-83,968
"crazy";-4,349;-10,86;36,594
"billion";339,642;-135,803;-85,706
"hear";-110,873;178,54;-3,911
"buy";153,26;-41,943;-59,048
"write";-39,706;86,274;-6,678
"push";-109,185;54,825;19,228
"engineer";216,398;-52,895;-91,95
"figure";44,533;-3,065;-36,344
"small";142,277;-42,972;-49,871
"fix";-44,031;0,572;49,874
"tech";3,368;-4,053;0
"book";-169,828;254,728;-3,32
"huge";25,485;-26,504;-0,173
"sell";232,397;-67,894;-84,187
"fight";-143,755;8,145;124,273
"numb";62,027;-50,981;-2,607
"fast";195,5;-69,904;-56,921
"drive";123,027;-35,626;-44,951
"solve";75,949;-20,502;-29,628
"open";52,703;-16,264;-18,073
"future";-6,332;73,865;-40,041
"teach";-92,787;228,602;-24,487
"break";-32,371;-2,01;68,806
"couple";5,938;-0,003;-8,018
"university";-210,112;366,686;-12,536
"city";-16,68;-3,543;47,494
"house";-20,74;-7,106;68,873
"cool";43,863;-0,008;-60,366
"base";44,416;-22,281;-7,836
"law";-85,609;-28,885;282,785
"issue";-91,322;-58,314;385,295
"policy";-130,052;-54,571;464,563
"remember";-4,482;14,177;-2,455
"public";-11,253;-0,658;23,654
"industry";126,946;-51,213;-31,644
"win";-28,904;-5,595;80,102
"thousand";150,097;-59,192;-38,591
"program";7,455;-3,06;-1,814
"young";-116,42;302,954;-36,626
"education";-67,451;122,467;-5,023
"man";-193,44;371,563;-19,144
"story";-85,28;196,674;-17,922
"type";143,75;-58,437;-35,456
"set";34,718;-15,372;-7,555
"talent";10,557;3,737;-35,459
"bunch";20,856;-15,153;-1,451
"fact";-58,876;4,667;45,864
"deal";2,139;-17,38;7,739
"cost";250,169;-118,926;-48,519
"process";96,001;-68,769;-7,015
"wrong";-36,278;34,031;0,69
"student";-118,779;364,896;-60,249
"true";-2,369;9,15;-2,105
"large";110,477;-61,577;-15,827
"health";10,132;-19,723;1,068
"fund";18,288;-19,825;-0,064
"family";-126,526;247,762;-13,706
"scale";276,965;-89,026;-91,003
"play";-12,761;38,006;-5,953
"matter";-5,379;1,91;1,579
"group";-79,414;-9,545;194,163
"realize";-3,846;-0,711;10,521
"innovation";6,733;-0,221;-6,617
"absolutely";0,529;-7,601;4,514
"war";-93,403;-28,397;297,777
"history";-83,492;11,097;52,45
"gonna";3,094;0,743;-9,142
"lead";-6,278;-0,399;13,404
"software";344,774;-133,972;-90,403
"month";41,033;-14,492;-12,124
"challenge";3,288;0,686;-9,313
"free";-63,813;-9,245;163,445
"view";-94,924;11,877;61,416
"space";175,037;-65,859;-47,852
"leader";-163,751;164,077;1,727
"force";-9,899;-12,976;58,401
"smart";-9,239;46,222;-14,134
"invest";134,835;-41,377;-46,506
"energy";116,173;-42,643;-32,761
"control";10,599;-68,03;25,745
"hundred";159,196;-50,611;-52,925
"customer";216,609;-61,395;-80,78
"service";114,399;-41,977;-32,274
"read";-103,331;287,833;-39,904
"opportunity";3,096;0,396;-7,684
"home";-5,072;28,861;-9,914
"experience";-0,781;74,375;-68,872
"entrepreneur";-41,995;211,536;-65,108
"agree";-96,992;3,487;93,583
"president";-239,652;-13,837;502,671
"rule";-15,195;-105,993;249,343
"stop";-2,35;-55,065;97,318
"speak";-82,463;115,044;-0,707
"order";16,511;-29,202;1,064
"involve";-18,925;0,289;21,015
"hire";2,356;14,969;-36,209
"wow";9,276;0,522;-19,368
"easy";76,208;-42,997;-10,634
"defense";14,626;-16,743;-0,011
"economy";101,417;-59,575;-12,923
"super";8,101;0,568;-17,623
"support";-41,559;-0,647;72,749
"optimistic";-83,289;178,162;-13,17
"hope";-53,593;37,96;4,067
"car";175,68;-59,102;-54,907
"low";90,124;-54,69;-10,625
"community";-63,384;110,272;-3,713
"positive";-47,86;61,943;-0,099
"answer";-0,307;0,267;0,01
"totally";-22,823;3,891;12,504
"meet";-88,705;148,917;-4,167
"lose";-15,338;-12,773;72,696
"half";73,321;-22,916;-24,816
"trump";-198,239;-81,686;703,385
"game";11,966;0,053;-18,99
"literally";3,751;-11,005;1,679
"general";3,979;-9,569;0,968
"hey";-3,467;30,098;-13,955
"attack";-13,537;-14,045;71,113
"test";60,856;-18,648;-21,021
"founder";-25,102;135,281;-44,318
"college";-104,835;308,054;-47,121
"successful";-15,548;97,45;-36,21
"study";-32,186;82,47;-9,645
"week";-17,236;59,016;-11,535
"decade";1,973;-13,523;5,373
"versus";25,999;-24,115;-0,538
"valley";-9,02;102,393;-54,788
"military";0,594;-20,426;15,87
"sound";-3,509;4,668;-0,014
"join";-73,498;233,375;-40,668
"line";0,834;-5,209;1,929
"institution";-55,691;9,384;30,73
"fun";-25,586;147,378;-51,148
"step";-2,893;0,56;1,461
"mind";-2,595;21,552;-9,729
"amount";100,165;-44,381;-21,773
"science";2,712;13,421;-35,135
"unite";-87,699;-41,596;328,151
"risk";9,984;-11,094;-0,02
"close";5,126;-2,53;-0,931
"bill";0,139;-34,517;35,116
"middle";-42,884;42,383;0,52
"awesome";-42,696;179,4;-45,672
"hand";-0,037;-1,532;2,461
"forward";-14,114;6,593;2,819
"rate";87,44;-42,481;-16,335
"medium";-42,471;0;59,978
"train";72,058;-15,089;-34,481
"network";173,674;-76,804;-37,863
"single";10,801;-8,25;-0,624
"machine";181,801;-65,815;-52,147
"private";11,653;-9,703;-0,46
"office";-16,077;15,745;0,213
"class";-22,862;84,32;-18,274
"hour";8,955;0,425;-18,16
"word";-0,974;3,464;-0,715
"impact";1,018;-0,388;-0,274
"healthcare";122,394;-45,17;-34,284
"capital";60,818;-25,861;-14,066
"sit";-2,596;25,816;-12,918
"startup";39,687;-0,363;-46,647
"imagine";2,512;-2,954;0
"funny";-34,109;68,251;-4,074
"bank";35,093;-23,878;-3,025
"raise";17,4;-0,156;-20,486
"clear";-1,418;-35,76;62,363
"begin";-2,678;1,781;0,247
"apply";1,934;0,87;-7,092
"exist";48,443;-33,314;-4,042
"drug";25,783;-52,959;3,45
"computer";121,127;-26,097;-56,774
"ceo";-25,143;125,618;-38,363
"investor";57,632;-10,7;-29,937
"cut";24,69;-14,899;-2,951
"elon";-0,143;9,803;-8,669
"hit";52,826;-12,914;-22,444
"decision";-0,621;-18,93;31,952
"share";-23,675;3,864;13,312
"ability";28,148;-7,986;-10,487
"principle";-15,483;16,57;0,068
"growth";127,075;-51,197;-31,735
"texas";-41,439;39,893;0,639
"design";43,561;-13,988;-14,328
"watch";-26,505;52,997;-3,156
"organization";-4,664;-0,594;11,563
"code";115,737;-39,325;-35,768
"strong";-54,845;6,529;36,32
"project";48,819;-18,158;-13,542
"silicon";-3,988;69,585;-44,5
"political";-111,154;-21,635;308,535
"optimist";-151,383;363,651;-36,694
"ton";101,717;-36,594;-29,398
"yep";16,589;-8,613;-2,744
"social";-23,99;-12,489;93,096
"platform";128,113;-62,772;-23,578
"mention";-17,583;8,122;3,577
"california";-63,86;-6,934;152,436
"worry";-6,709;-0,089;11,56
"listen";-41,802;64,723;-1,084
"chinese";-47,155;-46,869;242,67
"approach";1,104;1,051;-5,568
"solution";4,04;-13,361;2,48
"regulation";22,401;-48,375;3,678
"partner";3,016;3,395;-16,487
"intelligence";88,172;-42,857;-16,458
"continue";0,063;-0,594;0,289
"access";104,96;-40,024;-28,206
"productivity";153,452;-58,186;-41,539
"parent";-123,76;281,599;-24,77
"key";16,475;-5,989;-4,701
"stay";-2,131;24,409;-13,117
"price";162,555;-66,106;-40,074
"plan";17,335;-15,936;-0,382
"austin";-71,532;143,81;-8,724
"background";-35,484;78,007;-6,243
"head";-12,391;0,544;11,433
"consumer";148,563;-56,624;-39,949
"walk";-54,432;149,777;-20,28
"trillion";152,712;-62,345;-37,443
"tax";-1,797;-47,182;81,692
"administration";-104,842;-30,519;329,45
"white";-77,337;105,259;-0,457
"tough";-32,617;51,459;-0,985
"quickly";86,495;-34,081;-22,264
"past";-19,405;0,008;26,398
"folk";0,699;-0,447;-0,072
"success";-1,582;20,608;-11,745
"percent";27,892;-18,171;-2,73
"hold";-16,027;-16,036;82,739
"economic";0,036;-49,965;55,309
"tool";68,41;-35,92;-11,072
"pass";-46,469;-9,792;132
"incredible";9,15;-0,009;-12,196
"completely";0,474;-4,383;2,109
"operate";48,753;-33,3;-4,154
"nuclear";81,995;-41,033;-14,53
"incentive";0,053;-16,435;16,99
"moment";-6,074;16,145;-2,04
"generation";-24,308;28,878;0,001
"field";95,767;-36,296;-25,939
"trade";0,903;-17,88;11,939
"party";-138,054;-12,595;316,961
"ahead";1,93;-0,047;-2
"framework";-0,111;-0,013;0,267
"difference";-1,244;0,392;0,417
"skill";30,815;-1,133;-29,593
"environment";41,311;-16,847;-10,144
"save";36,472;-14,411;-9,353
"manufacture";129,465;-57,712;-27,878
"stand";-50,543;3,504;41,156
"similar";8,947;-15,849;0,582
"goal";33,707;-23,052;-2,861
"benefit";0,004;-21,529;24,529
"form";12,297;-14,322;-0,004
"york";-78,497;82,583;0,452
"decide";-14,649;8,595;1,872
"launch";72,31;-29,611;-17,654
"internet";94,447;-38,426;-23,269
"advance";111,776;-43,19;-29,526
"conversation";-61,398;39,631;6,165
"mission";19,367;-7,321;-5,264
"front";-2,021;0,611;0,708
"choice";-31,977;6,38;15,829
"age";-11,715;72,328;-26,56
"race";-50,756;3,207;42,522
"google";69,502;-17,391;-28,964
"average";1,177;0;-1,718
"pull";1,937;-0,005;-2,495
"piece";19,216;-7,769;-4,776
"fire";-0,635;-7,824;15,829
"cheap";147,014;-57,34;-38,359
"agency";-12,224;-22,986;87,424
"phone";35,07;-5,825;-19,517
"brain";51,617;-13,553;-20,639
"street";-96,986;3,859;91,552
"progress";-0,597;-0,861;3,698
"india";-3,499;-0,001;5,083
"god";-5,615;8,407;-0,108
"suppose";-7,025;1,027;4,202
"grind";35,498;-17,702;-6,33
"global";58,244;-25,412;-12,963
"massive";54,907;-38,04;-4,476
"charge";-6,028;-21,608;63,288
"board";-3,446;6,945;-0,425
"tie";-18,441;15,48;0,699
"security";2,625;-38,93;23,417
"competition";-1,328;-9,029;21,401
"black";-70,026;43,252;7,899
"trust";2,639;-21,159;9,345
"ten";91,191;-40,017;-20,118
"reality";11,617;-2,064;-6,205
"compete";12,6;-13,841;-0,034
"version";0,877;-13,743;8,446
"politics";-84,011;9,995;55,652
"infrastructure";142,891;-56,051;-37
"deep";1,54;6,061;-17,162
"inspire";-64,66;139,212;-10,491
"develop";44,331;-17,391;-11,478
"ultimately";-0,318;-0,316;1,638
"protect";-3,542;-36,079;76,505
"powerful";-10,391;-7,335;45,762
"israel";-71,805;1,819;74,014
"eventually";35,821;-13,175;-10,076
"common";-41,453;1,753;38,593
"perspective";-9,183;4,051;2,01
"national";-28,312;-14,827;110,131
"kill";-0,038;-26,672;34,002
"entire";21,491;-18,643;-0,682
"cuz";-2,723;41,776;-25,466
"send";1,018;-7,11;2,863
"sale";75,334;-32,843;-16,786
"philosophy";-31,795;64,771;-4,107
"manage";21,596;-8,784;-5,323
"food";29,223;-3,504;-19,288
"store";71,117;-16,842;-31,004
"safe";27,812;-9,1;-8,965
"europe";-34,496;-12,994;118,461
"structure";6,819;-15,987;1,519
"incredibly";2,917;0,495;-7,79
"career";-24,175;89,04;-19,261
"vote";-100,721;-38,909;349,039
"quality";23,488;-1,226;-20,761
"correct";-3,213;-3,389;17,011
"serve";-9,099;5,279;1,193
"san";-58,38;47,477;2,58
"information";78,292;-40,419;-13,091
"scary";-0,214;-2,58;5,249
"result";1,738;-2,997;0,097
"asset";77,873;-47,363;-9,13
"vehicle";152,222;-59,63;-39,489
"special";-45,447;1,711;43,424
"anymore";-0,138;-1,141;2,555
"role";-16,22;19,862;-0,002
"essentially";21,785;-29,606;0,126
"woman";-97,084;168,766;-5,66
"full";2,669;0,743;-8,264
"drone";126,4;-51,09;-31,426
"cell";124,986;-45,416;-35,687
"shift";0,581;-0,071;-0,38
"poor";-41,632;31,021;2,645
"americans";-68,53;0,457;82,816
"critical";5,597;-6,017;-0,023
"local";-0,874;-13,287;25,62
"air";73,091;-25,935;-21,477
"truth";-58,966;63,479;0,234
"recently";-25,28;9,248;7,159
"multiple";37,512;-17,826;-7,279
"fair";-9,018;0,701;7,072
"curious";-50,599;52,263;0,375
"center";0,454;-4,589;2,316
"debate";-82,812;2,498;82,735
"room";-16,246;55,601;-10,86
"engage";-73,261;60,178;3,089
"advantage";15,494;-5,802;-4,262
"water";47,121;-11,08;-20,66
"lesson";-14,222;44,716;-7,67
"add";63,662;-36,641;-8,5
"wait";-0,639;6,766;-3,499
"finance";35,512;-6,709;-18,238
"extreme";-44,503;-17,169;154,146
"court";-105,653;-38,797;359,53
"civilization";-30,142;57,736;-2,943
"anti";-41,567;-29,012;182,167
"wave";32,377;-13,663;-7,572
"venture";40,841;-2,675;-33,846
"assume";-4,507;0,001;6,17
"regime";-97,113;-37,291;335,81
"math";19,286;0,359;-34,409
"investment";70,609;-22,768;-23,121
"fly";59,342;-24,832;-14,049
"fail";-17,012;2,632;9,862
"child";-49,077;75,782;-1,245
"late";-2,437;3,547;-0,035
"direction";-0,813;-0,685;3,872
"wake";-46,771;9,912;22,188
"speech";-113,758;-0,004;162,255
"pick";-0,646;7,226;-3,841
"mistake";-12,065;-0,355;22,767
"insurance";91,003;-36,265;-23,069
"include";-0,234;-4,573;8,367
"die";-13,242;6,186;2,645
"argument";-25,673;-0,032;38,609
"union";-57,334;-33,65;233,547
"sudden";7,074;-0,735;-4,972
"stanford";-46,789;152,718;-27,789
"francisco";-50,613;37,377;3,323
"department";-13,495;-12,584;67,385
"crisis";-5,746;-15,822;51,254
"century";-27,496;4,523;15,389
"act";-23,61;-3,607;61,316
"sector";7,494;-17,497;1,645
"individual";-0,28;-18,956;28,606
"effect";48,833;-22,647;-9,87
"difficult";6,715;-3,277;-1,245
"resource";7,074;-18,715;2,342
"fall";-9,571;-0,298;18,204
"situation";-6,867;-5,376;31,653
"short";35,905;-8,211;-16,089
"research";23,534;-6,725;-8,709
"regulatory";9,853;-46,161;13,225
"provide";42,267;-20,253;-8,087
"iran";-102,015;-20,85;287,2
"happy";-17,568;11,92;1,528
"expensive";70,769;-25,612;-20,306
"door";14,595;-1,615;-9,987
"check";-0,13;0,008;0,11
"teacher";-83,62;101,271;-0,002
"jewish";-108,307;143,18;-0,372
"tend";-13,739;-1,541;33,045
"land";5,705;-2,711;-1,107
"governor";-91,708;-0,867;153,373
"major";-2,21;-0,243;5,29
"inside";1,77;-16,717;8,133
"doctor";21,6;-8,742;-5,36
"nice";-3,265;0,266;2,519
"father";-92,373;183,585;-10,704
"dc";-71,193;-0,393;114,535
"agent";91,003;-41,175;-19,142
"nation";-46,763;-2,907;99,417
"degree";1,154;5,388;-14,379
"west";-66,627;3,062;60,819
"deliver";80,985;-31,667;-21,06
"complicate";10,963;-7,009;-1,13
"claim";59,611;-31,506;-9,524
"treat";3,515;-4,939;0,033
"negative";-0,916;10,843;-5,918
"road";31,902;-4,727;-18,94
"require";18,846;-23,376;0,007
"revolution";11,297;-8,675;-0,639
"minute";4,502;0,047;-7,59
"increase";76,675;-38,31;-13,626
"federal";-14,793;-48,34;146,54
"favorite";-11,28;58,321;-18,397
"shoot";35,721;-17,331;-6,688
"peter";-60,364;170,579;-24,3
"slow";102,799;-40,77;-26,229
"ship";56,35;-28,157;-10,012
"online";5,273;-1,26;-2,282
"fine";0,154;1,008;-2,415
"core";-0,716;8,381;-4,549
"worth";16,778;-6,768;-4,183
"vision";0,517;2,017;-5,73
"news";-19,734;42,203;-3,118
"necessarily";0,538;-3,25;1,173
"freedom";-64,091;1,462;67,214
"drop";-8,288;44,091;-14,277
"giant";61,844;-26,118;-14,448
"enterprise";47,331;-15,282;-15,477
"balance";-1,012;-23,031;40,925
"measure";6,017;-10,441;0,347
"leadership";-36,844;5,452;21,891
"disease";90,768;-32,191;-26,687
"cycle";54,436;-25,353;-10,925
"credit";7,193;-0,645;-5,36
"beautiful";-6,781;47,863;-19,418
"theory";-23,72;-13,349;94,978
"rich";-18,916;3,775;9,362
"rest";-2,153;7,676;-1,589
"path";-0,227;6,109;-4,469
"mark";-45,426;85,73;-4,127
"debt";50,789;-16,151;-16,879
"face";-24,367;28,577;0,005
"explain";-6,856;0,741;4,74
"employee";21,342;-8,144;-5,73
"deploy";79,799;-31,46;-20,525
"dad";-64,43;187,446;-28,166
"courage";-87,366;79,796;2,013
"chance";-6,721;13,398;-0,79
"russia";-45,298;-44,164;230,991
"population";14,159;-9,854;-1,138
"perfect";7,874;-3,701;-1,557
"improve";5,906;-5,862;-0,069
"weird";-3,84;1,442;1,053
"throw";1,803;-8,472;2,434
"respect";-33,079;3,507;23,056
"born";-34,515;62,567;-2,548
"wine";3,783;6,742;-26,266
"surprise";2,635;-4,298;0,102
"relate";2,879;0,258;-6,585
"harvard";-68,711;166,695;-17,222
"simple";2,863;-4,518;0,087
"practice";6,753;-0,126;-7,299
"extremely";2,62;4,858;-18,591
"budget";2,083;-29,276;17,23
"source";47,815;-22,699;-9,295
"number";12,784;-6,58;-2,15
"firm";-0,069;10,696;-10,455
"expect";16,227;-5,646;-4,879
"attention";-0,239;-0,169;1,053
"congress";-69,59;-33,818;262,85
"speed";50,789;-16,151;-16,879
"outcome";11,118;-3,336;-3,923
"obvious";-1,262;-16,641;33,135
"industrial";34,643;-27,294;-1,763
"fascinate";-20,954;17,357;0,848
"dod";49,465;-12,254;-20,788
"digital";62,496;-33,818;-9,524
"demand";61,312;-29,759;-11,473
"she_s";-57,302;126,588;-10,273
"profit";12,523;-6,186;-2,272
"found";-38,295;105,397;-14,277
"forget";-8,533;1,462;4,661
"terrible";-12,301;-0,626;25,239
"position";-1,499;-10,441;24,571
"nature";0,061;-6,901;6,526
"movement";-45,62;-1,188;84,72
"legal";-10,532;-3,109;33,249
"choose";-21,069;37,009;-1,305
"argue";-38,295;-0,044;57,419
"supply";88,606;-41,374;-17,709
"stock";80,784;-32,11;-20,55
"financial";18,417;-10,441;-2,543
"wall";-0,919;-0,102;2,207
"return";27,502;-17,208;-3,001
"john";-9,549;27,183;-3,926
"bottom";6,575;-3,49;-1,041
"blue";-3,401;-13,493;38,099
"basic";4,022;-7,206;0,279
"paper";18,215;-2,426;-11,432
"healthy";-0,646;11,438;-7,354
"town";-1,587;17,834;-9,495
"stick";-0,239;11,674;-9,755
"professor";-64,763;153,697;-15,057
"modern";-0,948;-0,719;4,31
"miss";-12,582;5,877;2,513
"hack";1,167;5,378;-14,417
"democrat";-90,033;-33,339;307,29
"complex";30,788;-10,701;-9,27
"threat";-0,436;-19,342;30,821
"rid";-7,308;-13,828;52,449
"jews";-81,915;19,683;35,297
"chip";92,475;-39,895;-20,934
"robot";82,15;-34,689;-19,195
"patient";101,373;-37,612;-28,208
"natural";5,892;-1,504;-2,414
"current";0,351;-4,981;2,944
"clean";23,537;-12,167;-3,926
"beat";-1,24;-0,954;5,672
"trouble";-5,833;-0,458;12,975
"concern";-11,279;-11,316;58,304
"wealth";-6,298;0,011;8,22
"note";-57,534;81,618;-0,614
"manager";5,34;0,027;-8,543
"limit";7,822;-10,396;0,03
"hate";-39,196;4,674;25,937
"development";27,903;-9,089;-9,038
"capitalism";-8,147;-16,099;59,905
"pro";-9,555;-6,651;41,826
"opinion";-6,057;14,017;-1,289
"inflation";48,251;-22,346;-9,775
"hospital";20,392;-10,737;-3,283
"communist";-87,292;-19,742;253,263
"post";-13,585;7,956;1,743
"mine";1,391;0,868;-5,811
"efficient";88,954;-32,52;-25,211
"context";-1,018;-6,186;15,17
"red";-37,566;-7,95;106,848
"produce";53,324;-23,367;-11,79
"dynamic";14,083;-18,248;0,03
"differently";0,615;-0,169;-0,236
"capture";-1,873;-11,649;28,358
"specific";36,218;-21,811;-4,35
"ready";3,134;0,021;-5,109
"proud";-27,816;54,6;-3,047
"material";34,414;-12,05;-10,273
"equity";37,762;-21,424;-5,206
"educate";-8,188;17,55;-1,305
"twitter";-7,901;-2,171;24,363
"target";20,392;-19,498;-0,333
"standard";27,932;-7,672;-10,726
"jump";0,351;1,362;-3,875
"judge";-77,286;-1,539;138,937
"depend";1,378;-2,542;0,112
"application";61,336;-14,341;-27,013
"revenue";56,2;-20,177;-16,283
"normal";-0,525;-0,01;0,934
"lucky";-2,446;31,279;-17,681
"fit";33,947;-15,453;-7,072
"cancer";63,598;-18,288;-23,395
"builder";-7,253;45,381;-16,841
"actual";6,334;-7,596;0
"size";61,294;-26,301;-13,988
"reform";-31,385;-15,704;119,905
"reach";-12,102;18,951;-0,344
"night";-11,335;38,528;-7,451
"music";-10,573;49,458;-14,147
"language";17,677;-1,844;-12,403
"eat";13,573;0,02;-20,504
"earth";25,523;-2,142;-19,485
"blow";35,038;-14,073;-8,787
"report";0,961;-4,549;1,317
"player";2,303;0;-3,331
"period";1,378;-1,91;0,011
"medical";20,897;-1,574;-16,562
"management";38,322;-14,416;-10,479
"graduate";-25,173;87,341;-17,401
"finally";-9,555;-3,265;31,7
"facebook";6,72;-8,432;0,005
"email";6,412;0,005;-9,527
"truck";67,126;-19,115;-24,922
"relationship";-10,332;0,151;11,538
"optimism";-62,585;150,525;-15,234
"fundamental";16,66;-18,974;-0,016
"enable";45,019;-25,506;-6,225
"catch";0,036;-1,331;1,051
"afraid";-55,132;22,019;13,934
"action";-17,081;-6,323;58,292
"account";8,852;-6,587;-0,565
"track";11,385;-9,022;-0,565
"sign";-4,894;-1,074;14,07
"page";11,72;-1,539;-7,406
"follow";-11,863;-1,468;29,207
"feedback";28,097;-11,389;-6,958
"failure";-9,574;0;13,671
"biden";-68,717;-33,342;259,399
"battery";80,953;-28,785;-23,728
"secretary";-25,295;1,593;21,213
"republican";-77,286;-32,513;276,337
"operation";16,274;-17,144;-0,092
"mess";-1,819;-1,161;7,676
"flow";43,191;-21,344;-7,829
"ecosystem";25,913;-5,266;-12,666
"worker";-0,122;-2,655;4,759
"waste";20,051;-14,635;-1,373
"fundamentally";7,399;-11,719;0,23
"scare";-0,791;-2,829;8,295
"property";-1,952;-14,282;33,132
"physical";32,63;-13,527;-7,829
"mom";-36,956;105,151;-15,172
"lawyer";-41,665;8,875;19,693
"hurt";-16,884;-9,152;66,586
"destroy";3,191;-26,131;11,694
"concept";9,52;-2,005;-4,536
"video";0,601;0;-0,86
"succeed";-19,571;51,871;-6,516
"safety";11,72;-25,329;1,93
"light";6,018;-0,034;-7,374
"huh";-3,19;3,524;0,007
"capability";97,658;-37,38;-26,117
"bond";47,152;-11,608;-19,918
"washington";-33,695;0,226;40,694
"technical";44,631;-15,346;-13,607
"pale";0,77;7,441;-15,993
"eye";0,593;-0,079;-0,373
"effort";-3,389;0,167;3,042
"cultural";-38,673;6,178;22,018
"warfare";53,111;-28,785;-8,068
"strategy";9,098;-21,037;1,93
"option";-0,142;0,444;-0,076
"knowledge";9,098;-0,327;-8,781
"effectively";0,772;-22,74;17,024
"canada";-18,084;1,42;14,134
"bias";-0,694;-0,465;2,989
"battle";-7,845;-14,959;56,543
"brand";16,965;-0,303;-18,455
"solar";73,281;-23,47;-24,172
"record";0,447;0,191;-1,608
"interview";-6,712;39,249;-13,794
"medicine";31,438;-6,335;-15,457
"grade";-17,622;77,995;-21,044
"evolve";10,521;-6,117;-1,373
"dangerous";-3,969;-16,052;45,017
"autonomous";87,539;-39,333;-18,617
"root";-0,514;3,294;-1,244
"replace";31,115;-12,193;-8,068
"mile";38,678;-13,883;-11,21
"journey";-0,307;28,317;-26,117
"define";7,721;-2,266;-2,785
"purpose";5,031;-1,219;-2,153
"income";1,476;-9,181;3,392
"gold";23,414;-18,374;-1,212
"frankly";-23,536;12,444;3,757
"club";-17,352;74,173;-19,256
"respond";-0,085;-24,382;32,488
"opposite";-20,769;4,165;10,246
"list";1,429;-0,959;-0,128
"laughter";-11,148;18,393;-0,467
"experiment";12,918;-12,82;-0,15
"driver";12,041;-0,312;-12,361
"affect";-4,101;-0,38;9,447
"wife";-53,85;111,991;-7,592
"touch";-0,005;6,658;-7,374
"topic";-39,99;41,587;0,271
"taiwan";-16,946;-27,189;111,135
"potential";46,275;-15,682;-14,344
"double";29,914;-12,469;-7,122
"death";-21,612;0,033;28,346
"cover";0,965;-1,781;0,078
"convince";-0,384;8,013;-5,442
"civil";-28,313;-4,355;73,659
"chain";31,115;-19,611;-3,331
"cartel";-2,983;-27,176;59,33
"unique";-1,652;5,254;-0,918
"status";1,476;-12,42;5,652
"plant";49,065;-17,805;-14,033
"oppose";-6,517;-12,281;46,665
"moon";34,665;-18,979;-5,157
"identify";-1,835;-0,002;2,759
"connect";17,095;-7,378;-3,868
"roll";1,189;-0,046;-1,131
"recognize";-8,078;-1,888;23,674
"palunteer";29,618;-8,364;-11,083
"king";-48,167;137,959;-20,15
"generally";-0,032;-0,013;0,115
"era";10,089;-5,582;-1,468
"engine";78,901;-30,263;-21,044
"contract";29,618;-21,165;-2,182
"climate";-0,074;-29,008;37,972
"academic";-9,609;35,734;-7,829
"podcast";-42,505;106,175;-11,737
"lab";60,14;-25,069;-14,317
"evil";-64,693;-0,726;109,772
"chat";13,59;-1,59;-9,073
"bullish";12,714;-3,443;-4,946
"army";51,082;-21,966;-11,62
"address";0,015;-11,85;12,847
"mental";-26,778;-9,507;90,041
"iterate";43,073;-14,219;-13,748
"elite";-36,815;12,35;11,543
"border";-20,982;-18,979;103,294
"block";3,529;-21,165;7,594
"weapon";21,138;-16,148;-1,221
"trend";22,791;-8,364;-6,428
"stage";10,29;-3,955;-2,737
"rise";-0,84;-9,507;19,635
"pessimism";-76,394;172,502;-14,867
"offer";9,719;-0,763;-7,597
"north";-34,861;-1,888;72,298
"macro";13,657;-1,109;-10,549
"event";-4,24;-2,804;18,157
"directly";3,783;-13,883;2,989
"bureaucracy";-1,979;-18,45;40,035
"bright";-16,775;34,167;-2,165
"align";-2,951;-0,619;8,373
"achieve";-16,436;10,899;1,529
"uber";10,726;-0,899;-8,194
"region";-17,622;-1,691;40,904
"labor";0,585;-23,47;18,862
"honestly";0,587;1,797;-5,585
"dream";-5,356;37,978;-15,457
"crypto";-0,973;-20,628;37,148
"creative";0,585;0,275;-2,182
"art";-29,938;86,684;-12,914
"western";-51,196;10,689;24,549
"ukraine";-6,177;-18,587;58,149
"shape";1,446;3,607;-12,159
"prime";0,29;-7,745;5,652
"notice";-3,287;9,338;-1,344
"innovate";12,48;-2,222;-6,658
"florida";-23,072;0,079;29,174
"broad";16,233;-14,583;-0,417
"steal";-0,053;-23,877;31,036
"star";-7,607;27,781;-5,942
"range";46,02;-15,478;-14,387
"morning";-35,011;105,815;-16,997
"main";3,143;-9,507;1,529
"effective";12,525;-16,638;0,048
"drink";-10,415;42,981;-10,717
"direct";16,538;-15,71;-0,285
"valuable";40,25;-12,469;-13,748
"plane";31,193;-12,396;-7,938
"fill";25,489;-9,181;-7,356
"executive";-26,009;-0,65;48,044
"disagree";-51,196;27,022;8,201
"committee";-41,525;-15,478;142,062
"amazon";38,898;-12,394;-12,9
"unit";51,246;-24,246;-10,019
"religion";-58,153;40,774;4,562
"intellectual";-30,813;40,454;-0,091
"element";-4,539;-18,979;52,609
"deeply";-14,038;7,042;2,477
"card";28,8;-13,509;-5,713
"therapy";65,063;-26,5;-16,005
"talented";-7,589;55,784;-23,274
"senior";-13,663;27,781;-1,751
"professional";-1,188;16,293;-9,492
"navy";1,001;4,126;-11,496
"fully";0,425;-0,394;-0,009
"enjoy";-38,782;122,224;-21,044
"democracy";-53,202;-4,973;122,794
"bubble";11,652;-4,835;-2,792
"body";21,585;-11,712;-3,271
"majority";-8,365;-11,712;51,053
"logistic";61,527;-19,567;-20,448
"liberal";-45,509;-7,278;119,626
"insane";1,77;-12,065;4,774
"impossible";0,583;-3,22;1,078
"fan";-35,191;20,112;4,774
"expand";24,621;-22,249;-0,609
"cyber";23,322;-15,222;-2,27
"compare";3,529;-0,883;-1,471
"cloud";61,902;-25,527;-14,965
"screw";1,5;-6,54;1,736
"robotics";63,481;-21,793;-19,388
"quote";-35,011;21,841;3,85
"predict";36,816;-18,61;-6,405
"picture";8,092;-0,612;-6,407
"movie";-26,9;39,435;-0,418
"extraordinary";-8,365;18,809;-1,603
"crush";6,829;-0,076;-7,874
"conflict";-10,998;-20,628;78,544
"compute";76,068;-28,852;-20,584
"ally";-12,399;-20,364;82,345
"humanity";0,419;2,783;-6,642
"foundation";-4,46;15,489;-3,09
"east";-38,214;3,076;29,608
"corporate";-26,796;0,694;27,519
"arm";1,559;-5,483;1,113
"strike";-2,729;-1,836;11,773
"relative";3,682;-0,612;-2,049
"recruit";-0,418;20,247;-16,888
"personal";-12,399;13,265;0,055
"owner";19,173;-6,068;-6,405
"moderate";-62,831;-8,952;160,242
"ll";5,774;0,017;-8,97
"generate";58,29;-23,012;-14,965
"transform";8,249;-1,335;-4,661
"simply";-0,144;-4,712;7,862
"layer";65,682;-28,014;-15,124
"homeless";-47,837;-11,673;142,062
"elect";-63,744;-14,71;186,076
"edge";25,157;-9,725;-6,642
"defend";-30,112;-2,38;67,084
"cynicism";-63,599;161,07;-18,363
"cold";-15,716;-4,915;50,581
"citizen";-33,965;-0,179;54,48
"cash";27,17;-9,853;-7,777
"bet";14,094;-3,992;-5,26
"specifically";9,027;-13,509;0,173
"soviet";-28,5;-25,111;138,61
"pressure";-8,415;-13,509;55,203
"popular";-10,782;15,477;-0,133
"neural";71,65;-27,176;-19,388
"gain";22,055;-23,423;-0,11
"election";-59,976;-21,37;201,926
"ban";-37,17;-8,284;107,367
"voice";-33,121;29,9;0,825
"total";5,179;-5,036;-0,073
"submit";36,733;-23,575;-3,746
"spacex";57,213;-20,223;-16,888
"satellite";54,718;-18,916;-16,578
"restaurant";-2,298;23,297;-11,776
"release";10,964;-8,617;-0,564
"member";-17,352;-0,016;25,865
"honest";-15,453;10,332;1,404
"foreign";-25,386;-7,954;81,758
"evidence";-9,048;0;12,812
"encourage";-29,576;11,944;7,362
"aspect";1,252;-19,012;11,543
"traditional";0,003;0,017;-0,043
"task";23,632;-12,396;-3,832
"search";30,049;-6,197;-14,537
"screen";31,391;-9,971;-10,445
"planet";17,921;-5,109;-6,646
"metric";25,511;-12,056;-4,997
"green";-0,61;2,882;-0,833
"gas";10,346;-12,894;0,005
"combine";33,302;-10,662;-10,989
"carry";6,667;0;-9,366
"south";-43,741;4,45;31,013
"rare";0,576;-0,215;-0,159
"poverty";-20,645;-6,981;68,247
"function";7,091;-11,315;0,234
"fear";-7,123;0,116;7,841
"document";7,285;-2,581;-2,145
"criminal";-50,072;-22,622;183,9
"commercial";60,165;-20,961;-18,065
"campaign";-38,039;-3,498;87,482
"uk";-20,656;-0,572;38,663
"payment";41,005;-25,501;-4,545
"marketplace";35,713;-9,853;-13,657
"margin";34,82;-17,806;-5,928
"highly";7,817;-5,109;-0,758
"fuel";54,109;-25,082;-10,945
"entrepreneurship";-33,965;101,535;-16,005
"constantly";3,073;-1,96;-0,319
"audience";-13,966;25,542;-1,081
"adversary";3,865;-23,451;8,494
"technological";30,441;-19,415;-3,158
"secret";5,581;-2,157;-1,473
"rocket";32,966;-13,946;-7,683
"reactor";64,195;-23,158;-18,492
"officer";-17,027;19,664;0,009
"loop";36,733;-12,056;-11,8
"leverage";34,82;-13,565;-9,099
"honor";-47,564;96,973;-6,166
"grant";-1,79;0,929;0,296
"foot";26,978;-10,569;-6,997
"famous";-11,782;34,535;-5,26
"estate";28,125;-5,596;-13,95
"discover";18,93;-3,831;-9,28
"attract";0,269;0,503;-1,917
"artist";-4,667;34,569;-14,498
"algorithm";23,932;-18,916;-1,201
"africa";-3,663;-3,044;17,343
"accelerate";15,18;-3,742;-6,405
"struggle";-10,195;16,316;-0,344
"phase";12,077;-7,51;-1,339
"oil";7,903;-9,498;0
"hardware";62,381;-23,993;-16,578
"handle";5,581;-15,222;2,026
"gdp";46,278;-24,828;-7,176
"feed";14,419;-12,028;-0,564
"sue";0,576;-13,28;9,298
"sport";-36,292;86,995;-8,733
"reduce";21,228;-17,694;-0,833
"press";-3,266;2,882;0,094
"potentially";12,633;-8,617;-1,081
"listener";3,433;-0,29;-2,615
"liberty";-28,313;-1,75;60,132
"gap";7,115;-0,123;-7,777
"currency";9,758;-11,861;0,001
"content";0,577;0,004;-0,941
"basis";6,115;-2,362;-1,617
"venezuela";-23,876;-13,28;95,145
"spread";-0,254;-0,184;1,131
"sleep";-10,571;33,223;-5,695
"separate";-0,334;0;0,48
"innovative";7,235;-8,952;0,002
"fee";36,757;-22,208;-4,38
"factory";46,764;-17,287;-13,072
"commit";-18,476;0,179;21,591
"character";-26,876;45,586;-1,349
"careful";-19,209;-0,215;32,587
"boy";-21,415;35,704;-0,962
"aircraft";50,83;-18,486;-14,498
"website";5,697;0,35;-12,086
"signal";5,063;-1,271;-2,104
"senate";-45,769;-15,222;150,436
"loan";20,926;-5,425;-8,461
"dig";12,503;-2,358;-6,428
"component";22,429;-14,832;-2,104
"competitive";28,33;-15,222;-4,38
"automate";38,908;-14,614;-10,661
"accountable";-30,601;-11,296;104,327
"virtue";-40,397;69,144;-2,145
"suddenly";1,015;-2,796;0,38
"stack";47,84;-15,408;-15,686
"scientist";20,028;-3,892;-10,094
"round";16,763;-3,831;-7,516
"remind";-21,483;23,803;0,047
"promise";2,008;-0,788;-0,52
"present";-1,879;17,305;-8,302
"nonprofit";-3,663;0,586;2,084
"mayor";-49,044;2,014;45,969
"interact";-0,136;5,011;-3,955
"impressive";0,576;2,007;-5,938
"frustrate";-7,942;8,158;0,063
"faith";-39,25;62,98;-1,349
"dei";-31,69;-1,769;66,068
"competitor";17,967;-7,627;-4,166
"camp";-24,975;-13,428;98,176
"90s";-2,854;7,594;-0,962
"tiny";26,22;-9,498;-7,516
"table";16,329;-3,284;-8,039
"prove";0,06;0,328;-0,833
"pandemic";-4,015;-3,071;18,316
"ocean";48,2;-16,475;-14,795
"musk";-24,588;45,853;-2,104
"immigration";-26,449;-1,946;58,077
"expert";4,476;-0,014;-5,692
"discussion";1,946;0,043;-3,541
"capitalist";0,018;-1,769;1,65
"campus";-35,832;59,864;-1,631
"box";4,984;-2,594;-0,821
"architecture";54,109;-17,287;-17,894
"wire";0;2,007;-2,318
"visit";-46,459;85,639;-3,746
"transition";6,683;-2,359;-1,976
"regulator";-0,741;-15,261;27,641
"quarter";10,061;-1,336;-6,324
"productive";25,275;-10,939;-5,695
"print";44,357;-17,694;-11,229
"mode";49,284;-19,312;-12,78
"mindset";-11,665;34,771;-5,454
"merit";-22,37;-3,625;59,012
"justice";-51,776;-1,946;101,183
"gotta";-10,842;10,234;0,197
"factor";18,588;-8,443;-3,885
"extent";-6,369;-6,981;34,362
"economics";-2,405;20,333;-9,28
"dozen";12,077;-4,724;-3,139
"doge";-29,75;2,954;21,304
"device";48,646;-17,661;-13,904
"crime";-25,627;-12,894;98,12
"construction";39,955;-15,01;-10,945
"breakthrough";25,061;-6,526;-10,094
"america_s";-27,723;9,511;8,474
"accountability";-12,984;-9,498;58,077
"wage";3,249;-2,359;-0,227
"shock";-4,456;-0,154;8,601
"regulate";12,404;-18,899;0,28
"quick";9,412;-3,831;-2,318
"pilot";22,002;-4,654;-10,452
"passionate";-17,624;38,224;-2,943
"motivate";-14,789;39,948;-5,215
"mentor";-34,959;81,137;-7,516
"introduce";-17,677;33,467;-1,631
"influence";-23,876;-0,073;37,173
"illegal";-40,397;-19,725;152,867
"host";-32,348;39,948;-0,009
"finish";-11,201;53,593;-15,686
"entrepreneurial";-16,22;51,572;-9,006
"constitution";-49,044;-5,425;117,573
"client";9,653;-0,93;-6,997
"travel";-6,369;26,053;-6,428
"tank";32,667;-19,404;-4,055
"shareholder";4,568;-14,454;2,504
"obsess";2,42;1,504;-10,094
"net";43,868;-19,821;-9,248
"map";28,771;-12,127;-6,74
"joke";-14,203;21,437;-0,294
"japan";-35,41;-4,165;86,125
"hot";16,02;-3,364;-7,651
"hell";0,013;0,009;-0,055
"fighter";4,568;-1,183;-1,849
"enemy";-8,152;-6,204;37,108
"emerge";-0,164;-0,036;0,471
"autonomy";22,474;-13,823;-2,562
"authority";-25,627;-12,894;98,12
"afford";0,805;1,5;-5,728
"switch";15,523;-4,095;-6,182
"score";17,723;-2,829;-10,094
"radar";43,712;-16,905;-11,534
"production";37,862;-21,489;-5,215
"primary";-3,59;-0,655;9,786
"phd";-1,764;22,593;-12,78
"palanteer";14,327;-4,165;-5,215
"mr";-32,85;47,617;-0,452
"mhm";-3,663;19,278;-6,182
"mar";2,166;-0,715;-0,692
"insight";7,467;-2,144;-2,751
"ideology";-35,937;-0,003;51,597
"genius";-4,21;1,752;1,005
"empower";-7,242;4,405;0,849
"electronic";53,17;-18,987;-15,505
"electric";50,966;-18,154;-14,908
"dr";-45,403;109,984;-11,323
"diversity";-28,572;31,233;0,085
"wonderful";-20,656;64,509;-10,945
"tribe";-22,349;-2,435;53,393
"stupid";-7,242;-9,836;43,51
"site";0,244;-1,211;0,367
"reward";2,121;-2,615;0,001
"progressive";-36,372;-8,377;106,111
"performance";15,941;-9,144;-2,145
"notion";-2,425;-10,607;28,946
"mother";-36,827;85,481;-7,92
"mass";19,138;-15,665;-0,821
"heavy";20,368;-8,038;-5,232
"heart";-5,625;2,588;1,152
"hang";-4,015;21,073;-6,74
"dramatically";31,739;-7,844;-13,365
"detail";7,467;-0,788;-5,215
"advice";-7,474;18,893;-2,145
"admire";-47,223;56,027;0,002
"wealthy";-14,789;0,71;13,356
"summer";-12,834;26,7;-1,812
"shut";3,86;-6,204;0,134
"series";0,133;-0,001;-0,167
"naturally";16,388;-8,443;-2,751
"match";8,536;-2,365;-3,252
"lock";0,793;-2,144;0,28
"exercise";3,951;0,394;-9,248
"count";-0,115;-1,183;2,504
"controversial";-43,614;51,721;0,002
"contribute";-1,207;0,875;0,085
"commerce";23,6;-12,048;-4,03
"chairman";-44,492;37,83;1,576
"bitcoin";3,468;-22,152;8,353
"biology";22,227;-8,75;-5,728
"billionaire";-6,46;11,808;-0,499
"animal";15,85;-4,797;-5,545
"abuse";-28,888;-0,072;44,565
"straight";-0,473;0,071;0,28
"spirit";-26,312;63,81;-6,587
"responsibility";-33,649;-1,735;69,19
"possibly";-5,625;0,564;4,012
"pattern";18,83;-8,393;-4,055
"lift";-0,044;10,591;-10,742
"license";27,667;-12,643;-5,728
"legacy";-10,197;20,354;-1,205
"determine";9,328;-1,156;-6,063
"democratic";-47,329;-4,956;112,037
"color";-5,923;32,377;-10,742
"approve";16,867;-13,428;-0,821
"angry";-38,181;6,605;20,734
"user";27,54;-14,784;-4,266
"transparency";-2,425;-5,572;19,435
"thought";-36,827;6,236;20,261
"steve";-7,011;29,246;-7,383
"spot";13,535;-2,829;-6,485
"scientific";-0,038;-0,751;1,368
"physic";40,331;-10,607;-16,102
"originally";-0,508;2,614;-0,821
"mobile";52,886;-20,059;-14,311
"mix";6,416;-0,751;-4,282
"lie";-5,137;9,827;-0,499
"heat";10,749;-19,222;0,737
"dumb";-0,962;-6,204;14,939
"confident";0,052;5,71;-8,19
"ceos";-2,183;16,111;-6,74
"authoritarian";-19,378;-16,489;92,749
"apple";17,937;-4,956;-6,851
"annoy";-11,498;1,061;8,474
"afghanistan";-35,047;-2,144;74,289
"spectrum";-2,299;-1,048;8,474
"significant";6,85;-6,526;-0,115
"review";4,049;-1,017;-1,683
"prior";23,91;-10,231;-5,479
"police";-22,679;-2,15;52,506
"personally";-6,695;0,022;8,474
"optimize";40,629;-13,649;-12,718
"obama";-38,181;-5,749;98,779
"legislation";-10,02;-21,315;76,82
"invite";-14,615;35,935;-3,831
"image";6,787;-11,084;0,265
"equal";-5,137;-1,183;14,984
"curve";31,831;-11,65;-9,008
"combination";1,349;0,022;-2,378
"closely";-3,965;0,521;2,504
"chief";-8,323;21,218;-2,454
"brother";-17,582;58,654;-11,032
"article";-4,893;14,373;-2,197
"adopt";-0,103;-5,886;9,065
"accept";-8,937;17,37;-0,935
"web";32,667;-10,231;-11,032
"title";-1,242;-0,129;2,935
"terrorist";-13,168;-18,154;79,727
"son";-26,312;74,012;-10,452
"publish";-3,527;12,665;-2,648
"pain";16,177;-7,335;-3,391
"expose";-10,842;21,896;-1,349
"conservative";-31,017;-8,393;95,174
"condition";5,821;-2,858;-1,067
"central";1,752;-7,685;2,053
"broadly";-0,349;-2,365;5,612
"bold";-15,35;3,719;6,57
"storage";47,001;-20,896;-10,163
"salary";2,634;2,056;-12,126
"neighborhood";-8,743;10,994;-0,007
"lean";-0,071;0,022;0,025
"international";-16,058;2,347;9,605
"institute";-31,498;14,532;6,421
"horrible";-13,977;9,106;1,368
"forever";11,986;-4,537;-3,252
"easily";32,667;-14,454;-7,116
"carbon";44,808;-17,321;-11,83
"burn";2,7;0,138;-5,545
"aware";-2,945;0,521;1,576
"70s";-11,339;-1,93;30,312
"scenario";4,049;-3,693;-0,094
"represent";-12,568;-0,159;21,565
"prepare";-1,358;-0,618;5,001
"pace";24,713;-11,472;-4,987
"organize";0,119;-2,615;1,804
"multi";40,629;-18,57;-8,408
"massively";9,758;-8,038;-0,406
"file";-0,016;-13,556;17,157
"environmental";-3,719;-20,896;52,506
"cure";49,865;-20,478;-12,126
"cross";0,041;-0,86;0,587
"biotech";21,294;-3,969;-11,032
"apartment";-1,747;14,786;-6,752
"80s";-7,011;0,394;6,077
"wind";14,454;-6,643;-2,965
"wide";13,538;-1,723;-8,688
"skeptical";-3,527;6,998;-0,406
"rock";-0,41;-0,098;1,209
"religious";-43,683;48,013;0,115
"pre";23,738;-13,248;-3,391
"mid";1,412;0,157;-3,391
"message";-18,453;-0,002;26,506
"iraq";-28,398;-11,084;98,779
"historically";5,245;-1,723;-1,683
"gun";10,391;-3,778;-2,965
"enormous";10,061;-11,084;-0,025
"earn";5,391;0,007;-8,13
"dinner";-23,513;58,993;-6,587
"consequence";0,029;-13,556;14,344
"barrier";18,537;-11,084;-2,265
"bar";4,82;-0,018;-6,063
"ball";-3,929;0,35;2,935
"announce";1,438;1,501;-7,576
"activity";0,236;-3,969;2,504
"studio";-13,772;1,506;9,473
"moral";-25,794;-1,512;54,247
"la";-5,4;21,218;-4,987
"interface";42,107;-12,847;-14,609
"integrate";24,506;-5,63;-10,942
"immigrant";-43,683;25,279;5,761
"homelessness";-30,614;-5,428;82,765
"hollywood";-40,038;0,458;46,003
"helpful";-0,006;0,372;-0,321
"exact";-0,239;-1,723;4,013
"embrace";-16,052;2,378;9,531
"dignity";-33,581;-1,949;70,505
"developer";21,804;-10,312;-4,266
"covid";0,388;-14,051;11,046
"connection";-0,061;9,775;-9,585
"complete";-0,052;-2,15;3,463
"blood";8,472;-3,592;-1,968
"alpha";-0,908;18,119;-12,126
"admit";-29,73;11,857;7,528
"wisdom";-27,528;20,888;1,633
"wear";-14,523;41,915;-6,208
"vertical";19,894;-5,964;-7,025
"teenager";-17,897;42,108;-4,037
"shop";4,271;-3,778;-0,121
"response";-6,227;-1,336;17,782
"racist";-41,861;7,491;22,261
"possibility";19,187;-8,377;-4,266
"politically";-45,506;-13,248;143
"percentage";6,35;-3,497;-0,933
"peace";-12,456;5,64;2,617
"paypal";0,587;3,892;-9,296
"neuron";21,918;-6,317;-8,045
"missile";30,777;-16,073;-5,034
"metal";45,46;-18,804;-10,942
"maintain";2,7;-16,905;6,276
"deficit";25,513;-9,545;-7,025
"decentralize";0,384;-19,222;16,131
"daughter";-31,856;71,958;-6,208
"corporation";-1,637;-8,012;21,051
"conference";-15,286;37,65;-4,03
"classic";-21,848;7,228;6,957
"christian";-40,038;5,435;24,887
"boat";13,448;-8,893;-1,262
"baby";-8,377;33,693;-8,148
"aggressive";-4,649;-2,401;17,986
"virus";-1,637;-14,374;31,692
"trial";31,7;-12,847;-7,852
"staff";4,82;-0,58;-3,176
"scott";-7,736;35,676;-10,056
"promote";-24,606;0,651;25,177
"prevent";3,081;-5,749;0,265
"portfolio";19,187;-2,646;-11,83
"independent";-8,743;3,054;2,617
"hide";-20,198;-0,827;39,991
"guide";-2,386;12,973;-4,283
"floor";-0,794;4,001;-1,233
"fake";0,092;-0,381;0,096
"describe";-1,97;4,734;-0,478
"dentist";8,38;-0,608;-6,726
"date";-7,925;20,248;-2,353
"confront";-16,052;2,378;9,531
"comment";-9,031;0,458;8,043
"bio";29,909;-9,674;-9,761
"behavior";-0,974;-0,827;4,658
"suffer";-16,078;17,41;0,057
"strength";-3,039;-1,317;10,987
"remove";-1,242;-0,129;2,935
"recent";-13,086;-0,827;27,904
"provider";39,933;-16,905;-9,296
"offense";25,497;-10,461;-6,208
"intuition";27,552;-9,164;-8,721
"frontier";13,248;-2,69;-6,479
"explore";0,221;1,506;-3,568
"exchange";3,746;-8,012;0,592
"empire";-27,087;0,328;30,927
"efficiency";31,831;-11,65;-9,008
"discipline";0,383;5,048;-10,056
"default";5,288;-4,973;-0,099
"david";-27,087;76,636;-10,942
"curriculum";-19,378;52,832;-7,025
"chicago";-26,208;28,195;0,105
"category";-4,649;2,731;0,592
"capacity";12,403;-3,592;-4,531
"boom";43,712;-14,374;-14,012
"analogy";18,949;-9,164;-3,568
"adult";-13,086;33,822;-4,03
"acquire";29,621;-9,928;-9,296
"academia";-2,626;17,41;-6,752
"square";11,951;-2,952;-5,034
"senator";-35,398;2,11;30,167
"ride";-0,012;0,479;-0,383
"quantum";30,598;-11,921;-7,995
"protection";-0,203;-17,967;26,312
"previous";0,225;-8,012;6,276
"perform";-0,181;0,328;-0,013
"nonsense";-25,332;-3,592;64,526
"magazine";-6,494;24,367;-5,402
"immediately";-0,525;-9,164;17,157
"identity";-11,645;0,81;9,473
"gpt";40,427;-15,657;-10,647
"fraud";-13,026;-10,857;61,761
"economist";-19,378;16,254;0,737
"domain";23,456;-9,674;-5,669
"discuss";-13,026;2,787;6,137
"decline";-2,626;0,81;0,901
"copy";1,161;2,11;-8,148
"comfortable";-0,071;5,824;-5,288
"censor";-26,208;-5,3;73,554
"ccp";-29,392;-13,147;107,541
"capable";6,996;-3,778;-1,071
"app";24,506;-9,164;-6,752
"workforce";4,535;-2,69;-0,565
"strategic";2,268;-16,489;6,827
"passion";-0,021;6,036;-6,208
"original";-1,423;0,458;0,467
"narrow";8,047;-1,72;-3,794
"mountain";8,047;-1,72;-3,794
"morgan";-15,348;46,675;-7,577
"invent";14,972;-3,221;-7,025
"initiative";-11,645;-7,29;48,723
"inequality";-18,104;1,842;12,837
"ii";-3,683;-11,253;34,998
"happiness";-8,506;20,181;-1,976
"gift";-12,994;29,818;-2,682
"germany";-8,874;-5,879;38,03
"feature";6,35;-1,72;-2,47
"extra";13,608;-8,012;-1,725
"exception";3,856;-18,804;5,609
"belief";-20,642;1,813;15,5
"avoid";11,951;-2,952;-5,034
"associate";2,464;1,251;-9,466
"arena";0,221;1,506;-3,568
"administrative";-21,226;-18,804;103,491
"acquisition";45,164;-17,13;-12,221
"wise";0,596;2,11;-6,208
"winner";1,212;-3,715;0,612
"suggest";-0,016;-1,131;1,7
"seal";-5,684;17,394;-2,853
"sea";-3,92;-2,225;15,753
"ridiculous";-2,796;-8,408;26,312
"responsible";-27,087;-4,184;70,548
"prison";-25,832;-0,073;40,065
"pretend";-10,239;23,043;-1,968
"politician";-36,307;-10,857;115,111
"pitch";0,096;2,463;-4,283
"participate";5,118;-1,131;-2,353
"mechanism";8,796;-11,925;0,049
"lonsdale";-30,285;82,473;-10,942
"lack";-0,571;-0,794;3,472
"intense";-16,144;24,569;-0,361
"incumbent";11,57;-10,067;-0,361
"golden";1,531;-3,305;0,251
"flip";1,913;-10,461;3,472
"flag";-12,994;-7,659;53,025
"farm";2,939;0,101;-5,669
"dominate";13,769;-8,033;-1,783
"district";-31,856;0,201;38,667
"distribute";8,899;-4,488;-1,555
"director";-24,067;3,541;14,344
"dead";-3,666;3,285;0,096
"courageous";-37,305;37,776;0,351
"coach";-6,702;29,919;-8,148
"china_s";-7,307;-6,933;36,784
"airbnb";0,849;5,435;-13,117
"accomplish";-6,915;9,367;-0,038
"trip";-7,736;6,685;0,251
"threaten";-27,61;-4,651;73,603
"slavery";-24,656;6,169;10,276
"sheet";17,08;-6,579;-4,531
"seat";-0,082;-0,957;1,963
"reverse";-0,226;-11,925;18,564
"receive";0,221;-0,542;0,057
"permit";20,428;-10,707;-3,317
"overcome";0,096;0,306;-0,937
"oklahoma";-13,755;0,046;17,413
"nasa";12,403;-8,408;-1,081
"minimum";7,746;-2,188;-2,898
"mike";-29,041;35,997;-0,011
"letter";-12,994;9,368;0,929
"instance";-7,925;-0,167;14,344
"girl";-8,209;40,002;-11,923
"football";-11,495;33,706;-5,136
"final";2,851;-2,435;-0,099
"eliminate";-0,203;-17,967;26,312
"efficiently";30,974;-12,332;-7,862
"complexity";41,521;-18,804;-8,721
"command";8,472;-4,973;-1,081
"buck";18,565;-3,715;-9,171
"bottle";0,876;3,285;-9,466
"bay";-2,984;4,13;-0,023
"apparently";-20,388;2,787;12,628
"alive";0,862;1,515;-5,938
"african";-31,765;42,363;-0,13
"window";-0,033;0,284;-0,13
"russian";-7,387;-4,198;29,695
"proven";-0,027;-5,879;7,964
"operator";31,269;-11,113;-9,171
"michael";-9,031;28,195;-4,781
"immune";29,509;-9,095;-10,133
"hill";2,392;0,796;-7,862
"facility";25,669;-8,117;-8,583
"equivalent";1,913;-0,794;-0,458
"conquer";-20,642;-5,879;64,402
"chess";15,679;-2,832;-8,289
"chapter";-26,453;38,104;-0,339
"celebrate";-31,765;33,706;0,161
"bore";0,862;5,048;-12,52
"active";1,531;-10,067;3,88
"whatnot";6,787;-2,435;-1,968
"vast";-0,571;-10,461;19,393
"tesla";26,585;-9,674;-7,577
"sensor";37,757;-13,165;-11,326
"sad";-19,554;19,941;0,17
"radical";-25,332;-0,049;38,667
"pocket";0,026;0,613;-1,081
"pair";12,565;-2,225;-6,726
"mutual";-13,773;3,76;5,319
"minister";-24,058;0,083;30,393
"mexico";-12,994;-0,135;21,905
"innovator";-0,027;1,813;-1,603
"dna";11,363;-3,559;-3,838
"confuse";-2,001;-1,949;10,2
"cap";24,474;-12,332;-4,283
"airport";0,386;-1,735;0,477
"60s";-3,912;11,98;-1,968
"zone";0,022;-1,11;0,929
"tremendous";0,214;0,101;-0,8
"sustainable";34,511;-12,332;-10,056
"strange";-32,673;31,703;0,47
"relevant";-0,622;9,368;-5,669
"reagan";-33,662;0,159;41,72
"plastic";14,056;-8,117;-1,863
"philosopher";-18,389;48,11;-5,882
"method";3,144;-6,191;0,349
"maker";-14,637;8,556;1,887
"lifetime";0,082;-2,832;2,201
"increasingly";0,211;-8,893;7,221
"government_s";0,862;-10,067;5,461
"fourth";-3,437;18,312;-5,938
"draw";-1,769;0,083;1,605
"dark";-24,944;33,706;-0,13
"correctly";7,038;-1,11;-4,037
"collect";21,432;-8,893;-5,136
"bed";-17,265;38,104;-3,084
"alternative";0,384;-0,005;-0,44
"alex";-6,494;31,703;-9,466
"1970s";1,57;-0,381;-0,671
"sophisticate";18,565;-5,194;-7,009
"random";0,602;-3,024;0,929
"optimus";-17,897;61,786;-12,221
"indian";-18,947;8,962;3,706
"ideal";-2,946;0,262;2,201
"establish";8,38;-6,554;-0,44
"error";29,509;-14,203;-5,603
"electronics";23,564;-9,497;-5,882
"division";-20,642;16,722;0,929
"divide";-11,495;-2,484;32,897
"cynical";-33,581;5,641;18,564
"corner";-0,041;-0,104;0,349
"confidence";-6,292;22,367;-4,611
"cicero";-33,581;-4,334;83,54
"centralize";-0,167;-14,203;20,887
"bridge";5,913;-1,975;-1,863
"blame";-29,152;6,283;13,66
"warehouse";22,44;-4,525;-11,028
"transaction";31,687;-15,039;-6,162
"thinker";-19,793;31,703;-0,671
"theme";13,448;-2,484;-7,009
"terrify";-10,709;0,395;10,276
"terrain";28,967;-12,531;-6,531
"supreme";-35,483;-11,113;114,258
"stem";-2,946;24,032;-10,729
"sas";38,549;-14,621;-10,431
"retire";9,944;-9,283;-0,196
"reject";-0,051;-0,235;0,628
"racism";-31,841;-0,235;52,239
"pop";-2,739;5,882;-0,44
"paint";-7,913;9,044;0,007
"nurse";3,4;-3,248;-0,056
"logic";16,467;-6,966;-3,838
"excellence";-3,177;23,907;-10,133
"estimate";22,44;-15,457;-1,863
"english";-13,835;35,997;-4,351
"donald";-30,019;-11,094;102,385
"disrupt";15,679;-9,9;-1,671
"destruction";-0,565;-5,121;11,195
"damage";26,726;-10,707;-6,726
"climb";7,623;-1,975;-3,084
"candidate";-10,758;-4,857;39,502
"bob";0,637;2,678;-7,408
"workflow";30,833;-11,695;-8,343
"wild";-1,769;-0,179;4,157
"vietnam";-9,229;0,761;7,091
"variety";30,191;-8,504;-11,326
"typically";5,683;-0,762;-3,554
"trick";-0,253;-6,92;11,898
"treatment";-1,099;-2,832;9,424
"survive";-1,311;0,033;1,353
"soft";1,613;-4,857;0,776
"scratch";16,634;-8,117;-3,084
"repeat";-4,748;-0,104;8,634
"remote";30,598;-9,497;-10,431
"port";7,559;-6,21;-0,318
"mit";0,082;5,482;-8,289
"meaningful";21,432;-5,194;-9,171
"largely";2,084;-8,117;1,887
"lady";-27,352;24,187;0,776
"jet";21,471;-11,094;-3,585
"internally";3,144;-0,467;-1,863
"improvement";8,38;-3,415;-2,06
"harm";10,837;-9,9;-0,249
"export";2,084;-15,457;6,488
"equipment";35,558;-15,039;-8,289
"enforce";-18,104;-15,876;87,857
"dominant";1,715;-11,507;4,502
"disruptive";1,315;-2,017;0,032
"delivery";30,598;-11,921;-7,995
"commodity";27,334;-8,295;-9,536
"commission";-0,041;-6,191;8,634
"classroom";-3,679;18,826;-5,882
"chemical";14,734;-3,875;-5,882
"catholic";-28,198;67,703;-6,823
"button";11,198;-5,194;-2,263
"bureaucrat";-1,769;-1,29;7,901
"breach";5,737;-2,945;-0,97
"tribal";-29,041;-1,735;61,291
"text";1,276;0,395;-4,093
"taxpayer";4,42;-6,191;0,04
"taste";2,155;0,999;-7,995
"statement";-16,43;-0,343;29,695
"sam";-2,946;17,394;-6,162
"quo";5,04;-10,267;0,651
"pentagon";21,414;-7,731;-6,162
"op";1,41;-1,071;-0,083
"official";-27,352;-3,415;67,489
"objective";7,623;-6,191;-0,339
"narrative";-14,774;6,921;2,937
"mortgage";20,43;-13,367;-1,976
"magic";24,825;-6,587;-9,834
"legislator";-27,352;-8,504;87,857
"jeff";-3,967;15,438;-3,585
"jail";-16,43;-1,735;38,969
"ipod";34,139;-12,949;-9,238
"glad";0,01;4,075;-5,325
"fiscal";4,603;-7,348;0,152
"favor";-10,709;-7,348;46,587
"fat";10,49;-3,248;-3,585
"donate";-0,09;1,99;-1,374
"diverse";-18,389;15,744;0,628
"distribution";2,633;-2,832;-0,011
"disaster";0,01;-3,248;3,365
"compound";8,75;-7,731;-0,249
"coast";-1,2;9,044;-3,838
"author";-12,996;31,699;-3,317
"ambitious";-6,735;29,724;-7,995
"advocate";-16,43;0,262;18,144
"adjust";3,554;-2,648;-0,226
"actor";-0,283;-3,12;6,488
"zoom";7,203;-5,121;-0,54
"unfair";-7,232;-1,078;18,66
"thrive";-9,314;17,394;-0,803
"seek";0,386;0,021;-0,803
"secure";2,633;-9,9;2,201
"premise";0,987;-2,36;0,236
"pleasure";-19,249;55,699;-8,289
"partnership";-2,494;6,169;-0,667
"load";25,894;-9,095;-7,701
"hole";9,632;-2,945;-3,335
"gather";0,616;0,577;-3,084
"flight";19,374;-11,507;-2,405
"fantastic";-1,099;5,482;-1,671
"express";-2,946;-0,343;7,146
"execute";14,056;-10,303;-0,948
"european";-3,679;-0,235;7,859
"detect";17,332;-7,103;-4,227
"deserve";-9,932;15,146;-0,226
"dental";14,374;-2,081;-8,641
"danger";-0,318;-2,552;5,766
"creation";-4,876;3,155;0,487
"crash";0,078;-1,285;0,806
"competent";-1,2;-1,285;6,4
"communication";3,987;-2,28;-0,54
"click";7,967;-2,552;-2,627
"brilliant";-7,913;27,73;-5,603
"automatically";6,886;-0,343;-6,162
"alignment";13,573;-4,087;-4,773
"activist";-25,554;-2,832;61,291
"writer";-18,389;53,394;-7,995
"whiskey";-17,51;51,864;-8,045
"weight";9,632;-1,763;-5,048
"viral";-9,964;9,044;0,24
"ve";-3,679;12,937;-2,627
"universe";10,837;-1,735;-6,162
"uatx";-27,227;62,426;-5,603
"tv";-1,313;1,927;-0,021
"traffic";1,847;-9,854;3,199
"tik";-22,695;-9,442;80,812
"thesis";21,414;-9,9;-4,351
"st";-26,32;54,288;-3,585
"sponsor";-16,161;-3,423;45,975
"silly";-1,2;-3,559;11,195
"sec";-11,463;-7,731;49,501
"river";8,353;-3,248;-2,188
"rebuild";2,155;-5,474;0,628
"reasonable";-1,2;-5,121;14,093
"rank";-11,463;-2,832;34,175
"profile";29,509;-9,095;-10,133
"oxford";-18,774;20,181;0,077
"minority";-20,528;5,082;8,631
"meritocracy";-5,478;1,574;2,017
"medicaid";0,394;-5,465;3,199
"lunch";-17,029;23,77;-0,147
"link";4,603;-0,732;-2,627
"leap";16,467;-3,559;-7,701
"lawsuit";-6,735;-11,921;46,587
"internal";-0,511;-0,048;1,181
"importantly";21,414;-5,831;-8,289
"historical";-13,04;10,406;0,628
"hedge";27,334;-10,68;-7,115
"frame";-0,318;0,999;-0,172
"filter";11,692;-7,103;-1,374
"fda";25,164;-7,499;-8,94
"evolution";-0,145;-0,048;0,477
"engagement";8,353;-2,017;-3,585
"duty";-4,52;6,921;-0,107
"demonstrate";-6,735;12,937;-0,667
"county";-21,968;-0,027;33,004
"contractor";17,354;-6,21;-5,048
"conscious";0,394;-0,54;0,003
"characteristic";-0,007;-2,945;3,839
"building";12,871;-4,772;-3,585
"brian";-9,229;38,71;-9,834
"andrew";-17,029;36,938;-2,845
"affordable";20,43;-10,68;-3,335
"weekend";-1,313;13,811;-7,115
"upside";24,825;-6,587;-9,834
"ultimate";1,359;-0,198;-0,815
"tweet";-12,329;2,33;6,331
"tradition";-15,6;18,826;0
"tok";-21,79;-9,03;77,477
"tire";-3,679;10,406;-1,485
"pursue";-1,2;1,266;0,007
"principal";-14,145;36,938;-4,499
"pound";-0,075;7,339;-6,823
"pessimistic";-28,134;48,11;-1,485
"package";2,432;-5,097;0,354
"occur";3,4;-13,785;3,365
"observe";-3,679;10,406;-1,485
"nuance";-5,478;-1,078;15,253
"mh";0,078;-0,145;0,007
"memory";6,17;-0,235;-5,882
"journalist";-24,507;12,233;4,363
"island";-13,138;1,927;7,843
"invade";-14,774;-11,507;67,944
"functional";-9,964;5,082;1,705
"franchise";22,998;-6,709;-8,343
"evaluate";-0,007;1,927;-1,976
"ethic";-4,294;-0,704;11,362
"enter";0,933;-3,559;0,806
"definition";-2,7;5,764;-0,424
"crowd";-6,566;6,514;0,077
"channel";5,04;-4,087;-0,226
"bush";-15,6;3,034;7,859
"blah";-3,821;3,337;0,117
"birth";1,777;-0,027;-1,976
"augment";31,162;-10,68;-9,536
"attempt";2,155;-9,497;2,55
"youtube";0,069;-0,54;0,236
"unlike";0,078;-1,285;0,806
"tip";-2,7;1,574;0,35
"terminal";30,064;-10,267;-9,238
"surface";13,797;-9,095;-1,306
"strongly";-19,077;-1,074;39,836
"steel";17,332;-7,103;-4,227
"sanction";-14,986;-12,949;72,231
"rapid";14,283;-5,926;-3,423
"priority";-0,627;-0,883;3,839
"partially";9,632;-4,427;-1,976
"paradigm";3,554;-10,267;1,523
"muscle";19,393;-5,836;-6,823
"motivation";0,069;2,788;-4,499
"merchant";1,06;2,072;-7,747
"master";-17,533;45,856;-5,603
"location";20,43;-6,21;-7,115
"legislature";-19,65;-1,078;40,841
"iphone";22,998;-9,03;-5,948
"interaction";6,459;-4,772;-0,424
"hub";2,975;-1,289;-0,669
"guard";-3,438;-6,21;24,046
"gate";-13,953;5,764;3,365
"freak";-4,52;11,45;-1,306
"fi";-7,794;25,75;-4,773
"enforcement";-11,47;-13,785;64,762
"desk";-14,986;29,906;-1,769
"constrain";2,236;-2,017;-0,056
"compromise";-13,138;-0,883;28,349
"combat";2,846;-8,295;1,25
"collapse";-0,011;-9,854;12,433
"carrier";20,568;-7,103;-6,239
"bully";-8,427;10,94;-0,019
"boundary";-0,22;2,788;-1,568
"bomb";0,073;-0,027;-0,021
"adoption";11,955;-4,427;-3,335
"weak";-7,702;-3,1;27,092
"vcs";23,757;-10,68;-5,048
"vc";-1,83;9,631;-3,088
"teal";-24,507;61,371;-6,823
"taxi";0,394;-2,36;0,846
"swarm";30,064;-12,949;-6,823
"sum";1,41;-0,048;-1,374
"subject";-7,232;4,075;1,012
"stripe";33,037;-12,531;-8,94
"scene";-6,566;3,155;1,25
"roman";-16,161;9,247;2,186
"rapidly";12,871;-6,587;-2,188
"racial";-21,968;1,927;16,504
"quiet";0,414;0,75;-2,899
"prosperity";-7,232;0,012;9,468
"profitable";12,627;-5,465;-2,845
"personality";-3,198;11,892;-2,606
"permanent";-5,281;-2,36;19,315
"palantir";6,785;-0,704;-4,773
"ownership";-2,932;-0,003;4,363
"oppressor";-27,288;13,493;4,941
"jack";4,808;-3,248;-0,424
"initially";5,04;-0,198;-4,773
"implement";-0,062;-8,694;12,189
"hero";-8,434;18,178;-1,374
"guarantee";0,65;1,282;-4,773
"grandfather";-18,399;42,707;-3,957
"govern";-2,688;-6,709;22,613
"gosh";2,236;-0,43;-1,134
"gene";1,847;1,61;-8,94
"french";-21,074;21,904;0,144
"entity";14,529;-10,68;-0,97
"electricity";21,628;-9,854;-4,499
"dog";2,846;-0,883;-0,97
"deny";1,539;-10,441;4,117
"criticize";-21,074;3,689;11,362
"council";-23,601;-2,36;55,29
"communicate";3,4;-3,248;-0,056
"beach";0,199;-1,521;0,651
"assumption";-0,894;-6,587;15,253
"ad";2,846;-2,945;-0,021
"wing";-7,702;-4,732;31,975
"transformation";8,427;-3,1;-2,37
"thoughtful";-0,401;5,359;-3,088
"tear";-19,29;18,178;0,354
"statistic";-1,442;1,61;0,003
"stanley";-19,077;53,341;-7,449
"stake";-12,329;3,689;4,363
"sequence";17,614;-4,77;-6,852
"seed";25,164;-7,499;-8,94
"saudi";-8,402;9,993;0
"reaction";1,847;-0,54;-0,669
"rational";-17,029;0,754;15,686
"pure";4,605;-0,267;-3,957
"publicly";-0,452;-0,393;2,186
"proxy";-5,915;-2,648;21,649
"privilege";-14,433;21,784;-0,299
"perception";-2,688;0,53;1,342
"peak";-1,091;-0,048;2,186
"parallel";13,573;-2,648;-6,823
"nvidia";29,731;-11,277;-8,045
"naive";-6,566;-13,367;49,095
"lobbyist";-9,169;-8,618;45,957
"laser";15,293;-6,317;-3,689
"laptop";3,554;-4,087;-0,002
"knock";11,955;-2,945;-5,048
"kick";-9,178;13,493;-0,147
"judgment";-14,986;-2,648;40,477
"inherently";2,432;-0,048;-2,606
"holy";0,064;0,098;-0,41
"greatness";-26,378;62,913;-6,239
"geek";0,064;5,699;-8,343
"france";-7,096;-2,36;23,322
"fraction";17,332;-7,103;-4,227
"fish";6,033;-1,289;-2,845
"female";-19,29;11,892;2,186
"famously";-3,438;-0,027;5,664
"economically";-1,313;-0,883;5,664
"doubt";-9,178;4,286;1,834
"corruption";-4,073;-9,03;31,975
"complain";-5,915;-0,704;14,426
"clinical";28,967;-12,531;-6,531
"camera";28,967;-12,531;-6,531
"british";-20,181;6,106;7,061
"badly";-3,198;0,035;3,688
"approval";13,573;-7,896;-1,769
"yesterday";-0,986;12,233;-6,823
"unlock";24,08;-9,442;-6,239
"tumor";22,389;-7,387;-7,151
"soldier";0,199;-4,087;2,76
"slightly";2,975;-0,112;-2,845
"roof";9,858;-1,553;-5,657
"retirement";0,064;0,53;-1,188
"qualify";0,399;-0,01;-0,41
"prop";-0,511;-6,317;12,773
"privacy";-1,59;-3,1;11,604
"pharmaceutical";25,164;-12,531;-4,499
"paradox";-14,145;23,77;-0,669
"offend";-23,601;23,77;0,236
"nuke";7,764;-2,648;-2,389
"microwave";23,484;-7,797;-7,449
"mentality";-5,281;1,61;1,834
"meeting";-19,29;1,006;17,053
"magnitude";16,354;-7,896;-3,088
"libertarian";-24,507;-0,704;46,098
"korea";-16,161;-12,113;73,064
"intelligent";13,573;-5,836;-3,088
"impose";-16,161;-2,081;40,178
"flaw";-22,695;-0,048;34,772
"familiar";2,975;-0,54;-1,568
"excuse";-12,329;9,631;0,651
"employer";0,003;0,197;-0,299
"damn";0,987;2,788;-8,94
"daily";-7,647;17,9;-1,695
"corrupt";-8,434;-9,442;45,975
"church";-24,557;18,019;1,65
"buyer";24,08;-7,103;-8,641
"broker";25,676;-11,277;-5,657
"bother";-5,281;0,004;7,061
"berkeley";-0,158;3,743;-2,642
"ben";-9,178;23,77;-2,845
"argentina";-9,178;20,023;-1,568
"apps";9,286;-5,097;-1,374
"appeal";0,193;-0,357;0,016
"anytime";-0,401;-5,836;11,362
"advertise";0,195;0,197;-1,01
"1980s";0,394;-0,54;0,003
"10x";21,918;-8,618;-5,657
"victim";-20,181;-0,54;37,608
"valuation";28,967;-9,854;-8,94
"vaccine";0,064;-0,01;-0,036
"tomorrow";0,069;4,286;-6,531
"till";-8,434;21,82;-2,606
"strive";-5,095;14,612;-2,14
"station";4,605;-3,1;-0,41
"socialism";-24,557;-11,277;90,753
"slave";-15,738;1,342;11,948
"sky";10,768;-6,709;-1,188
"semitism";-23,601;-5,465;68,965
"section";-0,109;-0,161;0,683
"rural";-1,091;4,954;-1,374
"roughly";21,628;-9,854;-4,499
"requirement";7,158;-7,103;-0,083
"programmer";22,389;-7,387;-7,151
"paul";-14,433;4,55;4,841
"park";-0,254;5,699;-3,957
"output";28,967;-9,854;-8,94
"orient";0,005;1,006;-1,374
"operational";25,676;-11,277;-5,657
"october";-19,29;-1,071;40,178
"negotiate";-3,198;-9,442;29,757
"navigate";12,627;-3,752;-4,499
"monopoly";11,692;-9,442;-0,534
"maximize";4,169;-7,797;0,362
"lobby";-2,959;-8,207;26,51
"label";0,069;1,61;-2,845
"impression";-17,029;32,228;-1,568
"horse";0,003;-1,553;1,65
"heavily";15,293;-6,317;-3,689
"grand";1,929;1,306;-8,343
"globally";11,692;-2,081;-6,239
"glass";2,023;0,335;-5,367
"fungus";21,294;-6,978;-6,852
"esg";-3,734;-5,465;23,322
"educational";-3,734;8,247;-0,669
"dress";-7,647;30,777;-7,449
"desire";0,069;-5,465;4,941
"crack";-0,22;-9,854;15,686
"counter";-3,734;-2,36;15,686
"conventional";-1,59;-4,732;14,869
"communism";-16,623;-4,016;49,213
"collective";-15,738;-5,538;52,754
"coin";-1,211;-4,372;12,773
"clip";-0,873;-1,307;5,519
"charles";-24,557;58,126;-5,657
"censorship";-14,433;-6,317;52,374
"cancel";-17,029;-3,752;49,019
"busy";-7,702;1,306;4,233
"blend";6,372;-0,267;-5,948
"bear";-3,198;-3,423;17,053
"amendment";-17,51;-11,277;74,143
"adl";-20,007;4,477;9,116
"accident";17,332;-7,103;-4,227
"absorb";21,628;-7,499;-6,531
"violence";-25,467;-3,1;62,454
"thomas";-19,981;49,492;-5,367
"slowly";7,158;-9,442;0,023
"shield";10,326;-6,57;-1,078
"sci";-14,433;35,218;-3,689
"route";0,064;0,53;-1,188
"resistance";1,107;-0,857;-0,06
"rely";0,197;0,035;-0,534
"relation";-17,51;-0,679;34,379
"reflect";-2,006;1,006;0,354
"previously";13,396;-4,732;-3,957
"practical";2,432;0,035;-4,227
"pivot";9,286;-3,423;-2,606
"philanthropy";-15,295;16,373;0,067
"peer";11,253;-2,559;-5,064
"max";-1,762;2,072;0
"louis";-19,077;47,122;-5,078
"lay";0,399;-1,811;0,502
"lane";6,764;-4,016;-0,841
"iranian";-9,169;-2,784;29,219
"input";11,692;-3,423;-4,227
"initial";10,768;-6,709;-1,188
"independence";-19,29;9,247;3,688
"ice";1,163;1,393;-6,554
"hypothesis";-1,352;0,079;1,161
"hyper";7,158;-7,103;-0,083
"harness";20,839;-8,207;-5,367
"hair";0,195;-1,553;0,683
"fleet";27,869;-9,442;-8,641
"faculty";-9,169;21,784;-2,14
"essential";1,06;0,022;-1,914
"entry";20,568;-7,103;-6,239
"dive";-0,109;4,55;-3,689
"database";19,511;-6,709;-5,948
"bug";15,293;-4,372;-5,657
"brazil";-18,174;3,105;9,945
"blind";0,003;1,659;-2,14
"ancient";-9,169;25,905;-3,689
"aid";-0,294;0,022;0,233
"agenda";-10,834;-0,508;21,923
"actively";-3,198;-0,393;7,863
"acknowledge";-16,161;0,035;20,897
"20s";-2,959;7,457;-0,841
"1960s";-0,254;-1,811;4,233
"welfare";-4,465;-8,207;31,533
"voter";-20,885;-1,553;45,957
"violent";-5,592;-10,441;39,836
"underestimate";-1,59;-4,732;14,869
"unbelievable";-0,131;8,492;-7,449
"tuition";-14,433;6,53;3,036
"troop";2,694;-7,797;1,161
"transparent";0,399;-9,03;6,286
"transfer";0,706;-0,357;-0,123
"tower";14,283;-2,98;-6,852
"tennessee";-7,647;0,079;8,885
"tail";0,684;0,75;-3,689
"tackle";4,875;-2,476;-0,841
"swing";-1,963;-1,888;9,945
"surround";-1,211;0,75;0,136
"suck";0,002;1,342;-1,695
"stakeholder";-7,647;-3,665;28,728
"stable";-0,873;-5,926;14,055
"spin";10,768;-6,709;-1,188
"shortage";21,918;-11,277;-3,689
"select";0,684;-0,161;-0,299
"ring";-0,03;0,175;-0,06
"reserve";9,858;-6,317;-1,01
"prefer";-0,664;3,743;-1,276
"pool";16,31;-6,709;-3,957
"poll";-19,077;-0,357;34,056
"outsource";-0,03;-5,152;7,118
"oppress";-20,007;15,9;0,981
"obesity";10,208;-5,351;-1,658
"naval";5,965;-1,074;-3,16
"mill";-4,073;23,775;-8,343
"microsoft";4,447;-2,98;-0,401
"loss";3,295;-5,926;0,233
"junior";-0,022;7,457;-7,747
"jimmy";2,134;0,75;-7,151
"japanese";-6,983;8,867;-0,008
"hydrogen";23,12;-8,769;-6,256
"hotel";-0,581;4,146;-1,695
"helicopter";8,962;-1,307;-5,367
"george";-21,79;1,306;18,539
"genetic";4,875;0,022;-7,747
"fresh";5,567;-0,478;-4,214
"flourish";-0,294;0,022;0,233
"fashion";3,123;0,098;-5,948
"fairly";7,586;-6,317;-0,299
"extend";-0,016;0,53;-0,41
"exponential";16,361;-3,665;-7,449
"existential";-17,51;-4,372;52,374
"essay";-0,873;2,072;-0,203
"equation";9,858;-6,317;-1,01
"emergency";13,396;-11,695;-0,41
"contest";19,762;-5,538;-7,449
"constraint";6,764;-5,926;-0,203
"commitment";-5,095;8,867;-0,299
"cognition";26,772;-9,03;-8,343
"clinic";14,283;-4,016;-5,367
"bipartisan";-25,467;-3,1;62,454
"assessment";4,169;-2,177;-0,682
"artificial";26,772;-11,695;-5,948
"arizona";-0,511;-2,784;7,066
"al";-9,946;-0,01;14,869
"agreement";-9,169;-11,277;52,374
"administrator";-19,077;8,492;4,117
"virginia";-9,169;0;12,773
"update";11,468;-2,476;-5,367
"tunnel";8,667;-6,978;-0,401
"transportation";11,468;-8,207;-0,841
"transformer";29,731;-11,277;-8,045
"supporter";-12,72;2,551;6,275
"substance";0,059;0,022;-0,203
"stadium";-0,34;7,065;-4,789
"split";3,933;-11,277;1,65
"speaker";-17,271;-1,61;39,837
"societal";5,192;-7,387;0,057
"skin";-0,158;8,122;-6,852
"reset";-1,276;-3,642;11,632
"reinvent";4,875;-1,307;-1,914
"react";9,858;-4,372;-2,14
"putin";-19,981;-10,859;78,883
"protest";-8,402;5,292;0,901
"physically";-0,873;-0,508;3,544
"payer";22,389;-7,387;-7,151
"orbit";20,839;-10,859;-3,423
"opt";16,545;-6,57;-4,214
"odd";-10,834;28,232;-3,423
"neighbor";-10,834;1,018;7,929
"missouri";-18,174;7,065;4,762
"meta";2,134;-0,001;-2,899
"journalism";-16,369;6,676;4,019
"ignore";-0,511;0,197;0,136
"hamas";-21,827;-7,387;72,175
"grab";0,002;-2,177;2,413
"governance";-4,465;-5,926;26,51
"fusion";15,319;-10,023;-1,481
"fortune";-14,433;40,41;-5,657
"fellow";-15,738;35,84;-3,16
"ensure";9,858;-2,784;-3,689
"dude";-17,51;25,905;-0,299
"disruption";6,88;-1,093;-3,929
"culturally";-6,983;21,784;-3,689
"circle";-11,653;21,784;-1,01
"charlie";-22,737;-1,074;46,069
"cautious";-12,72;17,9;-0,123
"briefly";-3,503;8,867;-1,01
"beer";-4,465;16,177;-3,423
"assistant";4,169;-0,025;-5,078
"19th";-19,981;3,497;10,774
"warm";7,222;-7,387;-0,06
"virtual";5,192;-0,228;-4,789
"typical";2,023;0,335;-5,367
"technique";20,839;-5,926;-7,747
"sun";1,539;-3,665;0,362
"stat";4,447;-0,125;-4,501
"standpoint";0,059;-8,207;7,929
"sister";-15,738;14,379;0,362
"sake";0,706;-3,665;1,161
"rough";-0,873;9,993;-5,367
"rethink";0,732;-2,98;0,731
"researcher";8,962;-2,476;-3,423
"reliable";17,614;-6,978;-4,501
"recover";3,496;-0,228;-2,899
"radiation";25,323;-9,605;-6,852
"protester";-21,827;-1,888;49,543
"playbook";-10,023;-1,074;23,854
"pipeline";0,055;-0,001;-0,06
"nest";-4,275;14,176;-2,642
"napa";-1,963;16,016;-7,151
"miami";-17,271;3,743;8,061
"marry";-2,202;12,387;-4,214
"marine";0,05;0,507;-1,078
"march";-10,834;1,018;7,929
"manual";11,468;-4,016;-3,423
"luck";-1,762;12,9;-5,367
"lithium";23,12;-8,769;-6,256
"literature";-8,402;19,825;-1,914
"lily";9,364;-1,093;-6,256
"intend";-6,279;1,018;3,544
"highlight";-4,923;12,631;-1,481
"hall";-16,367;25,173;-0,401
"grid";19,108;-6,162;-6,256
"grateful";-12,72;21,807;-0,682
"golf";-3,955;13,858;-2,8
"gender";-17,271;21,906;-0,019
"fbi";-11,87;-10,023;56,615
"expansion";10,521;-7,797;-0,682
"england";-19,077;41,289;-3,16
"employment";-5,592;0,517;4,117
"downtown";-6,874;5,321;0,377
"doom";-4,275;5,723;-0,019
"dome";1,163;-6,57;2,243
"discovery";13,28;-10,441;-0,682
"disadvantage";-4,275;5,723;-0,019
"dirty";6,383;-2,98;-1,276
"custom";8,083;-3,665;-1,695
"creator";-0,873;3,497;-0,841
"correction";-2,723;-4,77;18,726
"coer";-9,22;23,99;-2,899
"clock";0,706;-0,357;-0,123
"cheat";5,567;-4,39;-0,282
"charter";-11,87;12,631;0,057
"cent";14,415;-3,642;-5,958
"branch";-14,855;-3,319;42,942
"borrow";21,294;-6,978;-6,852
"beauty";0,055;4,884;-7,151
"battlefield";20,839;-10,859;-3,423
"barry";-13,669;32,973;-3,361
"athlete";-20,917;48,56;-4,501
"annual";0;0,316;-0,401
"angle";2,023;-4,016;0,233
"analyze";8,667;-2,98;-2,642
"adapt";24,579;-10,859;-5,367
"3d";16,545;-6,57;-4,214
"2000s";-0,294;2,072;-0,841
"vocational";-10,188;29,065;-4,214
"utility";11,301;-4,77;-2,642
"unusual";1,107;-0,001;-1,481
"treasury";10,326;-4,39;-2,389
"sustain";5,192;-5,152;-0,06
"survey";0,05;-0,05;-0,001
"suit";-0,158;3,743;-2,642
"style";-9,22;12,631;-0,06
"spy";-7,644;-6,57;36,754
"specie";-0,985;1,727;-0,06
"span";2,86;-2,98;-0,019
"sir";-7,644;15,9;-1,078
"shopify";19,108;-6,162;-6,256
"register";-5,465;-4,39;25,483
"purely";13,253;-6,57;-2,389
"punish";-14,855;-7,387;56,615
"properly";-4,773;1,819;1,283
"profession";-0,041;-4,39;6,31
"procurement";15,319;-10,023;-1,481
"prioritize";1,539;-1,074;-0,123
"populist";-14,568;0,003;20,021
"pension";-0,041;-9,187;12,436
"partly";-2,723;5,723;-0,401
"partisan";-19,097;-1,093;39,996
"nato";-16,367;-7,516;60,486
"male";-15,738;41,289;-5,078
"mafia";-10,482;-3,275;33,727
"london";-15,738;17,9;0,016
"library";-1,963;7,065;-1,481
"liberalism";-17,277;-0,09;27,685
"lens";-0,03;4,884;-4,789
"latin";-11,87;-0,001;17,014
"jam";21,294;-6,978;-6,852
"iron";5,567;-6,57;-0,001
"institutional";-1,963;7,065;-1,481
"importance";-2,445;1,342;0,362
"household";-0,581;4,146;-1,695
"guidance";16,925;-7,934;-3,361
"fortunate";-2,723;17,832;-6,852
"flat";6,383;-0,658;-4,501
"film";-6,874;10,657;-0,18
"fiction";-9,22;28,579;-4,789
"fdr";-10,482;-7,934;47,596
"exit";0,055;3,105;-4,789
"empathy";-3,651;15,9;-4,214
"donor";-18,174;19,802;0,057
"dimension";-0,158;0,011;0,129
"description";9,364;-4,014;-2,14
"delay";16,545;-9,187;-2,389
"dedicate";-3,858;11,243;-1,695
"conspiracy";-20,007;-9,187;73,936
"conclusion";-0,581;2,551;-0,682
"boss";-4,773;5,321;0,009
"beam";13,253;-9,187;-1,078
"bag";1,107;0,175;-2,899
"backwards";0,414;-0,001;-0,535
"attitude";-11,026;5,723;1,825
"asian";-6,177;14,176;-1,276
"analysis";0,055;3,105;-4,789
"airline";-6,123;-0,286;12,386
"aesthetic";0,192;1,819;-3,929
"20th";-7,647;-0,357;15,464
"yield";14,415;-8,351;-1,896
"undergrad";-0,397;9,313;-6,554
"triple";18,687;-7,387;-4,789
"trajectory";4,447;-4,77;-0,019
"theater";-0,041;-1,344;2,243
"tenure";-0,03;1,727;-1,481
"tactic";9,587;-7,387;-0,535
"script";4,373;-0,452;-3,08
"scarey";-0,055;0,003;0,048
"sandwich";0,857;0,28;-2,8
"row";-4,923;3,105;0,526
"robust";6,383;-4,77;-0,401
"rip";-4,275;2,182;0,731
"retail";19,108;-8,769;-3,929
"resume";22,018;-8,351;-5,958
"reputation";0,414;-0,228;-0,06
"renaissance";-1,519;10,94;-4,501
"remain";-1,519;1,039;0,129
"regular";2,86;-2,98;-0,019
"ramp";15,319;-10,023;-1,481
"quota";-10,188;-2,648;30,862
"pharmacy";16,925;-7,934;-3,361
"pharma";12,301;-4,947;-3,08
"perfectly";6,383;-2,98;-1,276
"paris";-13,669;32,973;-3,361
"openai";17,614;-4,77;-6,852
"neil";-12,221;37,674;-6,256
"negotiation";0;-1,61;1,825
"meter";13,661;-4,145;-4,766
"memphis";-17,271;-1,61;39,837
"luxury";-0,19;-1,093;2,729
"legend";-16,369;46,17;-6,554
"laugh";-5,465;12,387;-1,078
"larry";17,614;-4,77;-6,852
"kong";-17,277;-7,934;63,849
"jake";-17,277;39,009;-3,361
"irish";-20,007;40,031;-2,389
"intuitive";8,667;-4,77;-1,276
"hong";-17,277;-7,934;63,849
"grit";0,05;4,477;-6,554
"gear";0;2,182;-2,642
"exposure";6,383;-0,125;-6,852
"explode";10,208;-3,275;-3,361
"employ";7,222;-0,228;-7,151
"dial";1,721;-0,321;-0,891
"diabetes";19,108;-6,162;-6,256
"de";-2,723;0,011;3,411
"coverage";10,208;-1,706;-5,66
"cook";-1,959;13,901;-5,66
"congressman";-16,369;1,393;12,436
"colleague";-18,174;19,802;0,057
"cia";-18,187;-2,01;43,591
"boston";-10,188;24,239;-2,389
"bone";8,416;-2,01;-3,644
"barely";-1,117;4,477;-1,078
"automation";22,389;-10,023;-4,789
"atom";24,222;-9,187;-6,554
"assess";0,765;-0,321;-0,18
"asia";-4,923;-5,152;25,97
"abraham";-13,096;1,393;9,116
"50s";-6,905;9,647;-0,06
"21st";-6,177;2,182;1,825
"zuckerberg";-1,718;-0,321;4,714
"vice";-4,275;0,316;3,411
"upset";-11,026;-4,77;39,837
"underlie";2,86;-4,77;0,129
"trans";-1,276;-2,01;8,287
"ticket";-1,276;-2,01;8,287
"terrorism";-19,097;-8,769;70,573
"surgery";9,364;-2,324;-3,929
"socialist";-20,917;-4,77;60,837
"snort";6,383;-1,61;-2,642
"session";-2,723;-1,61;11,123
"se";0;1,039;-1,276
"saving";3,734;-9,187;0,981
"ryan";-17,277;27,445;-0,55
"representative";-11,026;-2,98;33,821
"radically";1,721;-4,014;0,377
"pursuit";-17,277;17,908;0,122
"pig";-12,771;36,624;-5,362
"philosophical";-11,026;36,642;-6,852
"pause";-0,549;-1,415;4,709
"patch";15,478;-4,014;-6,256
"panel";2,266;-2,648;-0,001
"norm";-8,533;12,177;-0,098
"motion";11,215;-3,642;-3,644
"messy";-0,19;-8,769;13,902
"merge";3,734;-2,648;-0,282
"marxist";-16,369;-6,57;57,52
"ma";-2,202;-9,187;25,483
"llms";20,201;-6,57;-6,554
"liquidity";24,222;-9,187;-6,554
"kevin";-6,874;7,759;0,009
"iteration";16,545;-6,57;-4,214
"humble";-0,664;8,122;-4,501
"homework";-13,096;34,329;-4,214
"hike";19,108;-6,162;-6,256
"highway";0;2,182;-2,642
"graph";2,86;-0,658;-1,276
"grad";-5,465;19,85;-4,214
"goodness";-0,041;-6,57;9,116
"german";-0,055;0,297;-0,098
"georgia";-5,465;1,393;2,243
"genuinely";6,383;-4,77;-0,401
"fitness";3,059;0,153;-6,256
"fault";-4,102;-2,01;15,544
"escape";-4,773;-0,008;7,237
"embed";14,283;-9,605;-1,276
"embarrass";0,765;-0,321;-0,18
"earnings";10,326;-4,39;-2,389
"density";11,215;-5,756;-1,896
"consultant";6,88;-1,093;-3,929
"concrete";4,021;-5,756;0,048
"coffee";-6,117;15,842;-1,896
"childhood";-6,914;20,25;-3,08
"bus";-0,397;4,477;-2,389
"bike";-0,002;4,52;-5,064
"barrel";1,842;0,501;-5,66
"angel";14,283;-2,98;-6,852
"alien";-7,644;0,507;6,31
"adventure";-7,644;29,065;-6,554
"abundance";-0,282;2,54;-1,202
"worthy";-3,955;-2,559;16,78
"wheel";20,201;-9,187;-4,214
"weakness";0,438;-0,859;0,048
"variable";11,215;-8,351;-0,714
"ups";-6,874;22,101;-3,929
"tutor";-0,397;9,313;-6,554
"trilogy";1,422;0,5;-4,766
"translate";2,266;0,06;-4,214
"testosterone";-0,005;0,805;-0,784
"tariff";-2,84;-1,415;10,834
"tape";0,192;-1,093;0,377
"superpower";-2,489;2,331;0,048
"stress";0,424;0,06;-1,078
"spring";-4,773;-0,008;7,237
"soul";-10,482;4,919;2,077
"song";-8,533;19,99;-1,896
"solid";14,415;-5,756;-3,644
"significantly";16,545;-9,187;-2,389
"seattle";-3,457;2,94;0,122
"resonate";-14,568;24,618;-0,714
"proposal";0;-8,769;10,3
"personalize";4,373;-0,452;-3,08
"payroll";4,814;-0,881;-2,523
"palmer";-12,221;37,674;-6,256
"oversea";0,046;-5,756;5,507
"origin";-0,041;-2,648;4,019
"org";-1,276;8,993;-3,644
"object";4,021;-0,19;-3,644
"neutral";-10,979;0,025;14,168
"motor";15,836;-7,516;-3,08
"misunderstand";1,721;-2,324;0,009
"millionaire";13,356;-5,351;-3,361
"medicare";15,836;-7,516;-3,08
"maximum";-6,123;-4,545;27,565
"jew";-18,187;15,842;0,564
"ironic";-6,874;5,321;0,377
"insurer";19,816;-7,516;-5,362
"impress";-10,188;15,9;-0,282
"hippie";0,041;-0,452;0,238
"height";-0,19;5,321;-3,929
"harvey";14,415;-3,642;-5,958
"germans";-10,482;-3,275;33,727
"garden";-3,651;19,85;-6,554
"financially";3,734;-2,648;-0,282
"expertise";2,266;-0,05;-2,389
"excellent";-8,533;15,842;-0,714
"ethical";-3,054;-4,014;18,042
"electromagnetic";24,222;-9,187;-6,554
"ego";-6,123;10,179;-0,27
"download";1,842;0,042;-3,361
"distance";7,764;-2,648;-2,389
"depression";-0,041;-4,39;6,31
"dependent";6,88;-8,769;0,009
"darpa";15,478;-6,162;-3,929
"crap";-3,651;1,393;0,981
"cow";3,734;-2,648;-0,282
"consult";1,316;0,131;-3,08
"classical";-19,097;32,024;-0,891
"clarity";-7,644;-0,05;12,436
"civilian";-0,055;-5,756;8,287
"circuit";-4,773;-0,008;7,237
"chair";-7,718;-0,644;17,39
"bow";-2,259;7,066;-1,202
"biological";5,679;-0,286;-5,064
"band";-0,19;3,341;-2,14
"awareness";0,424;-0,05;-0,282
"auggie";8,23;-2,559;-2,8
"audit";4,021;-3,642;-0,098
"attach";-3,054;-0,321;7,237
"ambassador";-9,356;0,757;7,237
"alcohol";-3,054;1,819;0,377
"ah";-3,054;7,759;-0,891
"absolute";-1,117;-2,648;9,116
"abroad";-0,19;-4,014;7,237
"1990s";-2,202;1,393;0,233
"zach";-12,771;30,631;-3,08
"whimo";23,12;-8,769;-6,256
"vessel";19,108;-8,769;-3,929
"unfortunate";-2,489;-3,642;15,544
"tyler";-12,771;36,624;-5,362
"twin";-4,609;8,005;-0,267
"tight";1,842;0,042;-3,361
"tier";11,215;-3,642;-3,644
"sphere";-0,884;-0,644;3,948
"smoke";-2,259;13,858;-5,064
"singapore";-3,281;-2,212;14,168
"shame";-4,773;10,657;-0,891
"schedule";1,316;0,131;-3,08
"russians";-1,276;-8,351;20,021
"resolve";-0,763;-1,093;4,714
"resilience";5,181;-0,644;-3,361
"rend";0;3,341;-3,929
"regional";-2,259;-4,545;16,78
"quit";14,415;-5,756;-3,644
"prototype";23,12;-8,769;-6,256
"protocol";11,253;-4,545;-2,8
"pollution";3,6;-7,098;0,403
"pioneer";4,021;0,003;-5,958
"physician";5,181;-0,09;-5,66
"pack";-4,102;0,297;3,293
"pacific";2,426;-3,642;0,048
"nigeria";-2,84;3,663;-0,005
"micro";14,415;-5,756;-3,644
"matt";-14,568;41,395;-5,958
"martin";-13,669;39,009;-5,66
"loser";0,438;-2,01;0,564
"league";-11,35;12,177;0,048
"january";-6,874;-0,008;10,3
"iranians";-19,097;-6,162;62,12
"intern";1,992;-2,559;0,003
"intention";-2,489;-3,642;15,544
"instrument";18,016;-5,756;-5,958
"inform";-2,489;8,993;-1,896
"incorporate";0,806;-1,706;0,122
"hunt";0,192;0,042;-0,55
"hop";-6,117;24,618;-5,958
"hardcore";-1,959;-1,706;9,478
"handful";1,231;0,003;-1,896
"habit";-11,874;22,917;-1,202
"gigantic";22,018;-8,351;-5,958
"friday";-14,568;41,395;-5,958
"foundational";5,181;-1,706;-1,658
"expectation";-1,959;-5,351;17,39
"equally";-3,281;1,577;0,625
"episode";-11,35;29,729;-3,644
"epis";12,301;-4,947;-3,08
"emotional";-0,231;4,919;-3,361
"due";-1,718;5,321;-0,891
"dense";12,301;-2,914;-5,362
"defect";7,261;-0,881;-4,766
"decent";4,778;-4,014;-0,18
"cu";1,721;0,153;-3,929
"creativity";1,721;0,757;-6,256
"covet";-4,773;1,819;1,283
"correlate";1,316;0,131;-3,08
"consume";2,426;-2,01;-0,098
"constitutional";-18,187;-3,642;50,898
"consistent";0,438;-2,01;0,564
"conduct";0,046;-0,859;0,564
"chase";-0,763;10,657;-6,256
"captain";-0,096;5,536;-4,766
"calculate";0,857;-4,545;1,468
"bud";-6,236;21,345;-4,17
"britain";-12,221;-2,324;33,699
"behave";-4,102;0,297;3,293
"atmosphere";13,661;-4,145;-4,766
"association";0,765;-0,008;-0,891
"appoint";-14,568;-8,351;58,772
"andy";-0,282;7,066;-5,064
"andre";-17,277;39,009;-3,361
"airplane";4,373;-0,452;-3,08
"agi";19,816;-7,516;-5,362
"accord";-17,277;2,94;9,478
"7th";-19,097;-2,324;46,832
"yard";6,311;-3,748;-0,784
"wipe";0,923;-6,263;2,47
"warrior";-10,482;10,4;0,122
"upper";-1,959;7,406;-1,658
"unprecedented";0,438;-8,351;5,507
"tour";1,992;0;-2,8
"tim";-8,762;18,104;-1,202
"throat";-1,276;-5,756;15,544
"tequila";-8,762;28,296;-5,064
"tendency";-10,482;0,042;13,136
"symbiosis";3,3;-1,706;-0,55
"submarine";1,316;-0,024;-1,426
"ski";0,923;0,805;-4,468
"sixth";-0,096;5,536;-4,766
"similarly";-2,489;0,003;3,293
"shot";0,041;-0,452;0,238
"secretly";2,426;-0,859;-0,714
"repair";0,456;0,773;-3,08
"regard";-4,654;0,131;4,709
"recommend";7,483;-5,351;-0,55
"realization";1,231;-0,19;-0,714
"rally";1,316;0,131;-3,08
"rail";1,316;-4,947;1,1
"protein";17,613;-6,68;-4,766
"proof";2,426;0,003;-3,644
"procedure";19,816;-7,516;-5,362
"polarize";-5,376;-1,706;17,39
"plug";7,483;-1,706;-3,361
"plenty";-4,102;15,842;-3,644
"ping";-4,102;-2,01;15,544
"phenomenal";0,438;-0,19;-0,098
"permission";1,231;-0,859;-0,098
"panic";-0,549;3,663;-1,426
"ontology";13,356;-3,275;-5,66
"observation";8,416;-3,642;-1,896
"nowadays";-0,282;-7,098;12,386
"needle";0,192;-1,706;0,802
"molecule";16,512;-6,263;-4,468
"mirror";-10,086;0,805;7,84
"maduro";-16,367;-7,516;60,486
"mac";2,867;-2,212;-0,159
"lifestyle";-6,117;1,073;3,293
"lee";-2,639;2,142;0,118
"landscape";3,3;-1,706;-0,55
"kosher";-7,425;22,37;-3,574
"justify";-4,654;0,131;4,709
"johnson";-8,533;8,993;0,048
"jerk";-0,072;-1,415;2,59
"iq";-3,955;2,54;0,403
"investigate";-1,276;-2,01;8,287
"invasion";-0,884;-7,934;17,39
"intervention";1,842;-3,275;0,122
"intent";-1,959;-0,644;6,415
"ingredient";0,806;-1,706;0,122
"hybrid";14,415;-5,756;-3,644
"hugely";0,192;0,042;-0,55
"hopeful";-13,669;13,901;0,122
"harass";2,621;-4,947;0,238
"graduation";-9,62;30,631;-5,362
"goldman";-11,874;22,917;-1,202
"gen";-0,884;7,406;-3,361
"fortunately";-11,35;-0,859;25,065
"forgive";0;1,467;-1,658
"foremost";-6,117;-3,642;25,065
"exponentially";14,415;-5,756;-3,644
"execution";7,261;-4,145;-0,987
"elephant";-4,587;10,007;-0,784
"discrimination";-15,458;0;21,839
"discriminate";-17,277;7,406;3,948
"dialectic";-9,62;15,863;-0,401
"devon";18,714;-7,098;-5,064
"depot";-2,84;15,863;-5,362
"deployment";6,57;-1,415;-3,08
"deliberate";-1,276;6,29;-1,896
"critique";-14,548;0,5;14,168
"criticism";-5,376;1,467;2,077
"craft";1,316;0,131;-3,08
"contact";4,021;-2,01;-0,714
"collaborate";-0,072;-0,024;0,238
"cheaply";22,018;-8,351;-5,958
"cat";7,483;-0,644;-5,66
"bot";0,456;1,95;-5,362
"beta";1,842;0,501;-5,66
"behalf";0,438;-0,859;0,048
"auto";16,925;-5,351;-5,66
"alliance";-12,771;-4,947;44,301
"adjudicate";10,208;-7,934;-0,55
"additional";7,483;-5,351;-0,55
"accessible";13,356;-3,275;-5,66
"zip";0,479;0,025;-0,987
"yale";-5,376;2,94;0,802
"whistle";-15,458;40,754;-5,064
"weaponized";3,3;-7,934;0,802
"wanna";-12,729;11,883;0,251
"utilize";1,316;-2,914;0,238
"trek";0,51;1,213;-4,17
"trait";-0,656;5,536;-2,523
"technologist";3,3;-0,09;-3,361
"subscribe";-0,011;1,748;-1,711
"statue";-10,979;25,969;-2,523
"southern";-4,654;8,692;-0,401
"soccer";-14,548;38,356;-4,766
"smith";-17,277;27,445;-0,55
"shake";-13,669;-0,09;22,24
"sentence";-6,123;2,54;1,468
"refugee";-3,85;-0,005;5,8
"recall";-0,231;0,501;-0,038
"radio";6,57;-1,415;-3,08
"queen";-12,771;15,863;-0,005
"prosecute";-9,62;-7,516;44,301
"propulsion";17,613;-6,68;-4,766
"propaganda";-11,874;-2,559;33,956
"presidential";-17,277;-0,09;27,685
"precision";18,714;-7,098;-5,064
"openness";-14,548;3,255;6,629
"obnoxious";-7,718;13,901;-0,55
"nervous";-1,959;0,501;0,802
"nearby";-0,884;4,919;-1,658
"mouth";0,456;1,95;-5,362
"mechanical";6,57;-0,452;-5,362
"manner";0;-0,09;0,122
"manipulate";1,316;-2,914;0,238
"llm";20,917;-7,934;-5,66
"liquid";9,176;-3,748;-2,249
"lend";15,836;-7,516;-3,08
"legitimate";-0,282;-4,545;8,657
"ladder";4,373;-0,452;-3,08
"kitchen";16,925;-5,351;-5,66
"ken";-15,458;28,296;-1,202
"journal";-9,62;5,91;1,1
"jones";-17,277;45,551;-5,66
"irs";-7,912;-4,145;30,782
"interpret";0;-5,351;6,415
"intensity";-0,282;7,066;-5,064
"integration";7,483;-1,706;-3,361
"infinite";13,661;-4,145;-4,766
"headline";-2,84;8,692;-1,426
"hacker";0,037;0,025;-0,159
"grandmother";-6,914;25,173;-5,362
"frequency";10,211;-4,145;-2,523
"foster";-15,458;34,242;-2,8
"footprint";19,816;-7,516;-5,362
"flood";-0,002;-4,545;5,595
"flee";-16,367;0,773;14,84
"fancy";-1,035;4,52;-1,202
"extraordinarily";-5,376;-0,09;9,478
"essence";0,806;-0,09;-0,55
"encounter";-5,376;13,901;-1,658
"ed";-10,482;27,445;-3,361
"eastern";-15,458;0;21,839
"dystopian";-13,669;32,973;-3,361
"dump";12,301;-7,516;-1,426
"duke";-10,086;29,483;-4,468
"downside";0,806;-0,09;-0,55
"disney";-7,069;18,461;-2,249
"discourse";-7,069;2,142;2,47
"desperately";0,456;-1,415;0,238
"decay";-1,472;-2,914;10,834
"dave";-11,874;28,296;-2,8
"dance";-9,196;8,183;0,251
"cultivate";-6,914;15,863;-1,426
"corp";2,867;0,025;-4,766
"coordinate";0,456;-0,452;-0,005
"columbia";-1,472;8,692;-3,08
"coinbase";-2,84;-0,024;4,709
"coal";6,57;-2,914;-1,426
"classify";10,208;-5,351;-1,658
"churchill";-16,367;3,663;7,458
"cabinet";-12,729;-5,845;47,04
"bureaucratic";-1,959;-7,934;22,24
"bread";1,316;0,131;-3,08
"banker";-3,457;13,901;-3,361
"bacterium";17,613;-6,68;-4,766
"awful";-13,669;0,501;13,136
"australia";-5,376;-1,706;17,39
"attribute";-17,277;1,467;13,136
"attorney";-7,718;4,919;0,802
"atlanta";-1,718;0,025;1,919
"assembly";0,041;-7,516;7,458
"artemis";9,176;-6,263;-0,784
"allocation";4,479;-5,427;0
"aim";1,316;-2,914;0,238
"afternoon";-12,771;30,631;-3,08
"aerospace";6,57;-0,452;-5,362
"adapar";0,857;1,127;-5,064
"actualize";-4,654;5,91;-0,005
"academy";-15,458;28,296;-1,202
"2030s";13,356;-5,351;-3,361
"xi";-6,914;-7,516;37,151
"workflows";17,613;-6,68;-4,766
"warn";-4,654;-0,452;10,834
"volunteer";-7,912;11,903;-0,159
"violate";-10,086;-3,748;34,468
"viable";14,747;-7,098;-2,8
"upgrade";9,213;-4,947;-1,426
"unintuitive";19,816;-7,516;-5,362
"undergraduate";-9,62;15,863;-0,401
"uncomfortable";-7,912;8,419;0,038
"uncle";-6,236;2,848;1,292
"tune";1,316;-1,415;-0,005
"tucker";-9,196;8,183;0,251
"tuberculosis";-2,639;-0,644;7,84
"traditionally";-0,549;0,131;0,238
"toxic";0,51;-1,549;0,251
"tooth";1,992;0;-2,8
"tom";-3,955;10,179;-1,202
"terror";-0,549;-2,914;7,458
"supplier";15,836;-4,947;-5,362
"starship";11,253;-4,545;-2,8
"shoe";-3,955;7,066;-0,27
"shelter";-3,85;-0,433;9,266
"seventh";0,041;1,95;-3,08
"season";-3,955;18,104;-5,064
"rush";-0,349;-0,056;0,916
"ruin";-9,62;1,95;4,709
"robert";-10,979;20,678;-0,987
"risky";2,867;-6,68;0,625
"retain";4,373;-7,516;0,238
"recession";7,261;-2,212;-2,523
"progressivism";-11,819;-1,238;27,979
"profound";-0,349;-3,748;7,84
"primitive";14,309;-5,427;-3,872
"pride";-3,955;7,066;-0,27
"prescription";1,422;-6,68;1,919
"preference";-2,84;1,95;0,238
"portion";4,373;-0,452;-3,08
"pal";4,373;-1,415;-1,426
"overwhelm";0,041;-0,452;0,238
"nose";-2,84;0,773;1,1
"noise";0,194;-4,545;3,198
"muslim";-15,458;0;21,839
"momentum";0,857;-4,545;1,468
"mobility";2,867;-0,152;-2,523
"mineral";18,714;-7,098;-5,064
"mexican";-11,874;7,066;1,468
"mechanic";-0,005;-0,056;0,118
"mandatory";-0,096;-0,881;1,919
"loyal";2,184;-0,056;-2,249
"londale";-9,62;30,631;-5,362
"limitation";12,301;-4,947;-3,08
"jesus";-13,638;23,651;-0,784
"jersey";-0,349;-1,875;4,777
"jealous";-6,914;15,863;-1,426
"israelis";-5,346;-6,68;30,782
"israeli";-2,259;1,127;0,403
"insider";-4,609;2,441;0,733
"incremental";3,6;-7,098;0,403
"ideological";-6,914;-4,947;30,63
"humility";-3,281;3,255;0,038
"holocaust";-14,548;1,577;10,045
"gravity";13,661;-6,68;-2,523
"emission";15,41;-5,845;-4,17
"electrify";19,816;-7,516;-5,362
"editor";-10,979;25,969;-2,523
"dust";4,479;-0,254;-3,872
"donation";-6,123;0,28;5,595
"domestic";0,037;-0,881;0,625
"divorce";-1,227;-0,644;4,777
"deter";1,316;-4,947;1,1
"demo";13,661;-4,145;-4,766
"dell";1,422;0,025;-2,523
"clutter";10,211;-2,212;-4,766
"clothe";1,422;0,025;-2,523
"clever";2,621;-2,914;-0,005
"chart";3,6;-2,559;-0,27
"charity";-0,656;5,536;-2,523
"chancellor";-15,458;18,104;0,003
"carolina";-10,979;1,577;6,629
"buddy";-3,955;18,104;-5,064
"bezos";0,041;3,663;-5,362
"axis";3,98;-0,644;-2,249
"award";-3,281;1,577;0,625
"anduin";5,382;-0,433;-4,17
"analog";11,253;-7,098;-1,202
"aggregate";19,816;-7,516;-5,362
"advise";-1,035;10,179;-5,064
"accurate";-0,002;-1,14;1,468
"youth";-11,874;22,917;-1,202
"yodel";17,613;-6,68;-4,766
"yellow";-0,127;5,172;-4,17
"wreck";-9,196;-1,549;24,515
"wokeness";-6,123;-2,559;21,839
"wisconsin";-3,955;2,54;0,403
"walmart";7,261;-4,145;-0,987
"vp";11,495;-5,845;-1,978
"volume";18,714;-7,098;-5,064
"utah";-7,069;13,913;-0,784
"upbringing";-14,548;38,356;-4,766
"underground";9,176;-3,748;-2,249
"ukrainians";-0,282;-7,098;12,386
"ubi";-10,91;0,087;12,981
"timeline";11,253;-4,545;-2,8
"tent";-7,425;-2,575;24,763
"tap";8,23;-1,14;-5,064
"suspect";5,679;-4,545;-0,27
"subsidize";3,98;-6,263;0,118
"straightforward";1,992;-4,545;0,403
"statistical";13,661;-4,145;-4,766
"shell";-1,479;0,509;0,451
"sexual";0,479;-4,145;1,919
"semiconductor";12,577;-3,748;-4,468
"satisfaction";-2,036;5,172;-0,594
"request";0,923;-3,748;0,916
"relief";0,037;-2,212;1,919
"refuse";0,479;-0,881;0,038
"purchase";18,714;-7,098;-5,064
"preserve";-1,718;1,577;0,038
"pose";0,203;-2,962;1,772
"piss";-5,346;-0,152;10,045
"pill";0,037;-0,881;0,625
"pile";3,185;-0,433;-1,978
"photo";2,867;-4,145;0,038
"painful";0,194;2,54;-5,064
"overlap";4,814;-0,881;-2,523
"overconfident";0,51;1,213;-4,17
"outsider";0,923;0,805;-4,468
"ordinary";-9,196;-0,433;18,624
"opposition";-6,123;0;8,657
"obstacle";0,037;3,255;-4,766
"obsession";1,992;-0,286;-1,202
"nut";-0,349;0,109;0,118
"november";-5,346;0,025;6,629
"nathan";0,203;1,748;-3,872
"myth";-13,638;35,957;-4,468
"monitor";16,512;-6,263;-4,468
"mentally";-15,458;1,127;12,386
"mandate";-2,259;-4,545;16,78
"mad";1,992;-4,545;0,403
"lord";-3,85;11,883;-1,978
"liberate";-7,912;-4,145;30,782
"legally";-0,656;-6,68;14,168
"jared";-5,415;0,011;7,025
"james";-0,349;4,122;-2,249
"ironically";-1,035;-4,545;12,386
"intercept";10,211;-4,145;-2,523
"hr";5,679;-1,14;-2,8
"harbor";0,197;-0,644;0,118
"ground";-5,346;8,419;-0,159
"gay";-15,458;-1,14;33,956
"friendly";-6,123;1,127;3,198
"forum";-3,281;-2,212;14,168
"formula";0,479;0,025;-0,987
"fission";13,208;-5,01;-3,574
"finger";2,867;-2,212;-0,159
"fentanyl";-9,196;-0,005;13,541
"exam";0,037;0,5;-0,987
"dysfunction";-11,874;0,28;12,386
"disconnect";-0,096;-0,881;1,919
"disappear";-5,346;0,025;6,629
"dirt";7,261;-2,212;-2,523
"defeat";-4,587;0,805;2,47
"declaration";-15,458;10,179;1,468
"dean";-14,548;20,678;-0,159
"convert";0,194;2,54;-5,064
"constant";-0,002;-4,545;5,595
"consciousness";-0,002;1,127;-1,202
"comp";-0,656;-2,212;6,629
"collar";-0,005;4,122;-4,468
"brown";-15,458;10,179;1,468
"bloomberg";7,261;-0,881;-4,766
"blog";-2,259;7,066;-1,202
"blank";-0,096;3,255;-2,523
"basketball";-9,196;21,345;-1,978
"attractive";-1,227;4,122;-0,784
"ass";-11,874;28,296;-2,8
"april";-0,795;2,848;-0,594
"apex";9,176;-3,748;-2,249
"antibiotic";14,309;-5,427;-3,872
"anthropic";14,747;-4,545;-5,064
"ambition";-1,035;0,28;0,403
"accuse";-15,458;-7,098;57,124
"acceleration";10,211;-4,145;-2,523
"40s";-11,874;22,917;-1,202
"1950s";-5,346;3,255;0,625
"wrap";-0,656;0,025;0,625
"withstand";-0,656;0,5;0,038
"whale";14,309;-5,427;-3,872
"weather";-0,656;5,536;-2,523
"vr";17,613;-6,68;-4,766
"virtually";0,037;-0,881;0,625
"useless";8,152;-5,845;-0,594
"trickle";-3,281;8,419;-0,987
"trap";-13,638;-1,875;34,468
"transplant";15,41;-5,845;-4,17
"tighten";12,577;-6,263;-2,249
"survival";2,184;-6,263;0,916
"supportive";-7,912;0,025;10,045
"subsidy";5,382;-3,353;-0,594
"stream";2,867;-2,212;-0,159
"snack";0,553;0,863;-3,574
"slip";0,51;-5,845;3,142
"shirt";-5,346;11,903;-0,987
"sheep";-6,546;20,009;-3,276
"september";-7,069;13,913;-0,784
"schumer";-11,819;-2,962;35,393
"scholar";-10,979;31,861;-4,766
"scan";9,176;-3,748;-2,249
"sauce";11,495;-5,845;-1,978
"satisfy";0,479;-0,881;0,038
"residential";12,577;-3,748;-4,468
"recreate";-0,656;-0,152;1,919
"ratio";13,661;-4,145;-4,766
"ram";3,98;-0,644;-2,249
"probability";2,867;0,025;-4,766
"primarily";2,867;-6,68;0,625
"premium";13,661;-4,145;-4,766
"precisely";-1,718;5,536;-0,987
"pour";5,382;-3,353;-0,594
"pot";-6,546;14,528;-1,194
"plot";2,867;-2,212;-0,159
"philadelphia";-7,069;23,651;-4,468
"persistent";-0,096;-2,212;3,92
"paperwork";15,41;-5,845;-4,17
"owe";3,185;-5,845;0,251
"outperform";10,211;-2,212;-4,766
"optimal";-0,005;2,142;-2,249
"ongoing";0,037;-4,145;3,92
"offload";5,162;-2,194;-1,194
"oculus";7,261;-0,881;-4,766
"newspaper";-12,729;27,108;-1,978
"native";-1,718;-2,212;10,045
"monetary";0,923;-6,263;2,47
"mo";-0,656;0,025;0,625
"menu";-6,236;1,213;3,142
"median";-5,415;0,509;3,963
"med";7,261;-2,212;-2,523
"manhattan";-5,346;1,577;1,919
"log";15,41;-5,845;-4,17
"liability";0,51;-5,845;3,142
"killer";2,867;-4,145;0,038
"joint";3,185;-0,005;-4,17
"jefferson";-13,638;29,483;-2,249
"italy";-3,85;2,848;0,251
"inappropriate";-10,086;4,122;2,47
"import";-0,656;0,025;0,625
"impactful";6,311;-0,644;-4,468
"homeowner";5,382;-5,845;-0,018
"hip";-7,069;6,744;0,118
"headcount";15,41;-5,845;-4,17
"hat";-7,912;25,969;-4,766
"hammer";-0,795;0,265;0,251
"guilty";-12,729;-1,549;31,215
"gray";-0,096;-6,68;10,045
"graphic";8,152;-5,845;-0,594
"gov";1,561;-0,433;-0,594
"globalization";14,309;-5,427;-3,872
"garage";2,867;0,025;-4,766
"fulfillment";10,211;-2,212;-4,766
"fruit";2,184;-0,056;-2,249
"fool";-3,281;8,419;-0,987
"farmer";-3,281;8,419;-0,987
"fa";5,382;-3,353;-0,594
"espionage";-8,309;-5,427;35,393
"equality";-12,729;-1,549;31,215
"enhance";2,867;-4,145;0,038
"emperor";-1,718;5,536;-0,987
"el";-10,086;0,109;11,656
"echo";-3,281;11,903;-2,523
"ear";-0,349;6,744;-4,468
"doable";3,98;-0,056;-4,468
"democratize";2,184;-0,644;-0,784
"crt";-10;0,254;10,307
"contribution";-2,639;4,122;-0,074
"contrarian";-0,656;5,536;-2,523
"consistently";2,867;-0,152;-2,523
"colorado";-7,425;2,441;2,38
"collection";0,923;-1,875;0,118
"coincidence";-5,346;1,577;1,919
"cognitive";12,577;-6,263;-2,249
"coalition";-10,979;-4,145;37,735
"cite";-5,346;0,025;6,629
"chronic";7,261;-6,68;-0,159
"christianity";-14,548;15,99;0,038
"chicken";3,284;-0,226;-2,68
"calorie";6,149;-1,457;-2,68
"bridgewater";-1,479;9,909;-3,872
"bird";-3,281;15,99;-4,766
"bid";-0,437;-2,962;7,025
"belong";-12,729;1,213;9,266
"beijing";-4,587;-1,875;16,227
"backyard";0,037;0,025;-0,159
"b2b";17,613;-6,68;-4,766
"automotive";12,577;-6,263;-2,249
"autoimmune";14,309;-5,427;-3,872
"attrition";14,309;-5,427;-3,872
"arab";-10,086;-3,748;34,468
"analytics";16,512;-6,263;-4,468
"alongside";-10,979;8,419;0,625
"abstract";7,261;-6,68;-0,159
"30s";-5,346;3,255;0,625
"variance";-0,437;3,727;-1,711
"vacuum";4,479;-5,427;0
"vacation";-4,587;18,461;-4,468
"urban";-2,639;13,913;-4,468
"unify";-7,069;0,109;7,84
"unicorn";9,176;-3,748;-2,249
"unhappy";-1,227;2,142;-0,074
"underhyped";16,512;-6,263;-4,468
"ukrainian";-4,587;-0,644;11,656
"tree";8,152;-1,549;-4,17
"trash";9,176;-6,263;-0,784
"trader";-8,309;24,737;-3,872
"totalitarian";-7,069;-1,875;21,553
"threshold";-0,795;-5,845;13,541
"theoretical";-0,795;-0,433;3,142
"temperature";6,311;-3,748;-0,784
"technically";-2,639;0,109;2,47
"tablet";14,309;-5,427;-3,872
"sympathize";-10;-4,592;36,957
"sword";-0,17;0,863;-0,267
"supremacy";-13,638;0,109;16,227
"specialize";2,184;-0,644;-0,784
"soros";-10,086;2,142;4,777
"sin";-7,069;-0,644;16,227
"shadow";-5,415;6,448;0
"separation";0,027;-5,01;4,971
"seize";-6,546;-4,592;28,751
"scope";12,577;-6,263;-2,249
"scholarship";-5,415;9,909;-0,42
"scarcity";11,495;-5,845;-1,978
"scam";-3,139;-2,962;15,761
"safely";8,152;-3,353;-1,978
"revolutionize";16,512;-6,263;-4,468
"reliability";12,577;-3,748;-4,468
"rejection";-0,437;-1,238;3,963
"reference";-0,005;2,142;-2,249
"reed";-6,546;20,009;-3,276
"raw";8,152;-3,353;-1,978
"radicalize";-11,819;-1,238;27,979
"propose";-13,638;-6,263;50,401
"prize";-0,795;2,848;-0,594
"prediction";16,512;-6,263;-4,468
"precise";5,382;-3,353;-0,594
"pray";-13,638;13,913;0,118
"pr";-1,227;-0,644;4,777
"populism";-7,069;4,122;0,916
"pollute";9,176;-3,748;-2,249
"politicize";-10,086;0,109;11,656
"pizza";4,479;-1,238;-1,711
"pipe";9,34;-5,01;-1,449
"perry";-1,479;-1,238;7,025
"perceive";-0,795;8,183;-4,17
"patrick";-2,036;8,183;-1,978
"overnight";0,923;-3,748;0,916
"oppression";-12,729;16,27;-0,018
"oftentimes";0,197;-0,056;-0,074
"noble";-6,546;14,528;-1,194
"nick";0,203;1,748;-3,872
"minecraft";11,006;-4,175;-2,978
"midwest";-7,425;16,779;-1,449
"marriage";-10,086;-0,056;16,227
"marginal";5,382;-0,433;-4,17
"marcus";-11,819;31,161;-3,872
"manufacturer";6,311;-1,875;-2,249
"mail";-0,349;-3,748;7,84
"louisiana";0,923;-1,875;0,118
"knife";-0,011;-2,962;3,963
"junk";0,032;2,848;-4,17
"joby";8,152;-1,549;-4,17
"islam";-13,638;10,007;0,916
"invention";0,032;-0,005;-0,018
"intuitively";6,311;-1,875;-2,249
"intensive";12,577;-3,748;-4,468
"intel";0,51;1,213;-4,17
"insanely";0,203;-1,238;0,451
"industrialize";-0,17;-2,575;4,971
"industrialization";-0,349;4,122;-2,249
"ill";-7,069;-3,748;27,633
"hunter";-9,196;1,213;5,8
"hampshire";-10,91;-0,943;24,763
"gps";12,577;-6,263;-2,249
"ghost";15,41;-5,845;-4,17
"generational";0,553;0,863;-3,574
"gang";-9,196;-5,845;38,723
"friction";3,185;-0,005;-4,17
"freeze";-3,139;0,509;1,772
"fold";3,185;-1,549;-0,594
"fellowship";-3,139;6,448;-0,42
"false";-1,227;-1,875;7,84
"explanation";0,923;-1,875;0,118
"existence";-0,795;2,848;-0,594
"excitement";0,203;-1,238;0,451
"eu";-6,236;-3,353;24,515
"eric";-6,236;8,183;-0,018
"entitlement";-0,437;-1,238;3,963
"entertainment";-0,795;1,213;-0,018
"enlightenment";-7,069;10,007;-0,074
"elevator";-3,058;12,306;-2,978
"elevate";2,184;0,109;-4,468
"dysfunctional";-13,638;-3,748;42,057
"dual";16,512;-6,263;-4,468
"doug";8,152;-3,353;-1,978
"disclosure";11,495;-5,845;-1,978
"deviation";8,152;-1,549;-4,17
"depress";-3,85;11,883;-1,978
"demographic";0,51;-3,353;1,292
"curiosity";-7,069;23,651;-4,468
"cry";-5,415;-0,254;10,958
"critically";0,923;0,805;-4,468
"credential";0,923;-0,056;-0,784
"consent";1,133;-2,194;0,117
"concentration";-4,587;-1,875;16,227
"concentrate";16,512;-6,263;-4,468
"con";-2,036;8,183;-1,978
"compel";-7,069;6,744;0,118
"clue";-2,461;11,991;-3,574
"clinton";-7,069;-6,263;34,468
"cheer";-10;6,192;1,121
"champion";1,561;-1,549;-0,018
"ch";0,197;-1,875;0,916
"certainty";-6,236;-0,005;9,266
"carter";-4,587;2,142;0,916
"cadence";9,176;-6,263;-0,784
"burst";0,032;2,848;-4,17
"bump";7,139;-5,427;-0,42
"brutal";-7,069;-1,875;21,553
"bottleneck";16,512;-6,263;-4,468
"boeing";0,923;-0,644;-0,074
"bless";-10,086;4,122;2,47
"aviation";2,437;0,011;-3,872
"alto";-2,036;5,172;-0,594
"achievement";-10,086;10,007;0,118
"abstraction";12,577;-6,263;-2,249
"weed";2,437;-0,254;-1,711
"vulnerable";-2,036;-0,005;3,142
"voltage";13,208;-5,01;-3,574
"viewpoint";-8,309;-0,254;15,761
"vertically";14,309;-5,427;-3,872
"unsexy";6,149;-1,457;-2,68
"unleash";5,382;-5,845;-0,018
"unknown";8,27;-2,194;-3,276
"universal";-6,236;1,213;3,142
"uniform";-0,437;0,011;0,451
"uae";-11,819;14,111;0
"trace";-3,85;2,848;0,251
"tone";-6,236;16,27;-1,978
"tick";5,382;-5,845;-0,018
"thread";-3,85;11,883;-1,978
"tension";-1,479;-1,238;7,025
"taylor";-11,819;31,161;-3,872
"superstar";-3,85;16,27;-4,17
"sufficient";-2,036;-5,845;18,624
"successfully";0,51;-5,845;3,142
"stagnation";0,032;-3,353;3,142
"sick";0,203;0,011;-0,42
"sheer";2,437;-0,254;-1,711
"sex";-1,479;1,748;0
"sensitive";-0,795;-1,549;5,8
"rival";-2,036;-0,005;3,142
"revolutionary";-1,479;-2,962;10,958
"rent";3,185;-0,005;-4,17
"refer";-0,795;0,265;0,251
"recycle";4,479;-2,962;-0,42
"recognition";-3,85;5,172;-0,018
"realistic";11,495;-5,845;-1,978
"reader";-12,729;5,172;3,142
"rabbi";-7,272;7,993;0,019
"purple";-10;-0,672;21,574
"punch";-9,196;0,265;9,266
"pulse";11,495;-3,353;-4,17
"prompt";10,416;-2,962;-3,872
"prince";-12,729;5,172;3,142
"prevail";-1,825;-4,592;15,426
"practitioner";6,149;-1,457;-2,68
"placement";4,479;-0,254;-3,872
"phenomenon";-0,127;-3,353;5,8
"percentile";-5,673;17,656;-2,978
"pbm";14,309;-5,427;-3,872
"paycheck";9,905;-3,757;-2,68
"pathway";1,747;0,087;-3,574
"overhead";14,309;-5,427;-3,872
"outline";-9,196;5,172;1,292
"organizational";14,309;-5,427;-3,872
"organic";11,495;-3,353;-4,17
"oracle";2,783;-0,672;-1,194
"offensive";-0,437;1,748;-0,42
"obligation";-12,729;-0,433;24,515
"neo";0,212;-4,592;3,154
"neat";-8,309;24,737;-3,872
"mouse";7,139;-5,427;-0,42
"monday";-5,415;14,111;-1,711
"minimize";-0,011;-2,962;3,963
"meal";-0,795;8,183;-4,17
"logical";1,561;-3,353;0,251
"leftist";-7,425;0,087;8,504
"knee";1,747;-5,01;0,733
"jd";-0,981;0,863;0,029
"jammer";6,141;-2,575;-1,449
"item";3,185;-3,353;-0,018
"inventory";14,309;-5,427;-3,872
"intrusion";-0,17;-2,575;4,971
"intimidate";-12,729;0,265;13,541
"interestingly";0,032;-0,433;0,251
"interceptor";9,905;-3,757;-2,68
"instruction";-0,736;-0,226;2,354
"instagram";3,61;-2,575;-0,267
"influential";-8,309;19,053;-1,711
"inculcate";-12,729;21,345;-0,594
"inch";2,783;-0,672;-1,194
"immigrate";-8,309;0,509;7,025
"horizontal";11,495;-5,845;-1,978
"heck";8,152;-1,549;-4,17
"gross";10,416;-2,962;-3,872
"greek";-8,182;6,003;0,55
"gna";5,382;-1,549;-1,978
"globe";0,032;-0,005;-0,018
"genome";1,747;0,087;-3,574
"genocide";-10;-2,194;28,751
"gbt";15,41;-5,845;-4,17
"ftc";-0,437;-2,962;7,025
"friendship";-10,91;22,37;-1,449
"fox";-8,309;9,909;0
"forbid";-6,236;21,345;-4,17
"firsthand";0,032;-0,005;-0,018
"fintech";8,152;-3,353;-1,978
"external";-2,036;-1,549;9,266
"expression";-2,036;8,183;-1,978
"expense";15,41;-5,845;-4,17
"excavator";15,41;-5,845;-4,17
"eager";-12,729;1,213;9,266
"dubai";-0,795;-0,005;1,292
"drill";2,437;-0,254;-1,711
"draft";-2,461;2,441;0,029
"doc";8,152;-5,845;-0,594
"distract";-2,036;-0,005;3,142
"display";4,479;-0,254;-3,872
"disappoint";-1,479;-0,254;3,963
"disagreement";-11,819;-0,254;21,434
"dialogue";-8,309;24,737;-3,872
"demonstration";0,032;-0,005;-0,018
"deck";8,152;-1,549;-4,17
"decentralization";-9,196;-3,353;31,215
"da";-7,425;0,863;4,971
"cto";6,141;-2,575;-1,449
"crystal";-0,011;0,011;0
"countryside";0,032;-0,005;-0,018
"costly";5,382;-3,353;-0,594
"cooperation";-2,461;-0,114;4,971
"contrast";-3,85;8,183;-0,594
"continually";0,51;-0,433;-0,018
"consumption";10,416;-2,962;-3,872
"comfort";0,032;2,848;-4,17
"cobalt";11,006;-4,175;-2,978
"cliff";1,747;-0,114;-1,449
"clarence";-10;26,366;-3,276
"chris";-9,196;16,27;-0,594
"chemistry";15,41;-5,845;-4,17
"certification";8,152;-1,549;-4,17
"cattle";1,133;0,254;-3,276
"caddy";-7,272;19,174;-2,382
"businessman";-3,139;9,909;-1,711
"boot";-3,821;0,254;3,154
"bleed";1,011;0,011;-1,711
"blast";11,495;-5,845;-1,978
"basement";0,553;0,087;-1,449
"baseline";-0,437;3,727;-1,711
"attend";-10,91;16,779;-0,267
"assault";-10;-2,194;28,751
"arrogant";-10,91;4,822;2,38
"arrest";-8,309;-2,962;27,979
"architect";0,203;-2,962;1,772
"appreciation";-6,236;-5,845;31,215
"anger";-11,819;9,909;0,451
"android";13,208;-5,01;-3,574
"alarm";-2,461;-0,114;4,971
"agriculture";-0,17;0,863;-0,267
"adversity";-11,819;24,737;-1,711
"addiction";-5,673;-4,175;25,442
"adaptive";8,152;-3,353;-1,978
"accidentally";3,185;-0,433;-1,978
"18th";-12,729;2,848;5,8
"yell";-4,609;0,087;4,971
"workout";-0,232;4,495;-2,978
"wildly";-3,139;1,748;0,451
"weiss";-11,819;24,737;-1,711
"wash";1,747;0,087;-3,574
"visible";-0,011;-5,427;7,025
"veteran";-7,425;0,863;4,971
"versa";10,416;-5,427;-1,711
"unquote";-5,415;0,011;7,025
"tulsa";-5,415;-5,427;27,979
"torture";-4,609;-2,575;18,4
"tony";-3,821;14,528;-3,276
"tock";2,437;-5,427;0,451
"television";0,203;-0,254;0
"tall";0,553;-0,114;-0,267
"syria";-5,415;-1,238;15,761
"suppress";-0,17;-5,01;8,504
"supercharge";5,162;-2,194;-1,194
"stone";-11,819;19,053;-0,42
"stereotype";-10,91;28,764;-3,574
"standardize";2,01;0,001;-2,978
"stan";-3,058;12,306;-2,978
"spreadsheet";13,208;-5,01;-3,574
"sovereign";-0,011;-5,427;7,025
"someday";0,203;0,509;-1,711
"smb";9,34;-5,01;-1,449
"slap";0,027;-0,114;0,029
"sink";3,61;-2,575;-0,267
"simulation";8,27;-2,194;-3,276
"sight";6,141;-5,01;-0,267
"sharp";-1,479;9,909;-3,872
"segment";2,437;-1,238;-0,42
"saturday";-10,91;16,779;-0,267
"sand";-0,981;0,863;0,029
"salesperson";10,416;-2,962;-3,872
"sailor";3,61;-2,575;-0,267
"sacrifice";-7,425;22,37;-3,574
"russ";-5,673;2,034;1,646
"roland";-6,546;14,528;-1,194
"rockefeller";-7,272;12,982;-0,494
"rifle";-3,058;0,001;4,142
"reuse";12,107;-4,592;-3,276
"restrict";-0,011;-5,427;7,025
"resolution";1,011;-2,962;0,451
"republic";-8,309;-2,962;27,979
"replacement";13,208;-5,01;-3,574
"refresh";6,141;-5,01;-0,267
"realtor";13,208;-5,01;-3,574
"realm";7,139;-1,238;-3,872
"prosperous";-5,415;9,909;-0,42
"proposition";0,553;-5,01;2,38
"prominent";-0,021;0,254;-0,141
"probation";-10,91;-2,575;32,069
"princeton";-11,819;19,053;-0,42
"preach";-10;6,192;1,121
"pounder";10,416;-2,962;-3,872
"pirate";-0,558;6,192;-3,276
"pin";-3,139;-1,238;10,958
"phrase";-4,609;11,991;-1,449
"phoenix";-10,91;16,779;-0,267
"patriotic";-7,425;4,822;0,733
"oversight";-7,425;-2,575;24,763
"offshore";7,139;-2,962;-1,711
"officially";-3,139;0,509;1,772
"nuanced";-8,309;3,727;1,772
"notch";8,804;-3,339;-2,382
"nos";-5,415;-5,427;27,979
"nerd";-0,437;6,448;-3,872
"nazis";-10;-4,592;36,957
"motive";-0,011;-2,962;3,963
"morally";7,139;-1,238;-3,872
"mini";-4,609;16,779;-3,574
"masculinity";-10,91;28,764;-3,574
"maria";-3,821;14,528;-3,276
"manifest";1,011;0,011;-1,711
"longevity";1,747;0,087;-3,574
"lever";-0,981;-5,01;12,981
"learning";10,416;-2,962;-3,872
"kindergarten";-11,819;19,053;-0,42
"kim";-10;1,358;6,216
"jackson";-11,819;14,111;0
"intellectually";-0,17;4,822;-3,574
"integrity";-0,437;-1,238;3,963
"instinct";-5,415;0,509;3,963
"inspiration";1,011;-1,238;0
"infection";7,139;-2,962;-1,711
"inevitably";-4,609;2,441;0,733
"implementation";2,437;-1,238;-0,42
"hustle";-7,425;22,37;-3,574
"hook";9,34;-2,575;-3,574
"hood";7,139;-2,962;-1,711
"holiday";-11,819;31,161;-3,872
"hobby";-0,558;0,254;0,117
"hitler";-10,91;0,087;12,981
"hierarchy";-5,415;-2,962;21,434
"headquarter";3,61;-0,114;-3,574
"guest";-9,091;17,656;-0,948
"gradually";1,011;-5,427;1,772
"gmail";8,27;-2,194;-3,276
"gaga";-11,819;31,161;-3,872
"funnel";10,416;-2,962;-3,872
"fulfil";0,203;1,748;-3,872
"formation";-2,461;11,991;-3,574
"float";-0,021;-2,194;3,154
"fiber";6,141;-2,575;-1,449
"fence";1,31;-3,757;0,55
"fairness";-5,415;0,509;3,963
"fabric";-1,479;3,727;-0,42
"extremist";-10,91;-5,01;40,317
"exhaust";-5,673;17,656;-2,978
"exceptional";-0,17;-0,943;2,38
"excel";-0,17;0,863;-0,267
"evolutionary";0,203;-1,238;0,451
"ethos";0,027;0,863;-1,449
"emotion";-11,819;-0,254;21,434
"electrical";-0,437;6,448;-3,872
"dramatic";10,416;-2,962;-3,872
"dose";2,783;-4,592;0,117
"distortion";13,208;-5,01;-3,574
"discount";9,34;-2,575;-3,574
"diet";2,783;-0,672;-1,194
"dictator";-8,309;-0,254;15,761
"diamond";-3,821;9,922;-1,194
"defensive";2,437;-2,962;0
"curative";8,27;-4,592;-1,194
"cryptocurrency";4,207;-4,175;-0,049
"crown";-10,91;0,087;12,981
"crispr";13,208;-5,01;-3,574
"connectivity";10,416;-2,962;-3,872
"confirm";-7,425;0,863;4,971
"colombia";-4,609;-0,114;8,504
"cisco";3,61;-0,943;-1,449
"cigar";-9,091;23,968;-2,978
"christians";-10,91;16,779;-0,267
"chill";-10;14,528;-0,141
"cetera";3,284;-3,757;-0,003
"census";-2,461;-0,114;4,971
"ceiling";2,783;-2,194;-0,141
"cast";-0,011;1,748;-1,711
"capita";0,203;-2,962;1,772
"burden";-0,011;0,011;0
"bucket";2,783;-2,194;-0,141
"breast";7,205;-1,821;-2,978
"bounce";1,011;-0,254;-0,42
"bind";-6,546;-0,672;15,426
"belt";7,139;-5,427;-0,42
"believer";-11,819;24,737;-1,711
"bathroom";-0,232;2,034;-0,948
"bat";-0,021;0,254;-0,141
"bankrupt";-3,139;0,509;1,772
"backup";14,309;-5,427;-3,872
"backbone";-0,17;4,822;-3,574
"bachelor";2,437;0,011;-3,872
"automatic";7,139;-2,962;-1,711
"assist";7,139;-2,962;-1,711
"arise";-0,981;-2,575;8,504
"appropriation";-10,91;-0,943;24,763
"adviser";-5,415;1,748;1,772
"advent";7,139;-1,238;-3,872
"worldwide";-0,17;-0,943;2,38
"weigh";-3,058;0,001;4,142
"weekly";-6,546;3,337;1,121
"waiter";-0,036;2,954;-2,68
"visionary";-0,558;3,337;-1,194
"village";-1,825;9,922;-3,276
"vibe";-1,825;9,922;-3,276
"vest";-0,981;-5,01;12,981
"uranium";6,149;-1,457;-2,68
"upfront";3,61;-2,575;-0,267
"unhealthy";-10;-0,025;15,426
"unbiased";11,006;-4,175;-2,978
"triangle";-10,91;-5,01;40,317
"transistor";8,804;-3,339;-2,382
"thorium";8,804;-3,339;-2,382
"terribly";-0,981;-2,575;8,504
"telemedicine";4,207;-4,175;-0,049
"techno";-4,809;0,066;5,416
"tale";-0,17;2,441;-1,449
"tailwind";3,61;-2,575;-0,267
"synagogue";-10;20,009;-1,194
"sweep";-0,17;0,863;-0,267
"sustainability";1,133;-0,672;-0,141
"surge";-0,232;-4,175;7,77
"structural";0,553;-0,943;0,029
"strict";0,027;-5,01;4,971
"stoic";-9,091;17,656;-0,948
"stimulus";0,212;-4,592;3,154
"stamp";0,027;0,087;-0,267
"stability";0,027;-2,575;2,38
"specialty";2,01;0,001;-2,978
"sony";3,284;-0,226;-2,68
"skip";0,027;2,441;-3,574
"skincare";11,006;-4,175;-2,978
"singularity";3,61;-0,114;-3,574
"sing";-10,91;11,991;0,029
"simultaneously";0,553;0,863;-3,574
"silver";-0,558;3,337;-1,194
"shoulder";-0,17;0,087;0,029
"shore";-7,425;-2,575;24,763
"sh";-0,981;2,441;-0,267
"severe";-2,461;-5,01;18,4
"settle";-10;6,192;1,121
"separately";1,133;-0,025;-1,194
"selection";1,133;0,254;-3,276
"scheme";3,61;-2,575;-0,267
"scalable";13,208;-5,01;-3,574
"salt";-0,981;8,005;-3,574
"rung";-8,182;-1,457;22,145
"rumor";0,027;-2,575;2,38
"roi";12,107;-4,592;-3,276
"rob";-7,425;22,37;-3,574
"rigorous";3,61;-0,114;-3,574
"rift";8,27;-2,194;-3,276
"riff";11,006;-4,175;-2,978
"replicate";3,61;-0,943;-1,449
"rep";6,141;-2,575;-1,449
"remotely";9,34;-2,575;-3,574
"regret";-10,91;-0,114;18,4
"quarterly";8,27;-2,194;-3,276
"purposely";-4,609;-2,575;18,4
"pump";1,747;-0,114;-1,449
"prosecutor";-9,091;-4,175;33,596
"proliferation";6,141;-5,01;-0,267
"producer";0,212;0,254;-1,194
"proceed";-0,232;-1,821;4,142
"problematic";-6,546;3,337;1,121
"plumber";0,212;1,358;-3,276
"pillar";-0,981;-2,575;8,504
"pessimist";-5,673;12,306;-0,948
"persian";-9,091;0,536;7,77
"pen";12,107;-4,592;-3,276
"payload";9,905;-3,757;-2,68
"outstanding";2,783;-0,025;-3,276
"outlet";-6,546;20,009;-3,276
"orientation";-1,825;0,254;1,121
"opto";0,228;0,975;-2,68
"opm";-7,425;-0,114;12,981
"olympics";-3,821;-0,672;10,307
"nickel";13,208;-5,01;-3,574
"nap";-3,955;12,982;-2,382
"museum";-6,546;9,922;-0,141
"morph";-0,558;-0,025;1,121
"morality";-2,304;4,002;-0,134
"minnesota";-0,558;3,337;-1,194
"memorize";11,006;-4,175;-2,978
"medication";12,107;-4,592;-3,276
"mcdonald";0,023;2,034;-2,978
"mathematics";-7,425;22,37;-3,574
"mathematician";-4,609;-0,114;8,504
"mankind";6,141;-2,575;-1,449
"mainstream";-10,91;-2,575;32,069
"magical";-0,17;2,441;-1,449
"locate";6,141;-2,575;-1,449
"locally";-0,17;-2,575;4,971
"linear";13,208;-5,01;-3,574
"lifespan";8,27;-2,194;-3,276
"leonidas";11,006;-4,175;-2,978
"leonard";-9,091;2,034;4,142
"leo";-0,981;0,087;0,733
"lender";12,107;-4,592;-3,276
"leg";0,553;0,087;-1,449
"leak";0,027;-5,01;4,971
"kirk";-10,91;-0,943;24,763
"karp";-0,558;6,192;-3,276
"jonathan";-9,091;17,656;-0,948
"italian";-10,91;0,087;12,981
"isolate";-0,17;0,863;-0,267
"ip";6,141;-5,01;-0,267
"interpretation";-5,673;-4,175;25,442
"install";9,34;-5,01;-1,449
"inevitable";1,747;-5,01;0,733
"inefficient";9,34;-5,01;-1,449
"index";2,783;-2,194;-0,141
"illinois";-10;14,528;-0,141
"illiberal";-8,182;-1,457;22,145
"idiot";-1,825;3,337;-0,141
"ian";-0,981;-0,114;2,38
"hypersonics";11,006;-4,175;-2,978
"hvc";0,553;0,863;-3,574
"husband";-10,91;28,764;-3,574
"hpm";13,208;-5,01;-3,574
"healthc";-4,609;16,779;-3,574
"harry";-8,182;0,975;5,416
"grocery";3,61;-0,943;-1,449
"greatly";-0,17;-0,943;2,38
"gbd4";9,905;-3,757;-2,68
"freight";7,205;-1,821;-2,978
"frederick";-10,91;28,764;-3,574
"formative";-0,981;8,005;-3,574
"formal";-3,058;-1,821;12,529
"flexibility";-0,021;0,254;-0,141
"flash";8,27;-4,592;-1,194
"fifty";6,141;-2,575;-1,449
"faa";8,27;-4,592;-1,194
"entropy";5,162;-0,672;-3,276
"enrol";-4,609;16,779;-3,574
"endeavor";-6,546;6,192;0,117
"emphasize";2,783;-0,672;-1,194
"emp";13,208;-5,01;-3,574
"emergence";0,027;-2,575;2,38
"dry";0,027;-5,01;4,971
"dota";12,107;-4,592;-3,276
"diu";8,27;-4,592;-1,194
"distributor";11,006;-4,175;-2,978
"distort";-4,609;-5,01;24,763
"dismantle";-10,91;-5,01;40,317
"digitize";8,27;-2,194;-3,276
"diabetic";13,208;-5,01;-3,574
"detection";9,905;-3,757;-2,68
"designer";6,141;-0,943;-3,574
"declare";-6,546;-0,672;15,426
"debris";7,704;-2,922;-2,085
"cousin";-6,546;20,009;-3,276
"conviction";-7,425;-0,114;12,981
"consensus";-1,825;-4,592;15,426
"commute";11,006;-4,175;-2,978
"collateral";12,107;-4,592;-3,276
"collaboration";1,747;0,087;-3,574
"cluster";0,027;-0,114;0,029
"cleanup";9,34;-2,575;-3,574
"circumstance";0,553;-2,575;0,733
"chuck";-10,91;-2,575;32,069
"chevron";-9,091;-4,175;33,596
"changer";13,208;-5,01;-3,574
"chamber";-4,609;11,991;-1,449
"certify";-2,461;0,087;2,38
"cdc";-3,821;-2,194;15,426
"cannon";1,747;-2,575;0,029
"candid";8,27;-2,194;-3,276
"canadian";-2,461;11,991;-3,574
"bullet";9,34;-2,575;-3,574
"brexit";-10;-2,194;28,751
"breadth";12,107;-4,592;-3,276
"brave";-7,425;8,005;0,029
"brad";-10;6,192;1,121
"bonus";-4,609;0,087;4,971
"billers";6,149;-3,757;-0,713
"beneficial";0,027;-2,575;2,38
"bane";-0,021;3,337;-3,276
"awake";1,747;-5,01;0,733
"aurora";11,006;-4,175;-2,978
"august";1,133;-4,592;1,121
"armor";4,207;-1,821;-0,948
"arabia";-6,546;9,922;-0,141
"api";8,27;-2,194;-3,276
"analyst";0,027;0,087;-0,267
"americas";-9,091;-4,175;33,596
"allocate";0,615;-4,175;1,646
"aisle";-10,91;-2,575;32,069
"adjacent";4,207;-4,175;-0,049
"addition";0,027;-0,114;0,029
"addict";-0,981;-5,01;12,981
"acceptable";-0,981;-5,01;12,981
"accelerationist";8,27;-2,194;-3,276
"wto";1,31;-3,757;0,55
"wood";11,006;-4,175;-2,978
"wildwood";-5,673;12,306;-0,948
"wells";2,783;-0,672;-1,194
"vulnerability";0,874;-2,504;0,366
"visa";-3,058;0,536;1,646
"vanguard";-10;-4,592;36,957
"ut";-3,821;14,528;-3,276
"upwards";1,133;0,254;-3,276
"unman";8,27;-4,592;-1,194
"unbelievably";-0,558;6,192;-3,276
"ultra";-1,244;0,536;0,282
"tube";9,905;-3,757;-2,68
"trig";5,162;-4,592;-0,141
"tremendously";-1,825;1,358;0,117
"travis";-0,558;3,337;-1,194
"traction";1,133;-4,592;1,121
"tolerance";-0,021;-4,592;6,216
"thiel";-10;26,366;-3,276
"theoretically";8,27;-2,194;-3,276
"territory";-6,546;-0,672;15,426
"technologically";2,783;-0,672;-1,194
"symbolic";-3,821;-0,025;6,216
"sweet";-0,021;0,254;-0,141
"suite";0,615;-0,43;-0,049
"suggestion";-0,021;-4,592;6,216
"suburb";-3,821;1,358;1,121
"string";0,212;-0,025;-0,141
"stretch";-3,821;-2,194;15,426
"stoke";-1,825;9,922;-3,276
"statins";9,905;-3,757;-2,68
"spell";3,284;-1,457;-0,713
"spark";2,783;-0,025;-3,276
"spain";-10;-0,672;21,574
"smooth";7,205;-4,175;-0,948
"smartphone";2,01;0,001;-2,978
"slide";5,162;-2,194;-1,194
"shelf";12,107;-4,592;-3,276
"shakespeare";-9,091;23,968;-2,978
"server";12,107;-4,592;-3,276
"secular";1,133;-0,672;-0,141
"scroll";2,01;-1,821;-0,049
"sba";0,615;-0,43;-0,049
"sample";0,615;0,536;-2,978
"sachs";-3,821;14,528;-3,276
"runner";9,905;-3,757;-2,68
"rot";-3,821;-0,672;10,307
"ronald";-10;0,254;10,307
"rome";-10;26,366;-3,276
"rigor";-1,825;6,192;-1,194
"rick";-3,118;10,671;-2,085
"retrospect";-9,091;7,919;0,282
"remarkable";-1,244;0,536;0,282
"reliably";12,107;-4,592;-3,276
"reinforcement";8,804;-3,339;-2,382
"reduction";8,27;-4,592;-1,194
"recommendation";5,162;-2,194;-1,194
"randomly";-0,021;-2,194;3,154
"raj";-8,182;21,571;-2,68
"rain";-3,821;-4,592;21,574
"psychological";2,01;-0,43;-0,948
"prospect";-3,821;-2,194;15,426
"proper";-0,232;-4,175;7,77
"propagate";2,783;-4,592;0,117
"pronoun";-8,182;15,312;-0,713
"president_s";0,212;-2,194;1,121
"presence";0,615;-4,175;1,646
"prank";-10;26,366;-3,276
"powell";0,023;-4,175;4,142
"portal";8,27;-4,592;-1,194
"polarization";-10;-4,592;36,957
"poland";-10;-0,672;21,574
"poem";-7,272;7,993;0,019
"plausible";8,27;-4,592;-1,194
"philanthropist";-10;9,922;0,117
"philanthropic";0,212;0,254;-1,194
"phds";0,023;0,536;-0,948
"pencil";1,31;-0,226;-0,713
"pe";-0,232;4,495;-2,978
"patchwork";-0,558;-2,194;6,216
"overly";-0,232;-1,821;4,142
"organically";2,01;-0,43;-0,948
"node";8,804;-3,339;-2,382
"nelson";-1,64;1,627;0,019
"nefarious";8,27;-4,592;-1,194
"mount";-0,036;0,066;-0,003
"mod";-0,558;-0,025;1,121
"mock";-4,809;0,975;2,354
"metaverse";-3,821;14,528;-3,276
"metaphor";11,006;-4,175;-2,978
"merger";-0,558;-2,194;6,216
"melt";1,31;0,066;-2,68
"mckinley";-0,232;4,495;-2,978
"maven";4,207;-1,821;-0,948
"mature";2,783;-0,025;-3,276
"matrix";11,006;-4,175;-2,978
"marxists";-10;-2,194;28,751
"marxism";-9,091;-1,821;25,442
"marx";-6,546;3,337;1,121
"machinery";12,107;-4,592;-3,276
"loyalty";0,212;1,358;-3,276
"los";-10;9,922;0,117
"logo";1,133;-0,672;-0,141
"lockdown";0,228;-3,757;2,354
"litigation";-3,821;-2,194;15,426
"lease";1,31;-0,226;-0,713
"ko";-9,091;23,968;-2,978
"knob";2,406;-1,106;-0,494
"kentucky";-6,546;3,337;1,121
"kelly";-3,058;4,495;-0,049
"juice";-0,558;0,254;0,117
"jazz";-7,272;19,174;-2,382
"iterative";5,162;-4,592;-0,141
"islamic";-9,091;0,001;12,529
"isis";-6,546;-4,592;28,751
"intolerant";-0,736;-1,457;5,416
"intersection";-0,558;-0,672;3,154
"interfaith";-7,272;19,174;-2,382
"instantaneous";12,107;-4,592;-3,276
"inherit";-3,821;6,192;-0,141
"infinity";7,704;-2,922;-2,085
"indians";-3,821;1,358;1,121
"incorrect";0,023;0,001;-0,049
"incident";-2,327;-3,757;15,311
"imply";6,149;-1,457;-2,68
"implication";-1,825;1,358;0,117
"immense";-4,809;2,954;0,55
"houston";-10;20,009;-1,194
"hostile";-6,546;-2,194;21,574
"honesty";2,406;-1,106;-0,494
"heritage";-10;26,366;-3,276
"hebrew";-5,673;17,656;-2,978
"harmful";4,207;-1,821;-0,948
"grape";-0,036;2,954;-2,68
"grandma";-9,091;23,968;-2,978
"graham";-1,825;6,192;-1,194
"grader";-6,546;20,009;-3,276
"gpt3";8,804;-3,339;-2,382
"glucose";6,603;-2,504;-1,787
"gary";-7,272;-1,106;18,863
"forest";-0,021;-2,194;3,154
"ford";-0,736;-0,226;2,354
"fierce";-7,272;7,993;0,019
"february";-3,058;2,034;0,282
"fame";-3,058;4,495;-0,049
"exploit";-0,021;-0,025;0,117
"explicitly";-2,327;-3,757;15,311
"excess";0,023;0,001;-0,049
"everyday";-1,825;0,254;1,121
"establishment";-5,673;-4,175;25,442
"equip";3,284;-3,757;-0,003
"emirate";-0,021;1,358;-1,194
"edit";-0,021;0,254;-0,141
"eak";-3,058;4,495;-0,049
"dot";5,162;-2,194;-1,194
"disorder";-1,244;0,001;1,646
"diligence";12,107;-4,592;-3,276
"differentiate";8,27;-2,194;-3,276
"differ";-4,809;0,975;2,354
"deregulation";-0,328;-3,339;7,082
"delta";2,783;-2,194;-0,141
"delete";-0,558;-2,194;6,216
"cube";7,704;-2,922;-2,085
"crucial";-3,821;-0,672;10,307
"crm";9,905;-3,757;-2,68
"crew";0,212;-0,672;0,117
"crater";7,704;-2,922;-2,085
"correlation";2,783;-4,592;0,117
"consolidation";2,01;-1,821;-0,049
"confusion";-1,825;-2,194;10,307
"completion";5,162;-0,672;-3,276
"commercially";8,27;-2,194;-3,276
"co2";2,783;-0,672;-1,194
"certificate";4,207;-1,821;-0,948
"centralization";-3,821;-4,592;21,574
"castle";8,27;-2,194;-3,276
"carrot";-0,736;0,066;0,55
"cable";1,31;-1,457;-0,003
"brick";-1,825;1,358;0,117
"breathe";-3,118;-0,003;4,632
"bourbon";0,711;-0,076;-0,494
"bobby";-9,091;-1,821;25,442
"birmingham";-4,809;15,312;-2,68
"bin";-3,821;-4,592;21,574
"bible";-8,182;21,571;-2,68
"baseball";0,212;0,254;-1,194
"autocomplete";6,603;-2,504;-1,787
"authentic";-3,821;14,528;-3,276
"attachment";12,107;-4,592;-3,276
"array";7,704;-2,922;-2,085
"arguably";1,133;-0,025;-1,194
"approximately";0,212;0,254;-1,194
"applicant";-0,232;2,034;-0,948
"aol";8,804;-3,339;-2,382
"angeles";-10;9,922;0,117
"aggressively";1,133;-4,592;1,121
"affirmative";-7,272;-0,076;12,266
"advisor";-1,825;0,254;1,121
"advancement";5,162;-0,672;-3,276
"adam";-9,091;7,919;0,282
"acre";5,104;-1,106;-2,382
"accelerationists";-5,454;0,044;6,489
"wrist";6,149;-3,757;-0,713
"winery";-2,327;10,123;-2,68
"whisper";3,284;-0,226;-2,68
"warren";-9,091;2,034;4,142
"warp";-3,955;-3,339;18,863
"vital";-1,244;-1,821;7,77
"virtuous";-1,244;2,034;-0,049
"violation";-3,058;-1,821;12,529
"veto";-7,272;-3,339;26,875
"vary";4,207;-0,43;-2,978
"validate";2,01;-0,43;-0,948
"utopia";-4,809;10,123;-0,713
"upload";11,006;-4,175;-2,978
"unsafe";-3,058;-1,821;12,529
"uniquely";-3,058;4,495;-0,049
"unaccountable";-9,091;-1,821;25,442
"ugly";-3,058;-4,175;18,42
"twenty";0,615;0,536;-2,978
"tuesday";-7,272;19,174;-2,382
"trench";3,07;-0,472;-1,787
"transformative";2,01;-0,43;-0,948
"toyota";9,905;-3,757;-2,68
"thermal";9,905;-3,757;-2,68
"terminator";0,255;-0,774;0,125
"tailor";4,207;-0,43;-2,978
"systematic";0,615;-1,821;0,282
"sydney";-0,82;0,814;0,01
"surprisingly";-0,232;0,001;0,282
"summary";-3,955;1,627;0,959
"subset";2,01;0,001;-2,978
"subculture";-1,529;2,247;-0,024
"strip";4,207;-1,821;-0,948
"strategically";2,01;-4,175;0,282
"stove";-5,454;4,002;0,366
"storm";-3,058;7,919;-0,948
"stoicism";-8,182;21,571;-2,68
"static";11,006;-4,175;-2,978
"spit";-0,232;4,495;-2,978
"spiral";7,205;-4,175;-0,948
"sonoma";7,205;-4,175;-0,948
"soil";2,01;-1,821;-0,049
"socially";-0,232;-4,175;7,77
"sketchy";-0,736;-3,757;9,735
"simplify";-0,736;-3,757;9,735
"sf";-2,327;6,003;-0,713
"setup";2,01;-1,821;-0,049
"servant";-2,327;10,123;-2,68
"seizure";-4,809;-3,757;22,145
"scream";-5,673;0,001;7,77
"sandbox";5,104;-3,339;-0,494
"restructure";3,284;-1,457;-0,713
"remake";-6,363;10,671;-0,297
"redo";4,207;-0,43;-2,978
"quest";0,228;0,975;-2,68
"quantity";2,01;0,001;-2,978
"provision";4,207;-1,821;-0,948
"proportion";-3,058;-4,175;18,42
"promotion";-5,673;7,919;-0,049
"presidency";-5,673;-4,175;25,442
"preservation";-2,327;-1,457;9,735
"practically";0,615;0,536;-2,978
"poorly";6,149;-3,757;-0,713
"polite";-7,272;4,208;0,959
"plate";6,149;-3,757;-0,713
"pie";-1,244;7,919;-2,978
"physicist";-1,018;5,94;-2,085
"philly";-8,182;15,312;-0,713
"personnel";-1,244;0,001;1,646
"penny";0,615;0,536;-2,978
"patent";9,905;-3,757;-2,68
"passive";11,006;-4,175;-2,978
"par";0,615;0,536;-2,978
"palo";-2,327;10,123;-2,68
"palestine";-9,091;-4,175;33,596
"pakistan";-4,809;-0,226;9,735
"overwhelmingly";-0,232;-1,821;4,142
"overturn";-9,091;-4,175;33,596
"orthodox";-1,244;7,919;-2,978
"ohio";-0,232;0,536;-0,049
"offline";0,023;0,536;-0,948
"nurture";-9,091;12,306;-0,049
"nixon";-0,036;-3,757;5,416
"nile";9,905;-3,757;-2,68
"nfl";-4,809;15,312;-2,68
"neutron";9,905;-3,757;-2,68
"nasty";-8,182;-1,457;22,145
"nail";-1,244;-4,175;12,529
"modernity";-5,673;-0,43;12,529
"mimic";11,006;-4,175;-2,978
"meat";1,31;0,066;-2,68
"massachusetts";-3,058;0,536;1,646
"mask";-5,673;0,536;4,142
"lp";1,31;0,066;-2,68
"lower";2,01;-1,821;-0,049
"loud";-3,955;-3,339;18,863
"longterm";4,207;-4,175;-0,049
"lincoln";-0,736;-0,226;2,354
"likelihood";11,006;-4,175;-2,978
"lieutenant";-0,736;0,066;0,55
"le";0,023;-1,821;1,646
"layoff";11,006;-4,175;-2,978
"lar";8,804;-3,339;-2,382
"keyboard";5,104;-1,106;-2,382
"ketamine";11,006;-4,175;-2,978
"kenya";-0,328;0,25;0,019
"june";-0,036;2,954;-2,68
"judeo";-9,091;0,001;12,529
"joy";-3,058;12,306;-2,978
"jinping";-9,091;-4,175;33,596
"ism";-7,272;-1,106;18,863
"ipo";7,205;-4,175;-0,948
"iowa";-0,736;6,003;-2,68
"internationally";-4,809;0,066;5,416
"instantly";4,207;-1,821;-0,948
"inspirational";0,615;0,536;-2,978
"insanity";0,228;-0,226;-0,003
"inject";-1,244;7,919;-2,978
"inherent";-0,232;-4,175;7,77
"infectious";7,205;-4,175;-0,948
"illness";-4,809;-3,757;22,145
"ideally";0,615;-0,43;-0,049
"hype";11,006;-4,175;-2,978
"hungry";-0,736;0,975;-0,003
"hostage";-2,327;-1,457;9,735
"hospitality";0,023;2,034;-2,978
"historic";0,023;-4,175;4,142
"heterogeneous";3,284;-1,457;-0,713
"hateful";-9,091;0,536;7,77
"hamilton";-8,182;21,571;-2,68
"grail";6,149;-3,757;-0,713
"gpus";11,006;-4,175;-2,978
"gpt4";11,006;-4,175;-2,978
"github";7,205;-1,821;-2,978
"girlfriend";-1,244;7,919;-2,978
"geopolitics";-7,272;-1,106;18,863
"generative";6,149;-1,457;-2,68
"freshman";-3,058;4,495;-0,049
"fragment";-1,244;-4,175;12,529
"formulate";3,284;-1,457;-0,713
"forge";1,31;-0,226;-0,713
"forefront";-0,232;-0,43;1,646
"flexible";6,149;-1,457;-2,68
"fiat";5,104;-3,339;-0,494
"facilitate";4,207;-1,821;-0,948
"exceed";3,284;-1,457;-0,713
"esper";7,205;-1,821;-2,978
"envision";-4,809;6,003;-0,003
"envelope";3,284;-1,457;-0,713
"enrollment";8,804;-3,339;-2,382
"encampment";-8,182;-1,457;22,145
"emil";-3,955;1,627;0,959
"elizabeth";-1,244;-4,175;12,529
"elementary";-0,232;4,495;-2,978
"douglass";-9,091;23,968;-2,978
"douglas";-5,673;7,919;-0,049
"diversify";11,006;-4,175;-2,978
"disinflationary";11,006;-4,175;-2,978
"digitally";6,149;-3,757;-0,713
"dick";-9,091;23,968;-2,978
"diagnostic";4,075;-0,774;-2,085
"destructive";-2,327;-3,757;15,311
"destiny";-0,036;0,975;-0,713
"derivative";6,149;-1,457;-2,68
"december";0,023;0,001;-0,049
"daniel";-2,327;6,003;-0,713
"cvs";8,804;-3,339;-2,382
"creepy";0,023;2,034;-2,978
"creature";-0,036;-0,226;0,55
"cosmos";-0,328;4,208;-2,382
"coordination";2,01;-1,821;-0,049
"convention";-7,272;-3,339;26,875
"convenient";3,301;-1,252;-0,893
"controller";9,905;-3,757;-2,68
"continent";-1,244;0,536;0,282
"congressional";-3,058;-4,175;18,42
"commissioner";-9,091;-1,821;25,442
"commander";0,023;0,536;-0,948
"column";-0,328;4,208;-2,382
"cole";-3,058;4,495;-0,049
"cohort";0,615;0,001;-0,948
"civilizational";-9,091;-0,43;18,42
"chunk";4,207;-0,43;-2,978
"cbo";-1,64;-3,339;12,266
"cart";4,207;-4,175;-0,049
"brokerage";9,905;-3,757;-2,68
"brainwash";-0,736;-3,757;9,735
"boycott";-7,272;0,25;7,082
"bloat";-1,244;-4,175;12,529
"beg";4,207;-1,821;-0,948
"beast";-1,244;-0,43;4,142
"baton";6,149;-1,457;-2,68
"barack";-9,091;-4,175;33,596
"ballot";-9,091;-4,175;33,596
"balloon";-9,091;-0,43;18,42
"bake";-3,058;7,919;-0,948
"athletic";0,023;2,034;-2,978
"asteroid";9,905;-3,757;-2,68
"aspire";-8,182;10,123;-0,003
"aspiration";-0,232;-1,821;4,142
"asm";11,006;-4,175;-2,978
"arthur";-4,809;10,123;-0,713
"antitrust";-2,327;-1,457;9,735
"anticipate";0,023;-4,175;4,142
"announcement";-1,244;2,034;-0,049
"aluminum";6,149;-3,757;-0,713
"afghan";-4,809;-0,226;9,735
"abc";11,006;-4,175;-2,978
"10th";-0,232;4,495;-2,978
"woodside";-1,64;1,627;0,019
"winter";-2,327;2,954;-0,003
"whatsoever";-2,327;-3,757;15,311
"weld";4,075;-0,774;-2,085
"wasteful";-0,736;-0,226;2,354
"wacky";0,018;-3,339;3,314
"vista";5,104;-1,106;-2,382
"vintage";4,075;-0,774;-2,085
"villain";-6,363;-0,003;9,31
"versel";6,149;-1,457;-2,68
"vector";1,31;-1,457;-0,003
"van";-0,063;-0,774;1,571
"usual";-1,64;7,993;-2,382
"uplift";-8,182;21,571;-2,68
"unintended";3,284;-3,757;-0,003
"unhappiness";-0,063;-0,774;1,571
"tyranny";-7,272;-3,339;26,875
"tricky";-0,036;2,954;-2,68
"transmission";-0,736;-3,757;9,735
"transcend";-8,182;-3,757;30,236
"tragedy";-0,328;-0,076;0,959
"toxin";3,07;-0,472;-1,787
"tourism";2,406;-1,106;-0,494
"toote";9,905;-3,757;-2,68
"tonight";-8,182;21,571;-2,68
"tomato";-3,118;0,606;1,571
"tiger";0,018;1,627;-2,382
"temple";-5,454;14,379;-1,787
"tag";6,149;-1,457;-2,68
"systemic";-7,272;-3,339;26,875
"synthetic";1,31;-3,757;0,55
"swim";3,284;-0,226;-2,68
"swell";-4,809;-1,457;15,311
"swear";-7,272;1,627;3,314
"suspend";1,31;-1,457;-0,003
"susceptible";-4,809;-1,457;15,311
"surely";-2,327;2,954;-0,003
"supposedly";-4,809;-1,457;15,311
"sunset";-2,304;-0,472;6,489
"summarize";-0,328;0,25;0,019
"stressful";1,31;0,066;-2,68
"storytelling";0,711;0,25;-2,382
"steroid";8,804;-3,339;-2,382
"steer";1,31;-1,457;-0,003
"stealth";8,804;-3,339;-2,382
"statewide";-7,272;-3,339;26,875
"stance";0,228;-3,757;2,354
"stagnate";1,31;-3,757;0,55
"spotify";0,255;0,606;-2,085
"spoil";-8,182;2,954;2,354
"spartan";7,704;-2,922;-2,085
"sociology";-8,182;0,975;5,416
"slight";2,406;-1,106;-0,494
"slaughter";0,228;-3,757;2,354
"skyrocket";9,905;-3,757;-2,68
"sinister";9,905;-3,757;-2,68
"simulate";7,704;-2,922;-2,085
"shortly";-8,182;6,003;0,55
"seemingly";1,31;-3,757;0,55
"scrape";9,905;-3,757;-2,68
"scandal";-1,64;-3,339;12,266
"sacramento";-3,955;0,25;3,314
"rogan";-8,182;0,975;5,416
"robin";0,228;0,975;-2,68
"rig";0,711;-1,106;0,019
"richard";-4,809;6,003;-0,003
"retrospective";-0,328;-1,106;3,314
"resistant";1,31;-0,226;-0,713
"render";0,308;0,268;-1,489
"reimbursement";9,905;-3,757;-2,68
"recidivism";-4,809;-0,226;9,735
"reboot";1,592;-2,922;0,125
"ray";-0,036;2,954;-2,68
"rant";-3,955;7,993;-0,494
"ramjet";7,704;-2,922;-2,085
"rabbit";0,711;-0,076;-0,494
"quantify";2,406;-1,106;-0,494
"punishment";-7,272;19,174;-2,382
"propel";-2,327;-3,757;15,311
"progression";-3,955;7,993;-0,494
"priest";-2,327;0,066;2,354
"prescribe";6,149;-1,457;-2,68
"pole";-0,491;-0,472;2,485
"poison";-4,809;6,003;-0,003
"pit";-0,036;-3,757;5,416
"philosophically";-2,327;2,954;-0,003
"phillips";8,804;-3,339;-2,382
"philip";-3,955;4,208;0,019
"pg";0,228;-3,757;2,354
"patrol";-2,327;-0,226;5,416
"patience";1,31;0,066;-2,68
"partition";-6,363;-2,922;23,515
"pano";-8,182;21,571;-2,68
"overheat";7,704;-2,922;-2,085
"outer";9,905;-3,757;-2,68
"organ";-2,327;-3,757;15,311
"orca";2,406;-0,076;-2,382
"opponent";-0,063;-2,922;4,632
"openly";-8,182;0,975;5,416
"offset";3,284;-1,457;-0,713
"occupational";8,804;-3,339;-2,382
"oak";0,255;0,606;-2,085
"nutrition";9,905;-3,757;-2,68
"nrc";0,018;0,25;-0,494
"normalize";-0,736;-0,226;2,354
"nonpartisan";-7,272;-3,339;26,875
"nihilist";-6,363;-0,774;15,604
"nihilism";-8,182;15,312;-0,713
"nicotine";-1,64;7,993;-2,382
"negativity";-0,736;0,975;-0,003
"necessity";-1,64;4,208;-0,494
"mystery";-2,327;6,003;-0,713
"mushroom";5,502;-2,087;-1,489
"multiply";6,149;-1,457;-2,68
"moore";2,406;-1,106;-0,494
"monument";-3,118;10,671;-2,085
"modernist";-6,363;2,585;1,571
"ml";9,905;-3,757;-2,68
"mislead";-2,327;2,954;-0,003
"minor";-8,182;0,975;5,416
"milton";-8,182;15,312;-0,713
"millisecond";4,075;-0,774;-2,085
"miller";-2,327;6,003;-0,713
"milk";2,406;-0,076;-2,382
"michigan";-8,182;15,312;-0,713
"messaging";1,31;-3,757;0,55
"mediocre";-8,182;21,571;-2,68
"maryland";-1,018;2,585;-0,297
"maintenance";9,905;-3,757;-2,68
"lyft";3,07;-0,472;-1,787
"luther";-7,272;19,174;-2,382
"lockheed";-0,736;6,003;-2,68
"lade";-8,182;-3,757;30,236
"laboratory";-0,736;-3,757;9,735
"kojo";1,592;-0,003;-2,085
"kiss";-2,727;2,001;0,183
"kilowatt";9,905;-3,757;-2,68
"keen";9,905;-3,757;-2,68
"juno";9,905;-3,757;-2,68
"judaism";-7,272;19,174;-2,382
"jr";-8,182;10,123;-0,003
"jordan";-1,64;-0,076;3,314
"jerusalem";-3,955;7,993;-0,494
"jamie";-7,272;12,982;-0,494
"invisible";8,804;-3,339;-2,382
"interactive";8,804;-3,339;-2,382
"inquiry";-8,182;15,312;-0,713
"inflection";3,284;-0,226;-2,68
"infiltrate";-7,272;-3,339;26,875
"incarcerate";-3,955;-3,339;18,863
"impoverish";-4,809;2,954;0,55
"imagination";-1,64;1,627;0,019
"illiberalism";-5,454;0,044;6,489
"ideologically";-4,809;-3,757;22,145
"hypersonic";9,905;-3,757;-2,68
"humankind";6,149;-3,757;-0,713
"hp";7,704;-2,922;-2,085
"howard";-0,328;0,25;0,019
"homicide";-7,272;-3,339;26,875
"holder";0,711;-1,106;0,019
"hispanic";-6,363;2,585;1,571
"hexagon";2,406;-0,076;-2,382
"henry";-8,182;21,571;-2,68
"heaven";-3,955;4,208;0,019
"healthare";3,284;-3,757;-0,003
"headset";9,905;-3,757;-2,68
"gut";0,711;-1,106;0,019
"grandparent";-0,736;6,003;-2,68
"glory";1,592;-0,003;-2,085
"geopolitical";0,228;-3,757;2,354
"garbage";9,905;-3,757;-2,68
"frustration";-4,809;0,066;5,416
"fred";-1,529;6,152;-1,489
"fraternity";-7,272;12,982;-0,494
"frank";-3,955;-0,076;7,082
"fossil";6,149;-3,757;-0,713
"follower";-0,328;1,627;-0,494
"fiduciary";0,018;-3,339;3,314
"federalist";-6,363;0,606;4,632
"extract";2,406;-1,106;-0,494
"extension";0,228;-3,757;2,354
"experimental";-0,036;0,066;-0,003
"ev";6,149;-3,757;-0,713
"environmentalist";-4,809;-1,457;15,311
"entitle";-1,64;0,25;0,959
"encode";1,31;-1,457;-0,003
"empty";1,592;-0,774;-0,297
"empathetic";-4,809;-3,757;22,145
"embody";-0,036;-1,457;2,354
"eighth";-0,736;0,975;-0,003
"egg";1,31;-0,226;-0,713
"edtech";2,103;-0,215;-1,489
"ease";6,149;-3,757;-0,713
"drown";-6,363;-2,922;23,515
"drag";8,804;-3,339;-2,382
"domestically";1,31;-1,457;-0,003
"distinction";-0,736;-0,226;2,354
"disproportionately";-8,182;-1,457;22,145
"displace";0,711;-0,076;-0,494
"disperate";-7,272;-0,076;12,266
"dire";-4,809;0,066;5,416
"diplomatic";-4,809;-1,457;15,311
"digit";7,704;-2,922;-2,085
"diagram";0,018;-1,106;0,959
"depth";1,31;-0,226;-0,713
"delight";-0,736;6,003;-2,68
"def";3,284;-0,226;-2,68
"cult";-0,036;0,975;-0,713
"cuba";-1,64;-0,076;3,314
"credibility";2,406;-0,076;-2,382
"corn";0,711;-1,106;0,019
"controversy";-0,328;-1,106;3,314
"container";9,905;-3,757;-2,68
"construct";2,406;-1,106;-0,494
"congratulation";-0,736;0,975;-0,003
"concession";1,203;-1,67;0,01
"compress";6,149;-1,457;-2,68
"complaint";-3,955;4,208;0,019
"colony";-7,272;12,982;-0,494
"collectively";2,406;-1,106;-0,494
"cluji";9,905;-3,757;-2,68
"clown";8,804;-3,339;-2,382
"clay";0,255;0,606;-2,085
"claw";5,104;-3,339;-0,494
"chaos";-7,272;1,627;3,314
"cfpb";-2,327;-3,757;15,311
"carnegie";3,284;-1,457;-0,713
"candy";3,284;-3,757;-0,003
"cafeteria";-8,182;21,571;-2,68
"bs";-0,036;-0,226;0,55
"brit";-3,118;-2,922;15,604
"bowl";-4,809;15,312;-2,68
"bound";-1,64;0,25;0,959
"boardroom";-8,182;6,003;0,55
"bo";9,905;-3,757;-2,68
"blockchain";6,149;-1,457;-2,68
"blink";9,905;-3,757;-2,68
"blackberry";8,804;-3,339;-2,382
"birthday";-4,809;6,003;-0,003
"biologically";9,905;-3,757;-2,68
"bingo";4,075;-2,922;-0,297
"bernie";-4,809;-1,457;15,311
"bend";-2,327;2,954;-0,003
"bas";-5,454;8,388;-0,134
"backward";-0,736;0,066;0,55
"backlash";-8,182;-1,457;22,145
"aws";8,804;-3,339;-2,382
"averse";3,284;-1,457;-0,713
"automobile";2,406;-0,076;-2,382
"authoritarianism";-4,809;-3,757;22,145
"atomic";2,406;-0,076;-2,382
"astronomical";7,704;-2,922;-2,085
"assignment";1,31;0,066;-2,68
"articulate";-0,036;-1,457;2,354
"arrive";9,905;-3,757;-2,68
"armstrong";-8,182;21,571;-2,68
"arkansas";-2,304;0,044;2,485
"arc";1,31;0,066;-2,68
"ar";0,228;0,066;-0,713
"antiquate";6,149;-1,457;-2,68
"anchor";2,406;-0,076;-2,382
"amazingly";6,149;-1,457;-2,68
"alexander";-2,327;6,003;-0,713
"ag";-8,182;0,975;5,416
"ada";5,104;-1,106;-2,382
"activate";-0,036;-1,457;2,354
"acknowledgement";-8,182;-3,757;30,236
"accomplishment";-4,809;15,312;-2,68
"accent";-7,272;19,174;-2,382
"abbott";-8,182;-0,226;15,311
"2x";8,804;-3,339;-2,382
"1930s";-8,182;-3,757;30,236
"zealot";0,874;0,044;-1,787
"yeast";5,502;-2,087;-1,489
"yahoo";7,704;-2,922;-2,085
"xai";8,804;-3,339;-2,382
"wuhan";-3,118;-2,922;15,604
"woo";-0,491;4,002;-1,787
"wi";4,075;-2,922;-0,297
"whoa";1,592;-0,774;-0,297
"wednesday";-7,272;12,982;-0,494
"weave";0,711;0,25;-2,382
"wary";0,711;-3,339;0,959
"wallet";-1,64;-3,339;12,266
"volt";6,603;-2,504;-1,787
"visualize";4,075;-2,922;-0,297
"viewer";0,018;-1,106;0,959
"vegetarian";4,402;-1,67;-1,191
"vegetable";-3,118;10,671;-2,085
"vegas";0,014;-0,472;0,366
"unlimited";8,804;-3,339;-2,382
"unexpected";0,018;-0,076;0,019
"underwater";0,014;0,044;-0,134
"undertake";0,711;-0,076;-0,494
"unclear";-1,64;-0,076;3,314
"twist";-1,64;1,627;0,019
"tstc";-3,955;4,208;0,019
"troy";-3,955;12,982;-2,382
"tribalism";-7,272;-1,106;18,863
"triable";8,804;-3,339;-2,382
"traditionalist";-6,363;-0,774;15,604
"trad";5,104;-1,106;-2,382
"toronto";5,104;-1,106;-2,382
"tolerate";-7,272;1,627;3,314
"tolerant";-6,363;-0,774;15,604
"tinker";0,018;1,627;-2,382
"thermometer";1,203;-1,67;0,01
"thankfully";-0,063;-0,774;1,571
"thankful";-3,955;4,208;0,019
"temporary";2,406;-0,076;-2,382
"temperance";-7,272;19,174;-2,382
"techn";0,018;-1,106;0,959
"symptom";4,075;-0,774;-2,085
"svr";-0,328;-0,076;0,959
"surveillance";8,804;-3,339;-2,382
"surplus";5,104;-3,339;-0,494
"surgeon";3,07;-0,472;-1,787
"superiority";0,711;-1,106;0,019
"superhuman";2,406;-0,076;-2,382
"suicide";-1,018;2,585;-0,297
"subscriber";0,711;-0,076;-0,494
"starling";7,704;-2,922;-2,085
"squeeze";7,704;-2,922;-2,085
"sprint";-0,328;4,208;-2,382
"spouse";-3,955;7,993;-0,494
"spanish";-1,64;7,993;-2,382
"sophistication";4,075;-0,774;-2,085
"sociological";-0,328;1,627;-0,494
"snow";-0,063;2,585;-2,085
"snapshot";1,592;-0,774;-0,297
"smell";8,804;-3,339;-2,382
"smash";2,406;-1,106;-0,494
"smartphones";0,255;-2,922;1,571
"slack";8,804;-3,339;-2,382
"skull";8,804;-3,339;-2,382
"skew";5,104;-1,106;-2,382
"silence";-7,272;-1,106;18,863
"shitty";-7,272;19,174;-2,382
"shine";0,255;-0,003;-0,297
"shade";1,592;-0,003;-2,085
"sexy";-3,955;12,982;-2,382
"sentry";7,704;-2,922;-2,085
"semitic";-7,272;-3,339;26,875
"schoolers";-5,454;14,379;-1,787
"scalability";8,804;-3,339;-2,382
"sarah";-7,272;4,208;0,959
"salesman";-7,272;19,174;-2,382
"salesforce";8,804;-3,339;-2,382
"rubin";-1,64;4,208;-0,494
"roosevelt";-6,363;-2,922;23,515
"ron";-0,328;1,627;-0,494
"robotic";8,804;-3,339;-2,382
"riot";-3,118;-0,774;9,31
"retiree";7,704;-2,922;-2,085
"restriction";1,592;-2,922;0,125
"resilient";-1,018;2,585;-0,297
"resident";-3,955;-0,076;7,082
"reshape";0,018;-0,076;0,019
"repercussion";-5,454;-2,504;20,155
"renewable";8,804;-3,339;-2,382
"relax";0,018;1,627;-2,382
"redefine";0,018;-3,339;3,314
"reddit";-7,272;7,993;0,019
"recovery";-1,018;-0,774;4,632
"recharge";0,711;-1,106;0,019
"rebel";0,018;-1,106;0,959
"ra";2,406;-1,106;-0,494
"quadrillion";4,402;-1,67;-1,191
"ptsd";0,018;-0,076;0,019
"psychology";2,406;-1,106;-0,494
"promoter";8,804;-3,339;-2,382
"profoundly";-1,64;0,25;0,959
"principled";-7,272;4,208;0,959
"predictive";8,804;-3,339;-2,382
"precious";-1,64;-1,106;7,082
"plaintiff";-0,328;-1,106;3,314
"pet";-7,272;12,982;-0,494
"performer";-0,491;1,22;-0,134
"peptide";4,402;-1,67;-1,191
"penicillin";8,804;-3,339;-2,382
"payoff";2,406;-1,106;-0,494
"patriot";-7,272;7,993;0,019
"pat";-1,018;0,606;0,125
"passport";-0,063;0,606;-0,297
"pan";-5,454;0,044;6,489
"palestinians";-3,955;-1,106;12,266
"palace";-3,955;7,993;-0,494
"pad";5,104;-3,339;-0,494
"oxide";6,603;-2,504;-1,787
"overlie";2,406;-3,339;0,019
"overdose";-7,272;0,25;7,082
"outdated";2,406;-0,076;-2,382
"orleans";-2,304;8,388;-1,787
"optic";0,255;-0,774;0,125
"opioid";-7,272;-1,106;18,863
"oncology";5,104;-1,106;-2,382
"occupy";0,711;-3,339;0,959
"nobel";-0,328;1,627;-0,494
"nitride";6,603;-2,504;-1,787
"nigerians";-6,363;10,671;-0,297
"nevada";-7,272;-1,106;18,863
"nerdy";-3,955;7,993;-0,494
"negotiator";-7,272;-0,076;12,266
"negatively";-1,64;1,627;0,019
"nationwide";0,018;-1,106;0,959
"nate";-7,272;19,174;-2,382
"muslims";-6,363;-0,003;9,31
"murder";-7,272;1,627;3,314
"municipal";-0,328;4,208;-2,382
"mosquito";2,103;-0,215;-1,489
"moscow";-6,363;-2,922;23,515
"mortality";5,104;-1,106;-2,382
"mood";-3,955;7,993;-0,494
"monster";0,255;-0,774;0,125
"modify";0,255;-0,774;0,125
"modernize";4,075;-2,922;-0,297
"modernism";-3,118;-2,922;15,604
"mio";5,502;-2,087;-1,489
"millennials";-7,272;19,174;-2,382
"militarily";-1,64;-3,339;12,266
"milestone";4,075;-2,922;-0,297
"michelle";-6,363;2,585;1,571
"memo";-6,363;5,94;0,125
"melon";2,406;-1,106;-0,494
"medal";0,255;0,606;-2,085
"masa";6,603;-2,504;-1,787
"margaret";-7,272;-1,106;18,863
"manually";8,804;-3,339;-2,382
"mall";2,406;-1,106;-0,494
"lyos";0,014;1,22;-1,787
"luckily";2,406;-0,076;-2,382
"lockdowns";-5,454;-2,504;20,155
"legit";0,711;-1,106;0,019
"lebanon";-6,363;0,606;4,632
"lazy";-1,64;4,208;-0,494
"lake";-3,955;12,982;-2,382
"korean";-7,272;0,25;7,082
"kennedy";-1,018;0,606;0,125
"jim";-2,304;8,388;-1,787
"jfk";-0,328;-3,339;7,082
"jesse";-7,272;12,982;-0,494
"jay";-6,363;-0,774;15,604
"jacket";-7,272;0,25;7,082
"islamist";-7,272;-3,339;26,875
"ipos";2,406;-3,339;0,019
"ion";7,704;-2,922;-2,085
"investigation";0,711;-3,339;0,959
"intentionally";0,711;-1,106;0,019
"inspection";0,874;-2,504;0,366
"ins";1,592;-0,003;-2,085
"ingest";8,804;-3,339;-2,382
"infuse";2,406;-0,076;-2,382
"indonesia";-7,272;-0,076;12,266
"indicator";-3,118;2,585;0,125
"indiana";-0,328;4,208;-2,382
"incompetent";-1,64;-3,339;12,266
"ignite";8,804;-3,339;-2,382
"idaho";0,874;-2,504;0,366
"id";-3,118;-0,003;4,632
"icon";0,711;-1,106;0,019
"hurricane";-1,529;6,152;-1,489
"hunger";-3,955;1,627;0,959
"humanoid";7,704;-2,922;-2,085
"horizon";5,104;-3,339;-0,494
"hone";-3,955;0,25;3,314
"holistically";5,104;-3,339;-0,494
"historian";-3,955;7,993;-0,494
"heroin";-1,64;-1,106;7,082
"hangover";0,018;-0,076;0,019
"gulf";-7,272;-3,339;26,875
"gradual";-0,063;-2,922;4,632
"gpt7";8,804;-3,339;-2,382
"goov";-3,955;7,993;-0,494
"generous";-0,328;-3,339;7,082
"gaza";-6,363;-0,774;15,604
"gallium";6,603;-2,504;-1,787
"galaxy";2,103;-0,215;-1,489
"freshworks";6,603;-2,504;-1,787
"frequently";2,406;-0,076;-2,382
"format";0,711;-1,106;0,019
"flavor";1,592;-0,003;-2,085
"firefighter";-0,328;4,208;-2,382
"ferguson";-7,272;19,174;-2,382
"feelings";-3,118;-0,003;4,632
"fantasy";0,255;-0,774;0,125
"falcon";7,704;-2,922;-2,085
"explosive";8,804;-3,339;-2,382
"expansive";0,711;-3,339;0,959
"exile";-5,454;-2,504;20,155
"exaggerate";-0,328;-3,339;7,082
"evaluation";0,255;-2,922;1,571
"ethnicity";-7,272;4,208;0,959
"entrench";5,104;-3,339;-0,494
"enormously";-3,955;0,25;3,314
"endure";-7,272;-0,076;12,266
"endpoint";7,704;-2,922;-2,085
"endorse";-1,64;-3,339;12,266
"endless";0,018;0,25;-0,494
"empowerment";1,592;-2,922;0,125
"electron";8,804;-3,339;-2,382
"econ";1,592;-0,774;-0,297
"ebay";1,592;-0,003;-2,085
"dystopia";-1,64;7,993;-2,382
"dynamism";-2,304;0,044;2,485
"dylan";-3,118;5,94;-0,297
"dropbox";4,075;-0,774;-2,085
"downplay";-7,272;-3,339;26,875
"doll";-3,118;0,606;1,571
"dismiss";-7,272;4,208;0,959
"dislocation";4,075;-0,774;-2,085
"disinformation";-7,272;-0,076;12,266
"disclose";0,255;-2,922;1,571
"diplomacy";-1,64;-1,106;7,082
"diego";-7,272;12,982;-0,494
"dictionary";-2,727;2,001;0,183
"dictate";0,711;-0,076;-0,494
"diagnose";0,711;-0,076;-0,494
"detector";5,104;-1,106;-2,382
"despair";-7,272;19,174;-2,382
"denver";-2,304;4,002;-0,134
"deliberation";-7,272;-1,106;18,863
"delhi";-0,328;1,627;-0,494
"defensibility";7,704;-2,922;-2,085
"deer";0,018;0,25;-0,494
"dallas";-6,363;16,776;-2,085
"cyrus";-7,272;4,208;0,959
"cyclical";5,104;-3,339;-0,494
"cup";0,014;-0,472;0,366
"cruz";-3,955;4,208;0,019
"crop";2,406;-0,076;-2,382
"cronyism";-0,328;-1,106;3,314
"critic";-6,363;10,671;-0,297
"creep";-1,018;-0,003;1,571
"cream";-1,64;7,993;-2,382
"craziness";-7,272;4,208;0,959
"cooperate";-0,328;-1,106;3,314
"cooper";-7,272;19,174;-2,382
"constituent";4,075;-2,922;-0,297
"consistency";-1,64;1,627;0,019
"configure";7,704;-2,922;-2,085
"computation";8,804;-3,339;-2,382
"compliment";-1,64;4,208;-0,494
"compensation";0,018;-3,339;3,314
"commercialization";8,804;-3,339;-2,382
"comical";-1,64;-3,339;12,266
"collectivist";-3,955;-1,106;12,266
"coleman";-6,363;16,776;-2,085
"coke";-0,063;-0,003;0,125
"coder";7,704;-2,922;-2,085
"coat";-0,116;0,268;-0,024
"clerk";-2,304;4,002;-0,134
"christmas";-3,955;7,993;-0,494
"charlotte";-1,018;5,94;-2,085
"cfo";2,406;-0,076;-2,382
"cave";-5,454;4,002;0,366
"catalyst";-1,018;-2,922;9,31
"carefully";0,018;-0,076;0,019
"bylaw";5,104;-3,339;-0,494
"buzz";0,018;0,25;-0,494
"butter";2,406;-0,076;-2,382
"burnt";0,711;-1,106;0,019
"buildup";-1,64;-3,339;12,266
"brooklyn";-3,955;12,982;-2,382
"bro";-0,328;4,208;-2,382
"bribe";-6,363;-0,774;15,604
"boil";-1,64;-3,339;12,266
"bog";-0,063;-2,922;4,632
"bespeak";5,104;-3,339;-0,494
"bedroom";-0,328;4,208;-2,382
"bath";-0,328;1,627;-0,494
"bare";0,255;-0,774;0,125
"bankruptcy";-0,328;0,25;0,019
"awaken";3,07;-0,472;-1,787
"autonomously";8,804;-3,339;-2,382
"auction";5,502;-2,087;-1,489
"atheist";-7,272;-3,339;26,875
"assassinate";-4,545;-2,087;16,796
"asians";-6,363;10,671;-0,297
"artifact";0,255;-0,003;-0,297
"arrow";4,075;-0,774;-2,085
"armanac";-3,118;5,94;-0,297
"aristocrat";-7,272;-0,076;12,266
"aptitude";1,592;-0,003;-2,085
"appointment";0,018;-0,076;0,019
"appease";-6,363;-2,922;23,515
"apologize";-6,363;2,585;1,571
"apollo";3,07;-2,504;-0,134
"anecdote";-1,64;0,25;0,959
"altruism";-0,245;0,022;0,183
"allen";0,874;-2,504;0,366
"adrian";-6,363;16,776;-2,085
"admission";-0,328;-0,076;0,959
"admiral";-5,454;8,388;-0,134
"adjustment";1,592;-2,922;0,125
"academically";-3,955;12,982;-2,382
"3g";-7,272;19,174;-2,382
"15th";-7,272;7,993;0,019
"yikes";1,592;-2,922;0,125
"yang";-4,545;11,982;-1,489
"worthwhile";1,592;-0,003;-2,085
"widen";-1,018;-0,003;1,571
"widely";-0,116;2,247;-1,489
"whichever";-6,363;-0,003;9,31
"wean";1,592;-0,003;-2,085
"visual";0,255;-2,922;1,571
"vineyard";0,014;1,22;-1,787
"vibrant";-0,063;-0,003;0,125
"vermont";-1,018;2,585;-0,297
"verification";5,502;-2,087;-1,489
"venezuelan";-6,363;-2,922;23,515
"vendor";4,075;-2,922;-0,297
"usa";-6,363;0,606;4,632
"urgent";6,603;-2,504;-1,787
"urge";-5,454;1,22;2,485
"uphold";-5,454;8,388;-0,134
"unpopular";-3,118;-2,922;15,604
"unincorporated";-5,454;14,379;-1,787
"unheard";1,592;-0,774;-0,297
"unfairly";-3,118;10,671;-2,085
"undo";-6,363;-2,922;23,515
"undermine";-3,118;-0,774;9,31
"uncertainty";3,07;-2,504;-0,134
"ui";7,704;-2,922;-2,085
"ucla";-0,063;2,585;-2,085
"turnover";0,255;-0,003;-0,297
"transport";1,592;-0,003;-2,085
"trainee";-1,018;5,94;-2,085
"trailer";4,075;-2,922;-0,297
"tragic";-5,454;-0,472;12,379
"traditionalism";-1,529;0,268;0,823
"thursday";-5,454;14,379;-1,787
"throttle";-2,304;0,044;2,485
"throne";-5,454;14,379;-1,787
"thirty";4,075;-0,774;-2,085
"thick";-3,118;5,94;-0,297
"thermodynamics";0,874;0,044;-1,787
"theorist";-1,018;-2,922;9,31
"tenant";-0,063;-0,003;0,125
"template";4,075;-0,774;-2,085
"ted";-1,018;0,606;0,125
"technolog";7,704;-2,922;-2,085
"teamwork";-6,363;16,776;-2,085
"teammate";4,075;-0,774;-2,085
"takeaway";-4,545;2,247;0,823
"tactical";0,255;-2,922;1,571
"symbol";-2,304;-0,472;6,489
"swallow";1,592;-0,774;-0,297
"supremacist";-5,454;-0,472;12,379
"sugar";6,603;-2,504;-1,787
"sufficiently";-0,063;-2,922;4,632
"subscription";1,592;-0,774;-0,297
"stumble";0,255;-0,774;0,125
"stubborn";1,592;-2,922;0,125
"structurally";0,255;-0,774;0,125
"streamline";7,704;-2,922;-2,085
"strap";-3,118;10,671;-2,085
"stigma";-3,118;-0,774;9,31
"stifle";-2,304;-0,472;6,489
"steuart";-6,363;16,776;-2,085
"starve";-0,063;-2,922;4,632
"stark";-6,363;2,585;1,571
"sprinkle";0,255;-0,774;0,125
"spite";-1,018;5,94;-2,085
"spiritual";-6,363;0,606;4,632
"spike";4,075;-0,774;-2,085
"spectacular";4,075;-0,774;-2,085
"spam";0,874;-0,472;-0,134
"southwest";-3,118;5,94;-0,297
"sonic";3,07;-0,472;-1,787
"solvable";7,704;-2,922;-2,085
"sobriety";-4,545;-2,087;16,796
"sneak";1,592;-0,003;-2,085
"silent";1,592;-0,003;-2,085
"signature";1,592;-0,003;-2,085
"shrink";0,874;0,044;-1,787
"shiny";4,075;-0,774;-2,085
"sclerotic";1,592;-0,774;-0,297
"scapegoat";-5,454;-0,472;12,379
"sausage";4,075;-0,774;-2,085
"sane";-6,363;-2,922;23,515
"saltbox";-3,118;10,671;-2,085
"salon";-1,018;5,94;-2,085
"saddam";-6,363;5,94;0,125
"rumble";-0,491;0,044;0,366
"rubber";-0,063;0,606;-0,297
"ronnie";-6,363;16,776;-2,085
"rogue";-1,018;-2,922;9,31
"rod";0,874;0,044;-1,787
"rightly";-1,018;-0,774;4,632
"rice";-3,118;0,606;1,571
"rhetoric";-1,018;-2,922;9,31
"restore";-6,363;-2,922;23,515
"rescue";-4,545;-2,087;16,796
"repetitive";4,075;-0,774;-2,085
"reinforce";-1,018;-0,774;4,632
"reflection";4,075;-0,774;-2,085
"refine";4,075;-0,774;-2,085
"reconnaissance";7,704;-2,922;-2,085
"raytheon";1,592;-0,774;-0,297
"rarely";0,308;-0,215;-0,024
"rage";-3,118;0,606;1,571
"quantitative";0,874;-0,472;-0,134
"qualia";4,075;-0,774;-2,085
"pyramid";3,07;-0,472;-1,787
"pushback";-6,363;2,585;1,571
"prudence";-6,363;16,776;-2,085
"proprietary";1,592;-0,003;-2,085
"propeller";5,502;-2,087;-1,489
"professionally";-1,018;2,585;-0,297
"preventative";7,704;-2,922;-2,085
"prestige";-6,363;10,671;-0,297
"pregnancy";2,103;-2,087;-0,024
"predictable";7,704;-2,922;-2,085
"positively";0,255;-0,003;-0,297
"pierce";-3,118;-2,922;15,604
"photon";5,502;-2,087;-1,489
"pervasive";0,255;-0,003;-0,297
"persuade";-6,363;0,606;4,632
"pastor";-5,454;14,379;-1,787
"participant";4,075;-0,774;-2,085
"parliament";-5,454;-0,472;12,379
"pankaj";0,014;1,22;-1,787
"override";-3,118;2,585;0,125
"overregulation";-0,063;-0,774;1,571
"oval";-0,063;-0,003;0,125
"outset";1,592;-0,774;-0,297
"opus";-3,118;5,94;-0,297
"optimization";4,075;-0,774;-2,085
"onboard";7,704;-2,922;-2,085
"oldfashioned";1,592;-0,774;-0,297
"objection";2,103;-2,087;-0,024
"nsa";-6,363;0,606;4,632
"nope";-2,304;4,002;-0,134
"nike";7,704;-2,922;-2,085
"nih";-1,018;-2,922;9,31
"newsletter";-1,018;5,94;-2,085
"netherlands";0,255;-0,003;-0,297
"nerve";0,255;-0,774;0,125
"neck";0,255;-0,003;-0,297
"nasdaq";1,592;-2,922;0,125
"mumbai";-3,636;3,996;0,01
"mrna";0,255;0,606;-2,085
"monetize";4,075;-0,774;-2,085
"mondavi";-1,529;6,152;-1,489
"mob";-3,118;-0,774;9,31
"misaligned";-1,018;-2,922;9,31
"minimal";5,502;-2,087;-1,489
"midwestern";-6,363;16,776;-2,085
"midnight";-6,363;16,776;-2,085
"microbe";7,704;-2,922;-2,085
"mere";1,592;-0,003;-2,085
"menial";3,07;-2,504;-0,134
"megawatt";5,502;-2,087;-1,489
"meaningfully";0,255;-0,774;0,125
"materially";1,592;-0,774;-0,297
"mary";-3,118;2,585;0,125
"marketer";6,603;-2,504;-1,787
"marijuana";0,255;-2,922;1,571
"marginalize";-6,363;-0,003;9,31
"manifestation";-0,063;-2,922;4,632
"mandy";0,255;0,606;-2,085
"mandarin";4,402;-1,67;-1,191
"malice";-6,363;-0,774;15,604
"mach";6,603;-2,504;-1,787
"lyle";-4,545;11,982;-1,489
"lps";6,603;-2,504;-1,787
"lousy";1,592;-0,003;-2,085
"lottery";-3,118;10,671;-2,085
"loose";1,592;-2,922;0,125
"lonzo";-6,363;5,94;0,125
"lms";4,075;-2,922;-0,297
"literal";-3,118;-0,003;4,632
"limb";0,014;-0,472;0,366
"length";1,592;-2,922;0,125
"lecture";-1,018;2,585;-0,297
"kite";7,704;-2,922;-2,085
"kilometer";6,603;-2,504;-1,787
"july";-3,118;0,606;1,571
"judiciary";-4,545;-2,087;16,796
"jp";0,255;-0,003;-0,297
"jennifer";-0,063;2,585;-2,085
"intrusive";-6,363;-2,922;23,515
"intervene";-0,063;-2,922;4,632
"intercom";1,592;-0,774;-0,297
"insure";7,704;-2,922;-2,085
"instant";7,704;-2,922;-2,085
"inflationary";7,704;-2,922;-2,085
"indication";-1,018;0,606;0,125
"india_s";1,592;-0,003;-2,085
"incarceration";-4,545;-2,087;16,796
"impetus";1,592;-0,003;-2,085
"imperfect";6,603;-2,504;-1,787
"imagery";4,402;-1,67;-1,191
"illegally";-6,363;-0,003;9,31
"idol";-6,363;16,776;-2,085
"iconic";-0,063;2,585;-2,085
"hypertension";3,07;-0,472;-1,787
"horrify";-1,018;-2,922;9,31
"highend";-1,018;5,94;-2,085
"helmet";-0,063;2,585;-2,085
"heal";-2,304;1,22;0,366
"hatred";-5,454;14,379;-1,787
"harsh";-0,063;-0,774;1,571
"hardworking";-2,304;4,002;-0,134
"harden";4,075;-0,774;-2,085
"halfway";-0,063;-0,003;0,125
"gym";-3,636;9,586;-1,191
"grift";-6,363;-2,922;23,515
"grandpa";-2,304;8,388;-1,787
"gp";6,603;-2,504;-1,787
"gist";-0,245;-1,252;3,244
"genuine";-0,063;0,606;-0,297
"gentleman";-6,363;5,94;0,125
"genetically";-1,018;-2,922;9,31
"generic";0,874;0,044;-1,787
"generator";6,603;-2,504;-1,787
"generalist";4,075;-0,774;-2,085
"gee";-1,018;0,606;0,125
"gb4";7,704;-2,922;-2,085
"gallagher";-2,304;8,388;-1,787
"gadget";4,075;-2,922;-0,297
"fry";0,014;1,22;-1,787
"freeway";3,07;-0,472;-1,787
"freely";-3,118;-0,003;4,632
"franklin";-6,363;16,776;-2,085
"francis";-6,363;5,94;0,125
"fragile";-0,491;-0,472;2,485
"fractal";0,255;-0,774;0,125
"forty";6,603;-2,504;-1,787
"forgiveness";-1,018;0,606;0,125
"flu";1,592;-0,003;-2,085
"floyd";-6,363;-0,774;15,604
"fed";0,014;-2,504;2,485
"fate";-1,018;5,94;-2,085
"farle";-6,363;-2,922;23,515
"explosion";4,075;-2,922;-0,297
"exclusively";-1,018;-0,003;1,571
"eve";0,255;0,606;-2,085
"ethnic";-1,018;-2,922;9,31
"er";1,592;-0,003;-2,085
"epa";0,014;-2,504;2,485
"envy";-6,363;-2,922;23,515
"entice";4,075;-0,774;-2,085
"enabler";4,075;-0,774;-2,085
"elliot";-1,529;6,152;-1,489
"durable";7,704;-2,922;-2,085
"drudgery";-0,063;2,585;-2,085
"drift";0,014;-2,504;2,485
"dopamine";7,704;-2,922;-2,085
"dominance";5,502;-2,087;-1,489
"distinguish";0,255;0,606;-2,085
"distillery";-2,304;8,388;-1,787
"distill";-1,018;2,585;-0,297
"disparity";-3,118;5,94;-0,297
"disgust";-6,363;-0,003;9,31
"discourage";-1,018;-2,922;9,31
"diplomat";-6,363;-0,774;15,604
"determination";-0,063;2,585;-2,085
"desert";-0,063;2,585;-2,085
"descent";-6,363;-0,774;15,604
"deregulate";7,704;-2,922;-2,085
"demonize";-6,363;-2,922;23,515
"dear";-0,063;0,606;-0,297
"daydream";4,075;-0,774;-2,085
"davis";-6,363;16,776;-2,085
"dan";-6,363;5,94;0,125
"curated";3,301;-1,252;-0,893
"crude";7,704;-2,922;-2,085
"crony";-0,063;-2,922;4,632
"crappy";7,704;-2,922;-2,085
"cps";-1,018;2,585;-0,297
"covert";-0,063;-0,003;0,125
"couch";-1,018;5,94;-2,085
"cotton";-5,454;8,388;-0,134
"costa";-5,454;14,379;-1,787
"copper";6,603;-2,504;-1,787
"cop";-0,063;-0,774;1,571
"cooperative";7,704;-2,922;-2,085
"coolant";4,402;-1,67;-1,191
"contrary";-3,118;-2,922;15,604
"contend";-0,063;-2,922;4,632
"contemplate";-3,118;-0,774;9,31
"conformity";-0,116;-2,087;3,884
"conform";-2,304;1,22;0,366
"condemn";-5,454;-0,472;12,379
"conclude";-3,118;-0,003;4,632
"concede";-3,118;-2,922;15,604
"competence";-0,063;-2,922;4,632
"comparison";1,592;-0,003;-2,085
"commoditize";0,014;-2,504;2,485
"commercialize";4,075;-0,774;-2,085
"commandment";-0,491;1,22;-0,134
"coerce";0,255;-2,922;1,571
"cocaine";-6,363;-2,922;23,515
"coastal";-0,063;-0,774;1,571
"cmgi";-3,118;10,671;-2,085
"civic";-6,363;0,606;4,632
"christ";-4,545;11,982;-1,489
"chop";1,592;-0,003;-2,085
"cholesterol";5,502;-2,087;-1,489
"chavez";-5,454;-2,504;20,155
"chatterton";-4,545;11,982;-1,489
"champagne";-1,529;6,152;-1,489
"celebrity";0,255;0,606;-2,085
"caution";1,592;-0,774;-0,297
"catastrophic";-0,063;0,606;-0,297
"cartoon";-6,363;-2,922;23,515
"carlos";-4,545;11,982;-1,489
"cardinal";-4,545;6,152;-0,024
"canonical";7,704;-2,922;-2,085
"canada_s";-3,118;5,94;-0,297
"cage";-1,018;-0,003;1,571
"bureau";-1,018;-2,922;9,31
"bum";-2,727;2,001;0,183
"buffet";-0,116;2,247;-1,489
"buddhist";-0,491;-0,472;2,485
"bmi";3,07;-0,472;-1,787
"blunt";1,592;-0,774;-0,297
"blogging";-5,454;14,379;-1,787
"blade";3,07;-0,472;-1,787
"bioweapon";0,255;-0,774;0,125
"biography";-5,454;14,379;-1,787
"bi";1,592;-2,922;0,125
"bev";4,075;-0,774;-2,085
"benchmark";7,704;-2,922;-2,085
"bench";-0,491;4,002;-1,787
"beholden";-6,363;-2,922;23,515
"beautifully";7,704;-2,922;-2,085
"bandwidth";7,704;-2,922;-2,085
"awkward";0,308;0,268;-1,489
"auditor";3,07;-2,504;-0,134
"asymmetry";4,075;-2,922;-0,297
"asymmetrical";7,704;-2,922;-2,085
"asylum";-4,545;-0,215;9,209
"astronaut";-0,063;2,585;-2,085
"assistance";7,704;-2,922;-2,085
"ashton";-5,454;14,379;-1,787
"ash";0,255;-2,922;1,571
"arsenal";1,592;-2,922;0,125
"arabs";-3,118;-0,774;9,31
"appropriately";-0,063;0,606;-0,297
"anxiety";0,255;-2,922;1,571
"anthony";-3,118;5,94;-0,297
"anniversary";-6,363;5,94;0,125
"ammo";6,603;-2,504;-1,787
"amen";-0,491;4,002;-1,787
"ambiguous";0,014;-2,504;2,485
"ama";-3,118;-0,774;9,31
"alzheimer";7,704;-2,922;-2,085
"alumnus";-3,118;10,671;-2,085
"alike";0,308;-2,087;0,823
"alfred";-3,118;-0,774;9,31
"alaska";-3,118;-0,003;4,632
"agnostic";-0,063;0,606;-0,297
"affair";-6,363;-0,003;9,31
"aei";-6,363;2,585;1,571
"advisory";-0,063;-0,774;1,571
"actualization";-6,363;0,606;4,632
"accumulate";4,075;-2,922;-0,297
"accreditation";3,07;-0,472;-1,787
"accredit";6,603;-2,504;-1,787
"accountant";-5,454;8,388;-0,134
"ab";-1,018;5,94;-2,085
"a16z";-0,063;0,606;-0,297
"3x";7,704;-2,922;-2,085
"1940s";-1,018;-0,774;4,632
"1800s";-6,363;16,776;-2,085
"100x";6,603;-2,504;-1,787
"zachary";-5,454;14,379;-1,787
"yo";-0,491;1,22;-0,134
"xiin";-2,304;-2,504;12,379
"worm";1,203;-1,67;0,01
"worldclass";5,502;-2,087;-1,489
"workshop";-5,454;14,379;-1,787
"workplace";-0,116;0,268;-0,024
"workload";3,07;-0,472;-1,787
"winston";-5,454;8,388;-0,134
"william";-4,545;0,268;3,884
"wilderness";-1,529;6,152;-1,489
"widespread";-5,454;0,044;6,489
"wick";-0,82;0,814;0,01
"wholesale";3,07;-0,472;-1,787
"whitney";-2,727;7,189;-0,893
"weirdo";0,874;-0,472;-0,134
"waterloo";-2,304;8,388;-1,787
"volatility";0,874;-2,504;0,366
"verge";-0,491;-2,504;6,489
"velocity";6,603;-2,504;-1,787
"vegan";4,402;-1,67;-1,191
"vastly";-0,491;-2,504;6,489
"validation";0,014;0,044;-0,134
"vaccination";6,603;-2,504;-1,787
"vacational";-0,116;2,247;-1,489
"usher";-5,454;1,22;2,485
"upward";0,014;0,044;-0,134
"uphill";-2,304;4,002;-0,134
"upcoming";3,07;-0,472;-1,787
"unwind";3,07;-0,472;-1,787
"unstructured";6,603;-2,504;-1,787
"unnecessary";3,07;-2,504;-0,134
"unfold";-2,304;4,002;-0,134
"underserved";-2,304;4,002;-0,134
"underneath";3,07;-0,472;-1,787
"uncover";-5,454;-2,504;20,155
"unacceptable";-5,454;-2,504;20,155
"unable";0,014;-0,472;0,366
"ubiquitous";0,874;-0,472;-0,134
"tvs";6,603;-2,504;-1,787
"turkey";-0,491;-2,504;6,489
"trustee";-1,529;2,247;-0,024
"truman";-0,82;-1,67;6,132
"trigger";2,103;-2,087;-0,024
"transformational";0,308;0,268;-1,489
"toy";0,014;0,044;-0,134
"toxicity";0,874;-2,504;0,366
"totalitarianism";-4,545;-0,215;9,209
"toss";0,874;-0,472;-0,134
"token";5,502;-2,087;-1,489
"toaster";4,402;-1,67;-1,191
"timber";2,103;-0,215;-1,489
"ti";-2,304;1,22;0,366
"thumb";2,103;-2,087;-0,024
"thrust";3,07;-0,472;-1,787
"thrill";0,874;-0,472;-0,134
"thompson";0,437;0,022;-0,893
"thatcher";-5,454;-2,504;20,155
"textile";2,103;-2,087;-0,024
"telephone";0,014;0,044;-0,134
"telehealth";-2,304;-2,504;12,379
"telecom";3,07;-2,504;-0,134
"tel";-5,454;8,388;-0,134
"taxonomy";3,301;-1,252;-0,893
"tan";0,014;0,044;-0,134
"takeover";-5,454;0,044;6,489
"takeoff";6,603;-2,504;-1,787
"taiwanese";-0,491;-2,504;6,489
"synthesize";3,07;-0,472;-1,787
"syndrome";3,07;-0,472;-1,787
"swap";3,07;-0,472;-1,787
"superintendent";-4,545;2,247;0,823
"summit";-2,304;1,22;0,366
"successor";-4,545;0,268;3,884
"substantially";3,07;-2,504;-0,134
"substantial";3,07;-2,504;-0,134
"subjective";0,009;0,814;-1,191
"su";-2,304;1,22;0,366
"stun";-0,491;-0,472;2,485
"statutory";5,502;-2,087;-1,489
"statistically";0,874;-2,504;0,366
"starlink";6,603;-2,504;-1,787
"stall";3,07;-0,472;-1,787
"stabilize";3,07;-2,504;-0,134
"squat";6,603;-2,504;-1,787
"spontaneously";3,07;-0,472;-1,787
"speculate";0,014;0,044;-0,134
"spec";6,603;-2,504;-1,787
"spare";-2,304;8,388;-1,787
"solomon";-2,304;8,388;-1,787
"socialize";-0,491;4,002;-1,787
"snowflake";3,07;-0,472;-1,787
"singer";-5,454;0,044;6,489
"similarity";-2,304;0,044;2,485
"significance";0,014;-2,504;2,485
"sideline";-5,454;4,002;0,366
"shader";5,502;-2,087;-1,489
"severely";-1,529;-2,087;9,209
"seric";6,603;-2,504;-1,787
"serial";-5,454;8,388;-0,134
"ser";0,874;0,044;-1,787
"sentiment";-5,454;-0,472;12,379
"semi";-0,491;4,002;-1,787
"semester";6,603;-2,504;-1,787
"seeeking";-2,304;8,388;-1,787
"secondary";-0,491;0,044;0,366
"sebastian";-4,545;2,247;0,823
"sear";-2,727;2,001;0,183
"scotland";-5,454;-2,504;20,155
"sclerosis";0,874;-0,472;-0,134
"sander";-5,454;-0,472;12,379
"s3";6,603;-2,504;-1,787
"rutherford";0,009;0,814;-1,191
"runaway";-0,491;0,044;0,366
"rotten";-5,454;4,002;0,366
"rope";3,07;-0,472;-1,787
"roar";-5,454;-0,472;12,379
"rigid";-0,491;-2,504;6,489
"rica";-4,545;11,982;-1,489
"rfk";-5,454;-2,504;20,155
"revive";-0,491;1,22;-0,134
"revival";-2,304;4,002;-0,134
"retreat";3,07;-0,472;-1,787
"retinopathy";6,603;-2,504;-1,787
"resurrect";-2,304;0,044;2,485
"resist";0,874;-2,504;0,366
"reply";-3,636;9,586;-1,191
"reopen";-5,454;-2,504;20,155
"relaunch";3,07;-0,472;-1,787
"reign";-2,304;-0,472;6,489
"regs";6,603;-2,504;-1,787
"reg";0,014;-2,504;2,485
"reflexivity";5,502;-2,087;-1,489
"referral";6,603;-2,504;-1,787
"redundancy";5,502;-2,087;-1,489
"redistribution";-2,304;-2,504;12,379
"redesign";3,07;-0,472;-1,787
"reckon";-5,454;-0,472;12,379
"reciprocity";4,402;-1,67;-1,191
"rebecca";-2,304;8,388;-1,787
"realist";-5,454;4,002;0,366
"rap";-2,304;0,044;2,485
"railroad";4,402;-1,67;-1,191
"rahul";-1,529;6,152;-1,489
"radicalism";-5,454;-2,504;20,155
"quirky";6,603;-2,504;-1,787
"purse";-2,304;-2,504;12,379
"prophet";-1,529;6,152;-1,489
"pronounce";-0,491;4,002;-1,787
"profitably";6,603;-2,504;-1,787
"processor";6,603;-2,504;-1,787
"prestigious";3,07;-0,472;-1,787
"preparation";0,874;0,044;-1,787
"prejudice";-5,454;1,22;2,485
"preemptively";2,103;-2,087;-0,024
"predictor";-0,116;0,268;-0,024
"predecessor";-0,116;-0,215;0,823
"posit";0,874;-0,472;-0,134
"populate";-0,82;0,814;0,01
"polarity";-3,636;3,996;0,01
"pod";0,009;-0,038;0,01
"pluralistic";-5,454;4,002;0,366
"plowers";4,402;-1,67;-1,191
"plain";0,874;-2,504;0,366
"pivotal";0,874;0,044;-1,787
"pink";0,874;0,044;-1,787
"pierre";-3,636;9,586;-1,191
"picky";-0,82;-1,67;6,132
"phil";-5,454;14,379;-1,787
"peterson";-4,545;0,268;3,884
"persistence";-5,454;14,379;-1,787
"permanently";3,07;-2,504;-0,134
"performant";6,603;-2,504;-1,787
"penetration";-0,116;-2,087;3,884
"penetrate";0,014;-2,504;2,485
"penalty";-0,491;-0,472;2,485
"peaceful";-5,454;1,22;2,485
"patriotism";-5,454;8,388;-0,134
"patreon";3,07;-2,504;-0,134
"password";4,402;-1,67;-1,191
"parse";0,014;1,22;-1,787
"parole";-2,304;-2,504;12,379
"parochial";-3,636;-1,67;13,436
"parcel";-5,454;8,388;-0,134
"paramilitary";-5,454;1,22;2,485
"paralyze";6,603;-2,504;-1,787
"palent";6,603;-2,504;-1,787
"oxygen";6,603;-2,504;-1,787
"overweight";-4,545;11,982;-1,489
"overland";0,874;0,044;-1,787
"orbital";6,603;-2,504;-1,787
"orange";0,009;-0,038;0,01
"opium";-4,545;-2,087;16,796
"om";-5,454;0,044;6,489
"occasionally";0,874;-0,472;-0,134
"obtain";0,874;0,044;-1,787
"obese";3,07;-0,472;-1,787
"ob";0,014;0,044;-0,134
"oath";-1,529;-0,215;3,884
"numerous";-5,454;-0,472;12,379
"npc";0,014;1,22;-1,787
"novo";3,301;-1,252;-0,893
"northeast";-0,491;4,002;-1,787
"nightmare";-5,454;-2,504;20,155
"ngo";-5,454;-0,472;12,379
"newcomer";3,301;-1,252;-0,893
"neutrality";-1,529;6,152;-1,489
"netflix";0,014;1,22;-1,787
"negro";-3,636;9,586;-1,191
"neglect";-2,304;8,388;-1,787
"nda";0,308;-2,087;0,823
"nba";-4,545;0,268;3,884
"navigation";6,603;-2,504;-1,787
"narrowly";6,603;-2,504;-1,787
"nanometer";5,502;-2,087;-1,489
"musician";-0,116;2,247;-1,489
"musical";-4,545;11,982;-1,489
"mri";2,103;-0,215;-1,489
"montana";-5,454;0,044;6,489
"monkey";3,07;-0,472;-1,787
"modernization";0,874;-2,504;0,366
"mobilize";-4,545;-0,215;9,209
"mitigate";6,603;-2,504;-1,787
"misinformation";-5,454;-0,472;12,379
"miracle";3,07;-0,472;-1,787
"micromanage";4,402;-1,67;-1,191
"methodology";0,014;0,044;-0,134
"mercedes";6,603;-2,504;-1,787
"memes";-0,491;1,22;-0,134
"meme";3,07;-2,504;-0,134
"meditation";0,308;0,268;-1,489
"measurement";-0,491;0,044;0,366
"mckenzie";-0,491;-0,472;2,485
"mba";-0,491;4,002;-1,787
"maternal";0,014;0,044;-0,134
"materialize";6,603;-2,504;-1,787
"masculine";-5,454;8,388;-0,134
"market_s";6,603;-2,504;-1,787
"marker";0,014;1,22;-1,787
"maritime";3,07;-0,472;-1,787
"manipulation";-5,454;0,044;6,489
"madison";-5,454;8,388;-0,134
"lovely";0,014;1,22;-1,787
"liter";2,103;-0,215;-1,489
"linebacker";-1,529;6,152;-1,489
"levi";-4,545;11,982;-1,489
"leukemia";5,502;-2,087;-1,489
"lethal";2,103;-2,087;-0,024
"leninist";-5,454;-2,504;20,155
"legislative";-5,454;-2,504;20,155
"learner";0,308;-0,215;-0,024
"lawmaker";-5,454;-2,504;20,155
"kimmy";-0,82;3,996;-1,191
"khan";-5,454;4,002;0,366
"kamla";-1,529;-2,087;9,209
"kame";-5,454;-2,504;20,155
"jungle";5,502;-2,087;-1,489
"judicial";-5,454;-2,504;20,155
"joseph";-3,636;9,586;-1,191
"jose";-5,454;8,388;-0,134
"jo";-5,454;14,379;-1,787
"jerry";-2,304;0,044;2,485
"jebia";-2,304;8,388;-1,787
"ivy";-2,304;8,388;-1,787
"ivory";4,402;-1,67;-1,191
"iv";5,502;-2,087;-1,489
"irregular";6,603;-2,504;-1,787
"ir";0,014;-0,472;0,366
"intrinsically";6,603;-2,504;-1,787
"intrigue";0,014;0,044;-0,134
"intersect";-2,304;-0,472;6,489
"interrupt";-4,545;-0,215;9,209
"interpreter";3,07;-0,472;-1,787
"interfere";-5,454;4,002;0,366
"insulin";5,502;-2,087;-1,489
"instrumental";-2,304;4,002;-0,134
"installation";6,603;-2,504;-1,787
"innocent";-5,454;-2,504;20,155
"injunction";-4,545;-2,087;16,796
"inflate";0,874;0,044;-1,787
"infinitely";6,603;-2,504;-1,787
"inferior";-0,491;-0,472;2,485
"inefficiency";3,07;-0,472;-1,787
"ind";3,07;-0,472;-1,787
"incumbency";6,603;-2,504;-1,787
"inclusive";-0,491;4,002;-1,787
"incentivize";0,308;0,268;-1,489
"incapable";-0,82;-0,038;1,657
"inaccurate";-4,545;-2,087;16,796
"impeach";-3,636;-1,67;13,436
"illicit";0,014;0,044;-0,134
"ignorance";0,014;-0,472;0,366
"idiosyncratic";5,502;-2,087;-1,489
"ibm";3,07;-0,472;-1,787
"hvac";5,502;-2,087;-1,489
"hurdle";0,874;0,044;-1,787
"ho";-2,727;7,189;-0,893
"hint";3,07;-2,504;-0,134
"hessi";-4,545;0,268;3,884
"hellfire";4,402;-1,67;-1,191
"helium";6,603;-2,504;-1,787
"hearing";-5,454;-2,504;20,155
"hayek";-2,304;8,388;-1,787
"hawkish";-3,636;-1,67;13,436
"harvest";6,603;-2,504;-1,787
"harris";-5,454;0,044;6,489
"guillermo";-2,727;7,189;-0,893
"guild";0,874;-0,472;-0,134
"gu";-0,491;0,044;0,366
"greece";-0,491;4,002;-1,787
"gravitate";0,874;-0,472;-0,134
"graspable";5,502;-2,087;-1,489
"grandkids";-5,454;14,379;-1,787
"grandchild";-0,491;1,22;-0,134
"gpd3";6,603;-2,504;-1,787
"gotham";4,402;-1,67;-1,191
"gore";-5,454;-0,472;12,379
"glimpse";0,009;0,814;-1,191
"gigabyte";6,603;-2,504;-1,787
"gig";2,103;-0,215;-1,489
"geometry";0,014;1,22;-1,787
"geography";0,874;-0,472;-0,134
"geographic";-5,454;4,002;0,366
"geo";6,603;-2,504;-1,787
"genetics";-1,529;2,247;-0,024
"gemini";6,603;-2,504;-1,787
"geithner";-2,304;8,388;-1,787
"geekway";-5,454;14,379;-1,787
"gbd3";6,603;-2,504;-1,787
"gavin";-5,454;-0,472;12,379
"gauge";0,874;-0,472;-0,134
"fundraise";3,07;-2,504;-0,134
"ftx";6,603;-2,504;-1,787
"fringe";-3,636;-1,67;13,436
"frictionless";6,603;-2,504;-1,787
"fortitude";-4,545;11,982;-1,489
"foia";-2,727;-1,252;10,077
"flywheel";6,603;-2,504;-1,787
"fisher";-0,491;4,002;-1,787
"firmly";-2,304;-0,472;6,489
"felony";-4,545;-2,087;16,796
"familia";3,07;-0,472;-1,787
"fallacy";3,07;-0,472;-1,787
"fade";-5,454;0,044;6,489
"exporter";6,603;-2,504;-1,787
"experimentation";-0,491;-2,504;6,489
"exceptionally";0,437;0,022;-0,893
"evident";-2,304;1,22;0,366
"everest";6,603;-2,504;-1,787
"europeans";-4,545;0,268;3,884
"ethan";-5,454;14,379;-1,787
"esteem";-0,82;3,996;-1,191
"epistemic";0,874;0,044;-1,787
"entertain";3,07;-0,472;-1,787
"enslave";-4,545;-2,087;16,796
"encapsulate";0,874;0,044;-1,787
"empathize";-5,454;0,044;6,489
"emmys";-5,454;-2,504;20,155
"emergent";-4,545;11,982;-1,489
"elitist";-0,116;2,247;-1,489
"electorate";-4,545;-2,087;16,796
"einstein";-5,454;4,002;0,366
"effector";4,402;-1,67;-1,191
"effectiveness";0,874;0,044;-1,787
"editable";0,874;-2,504;0,366
"eddie";-4,545;11,982;-1,489
"ec2";6,603;-2,504;-1,787
"driverless";6,603;-2,504;-1,787
"drain";3,07;-2,504;-0,134
"downstream";-0,491;-0,472;2,485
"dorkiness";0,437;0,022;-0,893
"dope";0,874;0,044;-1,787
"donkey";3,07;-0,472;-1,787
"doctrine";-2,304;-2,504;12,379
"dividend";6,603;-2,504;-1,787
"divergence";3,07;-0,472;-1,787
"ditch";6,603;-2,504;-1,787
"dispatch";5,502;-2,087;-1,489
"dislike";-5,454;-2,504;20,155
"dish";0,874;-2,504;0,366
"discriminatory";0,014;0,044;-0,134
"discrepancy";6,603;-2,504;-1,787
"diploma";-2,304;8,388;-1,787
"dino";0,874;0,044;-1,787
"diner";-5,454;8,388;-0,134
"dimensional";3,07;-0,472;-1,787
"difficulty";0,874;-2,504;0,366
"devastate";0,874;-0,472;-0,134
"derek";-2,727;0,022;3,244
"deposition";-1,529;0,268;0,823
"dependency";6,603;-2,504;-1,787
"dent";-2,304;4,002;-0,134
"denial";0,874;0,044;-1,787
"delaware";-3,636;-1,67;13,436
"defer";0,014;-2,504;2,485
"dealer";2,103;-2,087;-0,024
"dawn";3,07;-0,472;-1,787
"darwin";-5,454;14,379;-1,787
"dare";-2,304;-2,504;12,379
"cute";0,874;0,044;-1,787
"custody";0,308;-2,087;0,823
"cuban";-4,545;2,247;0,823
"criterion";3,07;-0,472;-1,787
"crave";6,603;-2,504;-1,787
"coven";-2,304;-2,504;12,379
"coup";-4,545;-0,215;9,209
"counterpart";-2,304;0,044;2,485
"cookie";-5,454;8,388;-0,134
"convolute";-0,491;-0,472;2,485
"convey";0,014;-0,472;0,366
"contentious";-5,454;0,044;6,489
"contemporary";-5,454;4,002;0,366
"considerably";-5,454;14,379;-1,787
"conscientiousness";-4,545;2,247;0,823
"confound";0,014;0,044;-0,134
"computational";6,603;-2,504;-1,787
"comply";3,07;-2,504;-0,134
"compliance";6,603;-2,504;-1,787
"complement";2,103;-0,215;-1,489
"compassionate";-2,304;-0,472;6,489
"compassion";-4,545;-0,215;9,209
"comparable";6,603;-2,504;-1,787
"commonality";0,009;0,814;-1,191
"comm";0,874;-2,504;0,366
"codify";6,603;-2,504;-1,787
"cocktail";-5,454;0,044;6,489
"coachability";6,603;-2,504;-1,787
"clubbers";0,014;1,22;-1,787
"classmate";-4,545;11,982;-1,489
"civics";-4,545;2,247;0,823
"cio";2,103;-0,215;-1,489
"ci";-5,454;-0,472;12,379
"choke";0,014;1,22;-1,787
"chile";-4,545;-2,087;16,796
"childish";-5,454;8,388;-0,134
"chernobyl";-5,454;14,379;-1,787
"chennai";-3,636;3,996;0,01
"checklist";3,07;-2,504;-0,134
"championship";-4,545;2,247;0,823
"cathode";6,603;-2,504;-1,787
"catastrophe";-0,116;0,268;-0,024
"cascade";-5,454;8,388;-0,134
"carp";-0,116;2,247;-1,489
"cargo";-0,116;-0,215;0,823
"capitol";-0,491;-0,472;2,485
"capitalization";6,603;-2,504;-1,787
"camel";-5,454;0,044;6,489
"caffeine";-3,636;9,586;-1,191
"byron";2,103;-0,215;-1,489
"butch";-2,727;7,189;-0,893
"burger";-1,529;6,152;-1,489
"bundle";3,07;-2,504;-0,134
"bull";3,07;-0,472;-1,787
"bu";0,874;-0,472;-0,134
"browser";5,502;-2,087;-1,489
"brookings";-0,82;0,814;0,01
"brainer";5,502;-2,087;-1,489
"brag";0,014;0,044;-0,134
"bounty";-2,304;-2,504;12,379
"boris";-0,491;4,002;-1,787
"boost";0,874;0,044;-1,787
"bolt";-0,116;2,247;-1,489
"bmw";6,603;-2,504;-1,787
"bloody";-5,454;0,044;6,489
"blm";-1,529;-2,087;9,209
"bit";0,874;0,044;-1,787
"beverage";-5,454;4,002;0,366
"bell";-5,454;8,388;-0,134
"behavioral";3,07;-0,472;-1,787
"bedrock";0,874;-0,472;-0,134
"bc";0,014;0,044;-0,134
"backpack";6,603;-2,504;-1,787
"availability";6,603;-2,504;-1,787
"athens";-2,304;8,388;-1,787
"asymmetric";0,874;0,044;-1,787
"asleep";-0,116;2,247;-1,489
"artillery";6,603;-2,504;-1,787
"archive";-5,454;8,388;-0,134
"arch";6,603;-2,504;-1,787
"arbitrage";6,603;-2,504;-1,787
"aramaic";-3,636;9,586;-1,191
"apprenticeship";-5,454;8,388;-0,134
"apprentice";-5,454;4,002;0,366
"apc";-2,304;8,388;-1,787
"anthropologist";0,014;1,22;-1,787
"ant";-0,82;3,996;-1,191
"anon";-0,245;2,001;-0,893
"anode";5,502;-2,087;-1,489
"annuity";6,603;-2,504;-1,787
"annually";3,07;-2,504;-0,134
"androll";6,603;-2,504;-1,787
"ander";3,07;-0,472;-1,787
"ancestor";-4,545;2,247;0,823
"analogous";6,603;-2,504;-1,787
"anabolic";5,502;-2,087;-1,489
"amateur";-1,529;2,247;-0,024
"allude";-2,304;4,002;-0,134
"alan";-2,304;1,22;0,366
"aerial";6,603;-2,504;-1,787
"adaptability";-0,491;4,002;-1,787
"absurd";-0,491;1,22;-0,134
"7s";-2,304;-0,472;6,489
"20x";6,603;-2,504;-1,787
"1920s";-2,304;-2,504;12,379
"16th";-5,454;14,379;-1,787
"10k";0,874;0,044;-1,787
"000x";5,502;-2,087;-1,489
"zoo";-4,545;-0,215;9,209
"zillow";5,502;-2,087;-1,489
"yamanaka";-0,116;0,268;-0,024
"wyoming";-4,545;-0,215;9,209
"wrench";5,502;-2,087;-1,489
"worship";-4,545;2,247;0,823
"worldview";-3,636;9,586;-1,191
"woken";-0,116;-0,215;0,823
"widget";4,402;-1,67;-1,191
"whitehead";-4,545;-2,087;16,796
"whip";-1,529;2,247;-0,024
"whatsapp";3,301;-1,252;-0,893
"wed";-3,636;3,996;0,01
"weaponize";5,502;-2,087;-1,489
"waypoint";0,437;-1,252;0,183
"watt";0,437;0,022;-0,893
"warrant";0,308;-0,215;-0,024
"warhead";1,203;-1,67;0,01
"volatile";-0,116;-2,087;3,884
"vladimir";-4,545;-2,087;16,796
"vitally";2,103;-0,215;-1,489
"visceral";5,502;-2,087;-1,489
"vet";0,308;-0,215;-0,024
"vertiport";5,502;-2,087;-1,489
"valid";2,103;-2,087;-0,024
"vaccinate";-4,545;0,268;3,884
"v1";5,502;-2,087;-1,489
"usmca";-0,82;-1,67;6,132
"upstart";0,308;0,268;-1,489
"upend";0,308;0,268;-1,489
"unsustainable";0,308;-2,087;0,823
"unreliable";0,308;0,268;-1,489
"unrecognizable";-0,116;0,268;-0,024
"unpack";-4,545;6,152;-0,024
"unmatched";5,502;-2,087;-1,489
"unemployment";0,009;-0,038;0,01
"underscore";-1,529;0,268;0,823
"underpin";-4,545;11,982;-1,489
"underperforming";-1,529;6,152;-1,489
"unconventional";-4,545;11,982;-1,489
"uncommon";2,103;-2,087;-0,024
"turkish";1,203;-0,038;-1,191
"turbine";4,402;-1,67;-1,191
"trucker";1,203;-0,038;-1,191
"troll";-1,529;2,247;-0,024
"treasure";-4,545;2,247;0,823
"translator";-3,636;3,996;0,01
"trail";0,308;-0,215;-0,024
"tr";0,308;-0,215;-0,024
"tout";-1,529;-2,087;9,209
"toothbrush";5,502;-2,087;-1,489
"toe";-3,636;9,586;-1,191
"tilt";-4,545;-2,087;16,796
"tide";-4,545;-0,215;9,209
"thermodynamic";3,301;-1,252;-0,893
"tether";5,502;-2,087;-1,489
"testify";-1,529;-0,215;3,884
"testament";-4,545;6,152;-0,024
"tesla_s";5,502;-2,087;-1,489
"tenth";2,103;-2,087;-0,024
"teenage";-1,529;2,247;-0,024
"teen";-1,529;2,247;-0,024
"techrunch";-4,545;11,982;-1,489
"tangible";5,502;-2,087;-1,489
"taliban";-3,636;-0,038;6,132
"taker";-0,82;0,814;0,01
"systematically";0,308;0,268;-1,489
"synonym";0,437;0,022;-0,893
"synapse";5,502;-2,087;-1,489
"switzerland";-4,545;2,247;0,823
"swift";-0,82;3,996;-1,191
"svb";-1,529;2,247;-0,024
"suspicious";-4,545;-2,087;16,796
"suspicion";2,103;-2,087;-0,024
"surreal";0,308;-2,087;0,823
"supersonic";3,301;-1,252;-0,893
"superior";0,308;-2,087;0,823
"sunday";-4,545;6,152;-0,024
"subtitle";-4,545;11,982;-1,489
"substantively";-0,116;0,268;-0,024
"submission";2,103;-2,087;-0,024
"stultify";-4,545;-0,215;9,209
"strictly";-4,545;6,152;-0,024
"streak";-4,545;6,152;-0,024
"stit";-3,636;-1,67;13,436
"steven";-1,529;6,152;-1,489
"steadily";1,203;-1,67;0,01
"statute";-4,545;-2,087;16,796
"stare";-1,529;6,152;-1,489
"starbucks";2,103;-0,215;-1,489
"stalin";-3,636;-1,67;13,436
"stair";-1,529;2,247;-0,024
"stagnant";0,308;-0,215;-0,024
"sprawl";-0,82;-0,038;1,657
"specialist";0,308;-0,215;-0,024
"southeast";2,103;-2,087;-0,024
"soup";-0,116;-0,215;0,823
"socratic";-4,545;11,982;-1,489
"snap";-4,545;6,152;-0,024
"smile";-4,545;11,982;-1,489
"smack";-2,727;0,022;3,244
"slot";4,402;-1,67;-1,191
"slop";-0,116;2,247;-1,489
"slice";4,402;-1,67;-1,191
"slate";0,308;-2,087;0,823
"sketch";2,103;-0,215;-1,489
"singular";0,308;-2,087;0,823
"simpsons";-4,545;11,982;-1,489
"sigma";-4,545;11,982;-1,489
"sid";-0,245;0,022;0,183
"shortcut";2,103;-0,215;-1,489
"shin";-1,529;-2,087;9,209
"sham";-4,545;11,982;-1,489
"sequoia";4,402;-1,67;-1,191
"seminar";-4,545;11,982;-1,489
"selective";-1,529;0,268;0,823
"securitization";1,203;-0,038;-1,191
"sect";-3,636;0,814;1,657
"scramble";5,502;-2,087;-1,489
"scout";-0,116;2,247;-1,489
"scoop";2,103;-0,215;-1,489
"sc";-1,529;6,152;-1,489
"sanctuary";-0,245;-1,252;3,244
"saga";0,437;-1,252;0,183
"sacred";-1,529;0,268;0,823
"ruth";-4,545;11,982;-1,489
"rug";2,103;-2,087;-0,024
"rubio";-4,545;-2,087;16,796
"rub";0,308;-0,215;-0,024
"royal";-0,116;2,247;-1,489
"routine";0,308;0,268;-1,489
"rothschilds";-4,545;11,982;-1,489
"rotary";3,301;-1,252;-0,893
"romantic";-4,545;0,268;3,884
"rocky";-1,529;6,152;-1,489
"ro";-1,529;-0,215;3,884
"rivalry";-3,636;-1,67;13,436
"rightfully";-4,545;-0,215;9,209
"reusable";5,502;-2,087;-1,489
"retention";2,103;-2,087;-0,024
"retailer";5,502;-2,087;-1,489
"restrictive";-3,636;-1,67;13,436
"restrain";-4,545;-2,087;16,796
"respectful";-3,636;-1,67;13,436
"residency";-4,545;6,152;-0,024
"repress";-4,545;-2,087;16,796
"reporter";-4,545;11,982;-1,489
"repopulate";0,308;0,268;-1,489
"repeatable";5,502;-2,087;-1,489
"repeal";-0,116;-2,087;3,884
"renee";2,103;-0,215;-1,489
"rename";-1,529;6,152;-1,489
"remark";2,103;-2,087;-0,024
"relocate";2,103;-0,215;-1,489
"relevance";-1,529;2,247;-0,024
"relay";4,402;-1,67;-1,191
"relativism";-4,545;6,152;-0,024
"reinvigorate";-1,529;6,152;-1,489
"reinvest";5,502;-2,087;-1,489
"regularly";-1,529;-0,215;3,884
"refund";-0,116;2,247;-1,489
"refrigerator";5,502;-2,087;-1,489
"reflective";0,308;-2,087;0,823
"reelect";-3,636;-1,67;13,436
"redundant";2,103;-2,087;-0,024
"redpilled";-1,529;0,268;0,823
"recruiter";2,103;-0,215;-1,489
"reconnect";-0,116;-0,215;0,823
"readout";-0,245;-1,252;3,244
"readiness";-1,529;-2,087;9,209
"rampage";-0,116;-0,215;0,823
"quintessential";2,103;-0,215;-1,489
"quietly";-0,82;0,814;0,01
"quad";1,203;-0,038;-1,191
"psychotherapy";5,502;-2,087;-1,489
"provocator";5,502;-2,087;-1,489
"protective";2,103;-2,087;-0,024
"protectionist";-0,116;0,268;-0,024
"prosper";-0,116;-2,087;3,884
"promulgate";-3,636;-1,67;13,436
"programmable";4,402;-1,67;-1,191
"prod";-0,116;-2,087;3,884
"privately";-4,545;-0,215;9,209
"preview";2,103;-0,215;-1,489
"preventable";-3,636;-1,67;13,436
"presuppose";5,502;-2,087;-1,489
"presumption";-0,116;-0,215;0,823
"presentation";5,502;-2,087;-1,489
"prerequisite";-4,545;0,268;3,884
"predator";2,103;-0,215;-1,489
"precursor";-0,82;-1,67;6,132
"precedent";-1,529;2,247;-0,024
"powder";2,103;-0,215;-1,489
"potato";4,402;-1,67;-1,191
"posture";-1,529;-0,215;3,884
"pompeo";-3,636;-0,038;6,132
"polymathic";5,502;-2,087;-1,489
"polish";0,308;0,268;-1,489
"poetry";-4,545;11,982;-1,489
"playground";-0,82;3,996;-1,191
"plausibly";5,502;-2,087;-1,489
"pitchfork";-2,727;0,022;3,244
"philips";4,402;-1,67;-1,191
"philanthropically";-4,545;6,152;-0,024
"persona";-0,245;2,001;-0,893
"perpetuate";-1,529;-0,215;3,884
"permeate";0,308;0,268;-1,489
"permanency";-3,636;9,586;-1,191
"pennsylvania";-0,116;2,247;-1,489
"penn";-4,545;11,982;-1,489
"peg";5,502;-2,087;-1,489
"peel";2,103;-2,087;-0,024
"pearl";-4,545;0,268;3,884
"pc";3,301;-1,252;-0,893
"patron";0,437;0,022;-0,893
"participation";-1,529;0,268;0,823
"paranoid";-1,529;-2,087;9,209
"parameter";5,502;-2,087;-1,489
"paperback";-3,636;3,996;0,01
"palm";0,308;-2,087;0,823
"pallet";5,502;-2,087;-1,489
"palente";-4,545;6,152;-0,024
"palante";-4,545;2,247;0,823
"packard";0,009;0,814;-1,191
"overvalue";5,502;-2,087;-1,489
"overlook";2,103;-0,215;-1,489
"outreach";1,203;-1,67;0,01
"outdoor";5,502;-2,087;-1,489
"os";5,502;-2,087;-1,489
"organism";4,402;-1,67;-1,191
"opening";-0,82;3,996;-1,191
"onboarding";5,502;-2,087;-1,489
"occasion";-4,545;2,247;0,823
"obscure";-4,545;0,268;3,884
"obama_s";-3,636;-1,67;13,436
"nyt";-0,116;-2,087;3,884
"northern";-4,545;0,268;3,884
"norman";-4,545;11,982;-1,489
"nordstrom";-4,545;-2,087;16,796
"nod";-1,529;-0,215;3,884
"ninth";-4,545;2,247;0,823
"niche";2,103;-0,215;-1,489
"newsome";-4,545;-2,087;16,796
"neurologist";5,502;-2,087;-1,489
"ndaa";-1,529;-2,087;9,209
"nbc";-4,545;11,982;-1,489
"nazism";-4,545;-2,087;16,796
"mysterious";-4,545;11,982;-1,489
"musculoskeletal";5,502;-2,087;-1,489
"murderer";-4,545;-2,087;16,796
"multiplier";5,502;-2,087;-1,489
"muhammad";-4,545;0,268;3,884
"mph";2,103;-0,215;-1,489
"mp3s";4,402;-1,67;-1,191
"morass";0,308;-2,087;0,823
"molecular";0,308;-0,215;-0,024
"module";2,103;-0,215;-1,489
"modular";2,103;-0,215;-1,489
"moderator";0,308;-2,087;0,823
"moderation";-4,545;11,982;-1,489
"mismatch";5,502;-2,087;-1,489
"misfortune";0,308;0,268;-1,489
"militaries";2,103;-0,215;-1,489
"mil";0,308;0,268;-1,489
"migration";-1,529;-2,087;9,209
"migrate";5,502;-2,087;-1,489
"middleman";2,103;-2,087;-0,024
"microprocessor";5,502;-2,087;-1,489
"mic";5,502;-2,087;-1,489
"messenger";-0,116;0,268;-0,024
"meritocratic";-4,545;11,982;-1,489
"mentorship";-4,545;11,982;-1,489
"meek";-4,545;11,982;-1,489
"mcmaster";-3,636;-0,038;6,132
"mcafee";5,502;-2,087;-1,489
"mayhem";-1,529;-2,087;9,209
"maneuver";-1,529;-2,087;9,209
"malt";5,502;-2,087;-1,489
"mackenzie";-4,545;11,982;-1,489
"macarthur";-4,545;-2,087;16,796
"lynch";-4,545;0,268;3,884
"lucriccius";-2,727;7,189;-0,893
"lot_s";-4,545;0,268;3,884
"logistical";5,502;-2,087;-1,489
"lively";-4,545;11,982;-1,489
"linkedin";0,308;0,268;-1,489
"lightning";-3,636;9,586;-1,191
"leninism";-3,636;-1,67;13,436
"legitimacy";-4,545;-0,215;9,209
"legion";-3,636;9,586;-1,191
"leftwing";-4,545;-2,087;16,796
"laziness";-0,82;-0,038;1,657
"lauren";-4,545;-0,215;9,209
"landslide";-4,545;-2,087;16,796
"landlord";2,103;-2,087;-0,024
"kutcher";-4,545;11,982;-1,489
"kingdom";-0,116;2,247;-1,489
"kinetic";-0,116;0,268;-0,024
"kindle";5,502;-2,087;-1,489
"justification";-1,529;-2,087;9,209
"js";2,103;-0,215;-1,489
"jong";-3,636;-1,67;13,436
"jealousy";2,103;-0,215;-1,489
"jason";-1,529;6,152;-1,489
"isas";1,203;-1,67;0,01
"irrelevant";0,308;0,268;-1,489
"irrational";0,308;-0,215;-0,024
"irony";-1,529;6,152;-1,489
"ireland";-4,545;2,247;0,823
"invariably";5,502;-2,087;-1,489
"introduction";-0,116;0,268;-0,024
"internship";-0,116;2,247;-1,489
"intermediary";5,502;-2,087;-1,489
"interim";-0,82;-1,67;6,132
"interdependent";0,009;-0,038;0,01
"intentioned";0,308;-0,215;-0,024
"intentional";-4,545;-0,215;9,209
"intellect";-4,545;0,268;3,884
"intake";2,103;-0,215;-1,489
"instacart";5,502;-2,087;-1,489
"insist";-1,529;-2,087;9,209
"innate";-1,529;6,152;-1,489
"injury";-1,529;6,152;-1,489
"initiate";5,502;-2,087;-1,489
"inflammatory";-0,82;-1,67;6,132
"infect";-4,545;0,268;3,884
"infancy";5,502;-2,087;-1,489
"inevitability";2,103;-0,215;-1,489
"induce";-4,545;-0,215;9,209
"indoctrination";-4,545;11,982;-1,489
"individually";2,103;-0,215;-1,489
"independently";2,103;-2,087;-0,024
"incrementally";4,402;-1,67;-1,191
"incoming";2,103;-0,215;-1,489
"inclusion";-0,116;0,268;-0,024
"incentivized";1,203;-1,67;0,01
"inbev";-4,545;11,982;-1,489
"inability";2,103;-2,087;-0,024
"impulse";-0,116;0,268;-0,024
"imitation";2,103;-2,087;-0,024
"imbalance";-4,545;-2,087;16,796
"hyperlocal";4,402;-1,67;-1,191
"hurry";2,103;-0,215;-1,489
"hungarian";-3,636;3,996;0,01
"hume";-1,529;2,247;-0,024
"hover";5,502;-2,087;-1,489
"hose";2,103;-0,215;-1,489
"hormone";2,103;-0,215;-1,489
"hoodie";-2,727;2,001;0,183
"hollow";-4,545;0,268;3,884
"hogsworth";0,308;0,268;-1,489
"hockey";-1,529;6,152;-1,489
"hiv";1,203;-0,038;-1,191
"hindsight";0,308;0,268;-1,489
"hilarious";5,502;-2,087;-1,489
"hierarchical";0,308;0,268;-1,489
"headache";0,009;-0,038;0,01
"hbs";-4,545;11,982;-1,489
"hawk";-0,116;-2,087;3,884
"hater";-4,545;2,247;0,823
"guilt";-4,545;6,152;-0,024
"guardrail";5,502;-2,087;-1,489
"grill";-0,116;-0,215;0,823
"greeks";-4,545;11,982;-1,489
"gravel";-0,82;0,814;0,01
"grave";-3,636;-0,038;6,132
"grasso";-1,529;2,247;-0,024
"grace";-4,545;6,152;-0,024
"gpd4";4,402;-1,67;-1,191
"gpd";5,502;-2,087;-1,489
"gp1s";2,103;-0,215;-1,489
"goose";-0,116;0,268;-0,024
"ghetto";-4,545;6,152;-0,024
"gerard";-3,636;-0,038;6,132
"geopolitically";5,502;-2,087;-1,489
"galvanize";-4,545;0,268;3,884
"funders";-0,82;-0,038;1,657
"ft";5,502;-2,087;-1,489
"frontline";0,308;-0,215;-0,024
"friedman";-4,545;11,982;-1,489
"fracking";-1,529;-2,087;9,209
"foucault";-4,545;-0,215;9,209
"foreigner";4,402;-1,67;-1,191
"forecast";5,502;-2,087;-1,489
"footstep";-0,116;2,247;-1,489
"fond";-0,116;0,268;-0,024
"fluid";0,308;-2,087;0,823
"flex";-1,529;6,152;-1,489
"flagship";0,009;-0,038;0,01
"firstly";2,103;-0,215;-1,489
"firewall";-4,545;-0,215;9,209
"fingerprint";-1,529;-0,215;3,884
"financials";5,502;-2,087;-1,489
"figma";2,103;-0,215;-1,489
"fermi";-1,529;6,152;-1,489
"fax";0,437;0,022;-0,893
"fascist";-4,545;-0,215;9,209
"fargo";5,502;-2,087;-1,489
"fairy";-0,116;0,268;-0,024
"eyeball";0,308;-0,215;-0,024
"extremism";-4,545;0,268;3,884
"extensive";-1,529;-2,087;9,209
"exquisite";5,502;-2,087;-1,489
"expectancy";0,308;-0,215;-0,024
"exp";2,103;-2,087;-0,024
"exec";2,103;-2,087;-0,024
"exclusive";5,502;-2,087;-1,489
"exclude";-1,529;2,247;-0,024
"examine";-0,116;0,268;-0,024
"evs";2,103;-2,087;-0,024
"escalator";0,009;-0,038;0,01
"epress";-0,116;0,268;-0,024
"epiphany";-1,529;6,152;-1,489
"epicenter";-0,116;0,268;-0,024
"enthusiasm";-0,116;0,268;-0,024
"enlist";-0,116;0,268;-0,024
"endowment";2,103;-2,087;-0,024
"enact";-2,727;-1,252;10,077
"emotionally";-1,529;-0,215;3,884
"embassy";-3,636;-1,67;13,436
"ellison";5,502;-2,087;-1,489
"egregious";0,009;-1,67;1,657
"edison";0,308;0,268;-1,489
"edifice";2,103;-0,215;-1,489
"dye";-3,636;0,814;1,657
"dutch";-4,545;11,982;-1,489
"drastic";-1,529;-0,215;3,884
"dorm";-0,116;2,247;-1,489
"dorky";0,308;0,268;-1,489
"doer";-3,636;3,996;0,01
"documentation";2,103;-2,087;-0,024
"disturb";-4,545;11,982;-1,489
"distrust";0,009;0,814;-1,191
"distraction";-0,116;-2,087;3,884
"distil";-0,116;2,247;-1,489
"dissipate";5,502;-2,087;-1,489
"dissent";-3,636;-1,67;13,436
"disjoint";2,103;-2,087;-0,024
"discretionary";2,103;-2,087;-0,024
"discomfort";0,009;-1,67;1,657
"discharge";5,502;-2,087;-1,489
"directional";2,103;-2,087;-0,024
"diesel";5,502;-2,087;-1,489
"dev";4,402;-1,67;-1,191
"detroit";1,203;-0,038;-1,191
"desperate";-0,116;0,268;-0,024
"designate";-0,245;-1,252;3,244
"desantis";-1,529;-2,087;9,209
"derive";-0,116;2,247;-1,489
"dentistry";0,308;0,268;-1,489
"denigrate";-3,636;3,996;0,01
"demetri";-4,545;-2,087;16,796
"deliberately";-1,529;2,247;-0,024
"delegate";-2,727;-1,252;10,077
"defraud";-1,529;-2,087;9,209
"decoupling";1,203;-0,038;-1,191
"deadline";-3,636;-0,038;6,132
"daycare";-1,529;6,152;-1,489
"dashboard";-0,116;0,268;-0,024
"darkness";-4,545;-2,087;16,796
"daddy";-4,545;6,152;-0,024
"cynic";0,308;0,268;-1,489
"cur";-0,82;3,996;-1,191
"cumulative";2,103;-2,087;-0,024
"culinary";-4,545;11,982;-1,489
"cue";2,103;-2,087;-0,024
"cs";2,103;-0,215;-1,489
"crunch";5,502;-2,087;-1,489
"cruise";2,103;-0,215;-1,489
"courtroom";-3,636;9,586;-1,191
"counterintuitive";5,502;-2,087;-1,489
"counsel";-0,82;-0,038;1,657
"cornell";-0,245;2,001;-0,893
"cord";0,308;-0,215;-0,024
"conversion";4,402;-1,67;-1,191
"contradiction";-1,529;0,268;0,823
"continual";-1,529;2,247;-0,024
"contention";-1,529;-0,215;3,884
"consideration";2,103;-2,087;-0,024
"conceptual";4,402;-1,67;-1,191
"conceive";-0,116;0,268;-0,024
"compression";5,502;-2,087;-1,489
"compliant";-0,82;0,814;0,01
"compiler";5,502;-2,087;-1,489
"competency";2,103;-0,215;-1,489
"comparative";-4,545;11,982;-1,489
"compact";2,103;-2,087;-0,024
"commonly";0,308;-2,087;0,823
"combustion";5,502;-2,087;-1,489
"colonialism";-4,545;0,268;3,884
"clause";-4,545;-2,087;16,796
"clarify";-1,529;0,268;0,823
"cla";2,103;-2,087;-0,024
"civ";-3,636;9,586;-1,191
"citizenry";-4,545;11,982;-1,489
"cincinnati";-2,727;2,001;0,183
"chrome";4,402;-1,67;-1,191
"christy";-0,82;3,996;-1,191
"chew";-1,529;6,152;-1,489
"chesky";-1,529;6,152;-1,489
"cheese";4,402;-1,67;-1,191
"centric";4,402;-1,67;-1,191
"cds";3,301;-1,252;-0,893
"cbs";-4,545;11,982;-1,489
"causal";5,502;-2,087;-1,489
"cato";-3,636;9,586;-1,191
"cater";0,009;-1,67;1,657
"categorize";-0,82;-1,67;6,132
"carl";-0,116;-0,215;0,823
"cardiac";1,203;-0,038;-1,191
"cardboard";2,103;-2,087;-0,024
"capsule";5,502;-2,087;-1,489
"cape";4,402;-1,67;-1,191
"canva";1,203;-0,038;-1,191
"cannibalize";5,502;-2,087;-1,489
"candidly";-0,116;0,268;-0,024
"canal";-3,636;-1,67;13,436
"canadians";-3,636;-0,038;6,132
"camaraderie";-4,545;11,982;-1,489
"cal";-0,82;-0,038;1,657
"caesar";-4,545;11,982;-1,489
"butt";2,103;-0,215;-1,489
"bust";-0,116;-0,215;0,823
"bury";0,308;-0,215;-0,024
"bulk";0,308;-2,087;0,823
"bulb";5,502;-2,087;-1,489
"btc";-1,529;-2,087;9,209
"bryson";-4,545;11,982;-1,489
"broaden";2,103;-0,215;-1,489
"broadcast";2,103;-0,215;-1,489
"brink";-4,545;2,247;0,823
"brilliance";2,103;-0,215;-1,489
"breed";-0,116;0,268;-0,024
"brazilian";-4,545;11,982;-1,489
"brandon";-1,529;2,247;-0,024
"boulder";2,103;-0,215;-1,489
"bottomup";-1,529;0,268;0,823
"boomer";-0,116;0,268;-0,024
"bomber";5,502;-2,087;-1,489
"blissful";-4,545;11,982;-1,489
"blindness";-2,727;7,189;-0,893
"blackness";-4,545;11,982;-1,489
"biotechs";4,402;-1,67;-1,191
"biomanufacturing";5,502;-2,087;-1,489
"binary";0,308;0,268;-1,489
"biller";5,502;-2,087;-1,489
"billboard";-1,529;2,247;-0,024
"bicycle";0,308;0,268;-1,489
"benjamin";-3,636;3,996;0,01
"beginning";-0,116;0,268;-0,024
"beef";0,009;-0,038;0,01
"bcg";-4,545;6,152;-0,024
"barrage";1,203;-0,038;-1,191
"barnacle";5,502;-2,087;-1,489
"ballistic";2,103;-2,087;-0,024
"bait";-0,116;0,268;-0,024
"bahrain";-3,636;3,996;0,01
"badge";-0,116;-0,215;0,823
"badass";-4,545;-0,215;9,209
"backfill";0,308;-2,087;0,823
"backer";0,308;-0,215;-0,024
"b2c";5,502;-2,087;-1,489
"ax";2,103;-2,087;-0,024
"avs";5,502;-2,087;-1,489
"aviv";-4,545;6,152;-0,024
"avenue";-1,529;2,247;-0,024
"aurelius";-4,545;11,982;-1,489
"aura";1,203;-0,038;-1,191
"audio";4,402;-1,67;-1,191
"atlantic";-4,545;2,247;0,823
"astound";-4,545;-2,087;16,796
"assure";-0,116;-0,215;0,823
"assign";-1,529;6,152;-1,489
"aspirational";-0,116;2,247;-1,489
"artistic";0,308;-2,087;0,823
"arr";4,402;-1,67;-1,191
"aristotle";-1,529;6,152;-1,489
"architectural";5,502;-2,087;-1,489
"aqua";-1,529;2,247;-0,024
"applicable";1,203;-0,038;-1,191
"appetite";-0,245;-1,252;3,244
"apparatus";-4,545;2,247;0,823
"apis";5,502;-2,087;-1,489
"aoc";-4,545;-0,215;9,209
"anvil";2,103;-2,087;-0,024
"antonio";-0,116;0,268;-0,024
"anton";0,009;0,814;-1,191
"anthropics";5,502;-2,087;-1,489
"antenna";4,402;-1,67;-1,191
"angelo";-3,636;9,586;-1,191
"andon";0,308;0,268;-1,489
"anarchist";-4,545;6,152;-0,024
"amplify";2,103;-2,087;-0,024
"amnesty";-4,545;0,268;3,884
"amend";-4,545;-2,087;16,796
"altogether";0,308;0,268;-1,489
"alabama";-0,116;2,247;-1,489
"akin";5,502;-2,087;-1,489
"airspace";0,308;-2,087;0,823
"airfield";2,103;-2,087;-0,024
"aidriven";2,103;-0,215;-1,489
"agricultural";-1,529;6,152;-1,489
"affordability";-0,116;-2,087;3,884
"adolescent";-4,545;11,982;-1,489
"adequate";1,203;-1,67;0,01
"additive";5,502;-2,087;-1,489
"adams";-3,636;0,814;1,657
"achievable";5,502;-2,087;-1,489
"accurately";2,103;-2,087;-0,024
"accumulation";0,308;-2,087;0,823
"accelerator";2,103;-2,087;-0,024
"ac";0,308;0,268;-1,489
"abusive";5,502;-2,087;-1,489
"abrams";2,103;-2,087;-0,024
"abortion";-4,545;-2,087;16,796
"abide";-1,529;-0,215;3,884
"9s";-0,116;-2,087;3,884
"5x";5,502;-2,087;-1,489
"250th";-4,545;11,982;-1,489
"17th";-4,545;11,982;-1,489
"100th";2,103;-0,215;-1,489
"zoho";4,402;-1,67;-1,191
"zel";0,009;0,814;-1,191
"zap";4,402;-1,67;-1,191
"youve";-0,82;-1,67;6,132
"yelp";0,437;0,022;-0,893
"yc";4,402;-1,67;-1,191
"xjs";3,301;-1,252;-0,893
"wrongly";-0,82;-0,038;1,657
"wrinkle";4,402;-1,67;-1,191
"wolf";-0,245;0,022;0,183
"witness";-0,82;0,814;0,01
"withdraw";-0,82;-0,038;1,657
"wireless";4,402;-1,67;-1,191
"willingness";0,009;0,814;-1,191
"wildlife";-0,82;3,996;-1,191
"wield";-2,727;0,022;3,244
"whiteboard";0,009;-1,67;1,657
"whimos";-0,82;0,814;0,01
"wheat";4,402;-1,67;-1,191
"whack";-0,245;0,022;0,183
"wechat";0,437;0,022;-0,893
"webex";-3,636;3,996;0,01
"weaken";-0,82;-0,038;1,657
"watcher";-0,82;0,814;0,01
"ware";-3,636;9,586;-1,191
"walgreens";-0,82;0,814;0,01
"wagon";-3,636;9,586;-1,191
"von";-3,636;3,996;0,01
"void";-0,82;0,814;0,01
"vignette";-3,636;0,814;1,657
"victory";-3,636;-1,67;13,436
"vibration";0,009;0,814;-1,191
"vibrancy";-3,636;-1,67;13,436
"vial";0,437;-1,252;0,183
"viability";4,402;-1,67;-1,191
"verse";-0,245;0,022;0,183
"venice";-3,636;9,586;-1,191
"vegetation";4,402;-1,67;-1,191
"variation";0,009;-0,038;0,01
"variant";3,301;-1,252;-0,893
"vanderbilt";-2,727;2,001;0,183
"v2";4,402;-1,67;-1,191
"utils";4,402;-1,67;-1,191
"utilization";4,402;-1,67;-1,191
"utilitarian";4,402;-1,67;-1,191
"usdc";-3,636;-0,038;6,132
"urgency";0,009;-0,038;0,01
"upstream";1,203;-1,67;0,01
"uprising";-3,636;9,586;-1,191
"unwilling";0,009;0,814;-1,191
"unthinkable";-0,82;-1,67;6,132
"unrelated";3,301;-1,252;-0,893
"unrealistic";4,402;-1,67;-1,191
"unpleasant";-3,636;-1,67;13,436
"unnatural";4,402;-1,67;-1,191
"unlikable";-2,727;7,189;-0,893
"unity";0,009;-1,67;1,657
"unimaginable";1,203;-0,038;-1,191
"unequal";-3,636;-0,038;6,132
"understandable";1,203;-0,038;-1,191
"ucsf";4,402;-1,67;-1,191
"uc";-0,82;0,814;0,01
"tyrant";-3,636;-0,038;6,132
"tweak";1,203;-0,038;-1,191
"turnaround";-0,82;-0,038;1,657
"trivial";0,009;-0,038;0,01
"tri";1,203;-0,038;-1,191
"treaty";-3,636;0,814;1,657
"treasurer";-3,636;-0,038;6,132
"transmit";4,402;-1,67;-1,191
"transcendence";-3,636;3,996;0,01
"transact";4,402;-1,67;-1,191
"tradeoff";0,437;-1,252;0,183
"tractable";4,402;-1,67;-1,191
"tra";0,009;0,814;-1,191
"township";-3,636;9,586;-1,191
"torpedo";0,009;0,814;-1,191
"topheavy";4,402;-1,67;-1,191
"toothpaste";4,402;-1,67;-1,191
"toolkit";4,402;-1,67;-1,191
"toll";4,402;-1,67;-1,191
"toille";-0,82;-1,67;6,132
"tissue";4,402;-1,67;-1,191
"timelines";4,402;-1,67;-1,191
"thousandth";0,437;0,022;-0,893
"therapeutic";4,402;-1,67;-1,191
"theocracy";-3,636;-1,67;13,436
"textbook";3,301;-1,252;-0,893
"tester";0,437;-1,252;0,183
"terman";-2,727;7,189;-0,893
"tennis";-0,82;3,996;-1,191
"temper";-3,636;-0,038;6,132
"telescope";3,301;-1,252;-0,893
"telegram";0,437;-1,252;0,183
"telco";4,402;-1,67;-1,191
"technician";4,402;-1,67;-1,191
"te";0,009;-0,038;0,01
"tang";-0,82;-0,038;1,657
"tactically";4,402;-1,67;-1,191
"tab";4,402;-1,67;-1,191
"synergy";1,203;-1,67;0,01
"synchronize";4,402;-1,67;-1,191
"sympathetic";0,009;-0,038;0,01
"swath";0,009;0,814;-1,191
"survivor";-3,636;-1,67;13,436
"surrender";-3,636;-1,67;13,436
"surpass";-0,245;0,022;0,183
"supervisor";-2,727;0,022;3,244
"supervise";4,402;-1,67;-1,191
"supermarket";-3,636;9,586;-1,191
"superficial";0,009;-0,038;0,01
"subway";-3,636;3,996;0,01
"subtly";0,437;0,022;-0,893
"subtle";1,203;-0,038;-1,191
"substitute";-3,636;0,814;1,657
"stroke";-0,82;-1,67;6,132
"strauss";-3,636;-1,67;13,436
"strait";-3,636;0,814;1,657
"stewart";-3,636;3,996;0,01
"steep";-2,727;7,189;-0,893
"steelman";4,402;-1,67;-1,191
"steady";0,437;0,022;-0,893
"startle";1,203;-0,038;-1,191
"starter";1,203;-0,038;-1,191
"standalone";4,402;-1,67;-1,191
"stamina";-3,636;3,996;0,01
"sqa";-3,636;-1,67;13,436
"spur";-0,82;0,814;0,01
"spoon";-0,82;3,996;-1,191
"spontaneous";-0,82;0,814;0,01
"spill";0,009;-1,67;1,657
"spice";1,203;-1,67;0,01
"spawn";0,009;-0,038;0,01
"sp";-3,636;9,586;-1,191
"soybean";1,203;-0,038;-1,191
"sophomore";-3,636;9,586;-1,191
"socrates";-3,636;9,586;-1,191
"socom";0,009;-1,67;1,657
"sociotechnical";4,402;-1,67;-1,191
"societally";-3,636;9,586;-1,191
"smartly";1,203;-1,67;0,01
"slowmoving";4,402;-1,67;-1,191
"slowdown";1,203;-0,038;-1,191
"slope";1,203;-0,038;-1,191
"slash";0,009;-1,67;1,657
"slam";1,203;-0,038;-1,191
"skate";1,203;-0,038;-1,191
"sixty";0,009;-0,038;0,01
"situate";-3,636;-1,67;13,436
"sinful";-3,636;3,996;0,01
"silk";4,402;-1,67;-1,191
"sidewalk";-3,636;9,586;-1,191
"shy";0,009;-1,67;1,657
"shutdown";-2,727;-1,252;10,077
"shuffle";0,009;0,814;-1,191
"shreas";0,437;0,022;-0,893
"shovel";0,009;0,814;-1,191
"shout";-0,82;0,814;0,01
"shorten";4,402;-1,67;-1,191
"shipwreck";-3,636;9,586;-1,191
"shingle";3,301;-1,252;-0,893
"shimon";-0,82;3,996;-1,191
"shiite";-3,636;-1,67;13,436
"sharply";3,301;-1,252;-0,893
"shapiro";-3,636;3,996;0,01
"shale";0,009;-0,038;0,01
"sexually";-3,636;0,814;1,657
"seth";-2,727;0,022;3,244
"seronic";0,009;0,814;-1,191
"sergey";4,402;-1,67;-1,191
"sensational";1,203;-1,67;0,01
"sens";-0,82;-1,67;6,132
"semic";4,402;-1,67;-1,191
"selfish";-0,82;0,814;0,01
"segmentation";4,402;-1,67;-1,191
"seamless";4,402;-1,67;-1,191
"scotch";-0,245;2,001;-0,893
"scorecard";-0,82;3,996;-1,191
"scientifically";4,402;-1,67;-1,191
"schwab";0,009;-1,67;1,657
"schmidt";-3,636;9,586;-1,191
"scatter";-0,82;0,814;0,01
"scalia";-3,636;-1,67;13,436
"samara";-0,245;2,001;-0,893
"salvador";-2,727;-1,252;10,077
"salana";0,009;0,814;-1,191
"safeway";-3,636;9,586;-1,191
"russia_s";0,009;-1,67;1,657
"rugby";-2,727;2,001;0,183
"royalty";0,009;0,814;-1,191
"routinely";-0,82;-1,67;6,132
"rouge";3,301;-1,252;-0,893
"rotor";0,437;0,022;-0,893
"rothschild";-0,245;2,001;-0,893
"rotate";3,301;-1,252;-0,893
"ross";-0,245;0,022;0,183
"roller";0,437;0,022;-0,893
"risd";-3,636;9,586;-1,191
"rigorously";-3,636;9,586;-1,191
"rewrite";-0,82;3,996;-1,191
"revenge";-2,727;0,022;3,244
"revelation";-3,636;9,586;-1,191
"retrain";4,402;-1,67;-1,191
"retaliate";-3,636;-1,67;13,436
"restraint";-0,82;3,996;-1,191
"responder";-3,636;9,586;-1,191
"reskilling";1,203;-0,038;-1,191
"repurpose";-0,82;-1,67;6,132
"reprogram";4,402;-1,67;-1,191
"repression";-3,636;-1,67;13,436
"representation";4,402;-1,67;-1,191
"renewal";-3,636;3,996;0,01
"relieve";-3,636;-1,67;13,436
"relentlessly";0,009;0,814;-1,191
"reinvention";0,009;-0,038;0,01
"regression";4,402;-1,67;-1,191
"regenerate";4,402;-1,67;-1,191
"redistribute";1,203;-1,67;0,01
"recur";0,009;-0,038;0,01
"recreation";-3,636;9,586;-1,191
"reconcile";-0,82;3,996;-1,191
"recisions";-3,636;-0,038;6,132
"recipe";0,009;-0,038;0,01
"rebuttable";3,301;-1,252;-0,893
"realiz";0,437;0,022;-0,893
"rapper";-3,636;9,586;-1,191
"rape";-3,636;0,814;1,657
"ranger";-3,636;-0,038;6,132
"ranch";-3,636;9,586;-1,191
"raid";-3,636;-0,038;6,132
"quiver";-0,82;-1,67;6,132
"queue";1,203;-0,038;-1,191
"python";4,402;-1,67;-1,191
"puzzle";4,402;-1,67;-1,191
"pundit";1,203;-0,038;-1,191
"publication";-0,82;3,996;-1,191
"pter";4,402;-1,67;-1,191
"psychedelic";1,203;-0,038;-1,191
"psilocybin";0,009;-1,67;1,657
"prune";1,203;-0,038;-1,191
"proximity";-2,727;7,189;-0,893
"provocative";-3,636;0,814;1,657
"proudly";-3,636;9,586;-1,191
"prone";4,402;-1,67;-1,191
"prolific";0,009;0,814;-1,191
"productively";1,203;-1,67;0,01
"princess";0,009;0,814;-1,191
"prevalent";0,009;0,814;-1,191
"prep";-3,636;9,586;-1,191
"precautionary";1,203;-0,038;-1,191
"prayer";-3,636;3,996;0,01
"prageru";-3,636;-0,038;6,132
"potent";4,402;-1,67;-1,191
"positivity";-0,82;0,814;0,01
"portray";-3,636;3,996;0,01
"popularity";0,437;-1,252;0,183
"populace";-3,636;-1,67;13,436
"pope";-3,636;9,586;-1,191
"poke";-3,636;9,586;-1,191
"poet";-3,636;9,586;-1,191
"po";1,203;-1,67;0,01
"plummet";0,009;-1,67;1,657
"plower";0,009;0,814;-1,191
"plight";-0,82;0,814;0,01
"platoon";4,402;-1,67;-1,191
"platonic";4,402;-1,67;-1,191
"plasticity";4,402;-1,67;-1,191
"pl";4,402;-1,67;-1,191
"pittsburgh";-3,636;9,586;-1,191
"pickup";0,009;0,814;-1,191
"ph";0,009;0,814;-1,191
"petraeus";0,009;-0,038;0,01
"pete";-3,636;3,996;0,01
"persist";0,009;-0,038;0,01
"persians";-0,82;-0,038;1,657
"persecute";-3,636;-1,67;13,436
"pers";4,402;-1,67;-1,191
"perpetual";0,009;-1,67;1,657
"permutation";4,402;-1,67;-1,191
"periodically";1,203;-0,038;-1,191
"penniless";-3,636;9,586;-1,191
"pendulum";1,203;-1,67;0,01
"pel";-3,636;3,996;0,01
"peanut";4,402;-1,67;-1,191
"pbms";4,402;-1,67;-1,191
"patton";-2,727;7,189;-0,893
"paste";4,402;-1,67;-1,191
"passivity";4,402;-1,67;-1,191
"passenger";3,301;-1,252;-0,893
"passage";-0,82;-1,67;6,132
"parliamentary";-3,636;-1,67;13,436
"parliamentarian";-3,636;-1,67;13,436
"parker";1,203;-0,038;-1,191
"paragraph";1,203;-1,67;0,01
"parabolic";4,402;-1,67;-1,191
"panama";-3,636;-1,67;13,436
"palestinian";-3,636;-0,038;6,132
"palate";4,402;-1,67;-1,191
"pakistani";-3,636;-1,67;13,436
"painting";-2,727;2,001;0,183
"paga";-0,82;0,814;0,01
"pa";0,437;0,022;-0,893
"overwrite";3,301;-1,252;-0,893
"overtly";-3,636;3,996;0,01
"oversighted";0,009;-0,038;0,01
"overreach";-0,82;-1,67;6,132
"overplay";-3,636;-1,67;13,436
"overindex";-3,636;9,586;-1,191
"overdrive";-0,245;0,022;0,183
"overdraft";4,402;-1,67;-1,191
"overconfidence";-3,636;9,586;-1,191
"outskirt";-0,82;0,814;0,01
"outsized";1,203;-0,038;-1,191
"outs";4,402;-1,67;-1,191
"outrage";-0,82;-0,038;1,657
"outlaw";0,009;-1,67;1,657
"ounce";1,203;-1,67;0,01
"originate";-3,636;-0,038;6,132
"ordinarily";-0,82;0,814;0,01
"oral";1,203;-0,038;-1,191
"oppressive";-0,82;0,814;0,01
"opioids";-3,636;-1,67;13,436
"operationally";4,402;-1,67;-1,191
"onshoring";4,402;-1,67;-1,191
"omen";-3,636;9,586;-1,191
"omaha";4,402;-1,67;-1,191
"octopus";-3,636;-0,038;6,132
"obsolete";4,402;-1,67;-1,191
"observer";0,009;-1,67;1,657
"o2";4,402;-1,67;-1,191
"null";3,301;-1,252;-0,893
"npcs";-3,636;9,586;-1,191
"notoriously";4,402;-1,67;-1,191
"notorious";-0,82;-0,038;1,657
"notably";0,009;-1,67;1,657
"nominate";-3,636;3,996;0,01
"nickname";-3,636;-1,67;13,436
"nicely";0,009;0,814;-1,191
"newly";-0,82;-0,038;1,657
"netanyahu";-3,636;0,814;1,657
"nell";4,402;-1,67;-1,191
"nebraska";0,009;-0,038;0,01
"nationally";1,203;-0,038;-1,191
"nascent";4,402;-1,67;-1,191
"mythology";-3,636;0,814;1,657
"mp3";4,402;-1,67;-1,191
"motivator";1,203;-0,038;-1,191
"monthly";-0,82;-0,038;1,657
"monolithic";-3,636;3,996;0,01
"monk";0,437;-1,252;0,183
"monastery";-3,636;9,586;-1,191
"molton";-2,727;0,022;3,244
"mole";-0,245;-1,252;3,244
"modality";4,402;-1,67;-1,191
"mjo";3,301;-1,252;-0,893
"misuse";-3,636;-1,67;13,436
"misery";0,009;-1,67;1,657
"mindful";1,203;-1,67;0,01
"mimemetic";-3,636;-0,038;6,132
"milin";-0,82;0,814;0,01
"mig";0,437;0,022;-0,893
"microeconomics";-3,636;-1,67;13,436
"metro";-0,82;0,814;0,01
"mercantalist";-0,82;-1,67;6,132
"mega";4,402;-1,67;-1,191
"mediterranean";-3,636;9,586;-1,191
"medieval";-3,636;0,814;1,657
"meantime";-0,82;3,996;-1,191
"mcconnell";-3,636;-1,67;13,436
"mbas";4,402;-1,67;-1,191
"maximal";1,203;-1,67;0,01
"mattis";0,009;-0,038;0,01
"mate";-0,245;2,001;-0,893
"mat";4,402;-1,67;-1,191
"mason";-3,636;9,586;-1,191
"maslow";-3,636;-0,038;6,132
"marshall";-3,636;9,586;-1,191
"mantra";-3,636;-0,038;6,132
"mantle";-3,636;9,586;-1,191
"maneuverable";4,402;-1,67;-1,191
"manageable";4,402;-1,67;-1,191
"malware";4,402;-1,67;-1,191
"malleable";3,301;-1,252;-0,893
"makeup";-0,82;3,996;-1,191
"magnet";0,437;-1,252;0,183
"magically";1,203;-0,038;-1,191
"mack";-2,727;2,001;0,183
"lucrative";-0,82;0,814;0,01
"lowry";-0,82;3,996;-1,191
"longtime";-3,636;9,586;-1,191
"lob";4,402;-1,67;-1,191
"literacy";-0,82;0,814;0,01
"liquor";0,009;-0,038;0,01
"lip";-0,82;3,996;-1,191
"linkage";3,301;-1,252;-0,893
"lifelong";-0,82;-1,67;6,132
"libya";-3,636;-1,67;13,436
"libertarianism";-2,727;-1,252;10,077
"liberation";-3,636;-0,038;6,132
"lgbt";-2,727;0,022;3,244
"letites";-3,636;-1,67;13,436
"leon";1,203;-0,038;-1,191
"lemon";-3,636;9,586;-1,191
"legendary";-0,82;0,814;0,01
"lefty";-2,727;0,022;3,244
"leftie";-3,636;-1,67;13,436
"ledger";4,402;-1,67;-1,191
"leaf";4,402;-1,67;-1,191
"launchpad";4,402;-1,67;-1,191
"latino";-3,636;-1,67;13,436
"lasic";4,402;-1,67;-1,191
"lale";-3,636;9,586;-1,191
"lag";0,437;-1,252;0,183
"knowledgeable";-3,636;-0,038;6,132
"km";3,301;-1,252;-0,893
"kindness";-3,636;0,814;1,657
"kgb";-3,636;-1,67;13,436
"keynote";0,009;-1,67;1,657
"kerry";-0,82;-0,038;1,657
"kendi";-3,636;3,996;0,01
"keith";0,009;-0,038;0,01
"karma";-3,636;9,586;-1,191
"kansas";-3,636;0,814;1,657
"k12";4,402;-1,67;-1,191
"justin";-3,636;9,586;-1,191
"judgmental";1,203;-0,038;-1,191
"joel";0,009;-0,038;0,01
"ivan";0,437;-1,252;0,183
"issuance";4,402;-1,67;-1,191
"isolation";1,203;-0,038;-1,191
"iphones";4,402;-1,67;-1,191
"ipa";-0,245;0,022;0,183
"involvement";1,203;-0,038;-1,191
"invol";-3,636;-0,038;6,132
"investigator";-2,727;2,001;0,183
"investigative";-3,636;3,996;0,01
"invaluable";4,402;-1,67;-1,191
"intractable";4,402;-1,67;-1,191
"intolerance";0,009;-0,038;0,01
"intersectionality";-3,636;-0,038;6,132
"interplanetary";-0,82;3,996;-1,191
"internalize";1,203;-0,038;-1,191
"interior";-0,82;0,814;0,01
"intelligently";4,402;-1,67;-1,191
"insult";0,009;-0,038;0,01
"institutionalize";-3,636;0,814;1,657
"instill";0,009;-0,038;0,01
"instantiate";4,402;-1,67;-1,191
"instantaneously";1,203;-1,67;0,01
"instal";0,437;0,022;-0,893
"inspector";0,009;-1,67;1,657
"inquire";0,009;0,814;-1,191
"innocuous";-3,636;-1,67;13,436
"inning";1,203;-0,038;-1,191
"inhabit";-0,82;3,996;-1,191
"info";4,402;-1,67;-1,191
"influx";-3,636;-0,038;6,132
"indoctrinate";0,437;0,022;-0,893
"incubator";-3,636;0,814;1,657
"incompetence";-3,636;-0,038;6,132
"incept";1,203;-0,038;-1,191
"incent";-0,82;0,814;0,01
"inaudible";3,301;-1,252;-0,893
"inappropriately";1,203;-1,67;0,01
"imprecise";4,402;-1,67;-1,191
"implode";0,009;0,814;-1,191
"imperative";-0,82;0,814;0,01
"impart";-0,82;0,814;0,01
"ignorant";-3,636;-1,67;13,436
"ieds";4,402;-1,67;-1,191
"ied";-0,245;0,022;0,183
"ideologue";-3,636;-0,038;6,132
"hypocrisy";-3,636;0,814;1,657
"hyperscala";3,301;-1,252;-0,893
"hydrocarbon";3,301;-1,252;-0,893
"hut";4,402;-1,67;-1,191
"hussein";-3,636;3,996;0,01
"hush";-2,727;2,001;0,183
"hungary";-3,636;9,586;-1,191
"hugo";-3,636;-1,67;13,436
"huddle";-0,82;3,996;-1,191
"horror";-3,636;0,814;1,657
"horribly";-0,82;-1,67;6,132
"horizontally";4,402;-1,67;-1,191
"hopkins";-0,82;3,996;-1,191
"hopeless";-3,636;3,996;0,01
"homeward";4,402;-1,67;-1,191
"hometown";-3,636;9,586;-1,191
"homeland";-0,82;-1,67;6,132
"holland";4,402;-1,67;-1,191
"hindi";-2,727;7,189;-0,893
"heuristic";1,203;-1,67;0,01
"hesitant";-3,636;-0,038;6,132
"hemisphere";-3,636;3,996;0,01
"heartbroken";-3,636;9,586;-1,191
"headwind";-0,245;-1,252;3,244
"haul";-0,82;0,814;0,01
"harper";-3,636;9,586;-1,191
"harmony";-0,82;-1,67;6,132
"hardcoded";4,402;-1,67;-1,191
"happily";4,402;-1,67;-1,191
"handicap";-0,82;0,814;0,01
"hallmark";-0,82;-0,038;1,657
"haiti";-3,636;-1,67;13,436
"guantanamo";-3,636;-1,67;13,436
"gt";-0,245;2,001;-0,893
"grove";-0,245;2,001;-0,893
"gritty";4,402;-1,67;-1,191
"greg";-3,636;3,996;0,01
"gratify";-3,636;9,586;-1,191
"grass";1,203;-0,038;-1,191
"granddaughter";0,437;0,022;-0,893
"grain";-0,82;0,814;0,01
"gracious";-0,82;-0,038;1,657
"gpt1";4,402;-1,67;-1,191
"gom";-0,245;0,022;0,183
"godlike";4,402;-1,67;-1,191
"glenn";-2,727;0,022;3,244
"geothermal";3,301;-1,252;-0,893
"gel";-0,245;2,001;-0,893
"geez";0,009;0,814;-1,191
"gdc";3,301;-1,252;-0,893
"gamble";-3,636;-1,67;13,436
"gal";-0,82;-0,038;1,657
"furniture";-3,636;9,586;-1,191
"fullness";4,402;-1,67;-1,191
"fridge";3,301;-1,252;-0,893
"freshw";4,402;-1,67;-1,191
"fremont";-3,636;0,814;1,657
"freeman";-3,636;3,996;0,01
"frankfurt";-3,636;9,586;-1,191
"fragmentation";4,402;-1,67;-1,191
"fracture";4,402;-1,67;-1,191
"fountain";-3,636;9,586;-1,191
"foundry";4,402;-1,67;-1,191
"fork";-0,245;0,022;0,183
"foe";-2,727;0,022;3,244
"flutter";0,437;0,022;-0,893
"flower";1,203;-1,67;0,01
"florida_s";-3,636;9,586;-1,191
"finding";-0,82;-1,67;6,132
"filibuster";-3,636;-1,67;13,436
"fig";4,402;-1,67;-1,191
"fifteen";0,009;0,814;-1,191
"fetch";-0,82;3,996;-1,191
"fertilizer";4,402;-1,67;-1,191
"fearful";-3,636;3,996;0,01
"fatigue";0,437;0,022;-0,893
"fantastically";4,402;-1,67;-1,191
"fanatic";1,203;-1,67;0,01
"fab";0,009;0,814;-1,191
"ey";-0,82;-1,67;6,132
"exportation";0,009;-1,67;1,657
"exploration";-2,727;2,001;0,183
"explicit";1,203;-1,67;0,01
"experiential";4,402;-1,67;-1,191
"expansionary";4,402;-1,67;-1,191
"exemplify";-3,636;-0,038;6,132
"excessive";-3,636;-1,67;13,436
"ew";4,402;-1,67;-1,191
"ethereum";1,203;-0,038;-1,191
"escapable";-3,636;-1,67;13,436
"escalate";0,009;-1,67;1,657
"ers";-0,82;-1,67;6,132
"eradicate";4,402;-1,67;-1,191
"epidemic";-3,636;-0,038;6,132
"epictetus";-3,636;9,586;-1,191
"eo";1,203;-1,67;0,01
"entrepreneurialism";-3,636;3,996;0,01
"entrance";1,203;-0,038;-1,191
"entirety";-0,82;-1,67;6,132
"enroll";0,437;0,022;-0,893
"energetic";0,009;-0,038;0,01
"encryption";0,009;-0,038;0,01
"encouragement";-3,636;-0,038;6,132
"empress";4,402;-1,67;-1,191
"emphasis";1,203;-1,67;0,01
"emit";3,301;-1,252;-0,893
"elod";-0,82;0,814;0,01
"eli";-0,82;3,996;-1,191
"elevation";3,301;-1,252;-0,893
"electronically";4,402;-1,67;-1,191
"electoral";-3,636;-1,67;13,436
"elderly";4,402;-1,67;-1,191
"elaborate";-0,82;3,996;-1,191
"eis";0,437;0,022;-0,893
"ebola";-0,245;-1,252;3,244
"earner";-0,82;-0,038;1,657
"eac";0,009;-1,67;1,657
"dynamite";3,301;-1,252;-0,893
"dwell";-3,636;9,586;-1,191
"dung";0,009;-1,67;1,657
"dropout";-3,636;3,996;0,01
"drinker";-0,82;3,996;-1,191
"dragon";-2,727;7,189;-0,893
"downsize";0,437;0,022;-0,893
"doorstep";-0,82;-0,038;1,657
"doodle";0,437;0,022;-0,893
"dolly";4,402;-1,67;-1,191
"dogmatic";-3,636;-1,67;13,436
"doar";4,402;-1,67;-1,191
"dj";4,402;-1,67;-1,191
"diversification";4,402;-1,67;-1,191
"diverge";4,402;-1,67;-1,191
"disunion";-0,82;-1,67;6,132
"dissatisfy";-0,82;0,814;0,01
"disruptors";0,009;-1,67;1,657
"dispute";-3,636;-1,67;13,436
"disposable";4,402;-1,67;-1,191
"disparate";1,203;-1,67;0,01
"dishearten";-3,636;-0,038;6,132
"disability";-0,82;3,996;-1,191
"dime";0,009;-0,038;0,01
"diller";-0,82;3,996;-1,191
"diligent";1,203;-0,038;-1,191
"differential";3,301;-1,252;-0,893
"dictatorship";-0,82;-1,67;6,132
"di";1,203;-1,67;0,01
"devote";-3,636;0,814;1,657
"devil";-3,636;0,814;1,657
"devalue";-0,82;-0,038;1,657
"deterrent";1,203;-1,67;0,01
"deterrence";-3,636;-0,038;6,132
"determinant";4,402;-1,67;-1,191
"despotism";-3,636;-1,67;13,436
"desirable";-3,636;0,814;1,657
"descend";-0,82;3,996;-1,191
"depredation";-3,636;-1,67;13,436
"deposit";0,437;-1,252;0,183
"denominate";4,402;-1,67;-1,191
"delusional";0,437;0,022;-0,893
"delicious";0,437;0,022;-0,893
"delic";-0,82;3,996;-1,191
"deli";-0,82;3,996;-1,191
"delegation";-0,82;-1,67;6,132
"degeneration";-3,636;-0,038;6,132
"defund";-3,636;-1,67;13,436
"deem";-0,82;-0,038;1,657
"decree";0,437;-1,252;0,183
"decrease";4,402;-1,67;-1,191
"decouple";0,009;-1,67;1,657
"debatable";-0,245;-1,252;3,244
"dealership";4,402;-1,67;-1,191
"dea";-3,636;-1,67;13,436
"dash";4,402;-1,67;-1,191
"darn";4,402;-1,67;-1,191
"dang";-0,82;-0,038;1,657
"dampen";4,402;-1,67;-1,191
"curtain";-2,727;-1,252;10,077
"curtail";-0,82;-0,038;1,657
"crystallize";-3,636;3,996;0,01
"cryptography";-0,82;3,996;-1,191
"crow";0,009;0,814;-1,191
"credible";4,402;-1,67;-1,191
"creatively";0,009;0,814;-1,191
"cp";-2,727;7,189;-0,893
"counterproductive";-3,636;-1,67;13,436
"copilot";4,402;-1,67;-1,191
"convolutional";4,402;-1,67;-1,191
"converge";-0,82;-1,67;6,132
"continuously";1,203;-1,67;0,01
"continuation";4,402;-1,67;-1,191
"constructive";-3,636;0,814;1,657
"constellation";1,203;-1,67;0,01
"consist";-0,82;-1,67;6,132
"conscientious";-0,245;0,022;0,183
"connecticut";-3,636;-0,038;6,132
"conjunction";1,203;-1,67;0,01
"confirmation";0,009;-1,67;1,657
"confine";0,009;-1,67;1,657
"configurators";4,402;-1,67;-1,191
"conceptualize";-3,636;3,996;0,01
"conac";-3,636;9,586;-1,191
"comprehensive";1,203;-0,038;-1,191
"complication";3,301;-1,252;-0,893
"complacent";-0,82;0,814;0,01
"compensate";-3,636;9,586;-1,191
"compactor";4,402;-1,67;-1,191
"commoditized";4,402;-1,67;-1,191
"commencement";-2,727;7,189;-0,893
"cominging";1,203;-0,038;-1,191
"columnist";-2,727;7,189;-0,893
"collaborative";4,402;-1,67;-1,191
"cola";-3,636;-1,67;13,436
"coherent";-3,636;-0,038;6,132
"cognizant";4,402;-1,67;-1,191
"coddle";-3,636;-0,038;6,132
"coca";-3,636;-1,67;13,436
"coaster";0,437;0,022;-0,893
"cleveland";-0,82;3,996;-1,191
"clearance";1,203;-1,67;0,01
"cios";0,009;0,814;-1,191
"chord";0,009;-1,67;1,657
"chin";-3,636;-1,67;13,436
"chime";4,402;-1,67;-1,191
"chef";-0,82;0,814;0,01
"checkup";-0,245;-1,252;3,244
"charitable";1,203;-1,67;0,01
"characterize";-0,82;-0,038;1,657
"chaotic";-3,636;3,996;0,01
"chan";1,203;-1,67;0,01
"cfa";0,437;-1,252;0,183
"ceranic";1,203;-0,038;-1,191
"cement";0,437;-1,252;0,183
"cease";-3,636;-1,67;13,436
"catholicism";-3,636;9,586;-1,191
"caterpillar";4,402;-1,67;-1,191
"catalog";-3,636;9,586;-1,191
"carrie";-0,245;2,001;-0,893
"cardiovascular";4,402;-1,67;-1,191
"cardio";4,402;-1,67;-1,191
"capitalize";4,402;-1,67;-1,191
"capitalistic";-0,82;0,814;0,01
"capex";3,301;-1,252;-0,893
"cambridge";-3,636;9,586;-1,191
"camala";-3,636;-1,67;13,436
"calm";-3,636;0,814;1,657
"calendar";-0,82;-0,038;1,657
"caddie";-2,727;7,189;-0,893
"cabal";-3,636;-1,67;13,436
"cab";0,009;0,814;-1,191
"byproduct";-3,636;-0,038;6,132
"buyout";4,402;-1,67;-1,191
"butcher";-3,636;-0,038;6,132
"buffett";-3,636;9,586;-1,191
"brussels";-0,82;-1,67;6,132
"brook";-3,636;9,586;-1,191
"bronx";-3,636;3,996;0,01
"broadway";-0,82;0,814;0,01
"brittle";0,009;-0,038;0,01
"brew";0,437;0,022;-0,893
"brake";3,301;-1,252;-0,893
"brainstorm";-0,82;3,996;-1,191
"bookstore";0,009;0,814;-1,191
"booby";-2,727;-1,252;10,077
"bombard";-3,636;9,586;-1,191
"bolton";-0,82;0,814;0,01
"boldness";-3,636;-0,038;6,132
"boldly";-3,636;-0,038;6,132
"blueprint";4,402;-1,67;-1,191
"blanc";-0,245;2,001;-0,893
"bioweapons";4,402;-1,67;-1,191
"biotechnology";4,402;-1,67;-1,191
"biomedical";1,203;-0,038;-1,191
"biom";4,402;-1,67;-1,191
"bioinformatics";-0,82;3,996;-1,191
"biblical";-0,82;-0,038;1,657
"berlin";-3,636;3,996;0,01
"beneficiary";1,203;-1,67;0,01
"beneath";4,402;-1,67;-1,191
"behemoth";4,402;-1,67;-1,191
"bedside";-0,82;3,996;-1,191
"bearish";-0,82;-0,038;1,657
"beacon";-3,636;9,586;-1,191
"basket";4,402;-1,67;-1,191
"bash";-3,636;-0,038;6,132
"baron";-3,636;9,586;-1,191
"barbecue";0,437;0,022;-0,893
"banner";-3,636;-1,67;13,436
"bangalore";-0,82;0,814;0,01
"bang";-3,636;9,586;-1,191
"baldwin";-3,636;9,586;-1,191
"baker";-0,82;0,814;0,01
"babysit";4,402;-1,67;-1,191
"azure";4,402;-1,67;-1,191
"av";0,009;-0,038;0,01
"autopilot";4,402;-1,67;-1,191
"autism";-0,82;3,996;-1,191
"australian";0,009;-0,038;0,01
"aunt";-0,82;-0,038;1,657
"atkins";-2,727;0,022;3,244
"asynchronous";4,402;-1,67;-1,191
"asymptote";4,402;-1,67;-1,191
"astonish";-3,636;3,996;0,01
"assurance";0,009;0,814;-1,191
"asimov";-0,82;3,996;-1,191
"ascendant";-0,82;-0,038;1,657
"asap";-3,636;9,586;-1,191
"arby";4,402;-1,67;-1,191
"arbitrary";-0,82;-0,038;1,657
"arbiter";-0,82;-0,038;1,657
"appreciative";-3,636;-0,038;6,132
"appointee";-3,636;-0,038;6,132
"appearance";0,009;-1,67;1,657
"apparel";0,437;0,022;-0,893
"aperture";-3,636;3,996;0,01
"antipathy";0,009;-0,038;0,01
"antibody";1,203;-1,67;0,01
"antibacterial";4,402;-1,67;-1,191
"animate";-0,245;2,001;-0,893
"anheiser";-3,636;9,586;-1,191
"androl";4,402;-1,67;-1,191
"andreon";-3,636;3,996;0,01
"amenity";-2,727;0,022;3,244
"altman";1,203;-0,038;-1,191
"alj";0,437;0,022;-0,893
"alienate";-3,636;-1,67;13,436
"alice";0,437;0,022;-0,893
"airframe";4,402;-1,67;-1,191
"aggression";-0,82;-0,038;1,657
"agentic";4,402;-1,67;-1,191
"aftermath";4,402;-1,67;-1,191
"aftermarket";4,402;-1,67;-1,191
"africans";-0,82;3,996;-1,191
"affordably";4,402;-1,67;-1,191
"affluent";-3,636;3,996;0,01
"aet";-3,636;-1,67;13,436
"advertiser";-0,245;-1,252;3,244
"advertisement";-3,636;3,996;0,01
"adverse";4,402;-1,67;-1,191
"adversarial";0,009;-1,67;1,657
"admiration";-0,82;0,814;0,01
"admin";-3,636;3,996;0,01
"addictive";1,203;-0,038;-1,191
"acute";-0,82;-1,67;6,132
"actton";-0,245;0,022;0,183
"activation";4,402;-1,67;-1,191
"acronym";0,009;-0,038;0,01
"accelerationism";-0,245;-1,252;3,244
"abhorrent";-0,82;0,814;0,01
"abandon";-0,82;-0,038;1,657
"aai";4,402;-1,67;-1,191
"501c3";-3,636;3,996;0,01
"401k";-0,245;-1,252;3,244
"30th";-0,82;3,996;-1,191
"2020s";0,009;-1,67;1,657
"12th";-0,245;2,001;-0,893
"zuck";-0,245;2,001;-0,893
"zoe";-2,727;7,189;-0,893
"zielinski";-2,727;0,022;3,244
"yoga";0,437;-1,252;0,183
"yemen";-0,245;-1,252;3,244
"yellen";0,437;-1,252;0,183
"yel";-0,245;0,022;0,183
"xyz";-2,727;-1,252;10,077
"xan";-2,727;-1,252;10,077
"wy";-0,245;2,001;-0,893
"wright";-2,727;7,189;-0,893
"wound";-0,245;2,001;-0,893
"workingclass";-2,727;0,022;3,244
"wonky";-2,727;0,022;3,244
"wokes";-2,727;-1,252;10,077
"wmds";-2,727;-1,252;10,077
"wizard";3,301;-1,252;-0,893
"wishy";0,437;-1,252;0,183
"wisely";-0,245;0,022;0,183
"windbreaker";-2,727;-1,252;10,077
"winchester";0,437;-1,252;0,183
"wilson";-2,727;-1,252;10,077
"whiteness";-2,727;2,001;0,183
"wherewithal";3,301;-1,252;-0,893
"wh";0,437;-1,252;0,183
"wet";3,301;-1,252;-0,893
"wes";-0,245;2,001;-0,893
"wern";3,301;-1,252;-0,893
"wendy";-2,727;0,022;3,244
"wellestablished";-0,245;-1,252;3,244
"welder";3,301;-1,252;-0,893
"wedlock";-2,727;7,189;-0,893
"weatherall";-2,727;7,189;-0,893
"weaponization";-0,245;-1,252;3,244
"weakly";-2,727;-1,252;10,077
"wax";-2,727;2,001;0,183
"wasp";-0,245;2,001;-0,893
"washy";0,437;-1,252;0,183
"warning";-2,727;0,022;3,244
"walker";-2,727;7,189;-0,893
"waiver";-2,727;0,022;3,244
"wagner";-2,727;-1,252;10,077
"wade";-2,727;2,001;0,183
"vox";-2,727;-1,252;10,077
"voluntary";0,437;-1,252;0,183
"vocal";-2,727;-1,252;10,077
"vienna";-2,727;7,189;-0,893
"victor";-2,727;2,001;0,183
"vicious";-0,245;2,001;-0,893
"venue";-0,245;2,001;-0,893
"vend";-0,245;-1,252;3,244
"vein";-0,245;0,022;0,183
"vehemently";-2,727;0,022;3,244
"vault";0,437;0,022;-0,893
"varsity";-0,245;2,001;-0,893
"vance";-2,727;-1,252;10,077
"vague";0,437;-1,252;0,183
"va";-0,245;0,022;0,183
"ux";3,301;-1,252;-0,893
"utterly";3,301;-1,252;-0,893
"usurp";3,301;-1,252;-0,893
"usad";-0,245;-1,252;3,244
"uptime";0,437;0,022;-0,893
"upfit";3,301;-1,252;-0,893
"unsure";0,437;0,022;-0,893
"unsuccessful";-2,727;0,022;3,244
"unsolvable";-0,245;2,001;-0,893
"unsheltered";-2,727;-1,252;10,077
"unreasonable";0,437;0,022;-0,893
"unrealized";-2,727;-1,252;10,077
"unprofitable";3,301;-1,252;-0,893
"unprepared";3,301;-1,252;-0,893
"unorthodox";-2,727;7,189;-0,893
"unimportant";-0,245;0,022;0,183
"uneven";0,437;0,022;-0,893
"unethical";-0,245;0,022;0,183
"uneducated";-2,727;7,189;-0,893
"underwrite";0,437;-1,252;0,183
"underutilized";0,437;-1,252;0,183
"underrate";-2,727;7,189;-0,893
"underclass";-2,727;0,022;3,244
"underbelly";-0,245;0,022;0,183
"uncrewed";3,301;-1,252;-0,893
"unconstrained";3,301;-1,252;-0,893
"unconstitutional";-2,727;-1,252;10,077
"uncompetitive";-0,245;-1,252;3,244
"ultraviolet";3,301;-1,252;-0,893
"uhx";0,437;0,022;-0,893
"uas";-0,245;-1,252;3,244
"twothirds";-2,727;0,022;3,244
"twelve";3,301;-1,252;-0,893
"tutorial";0,437;-1,252;0,183
"trundle";0,437;0,022;-0,893
"trudeau";-2,727;0,022;3,244
"tribulation";3,301;-1,252;-0,893
"triage";-2,727;7,189;-0,893
"transit";-0,245;0,022;0,183
"transient";3,301;-1,252;-0,893
"transgender";-2,727;7,189;-0,893
"transferable";-0,245;2,001;-0,893
"trainer";0,437;0,022;-0,893
"trafficker";-0,245;-1,252;3,244
"tournament";-2,727;2,001;0,183
"toughness";-2,727;-1,252;10,077
"totem";0,437;0,022;-0,893
"todd";-2,727;2,001;0,183
"tod";-0,245;0,022;0,183
"toast";0,437;-1,252;0,183
"tnt";3,301;-1,252;-0,893
"tl";-2,727;7,189;-0,893
"tin";-0,245;2,001;-0,893
"timeless";-2,727;7,189;-0,893
"tibet";-2,727;-1,252;10,077
"thunderbird";0,437;0,022;-0,893
"throughput";0,437;-1,252;0,183
"thorn";-0,245;0,022;0,183
"thorin";-2,727;7,189;-0,893
"thin";-0,245;2,001;-0,893
"thermostat";0,437;0,022;-0,893
"ther";3,301;-1,252;-0,893
"theological";-2,727;-1,252;10,077
"theologia";-2,727;7,189;-0,893
"theft";-2,727;-1,252;10,077
"theatrical";3,301;-1,252;-0,893
"texting";-0,245;0,022;0,183
"tex";0,437;0,022;-0,893
"testimony";-2,727;0,022;3,244
"ter";3,301;-1,252;-0,893
"tedros";-2,727;2,001;0,183
"taxation";-2,727;0,022;3,244
"tampa";-0,245;-1,252;3,244
"tal";0,437;0,022;-0,893
"sympathy";-0,245;0,022;0,183
"swoop";-0,245;2,001;-0,893
"sweat";0,437;-1,252;0,183
"sway";-2,727;-1,252;10,077
"surveil";-0,245;0,022;0,183
"suppression";-0,245;-1,252;3,244
"supervision";-0,245;-1,252;3,244
"superstition";-2,727;0,022;3,244
"superlabs";-0,245;2,001;-0,893
"sunny";-0,245;0,022;0,183
"suburban";0,437;0,022;-0,893
"subtract";0,437;0,022;-0,893
"substantive";0,437;-1,252;0,183
"substack";3,301;-1,252;-0,893
"subsistence";-2,727;7,189;-0,893
"stylistically";3,301;-1,252;-0,893
"stud";-2,727;7,189;-0,893
"striker";3,301;-1,252;-0,893
"strengthen";-2,727;-1,252;10,077
"straw";-0,245;0,022;0,183
"strangle";3,301;-1,252;-0,893
"strand";-2,727;2,001;0,183
"strahan";-2,727;7,189;-0,893
"storyteller";3,301;-1,252;-0,893
"stockholder";0,437;-1,252;0,183
"stochastic";3,301;-1,252;-0,893
"stitch";0,437;0,022;-0,893
"stint";-0,245;0,022;0,183
"stimulate";-0,245;2,001;-0,893
"sticker";-0,245;0,022;0,183
"stew";-2,727;-1,252;10,077
"stephen";-0,245;2,001;-0,893
"steam";3,301;-1,252;-0,893
"steak";-0,245;2,001;-0,893
"statin";3,301;-1,252;-0,893
"stagger";-0,245;0,022;0,183
"stab";-0,245;-1,252;3,244
"sri";-2,727;7,189;-0,893
"squint";0,437;-1,252;0,183
"squash";-2,727;2,001;0,183
"spear";-0,245;2,001;-0,893
"sparse";3,301;-1,252;-0,893
"spaceship";0,437;0,022;-0,893
"solver";-2,727;2,001;0,183
"solidarity";-2,727;0,022;3,244
"solarcity";0,437;0,022;-0,893
"softbank";3,301;-1,252;-0,893
"societ";0,437;-1,252;0,183
"socialization";-2,727;7,189;-0,893
"soak";3,301;-1,252;-0,893
"snuff";-2,727;-1,252;10,077
"snippet";3,301;-1,252;-0,893
"sniper";0,437;-1,252;0,183
"snb";3,301;-1,252;-0,893
"snake";0,437;-1,252;0,183
"snail";-2,727;-1,252;10,077
"sml";3,301;-1,252;-0,893
"slogan";-2,727;2,001;0,183
"sliver";0,437;0,022;-0,893
"sling";0,437;0,022;-0,893
"sl";-2,727;2,001;0,183
"skepticism";3,301;-1,252;-0,893
"skeptic";0,437;-1,252;0,183
"skeleton";0,437;0,022;-0,893
"simplistic";-2,727;2,001;0,183
"simplicity";3,301;-1,252;-0,893
"silo";3,301;-1,252;-0,893
"sila";-0,245;2,001;-0,893
"signup";3,301;-1,252;-0,893
"sierra";-2,727;0,022;3,244
"sidekick";3,301;-1,252;-0,893
"shu";0,437;-1,252;0,183
"shooting";-0,245;-1,252;3,244
"shipper";3,301;-1,252;-0,893
"shatter";-2,727;2,001;0,183
"shallow";3,301;-1,252;-0,893
"severance";0,437;0,022;-0,893
"sesame";-0,245;-1,252;3,244
"sermon";-2,727;7,189;-0,893
"sequestration";3,301;-1,252;-0,893
"sensitivity";-0,245;2,001;-0,893
"sen";-0,245;2,001;-0,893
"semantic";0,437;-1,252;0,183
"selfishly";-2,727;2,001;0,183
"selectively";0,437;0,022;-0,893
"seep";-0,245;0,022;0,183
"secretive";0,437;-1,252;0,183
"seamlessly";3,301;-1,252;-0,893
"scriven";-2,727;7,189;-0,893
"screwdriver";3,301;-1,252;-0,893
"scholarly";-0,245;2,001;-0,893
"scarce";0,437;0,022;-0,893
"scandalously";3,301;-1,252;-0,893
"scalp";-2,727;2,001;0,183
"scaffold";0,437;0,022;-0,893
"saudis";-2,727;0,022;3,244
"sar";3,301;-1,252;-0,893
"sapiens";3,301;-1,252;-0,893
"santis";-2,727;-1,252;10,077
"sanate";-2,727;-1,252;10,077
"salvation";0,437;0,022;-0,893
"salient";-2,727;2,001;0,183
"salience";0,437;-1,252;0,183
"sal";-0,245;0,022;0,183
"saint";-2,727;2,001;0,183
"sadly";-0,245;0,022;0,183
"runway";0,437;-1,252;0,183
"rubinstein";-0,245;2,001;-0,893
"rover";-0,245;0,022;0,183
"rout";3,301;-1,252;-0,893
"roster";-0,245;2,001;-0,893
"rose";0,437;-1,252;0,183
"robo";0,437;0,022;-0,893
"roam";-2,727;0,022;3,244
"roach";0,437;0,022;-0,893
"ritual";-0,245;2,001;-0,893
"ripling";0,437;0,022;-0,893
"rigidity";-0,245;-1,252;3,244
"ridley";-2,727;7,189;-0,893
"ridiculously";0,437;0,022;-0,893
"riddle";-0,245;0,022;0,183
"ribbon";-0,245;2,001;-0,893
"rhythm";0,437;-1,252;0,183
"revolve";-0,245;-1,252;3,244
"revitalize";-0,245;0,022;0,183
"revision";3,301;-1,252;-0,893
"reversible";3,301;-1,252;-0,893
"reversal";-0,245;0,022;0,183
"reveal";-0,245;0,022;0,183
"reuters";3,301;-1,252;-0,893
"resurgence";-2,727;7,189;-0,893
"resumés";0,437;-1,252;0,183
"restroom";0,437;0,022;-0,893
"responsive";-0,245;0,022;0,183
"resort";-0,245;2,001;-0,893
"resign";-2,727;2,001;0,183
"reprehensible";3,301;-1,252;-0,893
"repo";3,301;-1,252;-0,893
"replenish";3,301;-1,252;-0,893
"repay";0,437;-1,252;0,183
"renovation";3,301;-1,252;-0,893
"renew";3,301;-1,252;-0,893
"reminder";-2,727;2,001;0,183
"relook";-0,245;-1,252;3,244
"religiosity";-2,727;7,189;-0,893
"reliant";3,301;-1,252;-0,893
"reind";-2,727;-1,252;10,077
"rehab";0,437;0,022;-0,893
"regressive";-2,727;2,001;0,183
"regenerative";3,301;-1,252;-0,893
"refute";3,301;-1,252;-0,893
"refundable";-0,245;-1,252;3,244
"reformer";-2,727;-1,252;10,077
"reemerge";0,437;-1,252;0,183
"reel";3,301;-1,252;-0,893
"redirect";-0,245;-1,252;3,244
"recipient";0,437;0,022;-0,893
"receptor";3,301;-1,252;-0,893
"reception";-2,727;0,022;3,244
"rec";-2,727;0,022;3,244
"realistically";-0,245;2,001;-0,893
"rationally";-0,245;0,022;0,183
"rationale";-0,245;-1,252;3,244
"rating";0,437;0,022;-0,893
"ratchet";-0,245;0,022;0,183
"ransomware";-0,245;-1,252;3,244
"ransom";-2,727;7,189;-0,893
"randomize";0,437;0,022;-0,893
"rais";-0,245;2,001;-0,893
"rag";3,301;-1,252;-0,893
"radius";3,301;-1,252;-0,893
"radioactive";0,437;0,022;-0,893
"rachel";-0,245;-1,252;3,244
"racer";3,301;-1,252;-0,893
"quibble";-2,727;7,189;-0,893
"query";3,301;-1,252;-0,893
"queer";-2,727;-1,252;10,077
"quandry";-2,727;0,022;3,244
"qual";3,301;-1,252;-0,893
"qu";3,301;-1,252;-0,893
"qaeda";-2,727;-1,252;10,077
"q4";3,301;-1,252;-0,893
"py";0,437;0,022;-0,893
"putnam";-2,727;7,189;-0,893
"purview";-0,245;0,022;0,183
"purport";-0,245;0,022;0,183
"purge";-2,727;2,001;0,183
"purcell";-2,727;7,189;-0,893
"punitive";-0,245;0,022;0,183
"pummel";0,437;-1,252;0,183
"psychotically";3,301;-1,252;-0,893
"provost";-0,245;2,001;-0,893
"protract";3,301;-1,252;-0,893
"protestant";-2,727;-1,252;10,077
"prospective";-0,245;2,001;-0,893
"prosecution";-0,245;-1,252;3,244
"proptech";3,301;-1,252;-0,893
"prong";-0,245;2,001;-0,893
"promilitary";-2,727;2,001;0,183
"projection";-0,245;-1,252;3,244
"professionalize";-0,245;-1,252;3,244
"problematizing";0,437;0,022;-0,893
"proactively";3,301;-1,252;-0,893
"primate";-0,245;-1,252;3,244
"preventive";0,437;0,022;-0,893
"prevalence";-2,727;7,189;-0,893
"pres";-0,245;2,001;-0,893
"preparatory";0,437;-1,252;0,183
"preoccupy";0,437;0,022;-0,893
"premier";-0,245;2,001;-0,893
"preliminary";3,301;-1,252;-0,893
"preferential";3,301;-1,252;-0,893
"pref";-0,245;2,001;-0,893
"predominantly";0,437;-1,252;0,183
"predictability";3,301;-1,252;-0,893
"predatory";-0,245;-1,252;3,244
"pred";-2,727;-1,252;10,077
"preconceive";-0,245;-1,252;3,244
"precipice";3,301;-1,252;-0,893
"precede";3,301;-1,252;-0,893
"preai";0,437;0,022;-0,893
"praise";-0,245;0,022;0,183
"powerhouse";0,437;0,022;-0,893
"pouch";-2,727;7,189;-0,893
"poster";-2,727;0,022;3,244
"poss";-2,727;7,189;-0,893
"porter";0,437;0,022;-0,893
"portable";3,301;-1,252;-0,893
"pornography";0,437;0,022;-0,893
"populational";3,301;-1,252;-0,893
"politic";-0,245;-1,252;3,244
"polar";-2,727;2,001;0,183
"podium";-2,727;0,022;3,244
"podcasts";-0,245;2,001;-0,893
"pledge";-0,245;0,022;0,183
"pleasurable";-0,245;2,001;-0,893
"pleasant";-2,727;2,001;0,183
"playstation";3,301;-1,252;-0,893
"plato";-2,727;7,189;-0,893
"plaque";-2,727;7,189;-0,893
"planner";0,437;0,022;-0,893
"plague";3,301;-1,252;-0,893
"pixar";-0,245;2,001;-0,893
"piecework";0,437;-1,252;0,183
"photography";-2,727;2,001;0,183
"philippines";0,437;-1,252;0,183
"pertain";-0,245;0,022;0,183
"persuasion";-2,727;0,022;3,244
"perseverance";-0,245;0,022;0,183
"perpetrate";-2,727;2,001;0,183
"permissive";-0,245;0,022;0,183
"permissionless";3,301;-1,252;-0,893
"periodic";3,301;-1,252;-0,893
"perez";-0,245;2,001;-0,893
"penalize";0,437;-1,252;0,183
"pdfs";3,301;-1,252;-0,893
"pcp";-0,245;2,001;-0,893
"paulson";-2,727;7,189;-0,893
"patronage";-0,245;0,022;0,183
"pathology";-0,245;-1,252;3,244
"paternal";-2,727;7,189;-0,893
"patel";-0,245;0,022;0,183
"partake";-0,245;-1,252;3,244
"paraphrase";-2,727;7,189;-0,893
"paradoxical";-2,727;2,001;0,183
"paradise";-2,727;2,001;0,183
"palin";-2,727;2,001;0,183
"pajama";-2,727;7,189;-0,893
"paddle";3,301;-1,252;-0,893
"packet";3,301;-1,252;-0,893
"pacemaker";3,301;-1,252;-0,893
"p2p";3,301;-1,252;-0,893
"oyster";-2,727;7,189;-0,893
"overton";-2,727;0,022;3,244
"overtake";-0,245;-1,252;3,244
"oversimplify";-0,245;-1,252;3,244
"overshoot";0,437;0,022;-0,893
"overrate";-2,727;7,189;-0,893
"overload";0,437;-1,252;0,183
"overdue";3,301;-1,252;-0,893
"outright";-2,727;0,022;3,244
"outpatient";0,437;-1,252;0,183
"outpace";3,301;-1,252;-0,893
"outlier";3,301;-1,252;-0,893
"outcry";-0,245;-1,252;3,244
"outcast";-0,245;0,022;0,183
"osama";-2,727;-1,252;10,077
"orthogonal";-0,245;2,001;-0,893
"ordinance";3,301;-1,252;-0,893
"orderly";-2,727;2,001;0,183
"orator";-2,727;7,189;-0,893
"optimum";0,437;-1,252;0,183
"oppositional";-0,245;2,001;-0,893
"oops";0,437;0,022;-0,893
"oo";0,437;0,022;-0,893
"onshore";3,301;-1,252;-0,893
"onion";-2,727;7,189;-0,893
"onehopewine";-2,727;7,189;-0,893
"onchain";0,437;0,022;-0,893
"olympic";-0,245;-1,252;3,244
"olympiad";0,437;0,022;-0,893
"oliver";-2,727;0,022;3,244
"oligopolies";0,437;-1,252;0,183
"offshoot";-0,245;0,022;0,183
"oems";3,301;-1,252;-0,893
"oddly";3,301;-1,252;-0,893
"occupation";-0,245;2,001;-0,893
"obscene";-0,245;0,022;0,183
"objectivity";-0,245;0,022;0,183
"objectively";-0,245;0,022;0,183
"obey";-2,727;2,001;0,183
"oakland";-2,727;7,189;-0,893
"nyu";-2,727;7,189;-0,893
"nutrient";3,301;-1,252;-0,893
"nursery";3,301;-1,252;-0,893
"ns";-0,245;0,022;0,183
"notwithstanding";-0,245;-1,252;3,244
"notification";0,437;0,022;-0,893
"northwestern";-0,245;2,001;-0,893
"northwest";-0,245;-1,252;3,244
"normandy";3,301;-1,252;-0,893
"normalization";0,437;-1,252;0,183
"noo";3,301;-1,252;-0,893
"nonetheless";-0,245;0,022;0,183
"noah";0,437;-1,252;0,183
"nimble";0,437;-1,252;0,183
"nigeria_s";-0,245;-1,252;3,244
"niece";-2,727;2,001;0,183
"nexus";0,437;0,022;-0,893
"nexjs";3,301;-1,252;-0,893
"newton";-2,727;7,189;-0,893
"newsroom";-2,727;2,001;0,183
"neverending";3,301;-1,252;-0,893
"neuralink";-2,727;7,189;-0,893
"nephew";-2,727;7,189;-0,893
"negligent";0,437;-1,252;0,183
"naysayer";-0,245;2,001;-0,893
"nationalize";-2,727;0,022;3,244
"nasa_s";0,437;0,022;-0,893
"nano";0,437;0,022;-0,893
"nanny";0,437;-1,252;0,183
"naively";-2,727;2,001;0,183
"nafta";-2,727;-1,252;10,077
"mutate";3,301;-1,252;-0,893
"murray";-2,727;7,189;-0,893
"multiplicity";-0,245;-1,252;3,244
"multiplayer";0,437;0,022;-0,893
"multinational";3,301;-1,252;-0,893
"mover";0,437;-1,252;0,183
"motel";-0,245;2,001;-0,893
"moss";-0,245;2,001;-0,893
"monopolistic";0,437;-1,252;0,183
"mold";-0,245;2,001;-0,893
"modulate";3,301;-1,252;-0,893
"moderna";0,437;0,022;-0,893
"moderately";-2,727;7,189;-0,893
"mls";-2,727;7,189;-0,893
"missionritical";0,437;-1,252;0,183
"misnomer";0,437;0,022;-0,893
"misguide";-0,245;0,022;0,183
"miserably";-0,245;0,022;0,183
"miserable";-2,727;2,001;0,183
"misconception";-0,245;-1,252;3,244
"misalignment";0,437;-1,252;0,183
"minut";0,437;-1,252;0,183
"minus";0,437;0,022;-0,893
"mimedic";-2,727;0,022;3,244
"militarize";0,437;-1,252;0,183
"milan";-2,727;2,001;0,183
"migrant";-2,727;-1,252;10,077
"midterm";-2,727;-1,252;10,077
"midst";-2,727;7,189;-0,893
"midjourney";0,437;0,022;-0,893
"meyer";-2,727;7,189;-0,893
"metabolic";3,301;-1,252;-0,893
"mesh";-0,245;2,001;-0,893
"merkel";-2,727;-1,252;10,077
"merchandise";3,301;-1,252;-0,893
"meltdown";3,301;-1,252;-0,893
"meetup";-2,727;2,001;0,183
"mediumsized";3,301;-1,252;-0,893
"meditative";0,437;0,022;-0,893
"medic";0,437;0,022;-0,893
"mech";-2,727;0,022;3,244
"meaningless";3,301;-1,252;-0,893
"mdma";3,301;-1,252;-0,893
"md";-0,245;2,001;-0,893
"mcraven";-2,727;2,001;0,183
"mcgrew";-0,245;2,001;-0,893
"mc";-0,245;2,001;-0,893
"maturity";0,437;0,022;-0,893
"matt_s";-2,727;7,189;-0,893
"mathematical";0,437;-1,252;0,183
"massacre";-0,245;-1,252;3,244
"markup";0,437;-1,252;0,183
"marge";3,301;-1,252;-0,893
"marathon";3,301;-1,252;-0,893
"manufacturable";3,301;-1,252;-0,893
"mansion";-0,245;-1,252;3,244
"manis";0,437;0,022;-0,893
"mammal";-0,245;0,022;0,183
"malthusian";3,301;-1,252;-0,893
"mallen";0,437;0,022;-0,893
"malicious";0,437;-1,252;0,183
"malaysia";-0,245;-1,252;3,244
"mak";0,437;0,022;-0,893
"mainland";-0,245;-1,252;3,244
"mainframe";3,301;-1,252;-0,893
"magnify";0,437;0,022;-0,893
"magnetic";3,301;-1,252;-0,893
"madura";-2,727;-1,252;10,077
"macronutrients";3,301;-1,252;-0,893
"mackey";-2,727;2,001;0,183
"lymphoma";3,301;-1,252;-0,893
"lung";-0,245;2,001;-0,893
"lunacy";-0,245;-1,252;3,244
"lump";-0,245;2,001;-0,893
"luman";-0,245;2,001;-0,893
"lowend";3,301;-1,252;-0,893
"lover";-0,245;0,022;0,183
"loudly";-2,727;0,022;3,244
"loneliness";3,301;-1,252;-0,893
"locality";-2,727;-1,252;10,077
"loader";3,301;-1,252;-0,893
"llama";3,301;-1,252;-0,893
"lizard";3,301;-1,252;-0,893
"livelihood";0,437;-1,252;0,183
"litmus";3,301;-1,252;-0,893
"litigate";0,437;-1,252;0,183
"lithuania";-2,727;2,001;0,183
"lites";-2,727;7,189;-0,893
"lit";-0,245;2,001;-0,893
"lisa";-2,727;0,022;3,244
"linux";0,437;0,022;-0,893
"lineage";-2,727;2,001;0,183
"linda";-2,727;0,022;3,244
"lifeblood";3,301;-1,252;-0,893
"liberalize";-0,245;-1,252;3,244
"lgbtq";-2,727;-1,252;10,077
"lexicon";0,437;-1,252;0,183
"lewis";-2,727;7,189;-0,893
"lesion";0,437;0,022;-0,893
"leonardo";0,437;0,022;-0,893
"lena";-2,727;2,001;0,183
"legislate";0,437;-1,252;0,183
"leech";-2,727;-1,252;10,077
"launder";0,437;-1,252;0,183
"latitude";0,437;0,022;-0,893
"latch";-0,245;2,001;-0,893
"lastly";0,437;-1,252;0,183
"lapse";-0,245;2,001;-0,893
"langley";3,301;-1,252;-0,893
"lamont";-0,245;2,001;-0,893
"lame";-0,245;0,022;0,183
"lama";0,437;0,022;-0,893
"lagos";-0,245;0,022;0,183
"kryptonite";3,301;-1,252;-0,893
"kpis";-2,727;2,001;0,183
"kovid";0,437;0,022;-0,893
"knowable";-0,245;-1,252;3,244
"knight";0,437;-1,252;0,183
"kn";0,437;0,022;-0,893
"kicker";0,437;0,022;-0,893
"ki";-2,727;2,001;0,183
"keystone";-2,727;-1,252;10,077
"kayak";3,301;-1,252;-0,893
"jurisdiction";0,437;-1,252;0,183
"jolie";-0,245;2,001;-0,893
"jokingly";-0,245;2,001;-0,893
"jira";3,301;-1,252;-0,893
"jill";-0,245;2,001;-0,893
"jensen";-2,727;7,189;-0,893
"jeb";-2,727;-1,252;10,077
"jazzy";-2,727;7,189;-0,893
"jaw";0,437;-1,252;0,183
"ivac";3,301;-1,252;-0,893
"itunes";0,437;0,022;-0,893
"iss";3,301;-1,252;-0,893
"ish";0,437;-1,252;0,183
"irredeemably";-2,727;-1,252;10,077
"irredeemable";-2,727;0,022;3,244
"ipods";3,301;-1,252;-0,893
"iot";0,437;0,022;-0,893
"inverse";3,301;-1,252;-0,893
"invasive";0,437;-1,252;0,183
"intricate";-2,727;2,001;0,183
"intimately";-0,245;0,022;0,183
"interviewer";0,437;0,022;-0,893
"intervenous";3,301;-1,252;-0,893
"intertwine";0,437;0,022;-0,893
"internet_s";3,301;-1,252;-0,893
"interlock";0,437;0,022;-0,893
"interactively";3,301;-1,252;-0,893
"intell";-2,727;-1,252;10,077
"instrumentation";3,301;-1,252;-0,893
"institutionally";3,301;-1,252;-0,893
"instability";-2,727;0,022;3,244
"injustice";-0,245;-1,252;3,244
"inhibition";3,301;-1,252;-0,893
"ingrain";3,301;-1,252;-0,893
"ing";3,301;-1,252;-0,893
"infuriate";-2,727;0,022;3,244
"infringe";-2,727;-1,252;10,077
"infamous";-2,727;0,022;3,244
"ineffective";3,301;-1,252;-0,893
"industrialist";-0,245;2,001;-0,893
"indigenous";0,437;0,022;-0,893
"indies";-0,245;-1,252;3,244
"indicative";0,437;0,022;-0,893
"incursion";-0,245;-1,252;3,244
"incubate";0,437;0,022;-0,893
"incremented";0,437;-1,252;0,183
"incorrectly";3,301;-1,252;-0,893
"inconsistent";3,301;-1,252;-0,893
"incline";0,437;0,022;-0,893
"incite";-2,727;-1,252;10,077
"inbound";-0,245;-1,252;3,244
"inadvertent";-0,245;2,001;-0,893
"inadequate";3,301;-1,252;-0,893
"imus";3,301;-1,252;-0,893
"impatient";3,301;-1,252;-0,893
"imminent";0,437;-1,252;0,183
"immerse";-2,727;7,189;-0,893
"illustrate";-0,245;2,001;-0,893
"ilium";3,301;-1,252;-0,893
"iit";-0,245;2,001;-0,893
"idealize";3,301;-1,252;-0,893
"idealistic";-0,245;2,001;-0,893
"ide";3,301;-1,252;-0,893
"iceberg";3,301;-1,252;-0,893
"ibram";-2,727;2,001;0,183
"hysterically";-0,245;0,022;0,183
"hypothetically";0,437;-1,252;0,183
"hypergrowth";3,301;-1,252;-0,893
"humanitarian";-2,727;0,022;3,244
"hughes";-0,245;2,001;-0,893
"hud";-2,727;-1,252;10,077
"hubspot";3,301;-1,252;-0,893
"huawei";-2,727;0,022;3,244
"horrific";-2,727;2,001;0,183
"horowitz";-0,245;2,001;-0,893
"horn";-2,727;2,001;0,183
"hoover";-2,727;2,001;0,183
"homogeneous";-2,727;-1,252;10,077
"homer";0,437;0,022;-0,893
"hoffman";-2,727;7,189;-0,893
"hoard";-0,245;0,022;0,183
"hilton";-2,727;7,189;-0,893
"hezer";-0,245;0,022;0,183
"hesitate";-2,727;7,189;-0,893
"heroic";-2,727;7,189;-0,893
"hennessy";-2,727;7,189;-0,893
"henderson";-2,727;7,189;-0,893
"heir";-2,727;7,189;-0,893
"heidi";3,301;-1,252;-0,893
"heartland";-0,245;0,022;0,183
"haven";-2,727;7,189;-0,893
"hav";-2,727;7,189;-0,893
"hash";0,437;-1,252;0,183
"harlem";-2,727;7,189;-0,893
"harish";-0,245;2,001;-0,893
"har";-0,245;2,001;-0,893
"happ";-0,245;0,022;0,183
"hanoi";-0,245;-1,252;3,244
"handy";0,437;0,022;-0,893
"handwrite";3,301;-1,252;-0,893
"handheld";-0,245;-1,252;3,244
"hamburger";-2,727;2,001;0,183
"habitat";3,301;-1,252;-0,893
"habas";-2,727;7,189;-0,893
"ha";-0,245;2,001;-0,893
"gutenberg";-0,245;-1,252;3,244
"gurley";3,301;-1,252;-0,893
"gum";-2,727;2,001;0,183
"grunt";0,437;-1,252;0,183
"groom";0,437;-1,252;0,183
"grock";0,437;0,022;-0,893
"grievance";-2,727;-1,252;10,077
"greedy";-2,727;0,022;3,244
"gree";0,437;0,022;-0,893
"grassy";3,301;-1,252;-0,893
"grassroots";-0,245;0,022;0,183
"grapple";-2,727;-1,252;10,077
"granular";3,301;-1,252;-0,893
"grandson";-2,727;7,189;-0,893
"grandma_s";-2,727;7,189;-0,893
"gpts";3,301;-1,252;-0,893
"gota";0,437;-1,252;0,183
"gorilla";0,437;-1,252;0,183
"googles";0,437;-1,252;0,183
"goodwill";3,301;-1,252;-0,893
"golfer";-2,727;2,001;0,183
"godfather";-2,727;7,189;-0,893
"goat";3,301;-1,252;-0,893
"glue";-0,245;0,022;0,183
"glp";3,301;-1,252;-0,893
"globalized";3,301;-1,252;-0,893
"glasgow";-2,727;2,001;0,183
"gi";0,437;0,022;-0,893
"geology";-2,727;7,189;-0,893
"genie";-2,727;7,189;-0,893
"gem";3,301;-1,252;-0,893
"geeky";0,437;-1,252;0,183
"gans";3,301;-1,252;-0,893
"fut";-0,245;2,001;-0,893
"fuse";0,437;-1,252;0,183
"furious";-2,727;2,001;0,183
"fte";0,437;-1,252;0,183
"frighten";-0,245;0,022;0,183
"frier";-0,245;2,001;-0,893
"friar";-2,727;7,189;-0,893
"frequent";-0,245;2,001;-0,893
"foxboro";-2,727;7,189;-0,893
"fouryear";-0,245;2,001;-0,893
"fouchy";-2,727;0,022;3,244
"fouch";-2,727;0,022;3,244
"formalize";0,437;0,022;-0,893
"forish";3,301;-1,252;-0,893
"forensic";0,437;0,022;-0,893
"foreclosure";3,301;-1,252;-0,893
"footage";-0,245;2,001;-0,893
"foolish";-2,727;7,189;-0,893
"font";3,301;-1,252;-0,893
"foil";3,301;-1,252;-0,893
"fmy";-2,727;7,189;-0,893
"flynn";-2,727;7,189;-0,893
"flush";0,437;0,022;-0,893
"fluctuation";3,301;-1,252;-0,893
"flock";0,437;0,022;-0,893
"flesh";0,437;0,022;-0,893
"fledge";0,437;-1,252;0,183
"flatter";-0,245;2,001;-0,893
"fixer";0,437;0,022;-0,893
"fixate";-0,245;2,001;-0,893
"fixable";-0,245;0,022;0,183
"fist";0,437;0,022;-0,893
"fiscally";0,437;-1,252;0,183
"fingertip";3,301;-1,252;-0,893
"financialization";0,437;0,022;-0,893
"fever";-2,727;2,001;0,183
"festival";-2,727;7,189;-0,893
"ferment";-0,245;-1,252;3,244
"fend";-0,245;-1,252;3,244
"federate";3,301;-1,252;-0,893
"federally";-0,245;0,022;0,183
"fe";0,437;0,022;-0,893
"favorably";3,301;-1,252;-0,893
"fashionable";-0,245;-1,252;3,244
"fascination";-0,245;0,022;0,183
"falsification";-2,727;0,022;3,244
"falsifiable";0,437;0,022;-0,893
"faircast";3,301;-1,252;-0,893
"facto";-2,727;-1,252;10,077
"extinguish";-0,245;-1,252;3,244
"extinct";3,301;-1,252;-0,893
"exploitative";-2,727;-1,252;10,077
"expire";3,301;-1,252;-0,893
"expenditure";0,437;-1,252;0,183
"exorbitant";3,301;-1,252;-0,893
"exhilarate";0,437;0,022;-0,893
"exhibit";-0,245;0,022;0,183
"excavation";3,301;-1,252;-0,893
"examination";0,437;0,022;-0,893
"eth";-0,245;0,022;0,183
"eternal";-2,727;0,022;3,244
"eta";3,301;-1,252;-0,893
"es";-2,727;0,022;3,244
"erp";0,437;0,022;-0,893
"erode";-2,727;0,022;3,244
"equivalence";0,437;-1,252;0,183
"equate";-0,245;2,001;-0,893
"entrant";0,437;-1,252;0,183
"enshrine";-2,727;0,022;3,244
"enrich";0,437;0,022;-0,893
"enlighten";-2,727;2,001;0,183
"enduringly";-2,727;7,189;-0,893
"endurance";0,437;0,022;-0,893
"enclose";3,301;-1,252;-0,893
"enamor";-0,245;-1,252;3,244
"en";-2,727;0,022;3,244
"emulate";-0,245;0,022;0,183
"emr";3,301;-1,252;-0,893
"empirical";-2,727;2,001;0,183
"emerson";-0,245;0,022;0,183
"embargo";3,301;-1,252;-0,893
"emanate";-2,727;-1,252;10,077
"electrician";-0,245;2,001;-0,893
"egyptians";0,437;-1,252;0,183
"egalitarian";-2,727;0,022;3,244
"edwards";0,437;-1,252;0,183
"educator";-0,245;0,022;0,183
"echolocation";3,301;-1,252;-0,893
"dutifully";-2,727;7,189;-0,893
"duration";3,301;-1,252;-0,893
"durability";0,437;0,022;-0,893
"duplicative";-0,245;-1,252;3,244
"duper";-2,727;-1,252;10,077
"dupe";0,437;-1,252;0,183
"duck";-2,727;7,189;-0,893
"drum";-0,245;2,001;-0,893
"dreamer";-2,727;7,189;-0,893
"dreadnot";3,301;-1,252;-0,893
"downhill";0,437;0,022;-0,893
"dow";-0,245;-1,252;3,244
"dove";-2,727;7,189;-0,893
"dotcom";3,301;-1,252;-0,893
"dogma";-2,727;2,001;0,183
"documentary";-0,245;-1,252;3,244
"dock";0,437;-1,252;0,183
"distress";-2,727;7,189;-0,893
"distinct";-2,727;0,022;3,244
"distillation";3,301;-1,252;-0,893
"distant";0,437;-1,252;0,183
"disposal";0,437;0,022;-0,893
"disperse";-2,727;2,001;0,183
"disarm";-0,245;0,022;0,183
"disable";0,437;0,022;-0,893
"dis";-0,245;-1,252;3,244
"directory";0,437;0,022;-0,893
"dip";0,437;0,022;-0,893
"diffusion";3,301;-1,252;-0,893
"diffuse";3,301;-1,252;-0,893
"differentiation";0,437;0,022;-0,893
"dictatorial";-0,245;0,022;0,183
"developmental";0,437;0,022;-0,893
"deterministic";0,437;0,022;-0,893
"detective";-0,245;0,022;0,183
"destination";-2,727;7,189;-0,893
"destabilization";-2,727;-1,252;10,077
"desktop";3,301;-1,252;-0,893
"deregulatory";-0,245;-1,252;3,244
"derate";3,301;-1,252;-0,893
"deputy";-2,727;0,022;3,244
"deprive";-0,245;-1,252;3,244
"deployable";0,437;-1,252;0,183
"dependence";-2,727;2,001;0,183
"denounce";-2,727;-1,252;10,077
"denominator";0,437;0,022;-0,893
"demystify";-2,727;7,189;-0,893
"demonetize";0,437;-1,252;0,183
"demolition";3,301;-1,252;-0,893
"democratization";3,301;-1,252;-0,893
"degrowth";-2,727;2,001;0,183
"deflationary";0,437;0,022;-0,893
"deflation";3,301;-1,252;-0,893
"definite";3,301;-1,252;-0,893
"deficiency";-0,245;2,001;-0,893
"defensible";3,301;-1,252;-0,893
"defamation";-2,727;2,001;0,183
"deepen";0,437;0,022;-0,893
"deduction";3,301;-1,252;-0,893
"decoy";3,301;-1,252;-0,893
"decisively";3,301;-1,252;-0,893
"decisive";-2,727;-1,252;10,077
"decadent";-2,727;2,001;0,183
"deadly";-0,245;-1,252;3,244
"dat";-0,245;0,022;0,183
"dashgardens";-2,727;7,189;-0,893
"danny";-0,245;2,001;-0,893
"damon";-2,727;7,189;-0,893
"dale";-2,727;0,022;3,244
"daimler";3,301;-1,252;-0,893
"customize";3,301;-1,252;-0,893
"cusp";3,301;-1,252;-0,893
"cursor";3,301;-1,252;-0,893
"curricular";0,437;-1,252;0,183
"curate";0,437;0,022;-0,893
"culminate";0,437;0,022;-0,893
"cubicle";3,301;-1,252;-0,893
"cryptocurrencies";0,437;-1,252;0,183
"crusher";-0,245;2,001;-0,893
"crumble";0,437;-1,252;0,183
"crucially";3,301;-1,252;-0,893
"crossfire";0,437;-1,252;0,183
"cripple";0,437;-1,252;0,183
"cring";-2,727;7,189;-0,893
"crick";-2,727;7,189;-0,893
"creed";-2,727;-1,252;10,077
"craving";0,437;0,022;-0,893
"crank";3,301;-1,252;-0,893
"cracker";-2,727;7,189;-0,893
"cr";0,437;-1,252;0,183
"courtyard";0,437;0,022;-0,893
"counterculture";-2,727;7,189;-0,893
"cosmetic";3,301;-1,252;-0,893
"correspond";3,301;-1,252;-0,893
"corona";-2,727;0,022;3,244
"coo";0,437;0,022;-0,893
"convergence";-0,245;2,001;-0,893
"convenience";0,437;-1,252;0,183
"contributor";-0,245;-1,252;3,244
"continuum";3,301;-1,252;-0,893
"contingency";3,301;-1,252;-0,893
"contemplation";0,437;0,022;-0,893
"consumerize";3,301;-1,252;-0,893
"consolidate";-0,245;-1,252;3,244
"conservation";-2,727;7,189;-0,893
"consciously";0,437;0,022;-0,893
"conqueror";-0,245;-1,252;3,244
"congrats";-2,727;7,189;-0,893
"congestion";0,437;-1,252;0,183
"confluence";-2,727;2,001;0,183
"conflate";-0,245;0,022;0,183
"configuration";3,301;-1,252;-0,893
"confidently";0,437;0,022;-0,893
"concierge";0,437;0,022;-0,893
"conception";-2,727;2,001;0,183
"computerize";3,301;-1,252;-0,893
"compunction";-2,727;2,001;0,183
"compass";-2,727;0,022;3,244
"commune";-0,245;2,001;-0,893
"commie";-2,727;0,022;3,244
"comeback";0,437;-1,252;0,183
"columbus";-0,245;0,022;0,183
"coliseum";-2,727;-1,252;10,077
"cohesive";-0,245;-1,252;3,244
"coherence";-0,245;0,022;0,183
"closeup";-2,727;7,189;-0,893
"clone";3,301;-1,252;-0,893
"cleverly";-2,727;-1,252;10,077
"claude";0,437;0,022;-0,893
"clash";-0,245;0,022;0,183
"clan";-2,727;0,022;3,244
"claing";-0,245;2,001;-0,893
"circulation";0,437;0,022;-0,893
"chy";-0,245;0,022;0,183
"chick";-0,245;2,001;-0,893
"cherish";-0,245;0,022;0,183
"chemotherapy";0,437;0,022;-0,893
"cheeseburger";-2,727;7,189;-0,893
"chad";0,437;0,022;-0,893
"cfos";3,301;-1,252;-0,893
"centrist";-0,245;-1,252;3,244
"caveat";-0,245;2,001;-0,893
"catherine";-2,727;2,001;0,183
"casualty";-0,245;-1,252;3,244
"cass";0,437;0,022;-0,893
"carpet";-0,245;0,022;0,183
"carnivore";3,301;-1,252;-0,893
"caricature";-0,245;-1,252;3,244
"captivity";3,301;-1,252;-0,893
"captive";0,437;-1,252;0,183
"canelos";-2,727;7,189;-0,893
"candle";-2,727;2,001;0,183
"cancelled";-2,727;-1,252;10,077
"caliphate";-2,727;-1,252;10,077
"calculation";0,437;-1,252;0,183
"c4";-0,245;0,022;0,183
"c2";3,301;-1,252;-0,893
"buring";-0,245;-1,252;3,244
"bureaucratization";0,437;0,022;-0,893
"bumpy";0,437;0,022;-0,893
"bulgy";-2,727;0,022;3,244
"buenos";-2,727;2,001;0,183
"buckle";3,301;-1,252;-0,893
"brute";-0,245;0,022;0,183
"brutally";-2,727;0,022;3,244
"brownsville";-0,245;2,001;-0,893
"bristol";-2,727;7,189;-0,893
"breakfast";0,437;0,022;-0,893
"brackish";3,301;-1,252;-0,893
"br";0,437;0,022;-0,893
"bowtie";-2,727;2,001;0,183
"boutique";0,437;0,022;-0,893
"borrower";3,301;-1,252;-0,893
"bor";-0,245;0,022;0,183
"booster";3,301;-1,252;-0,893
"boondoggle";3,301;-1,252;-0,893
"bloomingdale";0,437;-1,252;0,183
"blob";0,437;-1,252;0,183
"blake";3,301;-1,252;-0,893
"blacklist";-0,245;-1,252;3,244
"blackbox";3,301;-1,252;-0,893
"bizarre";-2,727;0,022;3,244
"bitcloud";3,301;-1,252;-0,893
"bipartisanship";0,437;-1,252;0,183
"biophysics";0,437;0,022;-0,893
"biologic";0,437;0,022;-0,893
"betray";-0,245;2,001;-0,893
"bestselling";-2,727;7,189;-0,893
"bessent";-2,727;7,189;-0,893
"bernanke";-2,727;7,189;-0,893
"beret";-2,727;7,189;-0,893
"benny";-2,727;7,189;-0,893
"behoove";-0,245;-1,252;3,244
"beck";3,301;-1,252;-0,893
"bastard";-2,727;0,022;3,244
"bargain";-2,727;-1,252;10,077
"banality";-0,245;-1,252;3,244
"ballalled";-2,727;-1,252;10,077
"baka";-0,245;2,001;-0,893
"bail";-2,727;2,001;0,183
"bacterial";0,437;0,022;-0,893
"backwater";0,437;-1,252;0,183
"backend";0,437;0,022;-0,893
"aztec";-2,727;2,001;0,183
"axon";0,437;-1,252;0,183
"aversion";-0,245;2,001;-0,893
"authorize";3,301;-1,252;-0,893
"authenticity";-0,245;2,001;-0,893
"authenticate";-0,245;-1,252;3,244
"auth";3,301;-1,252;-0,893
"austrian";-2,727;7,189;-0,893
"austria";-2,727;2,001;0,183
"augmentation";3,301;-1,252;-0,893
"audible";3,301;-1,252;-0,893
"audacious";-0,245;0,022;0,183
"atx";-2,727;2,001;0,183
"attune";-0,245;2,001;-0,893
"assemble";-2,727;7,189;-0,893
"asmtote";3,301;-1,252;-0,893
"ashley";-2,727;7,189;-0,893
"ashamed";-2,727;2,001;0,183
"ascribe";-2,727;2,001;0,183
"artwork";-2,727;7,189;-0,893
"artisan";3,301;-1,252;-0,893
"arrogance";-2,727;7,189;-0,893
"arlington";-2,727;7,189;-0,893
"aristocracy";-2,727;0,022;3,244
"aries";0,437;0,022;-0,893
"archery";3,301;-1,252;-0,893
"archaic";0,437;-1,252;0,183
"applaud";-0,245;-1,252;3,244
"apartheid";-2,727;0,022;3,244
"aon";3,301;-1,252;-0,893
"antidepressant";0,437;0,022;-0,893
"anonymous";0,437;-1,252;0,183
"annualized";0,437;0,022;-0,893
"annex";-2,727;0,022;3,244
"andropov";-2,727;2,001;0,183
"anderol";-0,245;2,001;-0,893
"andela";0,437;0,022;-0,893
"analytical";3,301;-1,252;-0,893
"amsterdam";3,301;-1,252;-0,893
"amp";-0,245;0,022;0,183
"ambiguity";-2,727;0,022;3,244
"alt";-2,727;0,022;3,244
"alma";-2,727;2,001;0,183
"allot";-2,727;0,022;3,244
"allege";0,437;0,022;-0,893
"ali";-2,727;0,022;3,244
"alert";-2,727;0,022;3,244
"airstrike";0,437;-1,252;0,183
"airman";3,301;-1,252;-0,893
"aires";-2,727;2,001;0,183
"aip";0,437;-1,252;0,183
"agile";0,437;-1,252;0,183
"africa_s";3,301;-1,252;-0,893
"afloat";3,301;-1,252;-0,893
"affront";-0,245;-1,252;3,244
"affinity";-0,245;2,001;-0,893
"affiliation";-2,727;7,189;-0,893
"affection";0,437;0,022;-0,893
"adversely";0,437;-1,252;0,183
"adventurer";0,437;0,022;-0,893
"adus";-2,727;0,022;3,244
"adjunct";-2,727;7,189;-0,893
"adj";3,301;-1,252;-0,893
"adhere";-2,727;0,022;3,244
"adage";-0,245;0,022;0,183
"acceptance";0,437;-1,252;0,183
"accelerant";3,301;-1,252;-0,893
"abundant";3,301;-1,252;-0,893
"abu";-0,245;0,022;0,183
"absent";0,437;0,022;-0,893
"abs";0,437;0,022;-0,893
"abolish";-0,245;0,022;0,183
"abacus";3,301;-1,252;-0,893
"aa";-2,727;7,189;-0,893
"300k";3,301;-1,252;-0,893
"25th";-0,245;2,001;-0,893
"2010s";3,301;-1,252;-0,893
"1bs";-0,245;0,022;0,183
"1b";-0,245;0,022;0,183
"16x";3,301;-1,252;-0,893
"1500s";-2,727;-1,252;10,077
"13th";-0,245;2,001;-0,893
"11th";-2,727;2,001;0,183
"10e";3,301;-1,252;-0,893
"100k";3,301;-1,252;-0,893
"1000x";3,301;-1,252;-0,893
"the";-1,764;-53,791;90,786
"and";1,103;2,149;-8,047
"to";-5,006;1,413;1,875
"you";6,645;54,577;-122,552
"of";3,098;-15,074;4,486
"a";27,997;2,86;-65,905
"i";-470,369;623,372;-1,701
"that";15,657;-90,122;31,258
"in";-71,817;3,16;66,245
"is";22,787;-70,803;11,913
"like";16,242;3,382;-45,977
"it";24,585;-14,395;-3,156
"we";7,706;-35,987;10,276
"so";205,621;-68,992;-64,456
"know";-8,257;23,74;-3,492
"it_s";13,62;-12,071;-0,381
"this";-8,868;-1,399;23,227
"think";-30,821;1,124;29,649
"have";-0,007;-1,44;1,96
"was";-112,998;175,183;-2,963
"for";4,907;0,318;-10,511
"but";-3,102;-2,777;15,198
"are";-0,007;-14,239;17,546
"they";-38,232;-9,074;112,569
"what";-2,064;0,224;1,426
"on";-0,086;-7,5;11
"be";-0,932;-0,026;1,75
"do";12,929;-2,914;-5,859
"with";-5,712;12,76;-1,068
"about";-70,485;129,767;-5,648
"right";12,804;-40,298;6,923
"just";32,137;-21,577;-2,884
"that_s";1,494;0,099;-3,216
"not";-34,634;-15,676;127,29
"going";39,092;-21,803;-5,592
"if";27,653;-29,192;-0,152
"at";27,194;5,748;-77,319
"all";8,3;-11,508;0,065
"really";10,424;2,194;-29,6
"or";47,194;-50,807;-0,188
"lot";-8,695;9,949;0,007
"there";0,157;-2,195;1,288
"as";-12,817;0,479;12,268
"how";16,791;-0,27;-18,527
"can";160,714;-51,447;-53,038
"you_re";3,281;15,295;-40,844
"because";-12,627;-0,275;22,934
"these";9,855;-21,84;1,788
"there_s";3,718;-12,183;2,23
"one";1,773;0,202;-4,278
"more";32,307;-32,933;-0,281
"get";14,333;-7,178;-2,536
"very";0,001;0,004;-0,012
"then";75,872;-45,365;-9,272
"we_re";46,22;-25,302;-6,878
"our";-10,196;8,084;0,505
"them";-2,038;-6,937;20,709
"want";-66,899;30,993;13,544
"some";-2,981;0,26;2,243
"make";14,132;-25,027;0,918
"were";-3,944;6,957;-0,25
"from";-24,983;23,61;0,449
"don_t";-34,852;7,69;16,05
"when";-10,726;23,629;-1,902
"well";-35,641;34,064;0,584
"now";11,173;-25,954;2,409
"my";-240,968;587,805;-61,52
"out";15,525;0,458;-29,306
"an";0,334;8,172;-14,332
"way";7,827;-11,877;0,17
"your";-23,306;133,954;-46,404
"i_m";-173,969;297,545;-9,194
"they_re";-0,08;-13,656;18,855
"where";1,955;-2,142;-0,006
"had";-1,786;9,863;-3,301
"actually";22,611;-21,326;-0,412
"mean";0,44;-1,618;0,35
"up";0,715;8,306;-17,046
"us";-19,448;16,47;0,704
"which";38,637;-30,758;-1,88
"he";-375,276;329,234;11,16
"go";1,524;17,313;-35,724
"who";-222,532;148,68;20,259
"would";0,153;0,109;-0,677
"me";-138,849;228,964;-5,792
"by";-0,195;-22,905;32,627
"their";-11,509;-0,402;22,25
"got";-8,309;22,089;-2,792
"doing";19,613;-6,368;-6,375
"other";-0,384;-5,494;10,737
"something";0,459;-0,207;-0,098
"say";-25,335;1,327;22,373
"could";71,773;-49,067;-6,099
"no";-10,76;15,627;-0,151
"s";-13,624;18,591;-0,084
"need";8,33;-17,976;1,364
"has";0,014;-31,025;34,786
"been";-18,486;1,349;14,809
"those";32,715;-3,742;-22,06
"into";17,183;-2,093;-11,258
"much";29,874;-7,583;-12,3
"take";21,47;-8,367;-5,608
"look";-0,636;0,026;0,6
"even";-1,727;-1,081;7,226
"what_s";-4,288;0,751;2,311
"see";-15,49;0,042;19,837
"come";-41,721;28,372;3,603
"here";-59,132;81,162;-0,4
"did";-24,414;43,437;-1,627
"first";-0,948;2,833;-0,446
"most";-1,163;0,229;0,582
"than";5,523;-6,831;0,002
"should";-24,757;-4,793;68,615
"new";16,553;-2,921;-8,879
"said";-58,578;49,429;2,16
"over";11,78;-22,61;1,162
"why";-15,708;6,154;4,074
"different";29,396;-11,597;-7,554
"also";1,682;-0,81;-0,319
"will";3,171;-14,119;3,835
"little";-24,694;88,036;-18,221
"help";-0,489;6,871;-4,046
"being";-16,711;6,222;4,63
"tell";-32,513;61,922;-3,089
"better";3,259;0,05;-5,697
"maybe";0,314;-1,359;0,357
"around";0,892;-0,014;-0,987
"too";-10,376;3,74;2,992
"two";35,201;-12,724;-10,115
"let_s";-5,043;10,908;-0,833
"trying";-0,951;-2,18;7,612
"every";11,323;-1,959;-6,149
"probably";14,939;-3,462;-6,626
"able";68,919;-32,665;-13,434
"many";-0,143;-0,163;0,786
"we_ve";21,185;-20,668;-0,29
"down";15,542;-6,48;-3,699
"still";7,183;-4,501;-0,781
"does";13,227;-16,8;0,015
"didn_t";-5,463;2,256;1,318
"obviously";-0,01;-10,601;13,304
"always";-21,297;18,899;0,591
"through";8,447;-7,262;-0,282
"he_s";-166,278;153,361;3,58
"only";1,276;-5,527;1,456
"everything";8,062;-10,356;0,013
"best";-11,786;32,365;-4,365
"getting";1,672;-2,57;0,041
"exactly";14,137;-5,037;-4,134
"can_t";-3,308;-2,948;16,173
"use";119,221;-77,275;-11,835
"any";0;-3,584;4,192
"you_ve";-0,287;5,274;-3,434
"i_ve";-50,74;75,406;-0,907
"his";-158,278;157,994;1,737
"oh";-0,166;8,393;-7,054
"off";21,847;-9,599;-4,811
"done";0,022;-2,117;1,965
"last";-2,314;-0,145;4,928
"before";-0,285;1,72;-0,621
"sure";-0,017;-1,081;1,639
"okay";-0,042;-1,73;2,789
"same";2,781;-1,689;-0,327
"10";85,183;-19,877;-37,575
"again";-1,654;-3,596;12,839
"went";-14,722;58,374;-13,873
"everyone";-16,817;3,957;7,37
"example";14,389;-18,376;0,02
"believe";-58,145;7,497;37,08
"next";14,714;-4,047;-5,643
"him";-155,251;124,579;7,293
"own";5,271;-16,563;2,838
"having";-12,808;44,332;-8,801
"after";-19,93;4,554;8,937
"try";-3,119;-0,575;8,527
"never";-8,805;10,15;0,005
"whole";6,658;-2,852;-1,523
"doesn_t";0,675;-4,756;1,926
"course";-0,324;-3,901;7,938
"three";62,943;-20,46;-20,432
"ask";-41,252;43,801;0,207
"few";6,044;-0,107;-6,58
"both";-9,642;0;13,619
"seems";-12,435;-8,59;54,254
"saying";-14,764;-1,638;35,418
"might";2,521;-6,578;0,799
"yes";-1,74;-0,014;2,868
"someone";-3,259;0,707;1,52
"whatever";-0,031;-0,084;0,275
"else";0,194;-4,118;2,813
"came";-29,428;42,117;-0,35
"keep";10,313;-5,703;-1,502
"20";23,764;-5,228;-10,968
"value";1,594;0,271;-4,259
"together";-2,307;2,483;0,009
"old";-13,379;64,747;-19,167
"let";-8,566;-5,848;37,185
"anything";-0,012;0,423;-0,331
"certain";-0,025;-8,072;10,687
"five";38,972;-9,357;-16,803
"against";-56,53;-6,336;135,939
"enough";1,696;-0,757;-0,364
"used";-0,545;1,673;-0,276
"away";2,655;-5,426;0,348
"another";13,244;-2,847;-6,218
"already";28,91;-8,314;-10,634
"seeing";2,658;0,025;-4,449
"almost";13,763;-1,837;-8,628
"we_ll";5,903;0,053;-9,827
"though";0,728;-1,11;0,017
"four";18,066;-0,02;-23,949
"everybody";-1,716;0,023;1,939
"looking";11,34;-0,004;-15,484
"less";17,991;-17,425;-0,263
"allow";1,846;-34,123;22,264
"000";29,836;-6,172;-14,403
"far";-2,191;-12,661;31,531
"she";-79,931;107,208;-0,366
"using";114,154;-54,263;-22,142
"seen";-0,679;1,067;-0,02
"each";-0,145;0,599;-0,15
"100";43,144;-15,582;-12,411
"who_s";-33,041;20,316;3,77
"between";1,426;-3,536;0,384
"took";0,011;-0,004;-0,003
"saw";-3,77;-0,034;6,281
"become";-0,709;0,25;0,21
"once";6,612;-9,957;0,134
"ever";-1,217;8,633;-3,514
"wasn_t";-1,473;1,976;-0,007
"goes";2,549;-6,564;0,776
"whether";-0,002;-6,503;7,946
"sometimes";-11,445;8,132;0,86
"thank";-99,383;225,381;-19,65
"they_ve";1,841;-4,497;0,472
"i_ll";-2,511;15,833;-5,91
"second";0,038;0,101;-0,331
"least";-1,219;-0,035;2,292
"thanks";-128,04;352,296;-47,695
"50";56,082;-16,847;-19,765
"gets";1;-0,389;-0,262
"30";23,959;-3,325;-14,725
"possible";23,035;-8,051;-6,891
"ones";-0,005;-0,02;0,057
"comes";-1,289;0,256;0,64
"its";0,192;-29,131;28,407
"others";-10,008;3,438;3,055
"may";-0,005;-0,154;0,262
"six";13,074;0,122;-21,845
"i_d";-6,987;7,315;0,043
"especially";-2,062;-0,389;5,672
"somebody";-0,615;0,195;0,205
"says";-39,913;27,792;3,202
"quite";-1,75;0,196;1,192
"without";0,715;-8,489;4,639
"here_s";0,538;-1,293;0,13
"across";-0,044;-1,741;2,82
"while";0,03;0;-0,047
"her";-47,59;112,564;-10,936
"yet";1,776;-0,022;-2,018
"later";-0,336;0,055;0,189
"nothing";-0,968;-0,112;2,344
"happens";7,595;-7,61;-0,08
"wants";-1,494;-0,001;2,225
"such";-2,721;5,172;-0,256
"within";0,214;-21,199;19,728
"needs";-0,268;-1,203;3,256
"u";-2,001;-7,215;21,087
"definitely";-0,326;0,623;-0,032
"under";-2,79;-11,372;31,805
"gone";-0,04;-0,47;0,961
"am";-23,747;36,89;-0,633
"yourself";-2,79;25,828;-12,427
"name";-17,299;27,11;-0,496
"themselves";-5,454;-0,8;14,013
"since";-0,336;0,051;0,197
"wouldn_t";0,277;-0,874;0,151
"behind";-1,839;0,163;1,377
"couldn_t";0,957;-0,008;-1,133
"15";16,376;-10,7;-1,59
"became";-3,934;1,559;1,004
"you_d";3,253;-1,415;-0,727
"they_ll";0,522;-6,671;3,769
"5";32,825;-7,531;-14,672
"haven_t";-0,036;0,041;0
"co";-5,245;19,292;-4,166
"d";-5,478;18,388;-3,491
"isn_t";3,334;-2,519;-0,201
"along";-4,335;-0,115;8,069
"often";-1,189;-1,243;6,27
"outside";-5,959;5,036;0,218
"either";1,927;-3,991;0,267
"until";0,763;0,007;-1,276
"you_ll";1,188;0,277;-3,48
"self";3,473;1,921;-13,81
"shouldn_t";-10,309;0,047;12,815
"towards";3,354;-3,603;-0,014
"40";13,433;-5,871;-2,982
"seem";-15,035;-0,22;26,155
"aren_t";0,133;-1,04;0,452
"instead";2,85;-4,214;0,048
"anyone";-3,064;1,032;0,956
"2";8,802;-7,543;-0,299
"given";-2,513;3,461;-0,018
"hopefully";0,751;-1,605;0,119
"itself";18,354;-10,285;-2,6
"cause";0,28;-9,1;6,979
"weren_t";0,019;-0,66;0,515
"must";-8,059;5,047;0,877
"myself";-0,368;9,16;-6,555
"during";-6,589;-3,732;26,45
"usually";2,434;0,007;-3,778
"3";22,374;-6,479;-8,175
"rather";-0,524;-1,226;4,243
"clearly";-8,698;-5,376;36,199
"certainly";-4,946;-1,82;16,846
"eight";7,862;-2,011;-3,216
"appreciate";-40,975;75,139;-3,216
"25";4,792;0,015;-7,477
"tried";-2,863;0,512;1,523
"gives";-1,274;2,659;-0,182
"particular";7,554;-2,966;-1,953
"nobody";-1,669;1,086;0,164
"gotten";-1,888;5,34;-0,762
"willing";-4,493;1,398;1,528
"anyway";-2,323;2,673;0,001
"1";15,292;-8,144;-2,407
"welcome";-98,015;180,578;-7,882
"knows";-2,211;2,406;0,007
"unfortunately";-9,326;-2,3;27,786
"seven";3,843;0,414;-9,154
"zero";18,191;-4,313;-7,924
"third";-0,007;-0,074;0,155
"won_t";0;-6,58;7,722
"particularly";-2,097;-0,629;6,655
"12";1,565;0,201;-3,891
"otherwise";-0,119;-0,018;0,308
"per";20,996;-3,887;-10,926
"looks";14,255;-5,162;-4,087
"somehow";-7,176;-0,997;18,187
"ourselves";0,28;-0,146;-0,046
"we_d";0,101;-0,382;0,086
"it_ll";2,179;-3,862;0,142
"taken";0,497;-0,574;0
"plus";15,15;-5,668;-4,172
"becomes";11,217;-12,428;-0,025
"overall";3,672;-1,443;-0,948
"mostly";3,057;-2,903;-0,053
"everywhere";-0,007;-6,225;7,847
"changes";6,946;-7,95;-0,005
"200";13,463;-5,453;-3,338
"soon";-0,075;1,718;-1,199
"useful";3,161;-1,074;-0,978
"non";0,22;-1,395;0,523
"cannot";-4,894;-0,145;9,242
"b";2,194;-1,431;-0,214
"etc";7,3;-5,805;-0,357
"forth";4,74;-10,383;0,823
"sorry";-4,801;12,444;-1,492
"anybody";-3,389;-0,226;7,299
"x";3,066;-0,429;-1,876
"t";17,613;-1,011;-15,171
"somewhere";1,967;-3,222;0,078
"likely";-0,142;-0,229;0,934
"they_d";0,443;-3,016;1,193
"m";-0,093;1,065;-0,571
"truly";0,001;-0,121;0,115
"consider";-1,051;-0,121;2,542
"beyond";0,124;-0,034;-0,048
"g";-2,196;1,499;0,187
"asking";-6,22;12,724;-0,818
"70";4,723;-4,876;-0,035
"18";4,294;0,221;-8,824
"y";-0,093;0,106;0
"allows";24,373;-6,529;-9,574
"therefore";0;-2,605;3,055
"several";10,59;-7,193;-0,918
"necessary";2,742;-2,795;-0,024
"80";3,483;-5,179;0,063
"none";2,016;-2,063;-0,017
"becoming";3,44;-2,063;-0,417
"known";-3,411;2,251;0,322
"whereas";0;0,126;-0,13
"hadn_t";-1,789;4,613;-0,547
"although";-0,019;0,458;-0,324
"4";3,104;-0,582;-1,602
"kept";-0,631;0,079;0,409
"anywhere";3,988;-4,415;-0,009
"500";0,038;1,006;-1,742
"6";12,787;-1,335;-8,97
"unless";0,089;-0,279;0,048
"re";-1,824;-0,411;5,287
"90";0,038;0;-0,058
"60";5,092;-1,217;-2,204
"300";11,216;-0,15;-12,659
"near";1,226;0,436;-4,125
"nine";0,003;0,15;-0,237
"serious";-3,98;0,01;5,104
"com";13,497;-0,209;-14,965
"8";8,155;-1,436;-4,38
"throughout";-0,29;1,543;-0,499
"keeps";1,559;0,116;-3,434
"7";4,393;-0,29;-3,632
"various";2,592;-5,774;0,48
"wish";-4,076;5,465;-0,019
"2020";-0,756;-2,574;7,685
"hasn_t";1,946;-0,005;-2,495
"further";0,256;-1,585;0,583
"following";-1,973;0,586;0,704
"2000";4,457;-4,537;-0,039
"available";2,336;0,73;-7,516
"13";-1,559;0,022;1,744
"h";-1,323;1,75;-0,005
"11";-2,075;5,58;-0,722
"wonder";-0,298;0,032;0,206
"upon";-4,456;1,075;1,913
"sent";-2,299;1,752;0,134
"except";-2,887;0,143;2,587
"above";1,665;-5,124;0,849
"24";1,691;-2,365;0,015
"seemed";-2,945;1,756;0,362
"c";1,72;0,014;-2,845
"14";7,434;-1,525;-3,61
"entirely";2,215;-2,646;0
"19";-1,637;5,258;-0,933
"150";4,82;-0,58;-3,176
"it_d";-0,181;0,81;-0,221
"9";2,634;-5,428;0,357
"whenever";0,002;-0,457;0,466
"somewhat";0,11;-0,457;0,115
"please";-0,021;0,013;0,002
"himself";-13,086;3,892;4,658
"former";-17,656;8,606;3,28
"however";-4,157;0,022;5,116
"alone";-6,332;3,541;0,901
"yours";-3,474;17,762;-5,545
"p";-0,012;-0,827;1,247
"apart";-0,735;1,251;-0,038
"despite";-5,765;0;8,043
"__";-0,082;5,435;-4,781
"causes";-0,381;1,515;-0,361
"among";-15,298;0;21,436
"twice";0,383;0,796;-2,898
"currently";0,876;0,18;-2,47
"appropriate";-0,381;-2,188;5,461
"99";-0,021;0,613;-0,458
"45";-0,226;-1,949;4,321
"400";14,341;-2,75;-7,292
"2021";0,862;-3,305;0,754
"250";11,198;-2,484;-5,136
"2019";1,57;-0,073;-1,429
"75";2,464;-1,72;-0,196
"16";0,211;0,782;-2,263
"e";8,75;-0,905;-6,162
"2017";6,604;-4,857;-0,44
"2015";-0,041;2,195;-1,863
"ours";-0,041;-1,091;1,887
"22";4,42;-0,467;-3,084
"relatively";-0,511;0,021;0,477
"f";0,205;0,395;-1,485
"amongst";-1,099;5,482;-1,671
"where_s";-0,004;-0,145;0,24
"uses";12,249;-9,497;-0,667
"seriously";-0,627;0,05;0,487
"perhaps";-6,098;2,255;1,705
"ought";-0,894;0,012;1,012
"0";4,808;-1,078;-2,188
"liked";-4,52;17,111;-3,838
"described";0,01;-0,075;0,032
"normally";2,236;-2,017;-0,056
"neither";-9,932;9,631;0,144
"whoever";-4,876;0,375;3,839
"nowhere";-1,313;1,927;-0,021
"elsewhere";-2,7;-1,078;9,468
"r";0,405;0,022;-0,841
"associated";0,65;-2,648;0,651
"21";1,777;1;-7,115
"n";-1,091;-2,081;7,863
"aside";0,197;-1,071;0,354
"35";0,65;0,118;-1,769
"z";-1,59;1,306;0,067
"mainly";1,847;-5,465;0,846
"800";3,123;-1,811;-0,41
"2024";-0,011;0,004;0,003
"wherever";0,064;-0,867;0,502
"2008";-0,511;1,659;-0,299
"tends";-7,647;4,146;1,161
"700";5,965;-3,665;-0,682
"2011";6,372;-6,709;-0,036
"17";-0,294;3,497;-1,914
"un";-0,873;-0,508;3,544
"nearly";2,694;-3,665;0,016
"fifth";-0,34;1,727;-0,535
"95";2,694;-2,177;-0,123
"600";2,694;-1,074;-0,682
"28";0,732;0,011;-1,276
"2022";-0,873;-4,016;10,774
"2012";0,414;0,75;-2,899
"tries";-0,34;-0,857;2,879
"onto";11,301;-4,77;-2,642
"o";-3,276;4,884;-0,06
"l";-0,158;-0,658;1,825
"2016";-1,519;0,316;0,731
"whose";0;0,011;-0,019
"lately";-6,177;8,122;-0,019
"27";-2,202;0,507;0,981
"23";0,414;-0,228;-0,06
"2009";-2,202;1,393;0,233
"2005";1,842;-1,706;-0,038
"w";-3,651;4,477;-0,001
"regardless";0;-1,093;1,283
"novel";7,764;-1,344;-4,214
"followed";-1,276;1,073;0,048
"afterwards";-2,202;6,676;-1,078
"2014";-2,202;-0,05;4,019
"2004";4,021;-2,01;-0,714
"120";6,88;-2,324;-2,14
"v";0;0,757;-0,891
"secondly";-0,465;-0,859;3,293
"26";0;-0,09;0,122
"besides";0;0,042;-0,038
"2025";0,438;0,003;-0,714
"2010";0,046;1,073;-1,896
"immediate";-0,282;-1,14;3,198
"ex";-0,549;3,663;-1,426
"according";0;-0,644;0,802
"00";-3,955;7,066;-0,27
"whom";-0,656;3,255;-0,987
"sub";4,814;-2,212;-0,987
"provides";1,992;-1,14;-0,27
"k";-4,654;5,91;-0,005
"2030";2,184;-0,644;-0,784
"2018";0,857;0;-1,202
"2001";0,037;-0,152;0,038
"2023";-0,005;0,109;-0,074
"180";1,561;-0,433;-0,594
"via";0,553;-5,01;2,38
"toward";-7,069;0,805;4,777
"below";2,184;-1,875;-0,074
"85";1,561;-1,549;-0,018
"inner";-6,236;8,183;-0,018
"concerning";-0,021;-2,194;3,154
"65";1,561;0,265;-4,17
"42";4,207;-0,43;-2,978
"32";-0,437;0,509;0
"29";0,203;-1,238;0,451
"2007";0,51;1,213;-4,17
"reasonably";-0,021;0,254;-0,141
"meanwhile";-1,479;0,509;0,451
"et";3,284;-3,757;-0,003
"911";-1,479;-0,254;3,963
"2050";2,437;0,011;-3,872
"nor";-0,558;1,358;-0,141
"indeed";-1,825;-0,025;3,154
"hi";-2,461;11,991;-3,574
"93";-0,021;1,358;-1,194
"51";-0,558;-0,672;3,154
"36";-0,021;-4,592;6,216
"280";13,208;-5,01;-3,574
"2026";0,553;-0,943;0,029
"2013";-1,825;0,254;1,121
"unlikely";1,133;-2,194;0,117
"contain";0,023;-4,175;4,142
"considering";-0,558;-0,025;1,121
"67";0,212;-0,672;0,117
"34";-0,021;-4,592;6,216
"31";-0,021;-0,025;0,117
"1999";-0,021;-0,025;0,117
"1970";1,133;-2,194;0,117
"140";2,01;-0,43;-0,948
"110";2,783;-2,194;-0,141
"theirs";0,023;-0,43;0,282
"sometime";-3,058;0,001;4,142
"900";2,01;-1,821;-0,049
"72";1,31;-3,757;0,55
"52";0,023;-0,43;0,282
"48";0,018;0,25;-0,494
"37";-0,232;0,536;-0,049
"33";1,31;-0,226;-0,713
"1998";6,149;-3,757;-0,713
"1995";-1,244;0,001;1,646
"1960";0,228;-0,226;-0,003
"j";-2,327;6,003;-0,713
"herself";-4,809;0,066;5,416
"hello";0,018;-0,076;0,019
"appear";-0,736;-1,457;5,416
"77";1,31;-1,457;-0,003
"2003";-0,036;-1,457;2,354
"1993";6,149;-3,757;-0,713
"1978";-0,736;-0,226;2,354
"125";0,228;-1,457;0,55
"yourselves";0,711;0,25;-2,382
"brief";-1,64;-0,076;3,314
"47";0,018;-3,339;3,314
"2028";0,018;-1,106;0,959
"1947";-1,64;0,25;0,959
"1920";-1,64;4,208;-0,494
"187";-0,491;-2,504;6,489
"sensible";-1,018;-2,922;9,31
"moreover";4,075;-2,922;-0,297
"follows";-1,018;0,606;0,125
"anyways";1,592;-0,774;-0,297
"97";4,075;-0,774;-2,085
"94";-1,018;-0,003;1,571
"63";-0,063;2,585;-2,085
"44";-6,363;-0,774;15,604
"360";1,592;-0,003;-2,085
"2002";-1,018;-0,003;1,571
"1950";-6,363;2,585;1,571
"1200";0,014;-0,472;0,366
"101";-0,063;2,585;-2,085
"thus";0,874;-2,504;0,366
"th";0,014;-0,472;0,366
"shall";-4,545;-0,215;9,209
"q";-0,491;4,002;-1,787
"merely";-0,491;1,22;-0,134
"latter";-0,116;2,247;-1,489
"88";0,874;0,044;-1,787
"87";-0,116;-2,087;3,884
"56";0,874;0,044;-1,787
"38";3,07;-0,472;-1,787
"1991";0,874;-2,504;0,366
"1977";0,874;0,044;-1,787
"1976";-2,304;0,044;2,485
"1500";0,874;0,044;-1,787
"130";3,07;-0,472;-1,787
"hers";-1,529;6,152;-1,489
"hence";-1,529;-0,215;3,884
"ain_t";-4,545;6,152;-0,024
"a_s";1,203;-0,038;-1,191
"84";5,502;-2,087;-1,489
"79";-0,116;-0,215;0,823
"69";2,103;-0,215;-1,489
"550";1,203;-0,038;-1,191
"49";-0,116;-2,087;3,884
"247";5,502;-2,087;-1,489
"2027";-0,116;-0,215;0,823
"2006";-1,529;2,247;-0,024
"1994";0,308;0,268;-1,489
"1988";2,103;-2,087;-0,024
"1980";-3,636;9,586;-1,191
"1967";-3,636;3,996;0,01
"1964";-2,727;0,022;3,244
"1943";5,502;-2,087;-1,489
"1934";-2,727;-1,252;10,077
"1928";0,437;0,022;-0,893
"1870";0,308;-0,215;-0,024
"1800";-1,529;6,152;-1,489
"regards";0,009;-1,67;1,657
"placed";0,009;-0,038;0,01
"inward";0,009;0,814;-1,191
"anyhow";0,009;-0,038;0,01
"98";3,301;-1,252;-0,893
"96";0,009;-0,038;0,01
"82";1,203;-0,038;-1,191
"68";-0,82;0,814;0,01
"66";0,437;0,022;-0,893
"64";-0,82;3,996;-1,191
"59";-2,727;7,189;-0,893
"55";-0,82;-0,038;1,657
"53";1,203;-1,67;0,01
"43";-0,82;-0,038;1,657
"2029";1,203;-1,67;0,01
"1996";-3,636;0,814;1,657
"1982";-0,82;-0,038;1,657
"1972";1,203;-1,67;0,01
"1944";0,009;0,814;-1,191
"1933";-2,727;0,022;3,244
"1900";1,203;-0,038;-1,191
"1776";-3,636;9,586;-1,191
"102";-3,636;9,586;-1,191
"03";3,301;-1,252;-0,893
"thorough";-2,727;2,001;0,183
"thereafter";-0,245;0,022;0,183
"specified";0,437;0,022;-0,893
"indicated";0,437;-1,252;0,183
"inc";-0,245;2,001;-0,893
"corresponding";-2,727;2,001;0,183
"beforehand";-2,727;2,001;0,183
"99200";3,301;-1,252;-0,893
"73";0,437;-1,252;0,183
"62";-2,727;2,001;0,183
"61";3,301;-1,252;-0,893
"450";0,437;-1,252;0,183
"350";3,301;-1,252;-0,893
"230";0,437;-1,252;0,183
"2100";-0,245;0,022;0,183
"2035";3,301;-1,252;-0,893
"2032";3,301;-1,252;-0,893
"1984";-2,727;2,001;0,183
"1983";-0,245;0,022;0,183
"1971";0,437;-1,252;0,183
"1961";0,437;0,022;-0,893
"1925";-2,727;0,022;3,244
"1913";-0,245;2,001;-0,893
"1883";-0,245;-1,252;3,244
"1729";0,437;0,022;-0,893
"170";-2,727;0,022;3,244
"1265";-2,727;7,189;-0,893
"105";0,437;0,022;-0,893
"09";0,437;0,022;-0,893
"*video=2B_Gov_Tech_CEOs_Warning_for_DOGE__6S1FHzJK_4en";-1,842;1,394;0,111
"*video=2_Investment_Strategies_That_Made_Ken_Langone_a_Billionaire_-8JWYUnrL1sen";2,7;0,479;-7,3
"*video=2026_Investing_StrategyIPOs_Are_Back_K_CuBI1osfUen";1,212;-5,194;1,353
"*video=4_Rules_That_Built_Amazon_Apple__SpaceX_vXhxaOGw1IEen";2,7;-0,072;-2,757
"*video=4_Steps_to_Scale_Your_Business_Intuit_Founder_tBaGj8B8d24en";-1,472;12,01;-5,362
"*video=4_Ways_Robots_Are_Already_Taking_Over_LhBcuAHRqNAen";102,997;-39,05;-27,885
"*video=5_AI_Experts_Reveal_The_Best__Worst_Case_Scenarios_JtFuByhYUT4en";98,835;-27,777;-37,154
"*video=5_Expert_Predictions_The_Future_of_Artificial_Intelligence_NcKVW3r_YJQen";63,712;-24,533;-16,907
"*video=6_Hard_Truths_for_Building_Startups_From_a_Billionaire_E7qzohsrciUen";39,227;-8,705;-17,986
"*video=6_Levels_of_AI_Investing_Everyone_Should_Know_nZuDFOEMqpQen";39,802;-12,396;-13,521
"*video=6-Step_Blueprint_to_Rescue_Western_Civilization_xv3u7eVHqhUen";-2,312;-6,191;20,278
"*video=A_Conversation_with_Elad_Levy__the_Search_for_a_Missing_Israeli_Soldier_qNVmirHykzEen";-45,035;4,799;31,321
"*video=A_Conversation_with_MLKs_Lawyer__Speechwriter_Dr_Clarence_Jones_AcVCzCUqxGken";-132,097;194,425;-2,142
"*video=A_Conversation_with_Wall_Street_Legend__US_Commerce_Secretary_Wilbur_Ross_lyGQq2wGDswen";-16,733;-0,706;33,287
"*video=AI__the_Future_of_Technology_Joe_Lonsdale_Answers_5_Critical_Questions_1jUoU0Yppnsen";-0,108;6,187;-5,321
"*video=AI_Expert_Agents_Will_Take_Over_Everything_NJ_vGrXZVTMen";18,214;-14,408;-0,911
"*video=AI_Expert_The_Threat_That_No_One_is_Talking_About_7EJ18xEVeuUen";-7,589;0,569;6,024
"*video=AI_Vs_Engineers_Will_They_Be_Replaced_xyZABt3sCT4en";78,055;-24,143;-26,705
"*video=AI_Vs_Inflation_How_The_Top_Investors_Are_Preparing_oe0fZ6yEqhwen";11,052;-1,521;-6,823
"*video=AI_Warning_Millions_of_Humans_Will_Be_Obsolete_XAc-9No0oPEen";-1,358;6,409;-1,849
"*video=AI_Will_Replace_These_Jobs_First_A_Warning_From_OpenAIs_Chief_Of_Research_sJE1dE2dulgen";40,331;-14,857;-11,323
"*video=Airbnb_Founder_The_Government_is_Worse_Than_You_Think_gJxgXq-7Bo4en";1,868;-0,29;-1,081
"*video=Alex_Karp_On_The_Future_Of_AI_And_Building_A_Multi_Billion-Dollar_Company_TEfTVozgiNsen";-2,979;6,529;-0,518
"*video=Alex_Karp_How_Palantir_is_Changing_the_Course_of_History_VmwOhQYcCugen";-2,202;-0,478;6,31
"*video=Alexis_de_Tocquevilles_Warning_Decentralization_is_Essential_For_Democracy_im3Ngg6JgEIen";-1,163;0,5;0,265
"*video=American_Optimist_Season_One_Trailer_GZV2nfbAynwen";-5,454;14,379;-1,787
"*video=American_Optimist_Building_a_Better_Future_for_All_aQGOGK6S7j0en";2,201;-0,835;-0,596
"*video=Americas_New_AI_Strategy_Were_Building_a_Tech_Force_GYV6XP0HSBUen";-5,613;3,071;0,836
"*video=Andrew_Yang_Will_Change_How_You_Think_About_Politics_7AF5OKtCSUken";-59,08;10,157;32,206
"*video=Arthur_Brooks_Finding_Happiness_--_What_Most_People_Get_Wrong_and_Few_Get_Right_VrMM1ODZ14sen";-20,177;11,429;2,791
"*video=Arthur_Brooks_These_Four_Things_Will_Bring_You_Lasting_Happiness_a0_JNENamLsen";-2,727;7,189;-0,893
"*video=Ashton_Kutcher_Warns_China_Could_Use_TikTok_Against_the_US_Gri661zGfEken";-10,007;7,537;0,611
"*video=Balaji_Srinivasan_Bitcoin_China_the_Woke_Mob_and_the_Future_of_the_Internet_MMuIyspn7s0en";-6,445;-29,642;79,52
"*video=Balaji_Srinivasan_How_Blockchain_Changes_Everything_NK0O2-hpGeUen";0,923;-1,875;0,118
"*video=Bari_Weiss_Defending_Western_Civilization_and_Building_New_Institutions_SBvUo2MSplMen";-78,865;19,471;33,235
"*video=Billion_Dollar_Wins_--_and_Losses_zBWyxGAeKa4en";0,366;1,718;-4,579
"*video=Billionaire_Founder_of_KIND__Shark_Tank_Star_Daniel_Lubetzky_e9mWJy2RjtEen";-57,562;38,866;5,079
"*video=Billionaire_Investors_Bold_AI_Prediction_-IpGrD5C1GEen";0,029;0,043;-0,182
"*video=Billionaire_Investor_This_is_the_Most_Undervalued_AI_Opportunity_ELj2LLNP8Aken";58,647;-19,415;-18,661
"*video=Billionaire_vs_US_Senator_Should_TikTok_Be_Banned_HX8MIYvQcVQen";-103,513;-37,692;351,193
"*video=Charles_Koch_How_a_Love_of_Philosophy_Unlocked_Exponential_Growth_uCFcz8SESdQen";-5,273;24,957;-7,226
"*video=Defense_Experts_AI_Solution_To_The_Drone_Threat_LEsO1NISV0oen";30,191;-10,707;-8,877
"*video=Discovering_Life-Saving_Drugs_from_Fungi_BTpYV9Zsikken";64,1;-12,282;-32,613
"*video=Dont_Ban_CRT_Win_With_Better_Ideas_Thomas_Chatterton_Williams_Talks_Race__Liberalism_aU7gy13l6j4en";-86,922;13,803;49,656
"*video=Dr_Mark_Esper_Lessons_from_Russias_Invasion_of_Ukraine_eqedig-EvaEen";-7,562;-35,862;95,221
"*video=Dr_Peter_Attia_How_AI_Can_Save_Healthcare_6WtHpBzAmrgen";0,626;-0,013;-0,667
"*video=Dr_Rick_Klausner_Curing_Cancer_Reprogramming_Cells_and_the_Incredible_Biotech_Revolution_5kFxWiL1Q2Aen";43,263;-6,46;-25,578
"*video=Economist_Vs_Billionaire_How_The_Myth_Of_Income_Inequality_Is_Dividing_America_mFhIJsrprXsen";-46,187;12,386;18,124
"*video=Economists_Warning_America_Must_Win_the_AI_Race_euFe-jE1t7Aen";-0,294;-5,926;10,774
"*video=Economists_Warning_Regulation_Will_Kill_AI_Progress_E7BCJAM1kUcen";1,02;-4,732;1,342
"*video=Electronic_Warfare_and_Real-Life_Force_Fields_Epirus_CEO_Andy_Lowery_X2IWqRu7L1oen";139,186;-49,17;-41,114
"*video=Ep_50_Troy_Carter_on_Discovering_Lady_Gaga_Future_of_Music_and_Speaking_Out_on_School_Choice_gOwzF0CLHwwen";-34,283;59,316;-1,943
"*video=Ep_51_Adm_Bill_McRaven_on_Leadership_Modernizing_the_Dept_of_Defense__Dealing_with_China_Y8UaL5sjkNEen";-37,022;25,541;3,058
"*video=Ep_52_Yitz_Applbaum_and_a_Modern_Middle_East_Renaissance_7-7ZYcCjxjMen";-20,649;49,597;-5,003
"*video=Ep_53_Joe_Gebbia_Changed_the_World_with_Airbnb_Heres_What_Hes_Building_Next_xaPInaOaT1Ien";-1,9;34,971;-22,785
"*video=Ep_54_Peter_Attia_Ryan_Holiday__Joe_Lonsdale_Discuss_Longevity__Americas_Health_p_-t8q9D9xUen";-0,121;12,818;-12,026
"*video=Ep_55_Nathan_Mintz_on_Directed_Energy_a_New_Space_Age__the_Final_Hurdles_to_a_Driverless_Future_9SewQ5XabFgen";68,41;-15,27;-31,23
"*video=Ep_56_A_Philosopher_Reinventing_Construction_Maria_Davidson__the_Story_of_Kojo_PcATGAEqm1sen";12,089;0,243;-21,75
"*video=Ep_57_Balaji_Srinivasan_on_the_Severity_of_the_Bank_Crisis_and_the_Future_of_Bitcoin_QKjfAhnWJqUen";-4,558;-50,986;105,604
"*video=Ep_58_Private_Markets_Outperform_Public_But_Theyre_a_Mess_Eliot_Hodges_Is_Fixing_That_sCo2Jawr24Een";38,799;-3,105;-30,126
"*video=Ep_59_Adi_Berlia_Explains_Indias_Remarkable_Rise_Out_of_Socialism_r5XT9UIdgwoen";-5,575;0,027;6,895
"*video=Ep_60_Dr_Rebekah_Gee__Nest_Health_Are_Saving_Lives_by_Reinventing_In-Home_Care_Xt8X09d7cE4en";0,004;6,036;-7,51
"*video=Ep_61_High_School_Dropout_to_Billion-Dollar_Startup_the_Story_of_Guillermo_Rauch__Vercel_UhctkmjffsUen";46,307;-2,558;-40,312
"*video=Ep_62_Ben_Rubenstein_Says_Resumes_Are_Useless_Heres_How_to_Find_the_Best_Salespeople_MWG9uaUaGroen";41,486;-1,403;-40,531
"*video=Ep_63_Eddie_Margain_on_Fleeing_Mexico_and_Building_Austin_FC_podbteLmuaMen";-24,017;31,834;-0,087
"*video=Ep_65_Marc_Andreessen_and_the_Case_for_AI_Optimism_KZE0FwuFee0en";1,621;-8,878;2,951
"*video=Ep_66_Bob_McGrew__the_Superstar_Palantir_Alum_Leading_OpenAIs_Transformative_Research_Projects_SeAaxSJ8v6Men";67,671;-9,915;-40,42
"*video=Ep_67_Brad_Gerstner_on_the_AI_Supercycle__Restoring_Faith_in_Capitalism_cnDrFBzRfgcen";8,354;-4,82;-1,109
"*video=Ep_68_Are_High_Interest_Rates__Inflation_Here_to_Stay_How_to_Generate_Alpha_with_Jacob_Miller_2_7ceKkWYOIen";59,129;-9,49;-33,574
"*video=Ep_69_How_a_Teenager_Set_Out_to_Rid_the_Ocean_of_Plastic_Boyan_Slat__the_Ocean_Cleanup_UNWiqq0UxN0en";33,119;-10,241;-11,334
"*video=Ep_70_Andrew_McAfee_on_the_Science_Behind_the_Worlds_Most_Valuable_Companies_H0l0UuyP6RQen";0;4,548;-5,239
"*video=Ep_71_No_Debt_Top_Professors__Personal_Coaches__A_New_Community_College_with_Tade_Oyerinde_bOJemB__Mpwen";-7,809;59,464;-25,402
"*video=Ep_72_Illegal_Chinese_Bio_Labs__Secret_Police_Inside_America_Congressman_Mike_Gallagher_13-lkPU9hqMen";-56,165;-25,314;206,089
"*video=Ep_73_Lessons_from_Palantir__How_Candid_Health_Is_Fixing_the_280B_Healthcare_Billing_Fiasco_rtNunKe7Q80en";122,516;-28,911;-53,564
"*video=Ep_74_Niall_Ferguson__Pano_Kanelos_on_Building_the_University_of_Austin_5l_Bk-zeVMYen";-43,107;97,339;-8,389
"*video=Ep_75_Leadership_Lessons_with_Intuit_Founder__Silicon_Valley_Legend_Scott_Cook_rbIzL223gsMen";1,649;5,068;-15,726
"*video=Ep_76_Accelerate_or_Die_Guillaume_Verdon_and_the_eacc_Movement_NgUwdHGWKkAen";22,997;-2,367;-16,227
"*video=Ep_77_Mike_Solana_on_Exposing_Corruption_Saving_San_Francisco_and_Building_a_New_Media_Empire_Ek6dHrUDg9oen";-20,91;5,06;8,959
"*video=Ep_78_Emil_Michael__the_Master_Dealmaker_Behind_Ubers_Global_Dominance_B_ptOo19SC0en";-9,716;10,838;0,018
"*video=Ep_79_Bjorn_Lomborg_and_the_12_Best_Ideas_to_Help_the_World_co9ra0gvBXoen";-1,084;-0,582;4,258
"*video=Ep_80_Leonard_Leo_Knows_How_to_Win_and_How_to_Save_Our_Country_Qh6Y43e02vYen";-106,115;-10,707;249,102
"*video=Ep_81_How_Palantir_Star_Tyler_Scriven_Is_Helping_Small_Business_Compete_With_Amazon_SkY_gUUH8Kcen";-1,695;38,808;-27,109
"*video=Ep_82_Rising_Inflation_Looming_Recession_The_State_of_the_Economy_with_Whitney_Baker_cD_2rcNsRNYen";105,339;-30,651;-38,31
"*video=Ep_83_A_New_Leukemia_Cure_with_Ivan_Dimov_of_Orca_Bio_J99MyfKKdeQen";98,396;-25,831;-39,35
"*video=Ep_84_Sri_Ganesan_on_Freshworks_Big_Win_Building_Rocketlane__Indias_Tech_Boom_io9Gn-9gOGoen";27,919;-0,057;-36,214
"*video=Ep_85_The_Path_to_Regime_Change_in_Iran_with_Crown_Prince_Reza_Pahlavi_MmoEeCx30Fcen";-127,611;-7,315;267,319
"*video=Ep_86_How_to_Teach_STEM_for_the_21st_Century_with_Dr_David_Ruth_p2jwa9iGUy8en";-0,002;29,433;-34,047
"*video=Ep_87_Dr_Cliff_Winston__Deregulate_Lawyers_Deregulate_Airlines__Let_Markets_Correct_Themselves_-mIhnpoCnUcen";-0,008;-14,949;18,448
"*video=Ep_90_A_Conversation_with_Wall_Street_Pioneer_Ethan_Penner_jUAu8_ReNTAen";-46,149;73,019;-1,426
"*video=Evil_AI_Is_Coming_But_Not_the_Way_You_Think_3phTUVxbT_cen";12,503;-6,981;-1,784
"*video=Ex-Bud_Light_President_The_Truth_Behind_the_Brands_Collapse_SOYWMSo_Sdwen";-69,201;15,137;32,074
"*video=Exercise_Scientist_How_AI__Miracle_Drugs_Can_Make_You_Superhuman_T_NpPPID1ecen";28,238;-0,046;-36,971
"*video=Exiled_Crown_Prince_of_Iran_How_to_Liberate_a_Nation_2tx774TWXqIen";-26,72;-5,879;76,884
"*video=Exposing_a_Billion_Dollar_Fraud_Scandal_Using_Palantir_xkXRTycBpEsen";-0,049;-14,042;18,704
"*video=Force_Fields__Directed_Energy_Are_Here_How_Epirus_Is_Changing_Defense_Tech_PFMaaQDvGVQen";87,459;-26,41;-30,663
"*video=Former_Canadian_Prime_Minister_How_to_Save_Western_Civilization_lb0b4utSxiQen";-37,276;0,651;40,674
"*video=Former_Crown_Prince_of_Iran_Why_This_Regime_Must_Be_Taken_Down_qpl24oMS7QQen";-42,708;-5,886;108,004
"*video=Former_DC_Mayor_Adrian_Fenty_Courage_Accountability_Better_Schools_and_Safer_Cities_5L5hHQyziO0en";-29,276;51,862;-1,904
"*video=Former_NYT_Journalist_Free_Speech_is_in_Danger_4vM2uJfN_uQen";-30,614;2,056;25,177
"*video=Free_Housing_Wont_Solve_the_Homeless_Crisis_Heres_What_Will_m3PSd0YLxDAen";-79,945;-20,044;239,433
"*video=From_ChatGPT_to_Billions_of_Robots_Marc_Andreessens_Prediction_pRoKi4VL_5sen";2,125;-8,442;2,011
"*video=From_Entrepreneur_To_Governor_How_Hes_Changing_America_ynJWPThToV8en";-50,153;4,828;36,361
"*video=From_Math_Prodigy_to_AI_Genius_How_Scott_Wu_Built_Devin_YwmQzWGyrRQen";102,297;-11,447;-69,655
"*video=From_Palantir_to_Space_Defense_Building_a_100_Billion_Company_hoVEoHXB6NEen";84,006;-35,395;-19,692
"*video=From_Prosperity_to_Ruins_Venezuelas_Fight_for_Freedom_YEgJKvg9xbUen";-71,463;-12,633;193,047
"*video=From_Survival_to_Creative_Mode_How_AI_Will_Change_Work_FoPvBnRgO70en";38,196;-11,861;-13,015
"*video=Hard_Truths_About_Morgan_Stanleys_Success_Former_CEO_wVmMmolLHcsen";-4,876;11,077;-0,97
"*video=Harvard_Economist_The_Truth_About_Police_Brutality_9sRYbrp_jCwen";-2,953;24,365;-10,953
"*video=Harvard_Professors_Warning_Avoid_This_Fatal_Money_Mistake_miXVWgBVrf8en";-10,371;1,251;6,827
"*video=He_Built_Teslas_FIRST_Roadster_Battery_Find_Out_What_Hes_Building_Next_yhbKdsegqnEen";137,524;-41,821;-47,874
"*video=He_Predicted_Putins_Invasion_Now_He_Predicts_When_China_Will_Invade_Taiwan_dPkpBJajfF8en";-3,34;-48,393;94,318
"*video=Historian_Niall_Ferguson_Chinas_Strengths_Are_Exaggerated_ocB5fpQxh7sen";-5,454;-2,504;20,155
"*video=Hollywood_Star_Why_the_Emmys_Ignored_Charlie_Kirks_Assassination_XKX58P-PGq0en";-38,181;5,106;23,913
"*video=Home_Depot_Founders_Millionaire_Business_Strategy_UhsCaPGO3DEen";-18,353;23,14;-0,016
"*video=How_200MPH_Flying_Cars_are_about_to_Change_the_World_TVg_DK8-kMwen";67,788;-6,973;-47,846
"*video=How_AI_Agents_Are_Transforming_Logistics_67d8KUrbiCYen";78,905;-8,452;-54,752
"*video=How_AI_is_Fixing_Americas_Most_Boring_Industry_ot0ofWCEuy4en";96,848;-23,367;-41,592
"*video=How_AI_Might_Solve_the_Alien_Mystery_Thought_Leaders_Paradox_deXX9-d3P5gen";-14,485;8,156;2,03
"*video=How_AI_Robots_Are_Taking_Over_Construction_l2sdZ1IyZx8en";155,991;-50,374;-50,999
"*video=How_Daniel_Lubetzky_Built_KIND_Into_a_5B_Global_Success_I9-t1QhLc-Uen";-9,376;6,605;0,724
"*video=How_Elon_Musk_Built__Sold_His_First_Company_300M_Sale_X5PZ3JuzEX8en";0,003;4,55;-5,657
"*video=How_Elon_Musks_SpaceX_Is_Embarrassing_The_US_Government_3pLEpO90jLoen";25,09;-8,442;-7,84
"*video=How_Founder_Ken_Langone_Turned_Home_Depot_Into_A_400_Billion_Empire_t65qijV0nPcen";-25,411;66,598;-8,173
"*video=How_Hayes_Barnard_Is_Transforming_Solar_Tech__Green_Housing_sytqGvIojlYen";77,98;-10,202;-49,373
"*video=How_He_Became_the_First_AI_Billionaire_smCNYsBzg0gen";4,271;0,35;-9,585
"*video=How_John_Mack_Saved_Morgan_Stanley__Transformed_Wall_Street_W2R7bfrFQ4Men";-50,543;116,333;-10,547
"*video=How_John_Mackey_Started_Whole_Foods_with_Just_45k_WKOH1xrVVt8en";1,752;0;-2,454
"*video=How_Palantir_Alumni_Keep_Launching_Billion-Dollar_Ideas_ByDqjdLKVKken";102,437;-17,414;-56,224
"*video=How_Palantir_is_Leading_the_AI_Revolution_and_Creating_A_Safer_World_Xg-KFZHd7uMen";2,518;-5,262;0,362
"*video=How_Psychedelic_Medicine_Could_Transform_Healthcare__Why_Medical_School_Is_Broken_0uQIHrBTGeUen";19,574;-5,817;-6,973
"*video=How_the_Renaissance_Sparked_an_Entrepreneurial_Explosion_with_Jeannette_zu_Fürstenberg_3-tSMBHnyoken";0,065;12,803;-17,491
"*video=How_The_Worlds_Best_Investors_Are_Playing_AI_neqCX9ZbOywen";11,198;-3,715;-3,554
"*video=How_this_Governor_is_Proving_Trump_Right_S6caODsDQYAen";-83,809;-4,983;176,726
"*video=How_to_Change_the_World__Admiral_Bill_McRaven_V825mFbWPs0en";-36,827;18,127;6,723
"*video=How_to_Disrupt_the_38_Billion_Storage_Industry_6EcNTOec3Qcen";72,637;-10,075;-44,655
"*video=How_to_Fix_Dysfunctional_Government_with_Esper_CEO_Maleka_Momand_nTWBWcxIlUMen";4,808;-33,133;13,216
"*video=How_to_Fix_Homelessness_Expand_Telehealth_and_Defeat_Special_Interests_with_Jared_Meyer_JRPWSx9Ymi0en";-74,65;-12,89;200,351
"*video=How_to_Invest_in_2026_Altimeter_CEOs_Prediction_KnJopI3Q7Kgen";16,02;-9,11;-2,197
"*video=How_to_Invest_Like_a_Billionaire_jzUrBI8lW1cen";37,909;-2,708;-30,574
"*video=How_to_Use_AI_in_2026_Opendoor_Founders_Advice_m8y0ftEmbkYen";51,471;-0,824;-56,819
"*video=Investing_in_2026_What_You_Need_to_Know_SEC_Chairman_7Cb19tOA0p4en";2,314;-45,881;30,644
"*video=Iran_vs_Israel_Exiled_Crown_Prince_on_the_Reason_for_the_Conflict_bE8S6Cp8lo0en";-38,181;-11,084;119,87
"*video=Is_America_Better_Without_Christianity_l8leF8nV_SAen";-16,161;3,306;7,863
"*video=Jake_Kloberdanz_Cause-Centric_Commerce_and_the_Art_of_Award-Winning_Winemaking_riy9Q8Baj1ken";1,373;15,888;-32,636
"*video=Joe_Lonsdale_and_Chris_Sprowls_How_to_Defeat_Special_Interests__Cronyism_fUL_jVCeGYEen";-57,106;0,904;63,133
"*video=Joe_Lonsdale_and_Dhani_Jones_Discuss_the_Power_of_Suffering__Adversity_fm0tiE47pssen";-61,518;165,183;-21,307
"*video=Joe_Lonsdale_and_Pano_Kanelos_on_Building_a_New_World-Class_University_hxWLun4Nlzwen";-80,393;87,592;0,255
"*video=Joe_Lonsdale_Stuns_CNBC_Host_ug6Gr5VccZken";-8,182;-1,457;22,145
"*video=John_Chambers__Pankaj_Patel_Changed_the_World_with_Cisco_Now_Theyre_Doing_It_Again_with_Nile_VWkCcfX747wen";22,913;-2,798;-14,996
"*video=Jonathan_Greenblatt_on_Ta-Nehisi_Coates_CRT_and_woke_politics_K9drmcFuO-Aen";-131,909;8,351;110,447
"*video=Kimbal_Musk_Tesla_SpaceX_The_Kitchen_and_Launching_His_First_Company_with_Elon_IIkY9yZSMs4en";-1,831;30,387;-19,083
"*video=Kimmy_Scotti_How_to_Spot_and_Build_the_Next_Big_Thing_MFtexGKDeVEen";72,637;-9,107;-46,949
"*video=Lean_Startup_vs_Fat_Startup_How_to_Succeed_like_Palantir__SpaceX_3U7_bkz-r-Een";0,119;3;-5,232
"*video=Legendary_iPod__iPhone_Creator_Tony_Fadell_Shares_His_Design_Secrets_TAs1OU-GZCMen";44,912;-1,275;-45,374
"*video=Marc_Andreessen_Predicts_AIs_Critical_Turning_Point_dgxiFHcPluAen";4,109;-7,659;0,351
"*video=Marc_Andreessen_The_Truth_About_Immigration__DEI_Glsk28CuyDMen";0,032;0,672;-1,212
"*video=Mark_Esper_Never_Underestimate_the_American_People_CJNbRSsiercen";-10,91;-0,943;24,763
"*video=Mike_Pompeo_Negotiating_with_Tyrants_Spy_Balloons_or_UFOs__Why_Trump_Didnt_Ban_TikTok__trV3oTKF98en";-42,15;-1,863;84,481
"*video=NASAs_Warning_We_Are_1_Year_From_Losing_the_Moon__naNYr1r6GAen";10,29;-6,247;-1,212
"*video=New_Face_of_DOGE_Agenda_Explains_the_Big_Beautiful_Bill_cev5y2Hb5Rcen";-24,228;-24,101;124,733
"*video=NFL_Legend_Ronnie_Lott_on_Grit_Leadership__What_America_Means_to_Him_ayGzwyR5YEEen";-33,841;81,598;-8,308
"*video=Niall_Ferguson_Why_Great_Civilizations_Rise_and_Fall_cAdUdrDaAqAen";-21,991;-2,334;52,219
"*video=Oklos_Amazing_Small_Reactor_That_Can_Reuse_Nuclear_Waste_tXbWC1mDrl4en";118,728;-53,577;-25,079
"*video=Open_AI_Chief_Outlines_His_AI_Thesis_in_9_Minutes_olN6m5mi48cen";31,663;-10,202;-10,377
"*video=Palantir_Co-Founder_on_the_Next_Generation_of_Warfare_RsaoH4knEA8en";69,605;-42,836;-7,924
"*video=Palantir_Founder_How_to_Reach_the_Top_1_nQ2vho89H1wen";0,192;2,182;-4,501
"*video=Palmer_Luckey_Important_Development_in_AI_Weapons_J3Fs47nQkZYen";29,112;-16,793;-3,868
"*video=Palmer_Luckey_Meet_the_Real-Life_Tony_Stark_epy8UVZilmAen";35,863;-14,996;-8,499
"*video=Peng_Shuai_Beijing_Olympics__Holding_China_Accountable_with_Former_UN_Ambassador_Kelly_Craft_U4iFXcd3czEen";-84,96;-25,445;269,505
"*video=Pentagon_Chief_6_Weapons_That_Will_Prevent_WW3_U3ZqGHLxlQ0en";13,816;-9,458;-1,169
"*video=Peter_Thiel_on_Trumps_Trade_and_Tariff_Policy_RCsW1snWed8en";0,732;-9,605;5,49
"*video=Peter_Thiel_Reveals_Palantirs_Unstoppable_Philosophy_9-EBf5KhJ-sen";11,198;-16,294;0,161
"*video=Peter_Thiels_Contrarian_Guide_to_Investing_c3TfvGUm8_0en";16,388;-16,475;-0,167
"*video=Peter_Thiel_Elon_Musks_Advice_that_Transformed_Palantir_ax4IsNzPcXUen";2,432;-0,048;-2,606
"*video=Principles_That_Made_Charles_Koch_a_Billionaire_Hm-zUHLUgz4en";0,064;0,53;-1,188
"*video=Rep_Ro_Khanna__Joe_Lonsdale_Debate_Income_Inequality_and_Regulating_Big_Tech_3mtrNt1mNpIen";-9,356;-0,034;14,696
"*video=Reviving_a_Culture_of_Innovation_with_Tyler_Cowen_rnLPwI9taYAen";-13,004;10,474;0,601
"*video=Russia_Invades_Ukraine_Will_China_Invade_Taiwan_Featuring_Former_UN_Ambassador_Kelly_Craft_sMqcIXKVmdUen";-5,673;-4,175;25,442
"*video=Ryan_Holiday_How_Stoicism_Changed_the_World_tQplPF6Gtdken";-143;257,319;-10,144
"*video=Sal_Churi_Keri_Findley_and_Wesley_Chan_Innovators_Changing_Our_World_Right_Now_9WYqRab7ysIen";72,266;-18,572;-29,439
"*video=Sam_Altmans_Nuclear_Startup_Could_Power_The_US_For_100_Years_v_t1_bIdQzwen";12,345;-8,393;-1,067
"*video=Secret_Tech_Billionaire_Is_Betting_1B_on_This_HbFeNV4z9rAen";-36,35;173,461;-50,633
"*video=Secrets_Of_Investing_Early__Lessons_From_A_Billion-Dollar_Investor_QzjIfkNAp8Uen";60,738;-1,839;-60,641
"*video=Senator_Exposes_Americas_Biggest_Censorship_Scandal_uXJqzcl1NaYen";-130,036;-10,585;291,446
"*video=Stephen_Harper_Rejecting_Wokeness_Addressing_China_and_Defending_Western_Values_n2CpZTlTL1Aen";-42,474;-6,07;108,407
"*video=Tariffs_DOGE__Fixing_America_Peter_Thiels_Skeptic_Solutions_v2q3yPwEo5wen";-5,215;-2,155;18,523
"*video=Texas_State_Technical_College_The_School_With_a_Money-Back_Guarantee_t57vCXW8b-wen";0,037;5,567;-7,771
"*video=The_Beginning_of_the_End_of_Cancer_with_Dr_Rick_Klausner_aUpMZjHCtB8en";35,558;-15,039;-8,289
"*video=The_Billion-Dollar_Tech_Idea_That_Started_in_a_Camper_2YD6zoNnBOwen";44,285;-13,649;-15,206
"*video=The_Brutal_Truth_About_Palantir_86rcTPbQbfEen";7,661;-6,987;-0,178
"*video=The_Business_Secrets_That_Made_Jimmy_John_a_Billionaire_g0zEw4Pa-DUen";9,551;-0,104;-11,028
"*video=The_Economy_After_AI__Cryptocurrency_6s-jFYUXyioen";1,412;-9,113;3,463
"*video=The_End_of_Cancer_CAR_T-Cell_Therapy__the_Biology_Revolution_-UxrkJAhtnoen";14,374;-2,081;-8,641
"*video=The_Free_College_Tuition_Model_That_Makes_Sense_YzP0kUw_jXIen";-5,765;11,05;-0,565
"*video=The_Genius_Strategy_Behind_Apples_First_iPhone_mJMB7O8_GE0en";20,839;-10,859;-3,423
"*video=The_Greatest_Entrepreneur_Youve_Never_Heard_Of_DjKqgUY5CzMen";-0,901;19,997;-13,841
"*video=The_Hidden_Secret_To_Scaling_A_Small_Business_timNqbg_Z1Ien";13,153;-0,58;-12,126
"*video=The_Man_Behind_the_Militarys_Smartest_Self-Driving_Vehicles_3IkwPQedA80en";109,567;-23,276;-51,889
"*video=The_One_Thing_AI_Will_Never_Replace_w2deeFQ3uk0en";-24,777;31,83;-0,041
"*video=The_Psychology_of_Billionaire_Entrepreneurs_wHivhCue1CMen";8,61;-3,778;-1,9
"*video=The_Secret_Team_Fixing_Americas_Broken_Systems_1sEsOpHb3w0en";-12,155;1,488;7,946
"*video=The_Terrifying_Truth_AI_Researchers_Dont_Understand_JenafBze3qUen";-0,701;-0,085;1,719
"*video=The_Trillion_Dollar_Mistake_That_Nearly_Destroyed_the_US_Economy_Q89JskIykTMen";-0,779;-11,695;22,613
"*video=The_Truth_About_AI_Sam_Lessins_Contrarian_Take_R_aHzJGrBN0en";9,944;0,217;-18,071
"*video=The_Year_That_Changed_Medicine_Forever__Francisco_Gimenez_Explains_the_Biotech_Revolution_UMBNkVKTCI4en";75,591;-17,017;-34,284
"*video=These_AI_Tools_Will_Make_Your_Job_Easier_Billion-Dollar_Tech_Prodigy_1zYU0sU6Beken";0,479;0,025;-0,987
"*video=These_Jobs_Will_Skyrocket_in_the_AI_Economy_EVZdkY7EoNAen";-22,861;-9,263;80,614
"*video=This_AI_Sea_Drone_Could_Destroy_A_Submarine_nRA40EAFf-sen";38,358;-12,338;-12,595
"*video=This_Idea_is_Destroying_American_Universities_xqpogFcXYRken";-161,305;110,163;13,749
"*video=This_New_Startup_Is_Disrupting_Healthcare_As_We_Know_It_woTmD-R3EIoen";78,455;-21,501;-30,188
"*video=Top_Music_Exec_I_Turned_200_Lady_Gaga_Fans_into_Millions_GyVL7kMi098en";0;8,959;-10,647
"*video=Top_Tech_Investors_This_AI_Wave_Is_10X_Bigger_Than_SaaS_aETqFYCrIoAen";178,766;-52,703;-64,185
"*video=Trillions_in_AI_InvestmentBut_No_Bubble_4FdXvFy3ZY0en";-55,216;-20,522;188,706
"*video=Tucker_Shapiro__The_New_RightDave_Rubin_Calls_for_an_Honest_Debate_w1FRqBOxS8gen";-111,726;26,467;48,695
"*video=Turning_25K_Into_3_Billion_The_Hard_Truths_Of_Jimmy_Johns_Success_izc8oXNri1oen";0,615;2,136;-6,33
"*video=Turning_Whiskey_Into_Millions__The_Hustler_Behind_WhistlePig_Em5q_Y-Zatwen";-80,665;212,205;-26,247
"*video=Two_Billionaires_Debate_Should_We_Fear_AI_kEtiYFgnZn8en";-1,659;0,261;0,952
"*video=Ubers_Billion-Dollar_Strategy_That_Crushed_Lyft_O024I_rzgVAen";0;4,664;-5,402
"*video=What_Billionaire_Entrepreneurs_Know_That_You_Dont_wQ-MuaD4txAen";-3,98;8,936;-0,758
"*video=What_Happens_When_AI_Automates_Everything_JTEsBdTLtdQen";0,774;0,01;-1,335
"*video=What_Happens_When_AI_Can_Do_Every_Job_AOCcqj3oYloen";-81,605;73,334;2,094
"*video=What_He_Learned_Building_Amazon_With_Jeff_Bezos_DyHa6By5zc8en";2,733;0,56;-7,701
"*video=What_He_Learned_Working_Side_by_Side_with_Elon_Musk_NaG0PGvfX6sen";41,169;-14,218;-12,488
"*video=What_Investors_Need_to_Know_About_the_US_Debt_Spiral_FAuc2CMRbacen";22,616;-9,545;-5,288
"*video=What_Steve_Jobs_Knew_About_Innovation_That_You_Dont_PYND_01c5JAen";-47,975;17,419;13,712
"*video=What_The_Media_Gets_Wrong_About_Climate_Change_R3FwJjvi-5Qen";-0,001;-11,745;14,129
"*video=What_You_Were_Taught_About_Slavery_Is_Probably_Wrong_--_Coleman_Hughes_584um6umaEoen";-5,673;7,919;-0,049
"*video=Whole_Foods_Co-Founder__CEO_John_Mackey_Conscious_Capitalism_and_Repairing_Americas_Division_vmZYyxKRSlken";-2,736;0,753;1,049
"*video=Why_Billionaires_Use_This_2000-Year-Old_Mindset_lPFtfXIJlo0en";-38,181;43,645;0,032
"*video=Why_California_is_Collapsing_From_Within_ZlPWJ9EoGhgen";-73,232;-3,039;145,312
"*video=Why_Fortune_500_Companies_Arent_Hiring_The_Best_People_iCEPIhjWl2Aen";2,574;0,091;-4,987
"*video=Why_Its_Legally_Impossible_To_Build_In_America_dWwE5Vk2OFAen";-32,617;-4,021;80,237
"*video=Why_María_Corina_Machado_Won_The_Nobel_Peace_Prize_ydNKBHRC1CEen";-9,178;-9,854;49,019
"*video=Why_Reparations_Wont_Work__Why_Standardized_Tests_Help_Minorities_--_Coleman_Hughes_gD1X2KGqPrsen";-162,313;126,038;8,778
"*video=Why_the_Iryna_Zarutska_Tragedy_Was_Preventable_AOVUD_J2FMUen";-25,467;2,426;18,539
"*video=Why_The_Next_Financial_Lockdown_Could_Be_Worse_Than_The_1930s_U27BrPBlP0gen";-8,956;-15,01;60,132
"*video=Why_this_Billionaire_Just_Took_Over_NASA_gCik1Ak6WVcen";45,773;-7,185;-26,322
"*video=Why_This_Social_Justice_Activist_Became_an_Entrepreneur_Instead_-hCEp1EyMj0en";-154,281;225,739;-2,351
"*video=Why_You_Are_Unhappy_Harvard_Professors_Solution_KFqA3dnx7S4en";0,073;0,05;-0,318
"*video=Why_Youre_Hiring_the_Wrong_Sales_People_lSoTwMf61mAen";31,608;-6,54;-15,255
"*video=Will_AI_Replace_Software_Engineers_Tech_CEOs_Prediction_b-RMZL0_xLken";23,6;-9,928;-5,545
"*video=Will_Superintelligent_AI_Destroy_Humanity_v7RJ8kbE9oUen";21,213;-12,394;-2,737
"*video=Zach_Latta_Founding_Hack_Club__Inspiring_the_Next_Generation_of_Builders_PaB5ltDmD0Qen";-10,158;67,88;-26,477
"*video=The_AI_Threat_Is_Worse_Than_You_Think__Trumps_Tech_Advisor_JbTDK4Izw1Qen";-0,326;-2,542;5,791
"*video=Scared_of_AI_This_will_terrify_you_-_Ex-Google_Physicist_g0FZT99tPi0en";17,448;-9,497;-2,627
