"";"classe 1";"classe 2";"classe 3"
"uh";1;1;0,061
"person";1;0;0
"thing";0;1;1
"um";0;1;1
"yeah";0,038;0,009;1
"work";0;0,073;1
"year";0;1;1
"kind";0,743;0,117;1
"time";0;1;1
"company";0;1;1
"build";0;1;1
"world";1;0;1
"good";1;0;1
"start";0,004;0;1
"big";0;1;1
"talk";1;0;0,315
"back";1;0;0,955
"great";1;0;1
"ai";0;1;1
"sort";0;1;1
"problem";0;1;1
"interest";1;0,085;0,841
"call";0,012;1;1
"business";0;1;1
"guy";1;0;1
"money";0;1;1
"stuff";0;1;1
"happen";1;1;0
"part";1;0,081;0,105
"basically";0;1;1
"country";1;0,013;0
"system";0;1;1
"government";1;1;0
"give";1;0,001;0,879
"state";1;1;0
"put";0,043;1;0
"learn";0;0,12;1
"hard";0;1;1
"day";1;0;1
"bite";1;0;1
"create";0;1;1
"school";1;0;1
"kid";1;0;1
"end";0,305;1;1
"run";0,667;1;0,15
"idea";1;0;0
"bad";1;1;0
"love";1;0;1
"point";0,657;0,563;1
"change";0,007;1;0,067
"important";1;0,005;0
"high";0;1;1
"today";1;0;1
"technology";0;1;1
"find";1;0;1
"understand";1;1;0,074
"place";1;0;0
"america";1;0;0
"market";0;1;1
"life";1;0;1
"feel";1;0;0,014
"long";0;1;1
"job";1;0,001;1
"pretty";0;1;1
"spend";0;1;1
"american";1;0;0,264
"question";1;0;1
"area";0;1;1
"side";1;0,186;0
"pay";0;1;1
"dollar";0;1;1
"leave";1;0,031;0
"human";0;1;1
"bring";1;0;1
"joe";1;0;1
"friend";1;0;1
"show";1;0;1
"million";0;1;1
"grow";1;0;1
"amaze";1;0;1
"product";0;1;1
"excite";0,736;0;1
"guess";0,928;0,264;1
"term";0;1;0,162
"early";0,007;0,131;1
"case";0;1;0,659
"move";0,03;1;1
"china";1;1;0
"live";1;0;1
"care";0,438;0,819;1
"real";0,001;1;1
"data";0;1;1
"reason";1;0,034;0
"focus";0;1;1
"culture";1;0;1
"level";0;1;1
"turn";0;1;1
"power";0,007;1;0
"ago";0,503;0,15;1
"sense";1;1;0
"team";0;1;1
"society";1;0;0
"top";0;1;1
"model";0;1;1
"crazy";1;1;0
"billion";0;1;1
"hear";1;0;1
"buy";0;1;1
"write";1;0;1
"push";1;0;0
"engineer";0;1;1
"figure";0;1;1
"small";0;1;1
"fix";1;0,45;0
"tech";0,066;1;0,998
"book";1;0;1
"huge";0;1;1
"sell";0;1;1
"fight";1;0,004;0
"numb";0;1;1
"fast";0;1;1
"drive";0;1;1
"solve";0;1;1
"open";0;1;1
"future";1;0;1
"teach";1;0;1
"break";1;1;0
"couple";0,015;1;1
"university";1;0;1
"city";1;1;0
"house";1;1;0
"cool";0;1;1
"base";0;1;1
"law";1;1;0
"issue";1;1;0
"policy";1;1;0
"remember";1;0;1
"public";1;1;0
"industry";0;1;1
"win";1;1;0
"thousand";0;1;1
"program";0,006;1;1
"young";1;0;1
"education";1;0;1
"man";1;0;1
"story";1;0;1
"type";0;1;1
"set";0;1;1
"talent";0,001;0,053;1
"bunch";0;1;1
"fact";1;0,031;0
"deal";0,144;1;0,005
"cost";0;1;1
"process";0;1;1
"wrong";1;0;0,406
"student";1;0;1
"true";1;0,002;1
"large";0;1;1
"health";0,001;1;0,301
"fund";0;1;1
"family";1;0;1
"scale";0;1;1
"play";1;0;1
"matter";1;0,167;0,209
"group";1;1;0
"realize";1;1;0,001
"innovation";0,009;1;1
"absolutely";0,467;1;0,034
"war";1;1;0
"history";1;0,001;0
"gonna";0,079;0,389;1
"lead";1;1;0
"software";0;1;1
"month";0;1;1
"challenge";0,07;0,407;1
"free";1;1;0
"view";1;0,001;0
"space";0;1;1
"leader";1;0;0,189
"force";1;1;0
"smart";1;0;1
"invest";0;1;1
"energy";0;1;1
"control";0,001;1;0
"hundred";0;1;1
"customer";0;1;1
"service";0;1;1
"read";1;0;1
"opportunity";0,078;0,529;1
"home";1;0;1
"experience";1;0;1
"entrepreneur";1;0;1
"agree";1;0,062;0
"president";1;1;0
"rule";1;1;0
"stop";1;1;0
"speak";1;0;1
"order";0;1;0,302
"involve";1;0,591;0
"hire";0,125;0;1
"wow";0,002;0,47;1
"easy";0;1;1
"defense";0;1;1
"economy";0;1;1
"super";0,004;0,451;1
"support";1;1;0
"optimistic";1;0;1
"hope";1;0;0,044
"car";0;1;1
"low";0;1;1
"community";1;0;1
"positive";1;0;1
"answer";1;0,605;0,922
"totally";1;0,049;0
"meet";1;0;1
"lose";1;1;0
"half";0;1;1
"trump";1;1;0
"game";0,001;0,818;1
"literally";0,053;1;0,195
"general";0,046;1;0,325
"hey";1;0;1
"attack";1;1;0
"test";0;1;1
"founder";1;0;1
"college";1;0;1
"successful";1;0;1
"study";1;0;1
"week";1;0;1
"decade";0,16;1;0,02
"versus";0;1;1
"valley";1;0;1
"military";0,441;1;0
"sound";1;0,031;1
"join";1;0;1
"line";0,361;1;0,165
"institution";1;0,002;0
"fun";1;0;1
"step";1;0,454;0,227
"mind";1;0;1
"amount";0;1;1
"science";0,1;0;1
"unite";1;1;0
"risk";0,002;1;1
"close";0,024;1;1
"bill";0,709;1;0
"middle";1;0;0,471
"awesome";1;0;1
"hand";1;1;0,117
"forward";1;0,01;0,093
"rate";0;1;1
"medium";1;1;0
"train";0;1;1
"network";0;1;1
"single";0,001;1;1
"machine";0;1;1
"private";0,001;1;1
"office";1;0;0,645
"class";1;0;1
"hour";0,003;0,514;1
"word";1;0,063;1
"impact";0,313;1;1
"healthcare";0;1;1
"capital";0;1;1
"sit";1;0;1
"startup";0;1;1
"imagine";0,113;1;1
"funny";1;0;1
"bank";0;1;1
"raise";0;1;1
"clear";1;1;0
"begin";1;0,182;0,619
"apply";0,164;0,351;1
"exist";0;1;1
"drug";0;1;0,063
"computer";0;1;1
"ceo";1;0;1
"investor";0;1;1
"cut";0;1;1
"elon";1;0,002;1
"hit";0;1;1
"decision";1;1;0
"share";1;0,049;0
"ability";0;1;1
"principle";1;0;0,794
"growth";0;1;1
"texas";1;0;0,424
"design";0;1;1
"watch";1;0;1
"organization";1;1;0,001
"code";0;1;1
"strong";1;0,011;0
"project";0;1;1
"silicon";1;0;1
"political";1;1;0
"optimist";1;0;1
"ton";0;1;1
"yep";0;1;1
"social";1;1;0
"platform";0;1;1
"mention";1;0,004;0,059
"california";1;1;0
"worry";1;1;0,001
"listen";1;0;1
"chinese";1;1;0
"approach";0,293;0,305;1
"solution";0,044;1;0,115
"regulation";0;1;0,055
"partner";0,082;0,065;1
"intelligence";0;1;1
"continue";0,802;1;0,591
"access";0;1;1
"productivity";0;1;1
"parent";1;0;1
"key";0;1;1
"stay";1;0;1
"price";0;1;1
"plan";0;1;1
"austin";1;0;1
"background";1;0;1
"head";1;0,461;0,001
"consumer";0;1;1
"walk";1;0;1
"trillion";0;1;1
"tax";1;1;0
"administration";1;1;0
"white";1;0;1
"tough";1;0;1
"quickly";0;1;1
"past";1;0,931;0
"folk";0,403;1;1
"success";1;0;1
"percent";0;1;1
"hold";1;1;0
"economic";0,849;1;0
"tool";0;1;1
"pass";1;1;0
"incredible";0,002;1;1
"completely";0,491;1;0,146
"operate";0;1;1
"nuclear";0;1;1
"incentive";0,818;1;0
"moment";1;0;1
"generation";1;0;0,975
"field";0;1;1
"trade";0,342;1;0,001
"party";1;1;0
"ahead";0,165;1;1
"framework";1;1;0,606
"difference";1;0,531;0,518
"skill";0;1;1
"environment";0;1;1
"save";0;1;1
"manufacture";0;1;1
"stand";1;0,061;0
"similar";0,003;1;0,446
"goal";0;1;1
"benefit";0,948;1;0
"form";0;1;1
"york";1;0;0,501
"decide";1;0,003;0,171
"launch";0;1;1
"internet";0;1;1
"advance";0;1;1
"conversation";1;0;0,013
"mission";0;1;1
"front";1;0,434;0,4
"choice";1;0,012;0
"age";1;0;1
"race";1;0,073;0
"google";0;1;1
"average";0,278;0,983;1
"pull";0,164;1;1
"piece";0;1;1
"fire";1;1;0
"cheap";0;1;1
"agency";1;1;0
"phone";0;1;1
"brain";0;1;1
"street";1;0,049;0
"progress";1;1;0,054
"india";1;1;0,024
"god";1;0,004;1
"suppose";1;0,311;0,04
"grind";0;1;1
"global";0;1;1
"massive";0;1;1
"charge";1;1;0
"board";1;0,008;1
"tie";1;0;0,403
"security";0,105;1;0
"competition";1;1;0
"black";1;0;0,005
"trust";0,104;1;0,002
"ten";0;1;1
"reality";0,001;1;1
"compete";0;1;1
"version";0,349;1;0,004
"politics";1;0,002;0
"infrastructure";0;1;1
"deep";0,215;0,014;1
"inspire";1;0;1
"develop";0;1;1
"ultimately";1;1;0,201
"protect";1;1;0
"powerful";1;1;0
"israel";1;0,177;0
"eventually";0;1;1
"common";1;0,186;0
"perspective";1;0,044;0,156
"national";1;1;0
"kill";1;1;0
"entire";0;1;1
"cuz";1;0;1
"send";0,313;1;0,091
"sale";0;1;1
"philosophy";1;0;1
"manage";0;1;1
"food";0;1;1
"store";0;1;1
"safe";0;1;1
"europe";1;1;0
"structure";0,009;1;0,218
"incredibly";0,088;0,482;1
"career";1;0;1
"vote";1;1;0
"quality";0;1;1
"correct";1;1;0
"serve";1;0,022;0,275
"san";1;0;0,108
"information";0;1;1
"scary";1;1;0,022
"result";0,187;1;0,756
"asset";0;1;1
"vehicle";0;1;1
"special";1;0,191;0
"anymore";1;1;0,11
"role";1;0;1
"essentially";0;1;0,723
"woman";1;0;1
"full";0,102;0,389;1
"drone";0;1;1
"cell";0;1;1
"shift";0,446;1;1
"poor";1;0;0,104
"americans";1;0,499;0
"critical";0,018;1;1
"local";1;1;0
"air";0;1;1
"truth";1;0;0,628
"recently";1;0,002;0,007
"multiple";0;1;1
"fair";1;0,402;0,008
"curious";1;0;0,54
"center";0,5;1;0,128
"debate";1;0,114;0
"room";1;0;1
"engage";1;0;0,079
"advantage";0;1;1
"water";0;1;1
"lesson";1;0;1
"add";0;1;1
"wait";1;0,009;1
"finance";0;1;1
"extreme";1;1;0
"court";1;1;0
"civilization";1;0;1
"anti";1;1;0
"wave";0;1;1
"venture";0;1;1
"assume";1;0,972;0,013
"regime";1;1;0
"math";0;0,549;1
"investment";0;1;1
"fly";0;1;1
"fail";1;0,105;0,002
"child";1;0;1
"late";1;0,06;1
"direction";1;1;0,049
"wake";1;0,002;0
"speech";1;1;0
"pick";1;0,007;1
"mistake";1;1;0
"insurance";0;1;1
"include";1;1;0,004
"die";1;0,013;0,104
"argument";1;1;0
"union";1;1;0
"sudden";0,008;1;1
"stanford";1;0;1
"francisco";1;0;0,068
"department";1;1;0
"crisis";1;1;0
"century";1;0,033;0
"act";1;1;0
"sector";0,006;1;0,2
"individual";1;1;0
"effect";0;1;1
"difficult";0,01;1;1
"resource";0,008;1;0,126
"fall";1;1;0
"situation";1;1;0
"short";0;1;1
"research";0;1;1
"regulatory";0,002;1;0
"provide";0;1;1
"iran";1;1;0
"happy";1;0,001;0,216
"expensive";0;1;1
"door";0;1;1
"check";1;0,929;0,74
"teacher";1;0;1
"jewish";1;0;1
"tend";1;1;0
"land";0,017;1;1
"governor";1;1;0
"major";1;1;0,021
"inside";0,183;1;0,004
"doctor";0;1;1
"nice";1;0,606;0,113
"father";1;0;1
"dc";1;1;0
"agent";0;1;1
"nation";1;1;0
"degree";0,283;0,02;1
"west";1;0,08;0
"deliver";0;1;1
"complicate";0,001;1;1
"claim";0;1;1
"treat";0,061;1;0,855
"negative";1;0,001;1
"road";0;1;1
"require";0;1;0,933
"revolution";0,001;1;1
"minute";0,034;0,828;1
"increase";0;1;1
"federal";1;1;0
"favorite";1;0;1
"shoot";0;1;1
"peter";1;0;1
"slow";0;1;1
"ship";0;1;1
"online";0,022;1;1
"fine";0,695;0,315;1
"core";1;0,004;1
"worth";0;1;1
"vision";0,472;0,156;1
"news";1;0;1
"necessarily";0,463;1;0,279
"freedom";1;0,227;0
"drop";1;0;1
"giant";0;1;1
"enterprise";0;1;1
"balance";1;1;0
"measure";0,014;1;0,556
"leadership";1;0,02;0
"disease";0;1;1
"cycle";0;1;1
"credit";0,007;1;1
"beautiful";1;0;1
"theory";1;1;0
"rich";1;0,052;0,002
"rest";1;0,006;1
"path";1;0,013;1
"mark";1;0;1
"debt";0;1;1
"face";1;0;0,945
"explain";1;0,389;0,029
"employee";0;1;1
"deploy";0;1;1
"dad";1;0;1
"courage";1;0;0,156
"chance";1;0;1
"russia";1;1;0
"population";0;1;1
"perfect";0,005;1;1
"improve";0,015;1;1
"weird";1;0,23;0,305
"throw";0,179;1;0,119
"respect";1;0,061;0
"born";1;0;1
"wine";0,052;0,009;1
"surprise";0,105;1;0,749
"relate";0,09;0,611;1
"harvard";1;0;1
"simple";0,091;1;0,768
"practice";0,009;1;1
"extremely";0,106;0,028;1
"budget";0,149;1;0
"source";0;1;1
"number";0;1;1
"firm";1;0,001;1
"expect";0;1;1
"attention";1;1;0,305
"congress";1;1;0
"speed";0;1;1
"outcome";0,001;1;1
"obvious";1;1;0
"industrial";0;1;1
"fascinate";1;0;0,357
"dod";0;1;1
"digital";0;1;1
"demand";0;1;1
"she_s";1;0;1
"profit";0;1;1
"found";1;0;1
"forget";1;0,227;0,031
"terrible";1;1;0
"position";1;1;0
"nature";0,805;1;0,011
"movement";1;1;0
"legal";1;1;0
"choose";1;0;1
"argue";1;1;0
"supply";0;1;1
"stock";0;1;1
"financial";0;1;1
"wall";1;1;0,137
"return";0;1;1
"john";1;0;1
"bottom";0,01;1;1
"blue";1;1;0
"basic";0,045;1;0,598
"paper";0;1;1
"healthy";1;0,001;1
"town";1;0;1
"stick";1;0,001;1
"professor";1;0;1
"modern";1;1;0,038
"miss";1;0,015;0,113
"hack";0,28;0,02;1
"democrat";1;1;0
"complex";0;1;1
"threat";1;1;0
"rid";1;1;0
"jews";1;0;0
"chip";0;1;1
"robot";0;1;1
"patient";0;1;1
"natural";0,015;1;1
"current";0,554;1;0,086
"clean";0;1;1
"beat";1;1;0,017
"trouble";1;1;0
"concern";1;1;0
"wealth";1;0,916;0,004
"note";1;0;1
"manager";0,021;0,869;1
"limit";0,005;1;0,862
"hate";1;0,031;0
"development";0;1;1
"capitalism";1;1;0
"pro";1;1;0
"opinion";1;0;1
"inflation";0;1;1
"hospital";0;1;1
"communist";1;1;0
"post";1;0,005;0,187
"mine";0,238;0,352;1
"efficient";0;1;1
"context";1;1;0
"red";1;1;0
"produce";0;1;1
"dynamic";0;1;0,862
"differently";0,433;1;1
"capture";1;1;0
"specific";0;1;1
"ready";0,077;0,884;1
"proud";1;0;1
"material";0;1;1
"equity";0;1;1
"educate";1;0;1
"twitter";1;1;0
"target";0;1;1
"standard";0;1;1
"jump";0,554;0,243;1
"judge";1;1;0
"depend";0,24;1;0,738
"application";0;1;1
"revenue";0;1;1
"normal";1;1;0,334
"lucky";1;0;1
"fit";0;1;1
"cancer";0;1;1
"builder";1;0;1
"actual";0,012;1;1
"size";0;1;1
"reform";1;1;0
"reach";1;0;1
"night";1;0;1
"music";1;0;1
"language";0;1;1
"eat";0;0,888;1
"earth";0;1;1
"blow";0;1;1
"report";0,327;1;0,251
"player";0,129;0,983;1
"period";0,24;1;0,917
"medical";0;1;1
"management";0;1;1
"graduate";1;0;1
"finally";1;1;0
"facebook";0,01;1;0,945
"email";0,011;0,942;1
"truck";0;1;1
"relationship";1;0,698;0,001
"optimism";1;0;1
"fundamental";0;1;1
"enable";0;1;1
"catch";0,85;1;0,305
"afraid";1;0;0
"action";1;1;0
"account";0,003;1;1
"track";0,001;1;1
"sign";1;1;0
"page";0,001;1;1
"follow";1;1;0
"feedback";0;1;1
"failure";1;1;0
"biden";1;1;0
"battery";0;1;1
"secretary";1;0,207;0
"republican";1;1;0
"operation";0;1;1
"mess";1;1;0,006
"flow";0;1;1
"ecosystem";0;1;1
"worker";1;1;0,029
"waste";0;1;1
"fundamentally";0,007;1;0,631
"scare";1;1;0,004
"property";1;1;0
"physical";0;1;1
"mom";1;0;1
"lawyer";1;0,003;0
"hurt";1;1;0
"destroy";0,074;1;0,001
"concept";0,002;1;1
"video";0,438;0,995;1
"succeed";1;0;1
"safety";0,001;1;0,165
"light";0,014;1;1
"huh";1;0,06;0,931
"capability";0;1;1
"bond";0;1;1
"washington";1;0,634;0
"technical";0;1;1
"pale";0,38;0,006;1
"eye";0,441;1;1
"effort";1;0,683;0,081
"cultural";1;0,013;0
"warfare";0;1;1
"strategy";0,003;1;0,165
"option";1;0,505;1
"knowledge";0,003;1;1
"effectively";0,38;1;0
"canada";1;0,233;0
"bias";1;1;0,084
"battle";1;1;0
"brand";0;1;1
"solar";0;1;1
"record";0,504;0,662;1
"interview";1;0;1
"medicine";0;1;1
"grade";1;0;1
"evolve";0,001;1;1
"dangerous";1;1;0
"autonomous";0;1;1
"root";1;0,07;1
"replace";0;1;1
"mile";0;1;1
"journey";1;0;1
"define";0,005;1;1
"purpose";0,025;1;1
"income";0,224;1;0,066
"gold";0;1;1
"frankly";1;0;0,053
"club";1;0;1
"respond";1;1;0
"opposite";1;0,041;0,001
"list";0,232;1;1
"laughter";1;0;1
"experiment";0;1;1
"driver";0,001;1;1
"affect";1;1;0,002
"wife";1;0;1
"touch";1;0,01;1
"topic";1;0;0,603
"taiwan";1;1;0
"potential";0;1;1
"double";0;1;1
"death";1;0,855;0
"cover";0,326;1;0,779
"convince";1;0,005;1
"civil";1;1;0
"chain";0;1;1
"cartel";1;1;0
"unique";1;0,022;1
"status";0,224;1;0,017
"plant";0;1;1
"oppose";1;1;0
"moon";0;1;1
"identify";1;1;0,097
"connect";0;1;1
"roll";0,276;1;1
"recognize";1;1;0
"palunteer";0;1;1
"king";1;0;1
"generally";1;1;0,734
"era";0,001;1;1
"engine";0;1;1
"contract";0;1;1
"climate";1;1;0
"academic";1;0;1
"podcast";1;0;1
"lab";0;1;1
"evil";1;1;0
"chat";0;1;1
"bullish";0;1;1
"army";0;1;1
"address";0,901;1;0
"mental";1;1;0
"iterate";0;1;1
"elite";1;0;0,001
"border";1;1;0
"block";0,06;1;0,006
"weapon";0;1;1
"trend";0;1;1
"stage";0,001;1;1
"rise";1;1;0
"pessimism";1;0;1
"offer";0,002;1;1
"north";1;1;0
"macro";0;1;1
"event";1;1;0
"directly";0,052;1;0,084
"bureaucracy";1;1;0
"bright";1;0;1
"align";1;1;0,004
"achieve";1;0,001;0,216
"uber";0,001;1;1
"region";1;1;0
"labor";0,444;1;0
"honestly";0,444;0,18;1
"dream";1;0;1
"crypto";1;1;0
"creative";0,444;0,6;1
"art";1;0;1
"western";1;0,001;0
"ukraine";1;1;0
"shape";0,229;0,058;1
"prime";0,59;1;0,017
"notice";1;0,002;1
"innovate";0;1;1
"florida";1;0,779;0
"broad";0;1;1
"steal";1;1;0
"star";1;0;1
"range";0;1;1
"morning";1;0;1
"main";0,076;1;0,216
"effective";0;1;0,827
"drink";1;0;1
"direct";0;1;1
"valuable";0;1;1
"plane";0;1;1
"fill";0;1;1
"executive";1;1;0
"disagree";1;0;0,004
"committee";1;1;0
"amazon";0;1;1
"unit";0;1;1
"religion";1;0;0,033
"intellectual";1;0;1
"element";1;1;0
"deeply";1;0,008;0,116
"card";0;1;1
"therapy";0;1;1
"talented";1;0;1
"senior";1;0;1
"professional";1;0;1
"navy";0,317;0,042;1
"fully";0,514;1;1
"enjoy";1;0;1
"democracy";1;1;0
"bubble";0,001;1;1
"body";0;1;1
"majority";1;1;0
"logistic";0;1;1
"liberal";1;1;0
"insane";0,183;1;0,029
"impossible";0,445;1;0,299
"fan";1;0;0,029
"expand";0;1;1
"cyber";0;1;1
"compare";0,06;1;1
"cloud";0;1;1
"screw";0,221;1;0,188
"robotics";0;1;1
"quote";1;0;0,05
"predict";0;1;1
"picture";0,004;1;1
"movie";1;0;1
"extraordinary";1;0;1
"crush";0,009;1;1
"conflict";1;1;0
"compute";0;1;1
"ally";1;1;0
"humanity";0,518;0,095;1
"foundation";1;0;1
"east";1;0,079;0
"corporate";1;0,405;0
"arm";0,212;1;0,291
"strike";1;1;0,001
"relative";0,055;1;1
"recruit";1;0;1
"personal";1;0;0,815
"owner";0;1;1
"moderate";1;1;0
"ll";0,016;0,897;1
"generate";0;1;1
"transform";0,004;1;1
"simply";1;1;0,005
"layer";0;1;1
"homeless";1;1;0
"elect";1;1;0
"edge";0;1;1
"defend";1;1;0
"cynicism";1;0;1
"cold";1;1;0
"citizen";1;1;0
"cash";0;1;1
"bet";0;1;1
"specifically";0,003;1;0,678
"soviet";1;1;0
"pressure";1;1;0
"popular";1;0;1
"neural";0;1;1
"gain";0;1;1
"election";1;1;0
"ban";1;1;0
"voice";1;0;0,364
"total";0,023;1;1
"submit";0;1;1
"spacex";0;1;1
"satellite";0;1;1
"restaurant";1;0;1
"release";0,001;1;1
"member";1;1;0
"honest";1;0,001;0,236
"foreign";1;1;0
"evidence";1;1;0
"encourage";1;0,001;0,007
"aspect";0,263;1;0,001
"traditional";0,955;0,897;1
"task";0;1;1
"search";0;1;1
"screen";0;1;1
"planet";0;1;1
"metric";0;1;1
"green";1;0,09;1
"gas";0,001;1;0,943
"combine";0;1;1
"carry";0,01;1;1
"south";1;0,035;0
"rare";0,448;1;1
"poverty";1;1;0
"function";0,008;1;0,629
"fear";1;0,733;0,005
"document";0,007;1;1
"criminal";1;1;0
"commercial";0;1;1
"campaign";1;1;0
"uk";1;1;0
"payment";0;1;1
"marketplace";0;1;1
"margin";0;1;1
"highly";0,005;1;1
"fuel";0;1;1
"entrepreneurship";1;0;1
"constantly";0,08;1;1
"audience";1;0;1
"adversary";0,049;1;0,004
"technological";0;1;1
"secret";0,018;1;1
"rocket";0;1;1
"reactor";0;1;1
"officer";1;0;0,925
"loop";0;1;1
"leverage";0;1;1
"honor";1;0;1
"grant";1;0,335;0,586
"foot";0;1;1
"famous";1;0;1
"estate";0;1;1
"discover";0;1;1
"attract";0,604;0,478;1
"artist";1;0;1
"algorithm";0;1;1
"africa";1;1;0
"accelerate";0;1;1
"struggle";1;0;1
"phase";0,001;1;1
"oil";0,005;1;0,999
"hardware";0;1;1
"handle";0,018;1;0,155
"gdp";0;1;1
"feed";0;1;1
"sue";0,448;1;0,002
"sport";1;0;1
"reduce";0;1;1
"press";1;0,09;0,759
"potentially";0;1;1
"listener";0,064;1;1
"liberty";1;1;0
"gap";0,008;1;1
"currency";0,002;1;0,982
"content";0,448;0,95;1
"basis";0,013;1;1
"venezuela";1;1;0
"spread";1;1;0,288
"sleep";1;0;1
"separate";1;1;0,489
"innovative";0,007;1;0,961
"fee";0;1;1
"factory";0;1;1
"commit";1;0,672;0
"character";1;0;1
"careful";1;1;0
"boy";1;0;1
"aircraft";0;1;1
"website";0,017;0,554;1
"signal";0,024;1;1
"senate";1;1;0
"loan";0;1;1
"dig";0;1;1
"component";0;1;1
"competitive";0;1;1
"automate";0;1;1
"accountable";1;1;0
"virtue";1;0;1
"suddenly";0,314;1;0,538
"stack";0;1;1
"scientist";0;1;1
"round";0;1;1
"remind";1;0;0,828
"promise";0,157;1;1
"present";1;0;1
"nonprofit";1;0,444;0,149
"mayor";1;0,156;0
"interact";1;0,025;1
"impressive";0,448;0,157;1
"frustrate";1;0,004;0,802
"faith";1;0;1
"dei";1;1;0
"competitor";0;1;1
"camp";1;1;0
"90s";1;0,006;1
"tiny";0;1;1
"table";0;1;1
"prove";0,806;0,567;1
"pandemic";1;1;0
"ocean";0;1;1
"musk";1;0;1
"immigration";1;1;0
"expert";0,034;1;1
"discussion";0,163;0,836;1
"capitalist";0,895;1;0,199
"campus";1;0;1
"box";0,026;1;1
"architecture";0;1;1
"wire";1;0,157;1
"visit";1;0;1
"transition";0,01;1;1
"regulator";1;1;0
"quarter";0,002;1;1
"productive";0;1;1
"print";0;1;1
"mode";0;1;1
"mindset";1;0;1
"merit";1;1;0
"justice";1;1;0
"gotta";1;0,001;0,658
"factor";0;1;1
"extent";1;1;0
"economics";1;0;1
"dozen";0,001;1;1
"doge";1;0,086;0
"device";0;1;1
"crime";1;1;0
"construction";0;1;1
"breakthrough";0;1;1
"america_s";1;0,002;0,004
"accountability";1;1;0
"wage";0,071;1;1
"shock";1;1;0,003
"regulate";0;1;0,597
"quick";0,002;1;1
"pilot";0;1;1
"passionate";1;0;1
"motivate";1;0;1
"mentor";1;0;1
"introduce";1;0;1
"influence";1;1;0
"illegal";1;1;0
"host";1;0;1
"finish";1;0;1
"entrepreneurial";1;0;1
"constitution";1;1;0
"client";0,002;1;1
"travel";1;0;1
"tank";0;1;1
"shareholder";0,033;1;0,114
"obsess";0,12;0,22;1
"net";0;1;1
"map";0;1;1
"joke";1;0;1
"japan";1;1;0
"hot";0;1;1
"hell";0,911;0,925;1
"fighter";0,033;1;1
"enemy";1;1;0
"emerge";1;1;0,492
"autonomy";0;1;1
"authority";1;1;0
"afford";0,37;0,221;1
"switch";0;1;1
"score";0;1;1
"radar";0;1;1
"production";0;1;1
"primary";1;1;0,002
"phd";1;0;1
"palanteer";0;1;1
"mr";1;0;1
"mhm";1;0;1
"mar";0,141;1;1
"insight";0,006;1;1
"ideology";1;1;0
"genius";1;0,186;0,316
"empower";1;0,036;0,357
"electronic";0;1;1
"electric";0;1;1
"dr";1;0;1
"diversity";1;0;0,771
"wonderful";1;0;1
"tribe";1;1;0
"stupid";1;1;0
"site";0,621;1;0,544
"reward";0,145;1;0,982
"progressive";1;1;0
"performance";0;1;1
"notion";1;1;0
"mother";1;0;1
"mass";0;1;1
"heavy";0;1;1
"heart";1;0,108;0,283
"hang";1;0;1
"dramatically";0;1;1
"detail";0,006;1;1
"advice";1;0;1
"admire";1;0;0,961
"wealthy";1;0,4;0
"summer";1;0;1
"shut";0,049;1;0,714
"series";0,716;1;1
"naturally";0;1;1
"match";0,003;1;1
"lock";0,373;1;0,597
"exercise";0,047;0,53;1
"count";1;1;0,114
"controversial";1;0;0,961
"contribute";1;0,35;0,771
"commerce";0;1;1
"chairman";1;0;0,209
"bitcoin";0,063;1;0,004
"biology";0;1;1
"billionaire";1;0,001;1
"animal";0;1;1
"abuse";1;1;0
"straight";1;0,79;0,597
"spirit";1;0;1
"responsibility";1;1;0
"possibly";1;0,453;0,045
"pattern";0;1;1
"lift";1;0,001;1
"license";0;1;1
"legacy";1;0;1
"determine";0,002;1;1
"democratic";1;1;0
"color";1;0;1
"approve";0;1;1
"angry";1;0,01;0
"user";0;1;1
"transparency";1;1;0
"thought";1;0,013;0
"steve";1;0;1
"spot";0;1;1
"scientific";1;1;0,242
"physic";0;1;1
"originally";1;0,106;1
"mobile";0;1;1
"mix";0,011;1;1
"lie";1;0,002;1
"heat";0,001;1;0,391
"dumb";1;1;0
"confident";0,819;0,017;1
"ceos";1;0;1
"authoritarian";1;1;0
"apple";0;1;1
"annoy";1;0,303;0,004
"afghanistan";1;1;0
"spectrum";1;1;0,004
"significant";0,009;1;1
"review";0,044;1;1
"prior";0;1;1
"police";1;1;0
"personally";1;0,881;0,004
"optimize";0;1;1
"obama";1;1;0
"legislation";1;1;0
"invite";1;0;1
"image";0,009;1;0,607
"equal";1;1;0
"curve";0;1;1
"combination";0,245;0,881;1
"closely";1;0,47;0,114
"chief";1;0;1
"brother";1;0;1
"article";1;0;1
"adopt";1;1;0,003
"accept";1;0;1
"web";0;1;1
"title";1;1;0,087
"terrorist";1;1;0
"son";1;0;1
"publish";1;0;1
"pain";0;1;1
"expose";1;0;1
"conservative";1;1;0
"condition";0,016;1;1
"central";0,186;1;0,152
"broadly";1;1;0,018
"bold";1;0,054;0,01
"storage";0;1;1
"salary";0,105;0,152;1
"neighborhood";1;0,001;1
"lean";1;0,883;0,876
"international";1;0,126;0,002
"institute";1;0;0,011
"horrible";1;0,003;0,242
"forever";0,001;1;1
"easily";0;1;1
"carbon";0;1;1
"burn";0,1;0,71;1
"aware";1;0,47;0,209
"70s";1;1;0
"scenario";0,044;1;1
"represent";1;1;0
"prepare";1;1;0,025
"pace";0;1;1
"organize";0,73;1;0,179
"multi";0;1;1
"massively";0,002;1;1
"file";1;1;0
"environmental";1;1;0
"cure";0;1;1
"cross";0,84;1;0,444
"biotech";0;1;1
"apartment";1;0;1
"80s";1;0,53;0,014
"wind";0;1;1
"wide";0;1;1
"skeptical";1;0,008;1
"rock";1;1;0,272
"religious";1;0;0,734
"pre";0;1;1
"mid";0,235;0,692;1
"message";1;1;0
"iraq";1;1;0
"historically";0,022;1;1
"gun";0,001;1;1
"enormous";0,002;1;1
"earn";0,02;0,931;1
"dinner";1;0;1
"consequence";0,864;1;0
"barrier";0;1;1
"bar";0,028;1;1
"ball";1;0,554;0,087
"announce";0,23;0,221;1
"activity";0,627;1;0,114
"studio";1;0,22;0,002
"moral";1;1;0
"la";1;0;1
"interface";0;1;1
"integrate";0;1;1
"immigrant";1;0;0,016
"homelessness";1;1;0
"hollywood";1;0,499;0
"helpful";1;0,542;1
"exact";1;1;0,045
"embrace";1;0,123;0,002
"dignity";1;1;0
"developer";0;1;1
"covid";0,533;1;0,001
"connection";1;0,002;1
"complete";1;1;0,063
"blood";0,004;1;1
"alpha";1;0;1
"admit";1;0,001;0,006
"wisdom";1;0;0,201
"wear";1;0;1
"vertical";0;1;1
"teenager";1;0;1
"shop";0,039;1;1
"response";1;1;0
"racist";1;0,006;0
"possibility";0;1;1
"politically";1;1;0
"percentage";0,012;1;1
"peace";1;0,018;0,106
"paypal";0,443;0,049;1
"neuron";0;1;1
"missile";0;1;1
"metal";0;1;1
"maintain";0,1;1;0,012
"deficit";0;1;1
"decentralize";0,535;1;0
"daughter";1;0;1
"corporation";1;1;0
"conference";1;0;1
"classic";1;0,007;0,008
"christian";1;0,02;0
"boat";0;1;1
"baby";1;0;1
"aggressive";1;1;0
"virus";1;1;0
"trial";0;1;1
"staff";0,028;1;1
"scott";1;0;1
"promote";1;0,42;0
"prevent";0,079;1;0,607
"portfolio";0;1;1
"independent";1;0,081;0,106
"hide";1;1;0
"guide";1;0;1
"floor";1;0,045;1
"fake";0,762;1;0,757
"describe";1;0,03;1
"dentist";0,004;1;1
"date";1;0;1
"confront";1;0,123;0,002
"comment";1;0,499;0,005
"bio";0;1;1
"behavior";1;1;0,031
"suffer";1;0;0,811
"strength";1;1;0,001
"remove";1;1;0,087
"recent";1;1;0
"provider";0;1;1
"offense";0;1;1
"intuition";0;1;1
"frontier";0;1;1
"explore";0,638;0,22;1
"exchange";0,053;1;0,442
"empire";1;0,567;0
"efficiency";0;1;1
"discipline";0,536;0,025;1
"default";0,021;1;1
"david";1;0;1
"curriculum";1;0;1
"chicago";1;0;0,745
"category";1;0,098;0,442
"capacity";0;1;1
"boom";0;1;1
"analogy";0;1;1
"adult";1;0;1
"acquire";0;1;1
"academia";1;0;1
"square";0,001;1;1
"senator";1;0,146;0
"ride";1;0,489;1
"quantum";0;1;1
"protection";1;1;0
"previous";0,635;1;0,012
"perform";1;0,567;1
"nonsense";1;1;0
"magazine";1;0;1
"immediately";1;1;0
"identity";1;0,368;0,002
"gpt";0;1;1
"fraud";1;1;0
"economist";1;0;0,391
"domain";0;1;1
"discuss";1;0,095;0,013
"decline";1;0,368;0,342
"copy";0,281;0,146;1
"comfortable";1;0,016;1
"censor";1;1;0
"ccp";1;1;0
"capable";0,008;1;1
"app";0;1;1
"workforce";0,033;1;1
"strategic";0,132;1;0,009
"passion";1;0,014;1
"original";1;0,499;0,494
"narrow";0,005;1;1
"mountain";0,005;1;1
"morgan";1;0;1
"invent";0;1;1
"initiative";1;1;0
"inequality";1;0,175;0
"ii";1;1;0
"happiness";1;0;1
"gift";1;0;1
"germany";1;1;0
"feature";0,012;1;1
"extra";0;1;1
"exception";0,05;1;0,018
"belief";1;0,178;0
"avoid";0,001;1;1
"associate";0,117;0,263;1
"arena";0,638;0,22;1
"administrative";1;1;0
"acquisition";0;1;1
"wise";0,44;0,146;1
"winner";0,271;1;0,434
"suggest";1;1;0,192
"seal";1;0;1
"sea";1;1;0
"ridiculous";1;1;0
"responsible";1;1;0
"prison";1;1;0
"pretend";1;0;1
"politician";1;1;0
"pitch";0,757;0,117;1
"participate";0,024;1;1
"mechanism";0,003;1;0,825
"lonsdale";1;0;1
"lack";1;1;0,062
"intense";1;0;1
"incumbent";0,001;1;1
"golden";0,216;1;0,616
"flip";0,167;1;0,062
"flag";1;1;0
"farm";0,086;0,75;1
"dominate";0;1;1
"district";1;0,654;0
"distribute";0,003;1;1
"director";1;0,06;0
"dead";1;0,07;0,757
"courageous";1;0;0,554
"coach";1;0;1
"china_s";1;1;0
"airbnb";0,357;0,02;1
"accomplish";1;0,002;1
"trip";1;0,01;0,616
"threaten";1;1;0
"slavery";1;0,013;0,001
"sheet";0;1;1
"seat";1;1;0,161
"reverse";1;1;0
"receive";0,638;1;0,811
"permit";0;1;1
"overcome";0,757;0,58;1
"oklahoma";1;0,83;0
"nasa";0;1;1
"minimum";0,005;1;1
"mike";1;0;1
"letter";1;0,002;0,335
"instance";1;1;0
"girl";1;0;1
"football";1;0;1
"final";0,091;1;1
"eliminate";1;1;0
"efficiently";0;1;1
"complexity";0;1;1
"command";0,004;1;1
"buck";0;1;1
"bottle";0,349;0,07;1
"bay";1;0,042;1
"apparently";1;0,095;0
"alive";0,353;0,218;1
"african";1;0;1
"window";1;0,594;1
"russian";1;1;0
"proven";1;1;0,005
"operator";0;1;1
"michael";1;0;1
"immune";0;1;1
"hill";0,122;0,372;1
"facility";0;1;1
"equivalent";0,167;1;1
"conquer";1;1;0
"chess";0;1;1
"chapter";1;0;1
"celebrate";1;0;0,688
"bore";0,353;0,025;1
"active";0,216;1;0,049
"whatnot";0,009;1;1
"vast";1;1;0
"tesla";0;1;1
"sensor";0;1;1
"sad";1;0;0,681
"radical";1;1;0
"pocket";0,872;0,434;1
"pair";0;1;1
"mutual";1;0,052;0,021
"minister";1;0,773;0
"mexico";1;1;0
"innovator";1;0,178;1
"dna";0,001;1;1
"confuse";1;1;0,001
"cap";0;1;1
"airport";0,535;1;0,49
"60s";1;0,001;1
"zone";0,881;1;0,335
"tremendous";0,644;0,75;1
"sustainable";0;1;1
"strange";1;0;0,493
"relevant";1;0,002;1
"reagan";1;0,69;0
"plastic";0;1;1
"philosopher";1;0;1
"method";0,076;1;0,554
"maker";1;0,003;0,17
"lifetime";0,774;1;0,138
"increasingly";0,646;1;0,007
"government_s";0,353;1;0,019
"fourth";1;0;1
"draw";1;0,773;0,205
"dark";1;0;1
"correctly";0,008;1;1
"collect";0;1;1
"bed";1;0;1
"alternative";0,535;1;1
"alex";1;0;1
"1970s";0,21;1;1
"sophisticate";0;1;1
"random";0,438;1;0,335
"optimus";1;0;1
"indian";1;0,003;0,054
"ideal";1;0,609;0,138
"establish";0,004;1;1
"error";0;1;1
"electronics";0;1;1
"division";1;0;0,335
"divide";1;1;0
"cynical";1;0,018;0
"corner";1;1;0,554
"confidence";1;0;1
"cicero";1;1;0
"centralize";1;1;0
"bridge";0,015;1;1
"blame";1;0,012;0
"warehouse";0;1;1
"transaction";0;1;1
"thinker";1;0;1
"theme";0;1;1
"terrify";1;0,53;0,001
"terrain";0;1;1
"supreme";1;1;0
"stem";1;0;1
"sas";0;1;1
"retire";0,002;1;1
"reject";1;1;0,428
"racism";1;1;0
"pop";1;0,015;1
"paint";1;0,003;0,935
"nurse";0,065;1;1
"logic";0;1;1
"excellence";1;0;1
"estimate";0;1;1
"english";1;0;1
"donald";1;1;0
"disrupt";0;1;1
"destruction";1;1;0,001
"damage";0;1;1
"climb";0,006;1;1
"candidate";1;1;0
"bob";0,425;0,102;1
"workflow";0;1;1
"wild";1;1;0,041
"vietnam";1;0,383;0,008
"variety";0;1;1
"typically";0,017;1;1
"trick";1;1;0,001
"treatment";1;1;0,002
"survive";1;0,856;0,245
"soft";0,204;1;0,378
"scratch";0;1;1
"repeat";1;1;0,003
"remote";0;1;1
"port";0,006;1;1
"mit";0,774;0,019;1
"meaningful";0;1;1
"largely";0,149;1;0,17
"lady";1;0;0,378
"jet";0;1;1
"internally";0,076;1;1
"improvement";0,004;1;1
"harm";0,001;1;1
"export";0,149;1;0,011
"equipment";0;1;1
"enforce";1;1;0
"dominant";0,19;1;0,034
"disruptive";0,252;1;0,859
"delivery";0;1;1
"commodity";0;1;1
"commission";1;1;0,003
"classroom";1;0;1
"chemical";0;1;1
"catholic";1;0;1
"button";0,001;1;1
"bureaucrat";1;1;0,005
"breach";0,017;1;1
"tribal";1;1;0
"text";0,259;0,53;1
"taxpayer";0,036;1;0,842
"taste";0,142;0,317;1
"statement";1;1;0
"sam";1;0;1
"quo";0,025;1;0,42
"pentagon";0;1;1
"op";0,235;1;1
"official";1;1;0
"objective";0,006;1;1
"narrative";1;0,009;0,087
"mortgage";0;1;1
"magic";0;1;1
"legislator";1;1;0
"jeff";1;0;1
"jail";1;1;0
"ipod";0;1;1
"glad";0,92;0,044;1
"fiscal";0,032;1;0,696
"favor";1;1;0
"fat";0,001;1;1
"donate";1;0,158;1
"diverse";1;0;0,428
"distribution";0,105;1;1
"disaster";0,92;1;0,067
"compound";0,003;1;1
"coast";1;0,003;1
"author";1;0;1
"ambitious";1;0;1
"advocate";1;0,609;0
"adjust";0,059;1;1
"actor";1;1;0,011
"zoom";0,007;1;1
"unfair";1;1;0
"thrive";1;0;1
"seek";0,535;0,884;1
"secure";0,105;1;0,138
"premise";0,321;1;0,627
"pleasure";1;0;1
"partnership";1;0,013;1
"load";0;1;1
"hole";0,002;1;1
"gather";0,432;0,447;1
"flight";0;1;1
"fantastic";1;0,019;1
"express";1;1;0,008
"execute";0;1;1
"european";1;1;0,005
"detect";0;1;1
"deserve";1;0;1
"dental";0;1;1
"danger";1;1;0,016
"creation";1;0,076;0,485
"crash";0,78;1;0,369
"competent";1;1;0,011
"communication";0,046;1;1
"click";0,005;1;1
"brilliant";1;0;1
"automatically";0,009;1;1
"alignment";0;1;1
"activist";1;1;0
"writer";1;0;1
"whiskey";1;0;1
"weight";0,002;1;1
"viral";1;0,003;0,625
"ve";1;0;1
"universe";0,001;1;1
"uatx";1;0;1
"tv";1;0,165;1
"traffic";0,174;1;0,074
"tik";1;1;0
"thesis";0;1;1
"st";1;0;1
"sponsor";1;1;0
"silly";1;1;0,001
"sec";1;1;0
"river";0,004;1;1
"rebuild";0,142;1;0,428
"reasonable";1;1;0
"rank";1;1;0
"profile";0;1;1
"oxford";1;0;0,782
"minority";1;0,024;0,003
"meritocracy";1;0,21;0,156
"medicaid";0,53;1;0,074
"lunch";1;0;1
"link";0,032;1;1
"leap";0;1;1
"lawsuit";1;1;0
"internal";1;1;0,277
"importantly";0;1;1
"historical";1;0,001;0,428
"hedge";0;1;1
"frame";1;0,317;1
"filter";0,001;1;1
"fda";0;1;1
"evolution";1;1;0,49
"engagement";0,004;1;1
"duty";1;0,009;1
"demonstrate";1;0;1
"county";1;1;0
"contractor";0;1;1
"conscious";0,53;1;0,959
"characteristic";1;1;0,05
"building";0;1;1
"brian";1;0;1
"andrew";1;0;1
"affordable";0;1;1
"weekend";1;0;1
"upside";0;1;1
"ultimate";0,244;1;1
"tweet";1;0,127;0,012
"tradition";1;0;1
"tok";1;1;0
"tire";1;0,001;1
"pursue";1;0,261;0,935
"principal";1;0;1
"pound";1;0,007;1
"pessimistic";1;0;1
"package";0,119;1;0,552
"occur";0,065;1;0,067
"observe";1;0,001;1
"nuance";1;1;0
"mh";0,78;1;0,935
"memory";0,013;1;1
"journalist";1;0;0,037
"island";1;0,165;0,005
"invade";1;1;0
"functional";1;0,024;0,192
"franchise";0;1;1
"evaluate";1;0,165;1
"ethic";1;1;0,001
"enter";0,334;1;0,369
"definition";1;0,016;1
"crowd";1;0,011;0,782
"channel";0,025;1;1
"bush";1;0,082;0,005
"blah";1;0,068;0,733
"birth";0,183;1;1
"augment";0;1;1
"attempt";0,142;1;0,11
"youtube";0,793;1;0,627
"unlike";0,78;1;0,369
"tip";1;0,21;0,554
"terminal";0;1;1
"surface";0;1;1
"strongly";1;1;0
"steel";0;1;1
"sanction";1;1;0
"rapid";0;1;1
"priority";1;1;0,05
"partially";0,002;1;1
"paradigm";0,059;1;0,217
"muscle";0;1;1
"motivation";0,793;0,095;1
"merchant";0,303;0,15;1
"master";1;0;1
"location";0;1;1
"legislature";1;1;0
"iphone";0;1;1
"interaction";0,011;1;1
"hub";0,085;1;1
"guard";1;1;0
"gate";1;0,016;0,067
"freak";1;0,001;1
"fi";1;0;1
"enforcement";1;1;0
"desk";1;0;1
"constrain";0,135;1;1
"compromise";1;1;0
"combat";0,092;1;0,264
"collapse";1;1;0
"carrier";0;1;1
"bully";1;0,001;1
"boundary";1;0,095;1
"bomb";0,787;1;1
"adoption";0,001;1;1
"weak";1;1;0
"vcs";0;1;1
"vc";1;0,002;1
"teal";1;0;1
"taxi";0,53;1;0,358
"swarm";0;1;1
"sum";0,235;1;1
"subject";1;0,044;0,314
"stripe";0;1;1
"scene";1;0,076;0,264
"roman";1;0,002;0,139
"rapidly";0;1;1
"racial";1;0,165;0
"quiet";0,52;0,386;1
"prosperity";1;0,914;0,002
"profitable";0;1;1
"personality";1;0,001;1
"permanent";1;1;0
"palantir";0,009;1;1
"ownership";1;1;0,037
"oppressor";1;0;0,026
"jack";0,028;1;1
"initially";0,025;1;1
"implement";1;1;0
"hero";1;0;1
"guarantee";0,42;0,258;1
"grandfather";1;0;1
"govern";1;1;0
"gosh";0,135;1;1
"gene";0,174;0,204;1
"french";1;0;0,704
"entity";0;1;1
"electricity";0;1;1
"dog";0,092;1;1
"deny";0,215;1;0,042
"criticize";1;0,055;0,001
"council";1;1;0
"communicate";0,065;1;1
"beach";0,655;1;0,42
"assumption";1;1;0
"ad";0,092;1;1
"wing";1;1;0
"transformation";0,004;1;1
"thoughtful";1;0,021;1
"tear";1;0;0,552
"statistic";1;0,204;0,959
"stanley";1;0;1
"stake";1;0,055;0,037
"sequence";0;1;1
"seed";0;1;1
"saudi";1;0,002;0,987
"reaction";0,174;1;1
"rational";1;0,385;0
"pure";0,032;1;1
"publicly";1;1;0,139
"proxy";1;1;0
"privilege";1;0;1
"perception";1;0,467;0,247
"peak";1;1;0,139
"parallel";0;1;1
"nvidia";0;1;1
"naive";1;1;0
"lobbyist";1;1;0
"laser";0;1;1
"laptop";0,059;1;1
"knock";0,001;1;1
"kick";1;0;1
"judgment";1;1;0
"inherently";0,119;1;1
"holy";0,8;0,754;1
"greatness";1;0;1
"geek";0,8;0,017;1
"france";1;1;0
"fraction";0;1;1
"fish";0,014;1;1
"female";1;0,001;0,139
"famously";1;1;0,017
"economically";1;1;0,017
"doubt";1;0,038;0,176
"corruption";1;1;0
"complain";1;1;0
"clinical";0;1;1
"camera";0;1;1
"british";1;0,013;0,008
"badly";1;0,851;0,055
"approval";0;1;1
"yesterday";1;0;1
"unlock";0;1;1
"tumor";0;1;1
"soldier";0,655;1;0,097
"slightly";0,085;1;1
"roof";0,002;1;1
"retirement";0,8;0,467;1
"qualify";0,528;1;1
"prop";1;1;0
"privacy";1;1;0,001
"pharmaceutical";0;1;1
"paradox";1;0;1
"offend";1;0;0,627
"nuke";0,005;1;1
"microwave";0;1;1
"mentality";1;0,204;0,176
"meeting";1;0,316;0
"magnitude";0;1;1
"libertarian";1;1;0
"korea";1;1;0
"intelligent";0;1;1
"impose";1;1;0
"flaw";1;1;0
"familiar";0,085;1;1
"excuse";1;0,002;0,42
"employer";0,956;0,657;1
"damn";0,321;0,095;1
"daily";1;0;1
"corrupt";1;1;0
"church";1;0;0,199
"buyer";0;1;1
"broker";0;1;1
"bother";1;0,947;0,008
"berkeley";1;0,053;1
"ben";1;0;1
"argentina";1;0;1
"apps";0,002;1;1
"appeal";0,66;1;0,9
"anytime";1;1;0,001
"advertise";0,659;0,657;1
"1980s";0,53;1;0,959
"10x";0;1;1
"victim";1;1;0
"valuation";0;1;1
"vaccine";0,8;1;1
"tomorrow";0,793;0,038;1
"till";1;0;1
"strive";1;0;1
"station";0,032;1;1
"socialism";1;1;0
"slave";1;0,247;0,001
"sky";0,001;1;1
"semitism";1;1;0
"section";1;1;0,408
"rural";1;0,026;1
"roughly";0;1;1
"requirement";0,007;1;1
"programmer";0;1;1
"paul";1;0,033;0,028
"park";1;0,017;1
"output";0;1;1
"orient";0,943;0,316;1
"operational";0;1;1
"october";1;1;0
"negotiate";1;1;0
"navigate";0;1;1
"monopoly";0,001;1;1
"maximize";0,041;1;0,547
"lobby";1;1;0
"label";0,793;0,204;1
"impression";1;0;1
"horse";0,956;1;0,199
"heavily";0;1;1
"grand";0,165;0,253;1
"globally";0,001;1;1
"glass";0,155;0,563;1
"fungus";0;1;1
"esg";1;1;0
"educational";1;0,004;1
"dress";1;0;1
"desire";0,793;1;0,026
"crack";1;1;0
"counter";1;1;0
"conventional";1;1;0
"communism";1;1;0
"collective";1;1;0
"coin";1;1;0
"clip";1;1;0,019
"charles";1;0;1
"censorship";1;1;0
"cancel";1;1;0
"busy";1;0,253;0,04
"blend";0,012;1;1
"bear";1;1;0
"amendment";1;1;0
"adl";1;0,034;0,003
"accident";0;1;1
"absorb";0;1;1
"violence";1;1;0
"thomas";1;0;1
"slowly";0,007;1;0,878
"shield";0,001;1;1
"sci";1;0;1
"route";0,8;0,467;1
"resistance";0,293;1;1
"rely";0,657;0,851;1
"relation";1;1;0
"reflect";1;0,316;0,552
"previously";0;1;1
"practical";0,119;0,851;1
"pivot";0,002;1;1
"philanthropy";1;0;0,796
"peer";0,001;1;1
"max";1;0,15;0,987
"louis";1;0;1
"lay";0,528;1;0,479
"lane";0,009;1;1
"iranian";1;1;0
"input";0,001;1;1
"initial";0,001;1;1
"independence";1;0,002;0,055
"ice";0,281;0,238;1
"hypothesis";1;0,779;0,281
"hyper";0,007;1;1
"harness";0;1;1
"hair";0,659;1;0,408
"fleet";0;1;1
"faculty";1;0;1
"essential";0,303;0,882;1
"entry";0;1;1
"dive";1;0,033;1
"database";0;1;1
"bug";0;1;1
"brazil";1;0,078;0,002
"blind";0,956;0,198;1
"ancient";1;0;1
"aid";1;0,882;0,629
"agenda";1;1;0
"actively";1;1;0,005
"acknowledge";1;0,851;0
"20s";1;0,006;1
"1960s";1;1;0,04
"welfare";1;1;0
"voter";1;1;0
"violent";1;1;0
"underestimate";1;1;0
"unbelievable";1;0,004;1
"tuition";1;0,011;0,081
"troop";0,101;1;0,281
"transparent";0,528;1;0,012
"transfer";0,401;1;1
"tower";0;1;1
"tennessee";1;0,779;0,003
"tail";0,408;0,387;1
"tackle";0,027;1;1
"swing";1;1;0,002
"surround";1;0,387;0,712
"suck";0,969;0,247;1
"stakeholder";1;1;0
"stable";1;1;0
"spin";0,001;1;1
"shortage";0;1;1
"select";0,408;1;1
"ring";1;0,676;1
"reserve";0,002;1;1
"prefer";1;0,053;1
"pool";0;1;1
"poll";1;1;0
"outsource";1;1;0,008
"oppress";1;0;0,322
"obesity";0,001;1;1
"naval";0,015;1;1
"mill";1;0;1
"microsoft";0,035;1;1
"loss";0,069;1;0,629
"junior";1;0,006;1
"jimmy";0,144;0,386;1
"japanese";1;0,003;1
"hydrogen";0;1;1
"hotel";1;0,042;1
"helicopter";0,003;1;1
"george";1;0,253;0
"genetic";0,027;0,882;1
"fresh";0,018;1;1
"flourish";1;0,882;0,629
"fashion";0,077;0,754;1
"fairly";0,006;1;1
"extend";1;0,467;1
"exponential";0;1;1
"existential";1;1;0
"essay";1;0,15;1
"equation";0,002;1;1
"emergency";0;1;1
"contest";0;1;1
"constraint";0,009;1;1
"commitment";1;0,003;1
"cognition";0;1;1
"clinic";0;1;1
"bipartisan";1;1;0
"assessment";0,041;1;1
"artificial";0;1;1
"arizona";1;1;0,008
"al";1;1;0
"agreement";1;1;0
"administrator";1;0,004;0,042
"virginia";1;0,983;0
"update";0,001;1;1
"tunnel";0,003;1;1
"transportation";0,001;1;1
"transformer";0;1;1
"supporter";1;0,11;0,012
"substance";0,807;0,882;1
"stadium";1;0,008;1
"split";0,047;1;0,199
"speaker";1;1;0
"societal";0,023;1;0,811
"skin";1;0,004;1
"reset";1;1;0,001
"reinvent";0,027;1;1
"react";0,002;1;1
"putin";1;1;0
"protest";1;0,021;0,342
"physically";1;1;0,06
"payer";0;1;1
"orbit";0;1;1
"opt";0;1;1
"odd";1;0;1
"neighbor";1;0,313;0,005
"missouri";1;0,008;0,029
"meta";0,144;1;1
"journalism";1;0,01;0,045
"ignore";1;0,657;0,712
"hamas";1;1;0
"grab";0,969;1;0,12
"governance";1;1;0
"fusion";0;1;1
"fortune";1;0;1
"fellow";1;0;1
"ensure";0,002;1;1
"dude";1;0;1
"disruption";0,009;1;1
"culturally";1;0;1
"circle";1;0;1
"charlie";1;1;0
"cautious";1;0;1
"briefly";1;0,003;1
"beer";1;0;1
"assistant";0,041;1;1
"19th";1;0,061;0,001
"warm";0,007;1;1
"virtual";0,023;1;1
"typical";0,155;0,563;1
"technique";0;1;1
"sun";0,215;1;0,547
"stat";0,035;1;1
"standpoint";0,807;1;0,005
"sister";1;0;0,547
"sake";0,401;1;0,281
"rough";1;0,002;1
"rethink";0,392;1;0,393
"researcher";0,003;1;1
"reliable";0;1;1
"recover";0,062;1;1
"radiation";0;1;1
"protester";1;1;0
"playbook";1;1;0
"pipeline";0,815;1;1
"nest";1;0;1
"napa";1;0;1
"miami";1;0,053;0,005
"marry";1;0;1
"marine";0,823;0,476;1
"march";1;0,313;0,005
"manual";0,001;1;1
"luck";1;0;1
"lithium";0;1;1
"literature";1;0;1
"lily";0,002;1;1
"intend";1;0,313;0,06
"highlight";1;0;1
"hall";1;0;1
"grid";0;1;1
"grateful";1;0;1
"golf";1;0;1
"gender";1;0;1
"fbi";1;1;0
"expansion";0,001;1;1
"england";1;0;1
"employment";1;0,472;0,042
"downtown";1;0,021;0,539
"doom";1;0,017;1
"dome";0,281;1;0,134
"discovery";0;1;1
"disadvantage";1;0,017;1
"dirty";0,012;1;1
"custom";0,004;1;1
"creator";1;0,061;1
"correction";1;1;0
"coer";1;0;1
"clock";0,401;1;1
"cheat";0,018;1;1
"charter";1;0;0,811
"cent";0;1;1
"branch";1;1;0
"borrow";0;1;1
"beauty";0,815;0,027;1
"battlefield";0;1;1
"barry";1;0;1
"athlete";1;0;1
"annual";0,984;0,574;1
"angle";0,155;1;0,629
"analyze";0,003;1;1
"adapt";0;1;1
"3d";0;1;1
"2000s";1;0,15;1
"vocational";1;0;1
"utility";0,001;1;1
"unusual";0,293;1;1
"treasury";0,001;1;1
"sustain";0,023;1;1
"survey";0,823;1;1
"suit";1;0,053;1
"style";1;0;1
"spy";1;1;0
"specie";1;0,189;1
"span";0,091;1;1
"sir";1;0;1
"shopify";0;1;1
"register";1;1;0
"purely";0;1;1
"punish";1;1;0
"properly";1;0,177;0,257
"profession";1;1;0,012
"procurement";0;1;1
"prioritize";0,215;1;1
"populist";1;0,957;0
"pension";1;1;0
"partly";1;0,017;1
"partisan";1;1;0
"nato";1;1;0
"male";1;0;1
"mafia";1;1;0
"london";1;0;0,9
"library";1;0,008;1
"liberalism";1;1;0
"lens";1;0,027;1
"latin";1;1;0
"jam";0;1;1
"iron";0,018;1;1
"institutional";1;0,008;1
"importance";1;0,247;0,547
"household";1;0,042;1
"guidance";0;1;1
"fortunate";1;0;1
"flat";0,012;1;1
"film";1;0,001;1
"fiction";1;0;1
"fdr";1;1;0
"exit";0,815;0,078;1
"empathy";1;0;1
"donor";1;0;0,811
"dimension";1;0,917;0,72
"description";0,002;1;1
"delay";0;1;1
"dedicate";1;0,001;1
"conspiracy";1;1;0
"conclusion";1;0,11;1
"boss";1;0,021;0,925
"beam";0;1;1
"bag";0,293;0,676;1
"backwards";0,52;1;1
"attitude";1;0,017;0,177
"asian";1;0;1
"analysis";0,815;0,078;1
"airline";1;1;0
"aesthetic";0,662;0,177;1
"20th";1;1;0
"yield";0;1;1
"undergrad";1;0,002;1
"triple";0;1;1
"trajectory";0,035;1;1
"theater";1;1;0,134
"tenure";1;0,189;1
"tactic";0,002;1;1
"script";0,037;1;1
"scarey";1;0,957;0,827
"sandwich";0,355;0,597;1
"row";1;0,078;0,468
"robust";0,012;1;1
"rip";1;0,14;0,393
"retail";0;1;1
"resume";0;1;1
"reputation";0,52;1;1
"renaissance";1;0,001;1
"remain";1;0,308;0,72
"regular";0,091;1;1
"ramp";0;1;1
"quota";1;1;0
"pharmacy";0;1;1
"pharma";0;1;1
"perfectly";0,012;1;1
"paris";1;0;1
"openai";0;1;1
"neil";1;0;1
"negotiation";0,984;1;0,177
"meter";0;1;1
"memphis";1;1;0
"luxury";1;1;0,099
"legend";1;0;1
"laugh";1;0;1
"larry";0;1;1
"kong";1;1;0
"jake";1;0;1
"irish";1;0;1
"intuitive";0,003;1;1
"hong";1;1;0
"grit";0,823;0,034;1
"gear";0,984;0,14;1
"exposure";0,012;1;1
"explode";0,001;1;1
"employ";0,007;1;1
"dial";0,19;1;1
"diabetes";0;1;1
"de";1;0,917;0,065
"coverage";0,001;1;1
"cook";1;0;1
"congressman";1;0,238;0
"colleague";1;0;0,811
"cia";1;1;0
"boston";1;0;1
"bone";0,004;1;1
"barely";1;0,034;1
"automation";0;1;1
"atom";0;1;1
"assess";0,382;1;1
"asia";1;1;0
"abraham";1;0,238;0,003
"50s";1;0,002;1
"21st";1;0,14;0,177
"zuckerberg";1;1;0,03
"vice";1;0,574;0,065
"upset";1;1;0
"underlie";0,091;1;0,72
"trans";1;1;0,004
"ticket";1;1;0,004
"terrorism";1;1;0
"surgery";0,002;1;1
"socialist";1;1;0
"snort";0,012;1;1
"session";1;1;0,001
"se";0,984;0,308;1
"saving";0,053;1;0,322
"ryan";1;0;1
"representative";1;1;0
"radically";0,19;1;0,539
"pursuit";1;0;0,727
"pig";1;0;1
"philosophical";1;0;1
"pause";1;1;0,03
"patch";0;1;1
"panel";0,132;1;1
"norm";1;0;1
"motion";0,001;1;1
"messy";1;1;0
"merge";0,053;1;1
"marxist";1;1;0
"ma";1;1;0
"llms";0;1;1
"liquidity";0;1;1
"kevin";1;0,005;0,925
"iteration";0;1;1
"humble";1;0,004;1
"homework";1;0;1
"hike";0;1;1
"highway";0,984;0,14;1
"graph";0,091;1;1
"grad";1;0;1
"goodness";1;1;0,003
"german";1;0,586;1
"georgia";1;0,238;0,134
"genuinely";0,012;1;1
"fitness";0,08;0,696;1
"fault";1;1;0
"escape";1;1;0,007
"embed";0;1;1
"embarrass";0,382;1;1
"earnings";0,001;1;1
"density";0,001;1;1
"consultant";0,009;1;1
"concrete";0,045;1;0,827
"coffee";1;0;1
"childhood";1;0;1
"bus";1;0,034;1
"bike";1;0,034;1
"barrel";0,175;0,479;1
"angel";0;1;1
"alien";1;0,476;0,012
"adventure";1;0;1
"abundance";1;0,111;1
"worthy";1;1;0
"wheel";0;1;1
"weakness";0,508;1;0,827
"variable";0,001;1;1
"ups";1;0;1
"tutor";1;0,002;1
"trilogy";0,233;0,48;1
"translate";0,132;0,807;1
"testosterone";1;0,37;1
"tariff";1;1;0,001
"tape";0,662;1;0,539
"superpower";1;0,127;0,827
"stress";0,515;0,807;1
"spring";1;1;0,007
"soul";1;0,027;0,149
"song";1;0;1
"solid";0;1;1
"significantly";0;1;1
"seattle";1;0,086;0,727
"resonate";1;0;1
"proposal";0,999;1;0,001
"personalize";0,037;1;1
"payroll";0,028;1;1
"palmer";1;0;1
"oversea";0,831;1;0,019
"origin";1;1;0,045
"org";1;0,003;1
"object";0,045;1;1
"neutral";1;0,874;0
"motor";0;1;1
"misunderstand";0,19;1;0,925
"millionaire";0;1;1
"medicare";0;1;1
"maximum";1;1;0
"jew";1;0;0,453
"ironic";1;0,021;0,539
"insurer";0;1;1
"impress";1;0;1
"hippie";0,839;1;0,626
"height";1;0,021;1
"harvey";0;1;1
"germans";1;1;0
"garden";1;0;1
"financially";0,053;1;1
"expertise";0,132;1;1
"excellent";1;0;1
"ethical";1;1;0
"electromagnetic";0;1;1
"ego";1;0,001;1
"download";0,175;0,838;1
"distance";0,005;1;1
"depression";1;1;0,012
"dependent";0,009;1;0,925
"darpa";0;1;1
"crap";1;0,238;0,322
"cow";0,053;1;1
"consult";0,251;0,717;1
"classical";1;0;1
"clarity";1;1;0
"civilian";1;1;0,004
"circuit";1;1;0,007
"chair";1;1;0
"bow";1;0,008;1
"biological";0,017;1;1
"band";1;0,068;1
"awareness";0,515;1;1
"auggie";0,004;1;1
"audit";0,045;1;1
"attach";1;1;0,007
"ambassador";1;0,384;0,007
"alcohol";1;0,177;0,539
"ah";1;0,005;1
"absolute";1;1;0,003
"abroad";1;1;0,007
"1990s";1;0,238;0,629
"zach";1;0;1
"whimo";0;1;1
"vessel";0;1;1
"unfortunate";1;1;0
"tyler";1;0;1
"twin";1;0,005;1
"tight";0,175;0,838;1
"tier";0,001;1;1
"sphere";1;1;0,047
"smoke";1;0;1
"singapore";1;1;0
"shame";1;0,001;1
"schedule";0,251;0,717;1
"russians";1;1;0
"resolve";1;1;0,03
"resilience";0,023;1;1
"rend";0,999;0,068;1
"regional";1;1;0
"quit";0;1;1
"prototype";0;1;1
"protocol";0,001;1;1
"pollution";0,058;1;0,526
"pioneer";0,045;0,957;1
"physician";0,023;1;1
"pack";1;0,586;0,07
"pacific";0,119;1;0,827
"nigeria";1;0,056;1
"micro";0;1;1
"matt";1;0;1
"martin";1;0;1
"loser";0,508;1;0,453
"league";1;0;0,827
"january";1;1;0,001
"iranians";1;1;0
"intern";0,158;1;0,954
"intention";1;1;0
"instrument";0;1;1
"inform";1;0,003;1
"incorporate";0,369;1;0,727
"hunt";0,661;0,838;1
"hop";1;0;1
"hardcore";1;1;0,002
"handful";0,267;0,957;1
"habit";1;0;1
"gigantic";0;1;1
"friday";1;0;1
"foundational";0,023;1;1
"expectation";1;1;0
"equally";1;0,209;0,429
"episode";1;0;1
"epis";0;1;1
"emotional";1;0,027;1
"due";1;0,021;1
"dense";0;1;1
"defect";0,007;1;1
"decent";0,029;1;1
"cu";0,19;0,696;1
"creativity";0,19;0,384;1
"covet";1;0,177;0,257
"correlate";0,251;0,717;1
"consume";0,119;1;1
"constitutional";1;1;0
"consistent";0,508;1;0,453
"conduct";0,831;1;0,453
"chase";1;0,001;1
"captain";1;0,019;1
"calculate";0,355;1;0,226
"bud";1;0;1
"britain";1;1;0
"behave";1;0,586;0,07
"atmosphere";0;1;1
"association";0,382;1;1
"appoint";1;1;0
"andy";1;0,008;1
"andre";1;0;1
"airplane";0,037;1;1
"agi";0;1;1
"accord";1;0,086;0,002
"7th";1;1;0
"yard";0,012;1;1
"wipe";0,337;1;0,116
"warrior";1;0,001;0,727
"upper";1;0,006;1
"unprecedented";0,508;1;0,019
"tour";0,158;1;1
"tim";1;0;1
"throat";1;1;0
"tequila";1;0;1
"tendency";1;0,838;0
"symbiosis";0,069;1;1
"submarine";0,251;1;1
"ski";0,337;0,37;1
"sixth";1;0,019;1
"similarly";1;0,957;0,07
"shot";0,839;1;0,626
"secretly";0,119;1;1
"repair";0,5;0,379;1
"regard";1;0,717;0,03
"recommend";0,006;1;1
"realization";0,267;1;1
"rally";0,251;0,717;1
"rail";0,251;1;0,294
"protein";0;1;1
"proof";0,119;0,957;1
"procedure";0;1;1
"polarize";1;1;0
"plug";0,006;1;1
"plenty";1;0;1
"ping";1;1;0
"phenomenal";0,508;1;1
"permission";0,267;1;1
"panic";1;0,056;1
"ontology";0;1;1
"observation";0,004;1;1
"nowadays";1;1;0
"needle";0,661;1;0,371
"molecule";0;1;1
"mirror";1;0,37;0,005
"maduro";1;1;0
"mac";0,09;1;1
"lifestyle";1;0,3;0,07
"lee";1;0,143;0,732
"landscape";0,069;1;1
"kosher";1;0;1
"justify";1;0,717;0,03
"johnson";1;0,003;0,827
"jerk";1;1;0,108
"iq";1;0,111;0,526
"investigate";1;1;0,004
"invasion";1;1;0
"intervention";0,175;1;0,727
"intent";1;1;0,011
"ingredient";0,369;1;0,727
"hybrid";0;1;1
"hugely";0,661;0,838;1
"hopeful";1;0;0,727
"harass";0,105;1;0,626
"graduation";1;0;1
"goldman";1;0;1
"gen";1;0,006;1
"fortunately";1;1;0
"forgive";1;0,226;1
"foremost";1;1;0
"exponentially";0;1;1
"execution";0,007;1;1
"elephant";1;0,002;1
"discrimination";1;1;0
"discriminate";1;0,006;0,047
"dialectic";1;0;1
"devon";0;1;1
"depot";1;0;1
"deployment";0,01;1;1
"deliberate";1;0,012;1
"critique";1;0,48;0
"criticism";1;0,226;0,149
"craft";0,251;0,717;1
"contact";0,045;1;1
"collaborate";1;1;0,626
"cheaply";0;1;1
"cat";0,006;1;1
"bot";0,5;0,163;1
"beta";0,175;0,479;1
"behalf";0,508;1;0,827
"auto";0;1;1
"alliance";1;1;0
"adjudicate";0,001;1;1
"additional";0,006;1;1
"accessible";0;1;1
"zip";0,489;0,874;1
"yale";1;0,086;0,371
"whistle";1;0;1
"weaponized";0,069;1;0,371
"wanna";1;0,001;0,616
"utilize";0,251;1;0,626
"trek";0,475;0,271;1
"trait";1;0,019;1
"technologist";0,069;1;1
"subscribe";1;0,186;1
"statue";1;0;1
"southern";1;0,003;1
"soccer";1;0;1
"smith";1;0;1
"shake";1;1;0
"sentence";1;0,111;0,226
"refugee";1;1;0,016
"recall";1;0,479;1
"radio";0,01;1;1
"queen";1;0;1
"prosecute";1;1;0
"propulsion";0;1;1
"propaganda";1;1;0
"presidential";1;1;0
"precision";0;1;1
"openness";1;0,071;0,01
"obnoxious";1;0;1
"nervous";1;0,479;0,371
"nearby";1;0,027;1
"mouth";0,5;0,163;1
"mechanical";0,01;1;1
"manner";1;1;0,727
"manipulate";0,251;1;0,626
"llm";0;1;1
"liquid";0,002;1;1
"lend";0;1;1
"legitimate";1;1;0,003
"ladder";0,037;1;1
"kitchen";0;1;1
"ken";1;0;1
"journal";1;0,015;0,294
"jones";1;0;1
"irs";1;1;0
"interpret";1;1;0,011
"intensity";1;0,008;1
"integration";0,006;1;1
"infinite";0;1;1
"headline";1;0,003;1
"hacker";0,848;0,874;1
"grandmother";1;0;1
"frequency";0,001;1;1
"foster";1;0;1
"footprint";0;1;1
"flood";1;1;0,018
"flee";1;0,379;0
"fancy";1;0,034;1
"extraordinarily";1;1;0,002
"essence";0,369;1;1
"encounter";1;0;1
"ed";1;0;1
"eastern";1;1;0
"dystopian";1;0;1
"dump";0;1;1
"duke";1;0;1
"downside";0,369;1;1
"disney";1;0;1
"discourse";1;0,143;0,116
"desperately";0,5;1;0,626
"decay";1;1;0,001
"dave";1;0;1
"dance";1;0,004;0,616
"cultivate";1;0;1
"corp";0,09;0,874;1
"coordinate";0,5;1;1
"columbia";1;0,003;1
"coinbase";1;1;0,03
"coal";0,01;1;1
"classify";0,001;1;1
"churchill";1;0,056;0,006
"cabinet";1;1;0
"bureaucratic";1;1;0
"bread";0,251;0,717;1
"banker";1;0;1
"bacterium";0;1;1
"awful";1;0,479;0
"australia";1;1;0
"attribute";1;0,226;0
"attorney";1;0,027;0,371
"atlanta";1;0,874;0,166
"assembly";0,839;1;0,006
"artemis";0,002;1;1
"allocation";0,034;1;0,991
"aim";0,251;1;0,626
"afternoon";1;0;1
"aerospace";0,01;1;1
"adapar";0,355;0,288;1
"actualize";1;0,015;1
"academy";1;0;1
"2030s";0;1;1
"xi";1;1;0
"workflows";0;1;1
"warn";1;1;0,001
"volunteer";1;0,001;1
"violate";1;1;0
"viable";0;1;1
"upgrade";0,002;1;1
"unintuitive";0;1;1
"undergraduate";1;0;1
"uncomfortable";1;0,004;0,845
"uncle";1;0,091;0,256
"tune";0,251;1;1
"tucker";1;0,004;0,616
"tuberculosis";1;1;0,005
"traditionally";1;0,717;0,626
"toxic";0,475;1;0,616
"tooth";0,158;1;1
"tom";1;0,001;1
"terror";1;1;0,006
"supplier";0;1;1
"starship";0,001;1;1
"shoe";1;0,008;1
"shelter";1;1;0,002
"seventh";0,839;0,163;1
"season";1;0;1
"rush";1;1;0,338
"ruin";1;0,163;0,03
"robert";1;0;1
"risky";0,09;1;0,429
"retain";0,037;1;0,626
"recession";0,007;1;1
"progressivism";1;1;0
"profound";1;1;0,005
"primitive";0;1;1
"pride";1;0,008;1
"prescription";0,233;1;0,166
"preference";1;0,163;0,626
"portion";0,037;1;1
"pal";0,037;1;1
"overwhelm";0,839;1;0,626
"nose";1;0,379;0,294
"noise";0,66;1;0,074
"muslim";1;1;0
"momentum";0,355;1;0,226
"mobility";0,09;1;1
"mineral";0;1;1
"mexican";1;0,008;0,226
"mechanic";1;1;0,732
"mandatory";1;1;0,166
"loyal";0,139;1;1
"londale";1;0;1
"limitation";0;1;1
"jesus";1;0;1
"jersey";1;1;0,029
"jealous";1;0;1
"israelis";1;1;0
"israeli";1;0,288;0,526
"insider";1;0,118;0,392
"incremental";0,058;1;0,526
"ideological";1;1;0
"humility";1;0,071;0,845
"holocaust";1;0,209;0,002
"gravity";0;1;1
"emission";0;1;1
"electrify";0;1;1
"editor";1;0;1
"dust";0,034;1;1
"donation";1;0,597;0,018
"domestic";0,848;1;0,429
"divorce";1;1;0,029
"deter";0,251;1;0,294
"demo";0;1;1
"dell";0,233;0,874;1
"clutter";0,001;1;1
"clothe";0,233;0,874;1
"clever";0,105;1;1
"chart";0,058;1;1
"charity";1;0,019;1
"chancellor";1;0;0,954
"carolina";1;0,209;0,01
"buddy";1;0;1
"bezos";0,839;0,056;1
"axis";0,046;1;1
"award";1;0,209;0,429
"anduin";0,02;1;1
"analog";0,001;1;1
"aggregate";0;1;1
"advise";1;0,001;1
"accurate";1;1;0,226
"youth";1;0;1
"yodel";0;1;1
"yellow";1;0,023;1
"wreck";1;1;0
"wokeness";1;1;0
"wisconsin";1;0,111;0,526
"walmart";0,007;1;1
"vp";0,001;1;1
"volume";0;1;1
"utah";1;0;1
"upbringing";1;0;1
"underground";0,002;1;1
"ukrainians";1;1;0
"ubi";1;0,768;0
"timeline";0,001;1;1
"tent";1;1;0
"tap";0,004;1;1
"suspect";0,017;1;1
"subsidize";0,046;1;0,732
"straightforward";0,158;1;0,526
"statistical";0;1;1
"shell";1;0,476;0,502
"sexual";0,489;1;0,166
"semiconductor";0;1;1
"satisfaction";1;0,023;1
"request";0,337;1;0,338
"relief";0,848;1;0,166
"refuse";0,489;1;0,845
"purchase";0;1;1
"preserve";1;0,209;0,845
"pose";0,653;1;0,183
"piss";1;1;0,002
"pill";0,848;1;0,429
"pile";0,074;1;1
"photo";0,09;1;0,845
"painful";0,66;0,111;1
"overlap";0,028;1;1
"overconfident";0,475;0,271;1
"outsider";0,337;0,37;1
"ordinary";1;1;0
"opposition";1;1;0,003
"obstacle";0,848;0,071;1
"obsession";0,158;1;1
"nut";1;0,741;0,732
"november";1;0,874;0,01
"nathan";0,653;0,186;1
"myth";1;0;1
"monitor";0;1;1
"mentally";1;0,288;0
"mandate";1;1;0
"mad";0,158;1;0,526
"lord";1;0,001;1
"liberate";1;1;0
"legally";1;1;0
"jared";1;0,917;0,008
"james";1;0,042;1
"ironically";1;1;0
"intercept";0,001;1;1
"hr";0,017;1;1
"harbor";0,657;1;0,732
"ground";1;0,004;1
"gay";1;1;0
"friendly";1;0,288;0,074
"forum";1;1;0
"formula";0,489;0,874;1
"fission";0;1;1
"finger";0,09;1;1
"fentanyl";1;1;0
"exam";0,848;0,48;1
"dysfunction";1;0,597;0
"disconnect";1;1;0,166
"disappear";1;0,874;0,01
"dirt";0,007;1;1
"defeat";1;0,37;0,116
"declaration";1;0,001;0,226
"dean";1;0;1
"convert";0,66;0,111;1
"constant";1;1;0,018
"consciousness";1;0,288;1
"comp";1;1;0,01
"collar";1;0,042;1
"brown";1;0,001;0,226
"bloomberg";0,007;1;1
"blog";1;0,008;1
"blank";1;0,071;1
"basketball";1;0;1
"attractive";1;0,042;1
"ass";1;0;1
"april";1;0,091;1
"apex";0,002;1;1
"antibiotic";0;1;1
"anthropic";0;1;1
"ambition";1;0,597;0,526
"accuse";1;1;0
"acceleration";0,001;1;1
"40s";1;0;1
"1950s";1;0,071;0,429
"wrap";1;0,874;0,429
"withstand";1;0,48;0,845
"whale";0;1;1
"weather";1;0,019;1
"vr";0;1;1
"virtually";0,848;1;0,429
"useless";0,004;1;1
"trickle";1;0,004;1
"trap";1;1;0
"transplant";0;1;1
"tighten";0;1;1
"survival";0,139;1;0,338
"supportive";1;0,874;0,002
"subsidy";0,02;1;1
"stream";0,09;1;1
"snack";0,457;0,353;1
"slip";0,475;1;0,076
"shirt";1;0,001;1
"sheep";1;0;1
"september";1;0;1
"schumer";1;1;0
"scholar";1;0;1
"scan";0,002;1;1
"sauce";0,001;1;1
"satisfy";0,489;1;0,845
"residential";0;1;1
"recreate";1;1;0,166
"ratio";0;1;1
"ram";0,046;1;1
"probability";0,09;0,874;1
"primarily";0,09;1;0,429
"premium";0;1;1
"precisely";1;0,019;1
"pour";0,02;1;1
"pot";1;0;1
"plot";0,09;1;1
"philadelphia";1;0;1
"persistent";1;1;0,048
"paperwork";0;1;1
"owe";0,074;1;0,616
"outperform";0,001;1;1
"optimal";1;0,143;1
"ongoing";0,848;1;0,048
"offload";0,023;1;1
"oculus";0,007;1;1
"newspaper";1;0;1
"native";1;1;0,002
"monetary";0,337;1;0,116
"mo";1;0,874;0,429
"menu";1;0,271;0,076
"median";1;0,476;0,047
"med";0,007;1;1
"manhattan";1;0,209;0,166
"log";0;1;1
"liability";0,475;1;0,076
"killer";0,09;1;0,845
"joint";0,074;1;1
"jefferson";1;0;1
"italy";1;0,091;0,616
"inappropriate";1;0,042;0,116
"import";1;0,874;0,429
"impactful";0,012;1;1
"homeowner";0,02;1;1
"hip";1;0,009;0,732
"headcount";0;1;1
"hat";1;0;1
"hammer";1;0,607;0,616
"guilty";1;1;0
"gray";1;1;0,002
"graphic";0,004;1;1
"gov";0,212;1;1
"globalization";0;1;1
"garage";0,09;0,874;1
"fulfillment";0,001;1;1
"fruit";0,139;1;1
"fool";1;0,004;1
"farmer";1;0,004;1
"fa";0,02;1;1
"espionage";1;1;0
"equality";1;1;0
"enhance";0,09;1;0,845
"emperor";1;0,019;1
"el";1;0,741;0,001
"echo";1;0,001;1
"ear";1;0,009;1
"doable";0,046;1;1
"democratize";0,139;1;1
"crt";1;0,615;0,001
"contribution";1;0,042;1
"contrarian";1;0,019;1
"consistently";0,09;1;1
"colorado";1;0,118;0,123
"collection";0,337;1;0,732
"coincidence";1;0,209;0,166
"cognitive";0;1;1
"coalition";1;1;0
"cite";1;0,874;0,01
"chronic";0,007;1;1
"christianity";1;0;0,845
"chicken";0,07;1;1
"calorie";0,013;1;1
"bridgewater";1;0,002;1
"bird";1;0;1
"bid";1;1;0,008
"belong";1;0,271;0,002
"beijing";1;1;0
"backyard";0,848;0,874;1
"b2b";0;1;1
"automotive";0;1;1
"autoimmune";0;1;1
"attrition";0;1;1
"arab";1;1;0
"analytics";0;1;1
"alongside";1;0,004;0,429
"abstract";0,007;1;1
"30s";1;0,071;0,429
"variance";1;0,054;1
"vacuum";0,034;1;0,991
"vacation";1;0;1
"urban";1;0;1
"unify";1;0,741;0,005
"unicorn";0,002;1;1
"unhappy";1;0,143;1
"underhyped";0;1;1
"ukrainian";1;1;0,001
"tree";0,004;1;1
"trash";0,002;1;1
"trader";1;0;1
"totalitarian";1;1;0
"threshold";1;1;0
"theoretical";1;1;0,076
"temperature";0,012;1;1
"technically";1;0,741;0,116
"tablet";0;1;1
"sympathize";1;1;0
"sword";1;0,353;1
"supremacy";1;0,741;0
"specialize";0,139;1;1
"soros";1;0,143;0,029
"sin";1;1;0
"shadow";1;0,011;0,991
"separation";0,868;1;0,026
"seize";1;1;0
"scope";0;1;1
"scholarship";1;0,002;1
"scarcity";0,001;1;1
"scam";1;1;0
"safely";0,004;1;1
"revolutionize";0;1;1
"reliability";0;1;1
"rejection";1;1;0,047
"reference";1;0,143;1
"reed";1;0;1
"raw";0,004;1;1
"radicalize";1;1;0
"propose";1;1;0
"prize";1;0,091;1
"prediction";0;1;1
"precise";0,02;1;1
"pray";1;0;0,732
"pr";1;1;0,029
"populism";1;0,042;0,338
"pollute";0,002;1;1
"politicize";1;0,741;0,001
"pizza";0,034;1;1
"pipe";0,002;1;1
"perry";1;1;0,008
"perceive";1;0,004;1
"patrick";1;0,004;1
"overnight";0,337;1;0,338
"oppression";1;0;1
"oftentimes";0,657;1;1
"noble";1;0;1
"nick";0,653;0,186;1
"minecraft";0,001;1;1
"midwest";1;0;1
"marriage";1;1;0
"marginal";0,02;1;1
"marcus";1;0;1
"manufacturer";0,012;1;1
"mail";1;1;0,005
"louisiana";0,337;1;0,732
"knife";1;1;0,047
"junk";0,858;0,091;1
"joby";0,004;1;1
"islam";1;0,002;0,338
"invention";0,858;1;1
"intuitively";0,012;1;1
"intensive";0;1;1
"intel";0,475;0,271;1
"insanely";0,653;1;0,502
"industrialize";1;1;0,026
"industrialization";1;0,042;1
"ill";1;1;0
"hunter";1;0,271;0,016
"hampshire";1;1;0
"gps";0;1;1
"ghost";0;1;1
"generational";0,457;0,353;1
"gang";1;1;0
"friction";0,074;1;1
"freeze";1;0,476;0,183
"fold";0,074;1;1
"fellowship";1;0,011;1
"false";1;1;0,005
"explanation";0,337;1;0,732
"existence";1;0,091;1
"excitement";0,653;1;0,502
"eu";1;1;0
"eric";1;0,004;1
"entitlement";1;1;0,047
"entertainment";1;0,271;1
"enlightenment";1;0,002;1
"elevator";1;0;1
"elevate";0,139;0,741;1
"dysfunctional";1;1;0
"dual";0;1;1
"doug";0,004;1;1
"disclosure";0,001;1;1
"deviation";0,004;1;1
"depress";1;0,001;1
"demographic";0,475;1;0,256
"curiosity";1;0;1
"cry";1;1;0,001
"critically";0,337;0,37;1
"credential";0,337;1;1
"consent";0,287;1;0,733
"concentration";1;1;0
"concentrate";0;1;1
"con";1;0,004;1
"compel";1;0,009;0,732
"clue";1;0,001;1
"clinton";1;1;0
"cheer";1;0,013;0,29
"champion";0,212;1;1
"ch";0,657;1;0,338
"certainty";1;1;0,002
"carter";1;0,143;0,338
"cadence";0,002;1;1
"burst";0,858;0,091;1
"bump";0,008;1;1
"brutal";1;1;0
"bottleneck";0;1;1
"boeing";0,337;1;1
"bless";1;0,042;0,116
"aviation";0,119;0,917;1
"alto";1;0,023;1
"achievement";1;0,002;0,732
"abstraction";0;1;1
"weed";0,119;1;1
"vulnerable";1;1;0,076
"voltage";0;1;1
"viewpoint";1;1;0
"vertically";0;1;1
"unsexy";0,013;1;1
"unleash";0,02;1;1
"unknown";0,004;1;1
"universal";1;0,271;0,076
"uniform";1;0,917;0,502
"uae";1;0;0,991
"trace";1;0,091;0,616
"tone";1;0;1
"tick";0,02;1;1
"thread";1;0,001;1
"tension";1;1;0,008
"taylor";1;0;1
"superstar";1;0;1
"sufficient";1;1;0
"successfully";0,475;1;0,076
"stagnation";0,858;1;0,076
"sick";0,653;0,917;1
"sheer";0,119;1;1
"sex";1;0,186;0,991
"sensitive";1;1;0,016
"rival";1;1;0,076
"revolutionary";1;1;0,001
"rent";0,074;1;1
"refer";1;0,607;0,616
"recycle";0,034;1;1
"recognition";1;0,023;1
"realistic";0,001;1;1
"reader";1;0,023;0,076
"rabbi";1;0,005;0,89
"purple";1;1;0
"punch";1;0,607;0,002
"pulse";0,001;1;1
"prompt";0,001;1;1
"prince";1;0,023;0,076
"prevail";1;1;0
"practitioner";0,013;1;1
"placement";0,034;1;1
"phenomenon";1;1;0,016
"percentile";1;0;1
"pbm";0;1;1
"paycheck";0,002;1;1
"pathway";0,186;0,768;1
"overhead";0;1;1
"outline";1;0,023;0,256
"organizational";0;1;1
"organic";0,001;1;1
"oracle";0,095;1;1
"offensive";1;0,186;1
"obligation";1;1;0
"neo";0,645;1;0,076
"neat";1;0;1
"mouse";0,008;1;1
"monday";1;0;1
"minimize";1;1;0,047
"meal";1;0,004;1
"logical";0,212;1;0,616
"leftist";1;0,768;0,004
"knee";0,186;1;0,392
"jd";1;0,353;0,865
"jammer";0,013;1;1
"item";0,074;1;1
"inventory";0;1;1
"intrusion";1;1;0,026
"intimidate";1;0,607;0
"interestingly";0,858;1;0,616
"interceptor";0,002;1;1
"instruction";1;1;0,125
"instagram";0,057;1;1
"influential";1;0;1
"inculcate";1;0;1
"inch";0,095;1;1
"immigrate";1;0,476;0,008
"horizontal";0,001;1;1
"heck";0,004;1;1
"gross";0,001;1;1
"greek";1;0,014;0,458
"gna";0,02;1;1
"globe";0,858;1;1
"genome";0,186;0,768;1
"genocide";1;1;0
"gbt";0;1;1
"ftc";1;1;0,008
"friendship";1;0;1
"fox";1;0,002;0,991
"forbid";1;0;1
"firsthand";0,858;1;1
"fintech";0,004;1;1
"external";1;1;0,002
"expression";1;0,004;1
"expense";0;1;1
"excavator";0;1;1
"eager";1;0,271;0,002
"dubai";1;1;0,256
"drill";0,119;1;1
"draft";1;0,118;0,865
"doc";0,004;1;1
"distract";1;1;0,076
"display";0,034;1;1
"disappoint";1;1;0,047
"disagreement";1;1;0
"dialogue";1;0;1
"demonstration";0,858;1;1
"deck";0,004;1;1
"decentralization";1;1;0
"da";1;0,353;0,026
"cto";0,013;1;1
"crystal";1;0,917;0,991
"countryside";0,858;1;1
"costly";0,02;1;1
"cooperation";1;1;0,026
"contrast";1;0,004;1
"continually";0,475;1;1
"consumption";0,001;1;1
"comfort";0,858;0,091;1
"cobalt";0,001;1;1
"cliff";0,186;1;1
"clarence";1;0;1
"chris";1;0;1
"chemistry";0;1;1
"certification";0,004;1;1
"cattle";0,287;0,615;1
"caddy";1;0;1
"businessman";1;0,002;1
"boot";1;0,615;0,076
"bleed";0,315;0,917;1
"blast";0,001;1;1
"basement";0,457;0,768;1
"baseline";1;0,054;1
"attend";1;0;1
"assault";1;1;0
"arrogant";1;0,028;0,123
"arrest";1;1;0
"architect";0,653;1;0,183
"appreciation";1;1;0
"anger";1;0,002;0,502
"android";0;1;1
"alarm";1;1;0,026
"agriculture";1;0,353;1
"adversity";1;0;1
"addiction";1;1;0
"adaptive";0,004;1;1
"accidentally";0,074;1;1
"18th";1;0,091;0,016
"yell";1;0,768;0,026
"workout";1;0,034;1
"wildly";1;0,186;0,502
"weiss";1;0;1
"wash";0,186;0,768;1
"visible";1;1;0,008
"veteran";1;0,353;0,026
"versa";0,001;1;1
"unquote";1;0,917;0,008
"tulsa";1;1;0
"torture";1;1;0
"tony";1;0;1
"tock";0,119;1;0,502
"television";0,653;1;0,991
"tall";0,457;1;1
"syria";1;1;0
"suppress";1;1;0,004
"supercharge";0,023;1;1
"stone";1;0;1
"stereotype";1;0;1
"standardize";0,156;0,969;1
"stan";1;0;1
"spreadsheet";0;1;1
"sovereign";1;1;0,008
"someday";0,653;0,476;1
"smb";0,002;1;1
"slap";0,868;1;0,865
"sink";0,057;1;1
"simulation";0,004;1;1
"sight";0,013;1;1
"sharp";1;0,002;1
"segment";0,119;1;1
"saturday";1;0;1
"sand";1;0,353;0,865
"salesperson";0,001;1;1
"sailor";0,057;1;1
"sacrifice";1;0;1
"russ";1;0,154;0,199
"roland";1;0;1
"rockefeller";1;0;1
"rifle";1;0,969;0,042
"reuse";0,001;1;1
"restrict";1;1;0,008
"resolution";0,315;1;0,502
"republic";1;1;0
"replacement";0;1;1
"refresh";0,013;1;1
"realtor";0;1;1
"realm";0,008;1;1
"prosperous";1;0,002;1
"proposition";0,457;1;0,123
"prominent";1;0,615;1
"probation";1;1;0
"princeton";1;0;1
"preach";1;0,013;0,29
"pounder";0,001;1;1
"pirate";1;0,013;1
"pin";1;1;0,001
"phrase";1;0,001;1
"phoenix";1;0;1
"patriotic";1;0,028;0,392
"oversight";1;1;0
"offshore";0,008;1;1
"officially";1;0,476;0,183
"nuanced";1;0,054;0,183
"notch";0,003;1;1
"nos";1;1;0
"nerd";1;0,011;1
"nazis";1;1;0
"motive";1;1;0,047
"morally";0,008;1;1
"mini";1;0;1
"masculinity";1;0;1
"maria";1;0;1
"manifest";0,315;0,917;1
"longevity";0,186;0,768;1
"lever";1;1;0
"learning";0,001;1;1
"kindergarten";1;0;1
"kim";1;0,244;0,013
"jackson";1;0;0,991
"intellectually";1;0,028;1
"integrity";1;1;0,047
"instinct";1;0,476;0,047
"inspiration";0,315;1;0,991
"infection";0,008;1;1
"inevitably";1;0,118;0,392
"implementation";0,119;1;1
"hustle";1;0;1
"hook";0,002;1;1
"hood";0,008;1;1
"holiday";1;0;1
"hobby";1;0,615;0,733
"hitler";1;0,768;0
"hierarchy";1;1;0
"headquarter";0,057;1;1
"guest";1;0;1
"gradually";0,315;1;0,183
"gmail";0,004;1;1
"gaga";1;0;1
"funnel";0,001;1;1
"fulfil";0,653;0,186;1
"formation";1;0,001;1
"float";1;1;0,076
"fiber";0,013;1;1
"fence";0,252;1;0,458
"fairness";1;0,476;0,047
"fabric";1;0,054;1
"extremist";1;1;0
"exhaust";1;0;1
"exceptional";1;1;0,123
"excel";1;0,353;1
"evolutionary";0,653;1;0,502
"ethos";0,868;0,353;1
"emotion";1;1;0
"electrical";1;0,011;1
"dramatic";0,001;1;1
"dose";0,095;1;0,733
"distortion";0;1;1
"discount";0,002;1;1
"diet";0,095;1;1
"dictator";1;1;0
"diamond";1;0,002;1
"defensive";0,119;1;0,991
"curative";0,004;1;1
"cryptocurrency";0,04;1;1
"crown";1;0,768;0
"crispr";0;1;1
"connectivity";0,001;1;1
"confirm";1;0,353;0,026
"colombia";1;1;0,004
"cisco";0,057;1;1
"cigar";1;0;1
"christians";1;0;1
"chill";1;0;1
"cetera";0,07;1;1
"census";1;1;0,026
"ceiling";0,095;1;1
"cast";1;0,186;1
"capita";0,653;1;0,183
"burden";1;0,917;0,991
"bucket";0,095;1;1
"breast";0,007;1;1
"bounce";0,315;1;1
"bind";1;1;0
"belt";0,008;1;1
"believer";1;0;1
"bathroom";1;0,154;1
"bat";1;0,615;1
"bankrupt";1;0,476;0,183
"backup";0;1;1
"backbone";1;0,028;1
"bachelor";0,119;0,917;1
"automatic";0,008;1;1
"assist";0,008;1;1
"arise";1;1;0,004
"appropriation";1;1;0
"adviser";1;0,186;0,183
"advent";0,008;1;1
"worldwide";1;1;0,123
"weigh";1;0,969;0,042
"weekly";1;0,068;0,29
"waiter";1;0,086;1
"visionary";1;0,068;1
"village";1;0,002;1
"vibe";1;0,002;1
"vest";1;1;0
"uranium";0,013;1;1
"upfront";0,057;1;1
"unhealthy";1;1;0
"unbiased";0,001;1;1
"triangle";1;1;0
"transistor";0,003;1;1
"thorium";0,003;1;1
"terribly";1;1;0,004
"telemedicine";0,04;1;1
"techno";1;0,798;0,02
"tale";1;0,118;1
"tailwind";0,057;1;1
"synagogue";1;0;1
"sweep";1;0,353;1
"sustainability";0,287;1;1
"surge";1;1;0,005
"structural";0,457;1;0,865
"strict";0,868;1;0,026
"stoic";1;0;1
"stimulus";0,645;1;0,076
"stamp";0,868;0,768;1
"stability";0,868;1;0,123
"specialty";0,156;0,969;1
"sony";0,07;1;1
"skip";0,868;0,118;1
"skincare";0,001;1;1
"singularity";0,057;1;1
"sing";1;0,001;0,865
"simultaneously";0,457;0,353;1
"silver";1;0,068;1
"shoulder";1;0,768;0,865
"shore";1;1;0
"sh";1;0,118;1
"severe";1;1;0
"settle";1;0,013;0,29
"separately";0,287;1;1
"selection";0,287;0,615;1
"scheme";0,057;1;1
"scalable";0;1;1
"salt";1;0,005;1
"rung";1;1;0
"rumor";0,868;1;0,123
"roi";0,001;1;1
"rob";1;0;1
"rigorous";0,057;1;1
"rift";0,004;1;1
"riff";0,001;1;1
"replicate";0,057;1;1
"rep";0,013;1;1
"remotely";0,002;1;1
"regret";1;1;0
"quarterly";0,004;1;1
"purposely";1;1;0
"pump";0,186;1;1
"prosecutor";1;1;0
"proliferation";0,013;1;1
"producer";0,645;0,615;1
"proceed";1;1;0,042
"problematic";1;0,068;0,29
"plumber";0,645;0,244;1
"pillar";1;1;0,004
"pessimist";1;0;1
"persian";1;0,464;0,005
"pen";0,001;1;1
"payload";0,002;1;1
"outstanding";0,095;1;1
"outlet";1;0;1
"orientation";1;0,615;0,29
"opto";0,633;0,323;1
"opm";1;1;0
"olympics";1;1;0,001
"nickel";0;1;1
"nap";1;0;1
"museum";1;0,002;1
"morph";1;1;0,29
"morality";1;0,045;1
"minnesota";1;0,068;1
"memorize";0,001;1;1
"medication";0,001;1;1
"mcdonald";0,88;0,154;1
"mathematics";1;0;1
"mathematician";1;1;0,004
"mankind";0,013;1;1
"mainstream";1;1;0
"magical";1;0,118;1
"locate";0,013;1;1
"locally";1;1;0,026
"linear";0;1;1
"lifespan";0,004;1;1
"leonidas";0,001;1;1
"leonard";1;0,154;0,042
"leo";1;0,768;0,392
"lender";0,001;1;1
"leg";0,457;0,768;1
"leak";0,868;1;0,026
"kirk";1;1;0
"karp";1;0,013;1
"jonathan";1;0;1
"italian";1;0,768;0
"isolate";1;0,353;1
"ip";0,013;1;1
"interpretation";1;1;0
"install";0,002;1;1
"inevitable";0,186;1;0,392
"inefficient";0,002;1;1
"index";0,095;1;1
"illinois";1;0;1
"illiberal";1;1;0
"idiot";1;0,068;1
"ian";1;1;0,123
"hypersonics";0,001;1;1
"hvc";0,457;0,353;1
"husband";1;0;1
"hpm";0;1;1
"healthc";1;0;1
"harry";1;0,323;0,02
"grocery";0,057;1;1
"greatly";1;1;0,123
"gbd4";0,002;1;1
"freight";0,007;1;1
"frederick";1;0;1
"formative";1;0,005;1
"formal";1;1;0
"flexibility";1;0,615;1
"flash";0,004;1;1
"fifty";0,013;1;1
"faa";0,004;1;1
"entropy";0,023;1;1
"enrol";1;0;1
"endeavor";1;0,013;0,733
"emphasize";0,095;1;1
"emp";0;1;1
"emergence";0,868;1;0,123
"dry";0,868;1;0,026
"dota";0,001;1;1
"diu";0,004;1;1
"distributor";0,001;1;1
"distort";1;1;0
"dismantle";1;1;0
"digitize";0,004;1;1
"diabetic";0;1;1
"detection";0,002;1;1
"designer";0,013;1;1
"declare";1;1;0
"debris";0,006;1;1
"cousin";1;0;1
"conviction";1;1;0
"consensus";1;1;0
"commute";0,001;1;1
"collateral";0,001;1;1
"collaboration";0,186;0,768;1
"cluster";0,868;1;0,865
"cleanup";0,002;1;1
"circumstance";0,457;1;0,392
"chuck";1;1;0
"chevron";1;1;0
"changer";0;1;1
"chamber";1;0,001;1
"certify";1;0,768;0,123
"cdc";1;1;0
"cannon";0,186;1;0,865
"candid";0,004;1;1
"canadian";1;0,001;1
"bullet";0,002;1;1
"brexit";1;1;0
"breadth";0,001;1;1
"brave";1;0,005;0,865
"brad";1;0,013;0,29
"bonus";1;0,768;0,026
"billers";0,013;1;1
"beneficial";0,868;1;0,123
"bane";1;0,068;1
"awake";0,186;1;0,392
"aurora";0,001;1;1
"august";0,287;1;0,29
"armor";0,04;1;1
"arabia";1;0,002;1
"api";0,004;1;1
"analyst";0,868;0,768;1
"americas";1;1;0
"allocate";0,433;1;0,199
"aisle";1;1;0
"adjacent";0,04;1;1
"addition";0,868;1;0,865
"addict";1;1;0
"acceptable";1;1;0
"accelerationist";0,004;1;1
"wto";0,252;1;0,458
"wood";0,001;1;1
"wildwood";1;0;1
"wells";0,095;1;1
"vulnerability";0,35;1;0,545
"visa";1;0,464;0,199
"vanguard";1;1;0
"ut";1;0;1
"upwards";0,287;0,615;1
"unman";0,004;1;1
"unbelievably";1;0,013;1
"ultra";1;0,464;0,596
"tube";0,002;1;1
"trig";0,023;1;1
"tremendously";1;0,244;0,733
"travis";1;0,068;1
"traction";0,287;1;0,29
"tolerance";1;1;0,013
"thiel";1;0;1
"theoretically";0,004;1;1
"territory";1;1;0
"technologically";0,095;1;1
"symbolic";1;1;0,013
"sweet";1;0,615;1
"suite";0,433;1;1
"suggestion";1;1;0,013
"suburb";1;0,244;0,29
"string";0,645;1;1
"stretch";1;1;0
"stoke";1;0,002;1
"statins";0,002;1;1
"spell";0,07;1;1
"spark";0,095;1;1
"spain";1;1;0
"smooth";0,007;1;1
"smartphone";0,156;0,969;1
"slide";0,023;1;1
"shelf";0,001;1;1
"shakespeare";1;0;1
"server";0,001;1;1
"secular";0,287;1;1
"scroll";0,156;1;1
"sba";0,433;1;1
"sample";0,433;0,464;1
"sachs";1;0;1
"runner";0,002;1;1
"rot";1;1;0,001
"ronald";1;0,615;0,001
"rome";1;0;1
"rigor";1;0,013;1
"rick";1;0,001;1
"retrospect";1;0,005;0,596
"remarkable";1;0,464;0,596
"reliably";0,001;1;1
"reinforcement";0,003;1;1
"reduction";0,004;1;1
"recommendation";0,023;1;1
"randomly";1;1;0,076
"raj";1;0;1
"rain";1;1;0
"psychological";0,156;1;1
"prospect";1;1;0
"proper";1;1;0,005
"propagate";0,095;1;0,733
"pronoun";1;0;1
"president_s";0,645;1;0,29
"presence";0,433;1;0,199
"prank";1;0;1
"powell";0,88;1;0,042
"portal";0,004;1;1
"polarization";1;1;0
"poland";1;1;0
"poem";1;0,005;0,89
"plausible";0,004;1;1
"philanthropist";1;0,002;0,733
"philanthropic";0,645;0,615;1
"phds";0,88;0,464;1
"pencil";0,252;1;1
"pe";1;0,034;1
"patchwork";1;1;0,013
"overly";1;1;0,042
"organically";0,156;1;1
"node";0,003;1;1
"nelson";1;0,202;0,89
"nefarious";0,004;1;1
"mount";1;0,798;1
"mod";1;1;0,29
"mock";1;0,323;0,125
"metaverse";1;0;1
"metaphor";0,001;1;1
"merger";1;1;0,013
"melt";0,252;0,798;1
"mckinley";1;0,034;1
"maven";0,04;1;1
"mature";0,095;1;1
"matrix";0,001;1;1
"marxists";1;1;0
"marxism";1;1;0
"marx";1;0,068;0,29
"machinery";0,001;1;1
"loyalty";0,645;0,244;1
"los";1;0,002;0,733
"logo";0,287;1;1
"lockdown";0,633;1;0,125
"litigation";1;1;0
"lease";0,252;1;1
"ko";1;0;1
"knob";0,121;1;1
"kentucky";1;0,068;0,29
"kelly";1;0,034;1
"juice";1;0,615;0,733
"jazz";1;0;1
"iterative";0,023;1;1
"islamic";1;0,969;0
"isis";1;1;0
"intolerant";1;1;0,02
"intersection";1;1;0,076
"interfaith";1;0;1
"instantaneous";0,001;1;1
"inherit";1;0,013;1
"infinity";0,006;1;1
"indians";1;0,244;0,29
"incorrect";0,88;0,969;1
"incident";1;1;0
"imply";0,013;1;1
"implication";1;0,244;0,733
"immense";1;0,086;0,458
"houston";1;0;1
"hostile";1;1;0
"honesty";0,121;1;1
"heritage";1;0;1
"hebrew";1;0;1
"harmful";0,04;1;1
"grape";1;0,086;1
"grandma";1;0;1
"graham";1;0,013;1
"grader";1;0;1
"gpt3";0,003;1;1
"glucose";0,01;1;1
"gary";1;1;0
"forest";1;1;0,076
"ford";1;1;0,125
"fierce";1;0,005;0,89
"february";1;0,154;0,596
"fame";1;0,034;1
"exploit";1;1;0,733
"explicitly";1;1;0
"excess";0,88;0,969;1
"everyday";1;0,615;0,29
"establishment";1;1;0
"equip";0,07;1;1
"emirate";1;0,244;1
"edit";1;0,615;1
"eak";1;0,034;1
"dot";0,023;1;1
"disorder";1;0,969;0,199
"diligence";0,001;1;1
"differentiate";0,004;1;1
"differ";1;0,323;0,125
"deregulation";1;1;0,008
"delta";0,095;1;1
"delete";1;1;0,013
"cube";0,006;1;1
"crucial";1;1;0,001
"crm";0,002;1;1
"crew";0,645;1;0,733
"crater";0,006;1;1
"correlation";0,095;1;0,733
"consolidation";0,156;1;1
"confusion";1;1;0,001
"completion";0,023;1;1
"commercially";0,004;1;1
"co2";0,095;1;1
"certificate";0,04;1;1
"centralization";1;1;0
"castle";0,004;1;1
"carrot";1;0,798;0,458
"cable";0,252;1;1
"brick";1;0,244;0,733
"breathe";1;1;0,031
"bourbon";0,399;1;1
"bobby";1;1;0
"birmingham";1;0;1
"bin";1;1;0
"bible";1;0;1
"baseball";0,645;0,615;1
"autocomplete";0,01;1;1
"authentic";1;0;1
"attachment";0,001;1;1
"array";0,006;1;1
"arguably";0,287;1;1
"approximately";0,645;0,615;1
"applicant";1;0,154;1
"aol";0,003;1;1
"angeles";1;0,002;0,733
"aggressively";0,287;1;0,29
"affirmative";1;1;0
"advisor";1;0,615;0,29
"advancement";0,023;1;1
"adam";1;0,005;0,596
"acre";0,024;1;1
"accelerationists";1;0,834;0,011
"wrist";0,013;1;1
"winery";1;0,001;1
"whisper";0,07;1;1
"warren";1;0,154;0,042
"warp";1;1;0
"vital";1;1;0,005
"virtuous";1;0,154;1
"violation";1;1;0
"veto";1;1;0
"vary";0,04;1;1
"validate";0,156;1;1
"utopia";1;0,001;1
"upload";0,001;1;1
"unsafe";1;1;0
"uniquely";1;0,034;1
"unaccountable";1;1;0
"ugly";1;1;0
"twenty";0,433;0,464;1
"tuesday";1;0;1
"trench";0,08;1;1
"transformative";0,156;1;1
"toyota";0,002;1;1
"thermal";0,002;1;1
"terminator";0,614;1;0,723
"tailor";0,04;1;1
"systematic";0,433;1;0,596
"sydney";1;0,367;0,922
"surprisingly";1;0,969;0,596
"summary";1;0,202;0,327
"subset";0,156;0,969;1
"subculture";1;0,134;1
"strip";0,04;1;1
"strategically";0,156;1;0,596
"stove";1;0,045;0,545
"storm";1;0,005;1
"stoicism";1;0;1
"static";0,001;1;1
"spit";1;0,034;1
"spiral";0,007;1;1
"sonoma";0,007;1;1
"soil";0,156;1;1
"socially";1;1;0,005
"sketchy";1;1;0,002
"simplify";1;1;0,002
"sf";1;0,014;1
"setup";0,156;1;1
"servant";1;0,001;1
"seizure";1;1;0
"scream";1;0,969;0,005
"sandbox";0,024;1;1
"restructure";0,07;1;1
"remake";1;0,001;1
"redo";0,04;1;1
"quest";0,633;0,323;1
"quantity";0,156;0,969;1
"provision";0,04;1;1
"proportion";1;1;0
"promotion";1;0,005;1
"presidency";1;1;0
"preservation";1;1;0,002
"practically";0,433;0,464;1
"poorly";0,013;1;1
"polite";1;0,04;0,327
"plate";0,013;1;1
"pie";1;0,005;1
"physicist";1;0,015;1
"philly";1;0;1
"personnel";1;0,969;0,199
"penny";0,433;0,464;1
"patent";0,002;1;1
"passive";0,001;1;1
"par";0,433;0,464;1
"palo";1;0,001;1
"palestine";1;1;0
"pakistan";1;1;0,002
"overwhelmingly";1;1;0,042
"overturn";1;1;0
"orthodox";1;0,005;1
"ohio";1;0,464;1
"offline";0,88;0,464;1
"nurture";1;0;1
"nixon";1;1;0,02
"nile";0,002;1;1
"nfl";1;0;1
"neutron";0,002;1;1
"nasty";1;1;0
"nail";1;1;0
"modernity";1;1;0
"mimic";0,001;1;1
"meat";0,252;0,798;1
"massachusetts";1;0,464;0,199
"mask";1;0,464;0,042
"lp";0,252;0,798;1
"lower";0,156;1;1
"loud";1;1;0
"longterm";0,04;1;1
"lincoln";1;1;0,125
"likelihood";0,001;1;1
"lieutenant";1;0,798;0,458
"le";0,88;1;0,199
"layoff";0,001;1;1
"lar";0,003;1;1
"keyboard";0,024;1;1
"ketamine";0,001;1;1
"kenya";1;0,617;0,89
"june";1;0,086;1
"judeo";1;0,969;0
"joy";1;0;1
"jinping";1;1;0
"ism";1;1;0
"ipo";0,007;1;1
"iowa";1;0,014;1
"internationally";1;0,798;0,02
"instantly";0,04;1;1
"inspirational";0,433;0,464;1
"insanity";0,633;1;1
"inject";1;0,005;1
"inherent";1;1;0,005
"infectious";0,007;1;1
"illness";1;1;0
"ideally";0,433;1;1
"hype";0,001;1;1
"hungry";1;0,323;1
"hostage";1;1;0,002
"hospitality";0,88;0,154;1
"historic";0,88;1;0,042
"heterogeneous";0,07;1;1
"hateful";1;0,464;0,005
"hamilton";1;0;1
"grail";0,013;1;1
"gpus";0,001;1;1
"gpt4";0,001;1;1
"github";0,007;1;1
"girlfriend";1;0,005;1
"geopolitics";1;1;0
"generative";0,013;1;1
"freshman";1;0,034;1
"fragment";1;1;0
"formulate";0,07;1;1
"forge";0,252;1;1
"forefront";1;1;0,199
"flexible";0,013;1;1
"fiat";0,024;1;1
"facilitate";0,04;1;1
"exceed";0,07;1;1
"esper";0,007;1;1
"envision";1;0,014;1
"envelope";0,07;1;1
"enrollment";0,003;1;1
"encampment";1;1;0
"emil";1;0,202;0,327
"elizabeth";1;1;0
"elementary";1;0,034;1
"douglass";1;0;1
"douglas";1;0,005;1
"diversify";0,001;1;1
"disinflationary";0,001;1;1
"digitally";0,013;1;1
"dick";1;0;1
"diagnostic";0,044;1;1
"destructive";1;1;0
"destiny";1;0,323;1
"derivative";0,013;1;1
"december";0,88;0,969;1
"daniel";1;0,014;1
"cvs";0,003;1;1
"creepy";0,88;0,154;1
"creature";1;1;0,458
"cosmos";1;0,04;1
"coordination";0,156;1;1
"convention";1;1;0
"convenient";0,069;1;1
"controller";0,002;1;1
"continent";1;0,464;0,596
"congressional";1;1;0
"commissioner";1;1;0
"commander";0,88;0,464;1
"column";1;0,04;1
"cole";1;0,034;1
"cohort";0,433;0,969;1
"civilizational";1;1;0
"chunk";0,04;1;1
"cbo";1;1;0
"cart";0,04;1;1
"brokerage";0,002;1;1
"brainwash";1;1;0,002
"boycott";1;0,617;0,008
"bloat";1;1;0
"beg";0,04;1;1
"beast";1;1;0,042
"baton";0,013;1;1
"barack";1;1;0
"ballot";1;1;0
"balloon";1;1;0
"bake";1;0,005;1
"athletic";0,88;0,154;1
"asteroid";0,002;1;1
"aspire";1;0,001;1
"aspiration";1;1;0,042
"asm";0,001;1;1
"arthur";1;0,001;1
"antitrust";1;1;0,002
"anticipate";0,88;1;0,042
"announcement";1;0,154;1
"aluminum";0,013;1;1
"afghan";1;1;0,002
"abc";0,001;1;1
"10th";1;0,034;1
"woodside";1;0,202;0,89
"winter";1;0,086;1
"whatsoever";1;1;0
"weld";0,044;1;1
"wasteful";1;1;0,125
"wacky";0,892;1;0,069
"vista";0,024;1;1
"vintage";0,044;1;1
"villain";1;1;0,002
"versel";0,013;1;1
"vector";0,252;1;1
"van";1;1;0,21
"usual";1;0,005;1
"uplift";1;0;1
"unintended";0,07;1;1
"unhappiness";1;1;0,21
"tyranny";1;1;0
"tricky";1;0,086;1
"transmission";1;1;0,002
"transcend";1;1;0
"tragedy";1;1;0,327
"toxin";0,08;1;1
"tourism";0,121;1;1
"toote";0,002;1;1
"tonight";1;0;1
"tomato";1;0,436;0,21
"tiger";0,892;0,202;1
"temple";1;0;1
"tag";0,013;1;1
"systemic";1;1;0
"synthetic";0,252;1;0,458
"swim";0,07;1;1
"swell";1;1;0
"swear";1;0,202;0,069
"suspend";0,252;1;1
"susceptible";1;1;0
"surely";1;0,086;1
"supposedly";1;1;0
"sunset";1;1;0,011
"summarize";1;0,617;0,89
"stressful";0,252;0,798;1
"storytelling";0,399;0,617;1
"steroid";0,003;1;1
"steer";0,252;1;1
"stealth";0,003;1;1
"statewide";1;1;0
"stance";0,633;1;0,125
"stagnate";0,252;1;0,458
"spotify";0,614;0,436;1
"spoil";1;0,086;0,125
"spartan";0,006;1;1
"sociology";1;0,323;0,02
"slight";0,121;1;1
"slaughter";0,633;1;0,125
"skyrocket";0,002;1;1
"sinister";0,002;1;1
"simulate";0,006;1;1
"shortly";1;0,014;0,458
"seemingly";0,252;1;0,458
"scrape";0,002;1;1
"scandal";1;1;0
"sacramento";1;0,617;0,069
"rogan";1;0,323;0,02
"robin";0,633;0,323;1
"rig";0,399;1;0,89
"richard";1;0,014;1
"retrospective";1;1;0,069
"resistant";0,252;1;1
"render";0,579;0,605;1
"reimbursement";0,002;1;1
"recidivism";1;1;0,002
"reboot";0,207;1;0,723
"ray";1;0,086;1
"rant";1;0,005;1
"ramjet";0,006;1;1
"rabbit";0,399;1;1
"quantify";0,121;1;1
"punishment";1;0;1
"propel";1;1;0
"progression";1;0,005;1
"priest";1;0,798;0,125
"prescribe";0,013;1;1
"pole";1;1;0,115
"poison";1;0,014;1
"pit";1;1;0,02
"philosophically";1;0,086;1
"phillips";0,003;1;1
"philip";1;0,04;0,89
"pg";0,633;1;0,125
"patrol";1;1;0,02
"patience";0,252;0,798;1
"partition";1;1;0
"pano";1;0;1
"overheat";0,006;1;1
"outer";0,002;1;1
"organ";1;1;0
"orca";0,121;1;1
"opponent";1;1;0,031
"openly";1;0,323;0,02
"offset";0,07;1;1
"occupational";0,003;1;1
"oak";0,614;0,436;1
"nutrition";0,002;1;1
"nrc";0,892;0,617;1
"normalize";1;1;0,125
"nonpartisan";1;1;0
"nihilist";1;1;0
"nihilism";1;0;1
"nicotine";1;0,005;1
"negativity";1;0,323;1
"necessity";1;0,04;1
"mystery";1;0,014;1
"mushroom";0,019;1;1
"multiply";0,013;1;1
"moore";0,121;1;1
"monument";1;0,001;1
"modernist";1;0,108;0,21
"ml";0,002;1;1
"mislead";1;0,086;1
"minor";1;0,323;0,02
"milton";1;0;1
"millisecond";0,044;1;1
"miller";1;0,014;1
"milk";0,121;1;1
"michigan";1;0;1
"messaging";0,252;1;0,458
"mediocre";1;0;1
"maryland";1;0,108;1
"maintenance";0,002;1;1
"lyft";0,08;1;1
"luther";1;0;1
"lockheed";1;0,014;1
"lade";1;1;0
"laboratory";1;1;0,002
"kojo";0,207;1;1
"kiss";1;0,157;0,669
"kilowatt";0,002;1;1
"keen";0,002;1;1
"juno";0,002;1;1
"judaism";1;0;1
"jr";1;0,001;1
"jordan";1;1;0,069
"jerusalem";1;0,005;1
"jamie";1;0;1
"invisible";0,003;1;1
"interactive";0,003;1;1
"inquiry";1;0;1
"inflection";0,07;1;1
"infiltrate";1;1;0
"incarcerate";1;1;0
"impoverish";1;0,086;0,458
"imagination";1;0,202;0,89
"illiberalism";1;0,834;0,011
"ideologically";1;1;0
"hypersonic";0,002;1;1
"humankind";0,013;1;1
"hp";0,006;1;1
"howard";1;0,617;0,89
"homicide";1;1;0
"holder";0,399;1;0,89
"hispanic";1;0,108;0,21
"hexagon";0,121;1;1
"henry";1;0;1
"heaven";1;0,04;0,89
"healthare";0,07;1;1
"headset";0,002;1;1
"gut";0,399;1;0,89
"grandparent";1;0,014;1
"glory";0,207;1;1
"geopolitical";0,633;1;0,125
"garbage";0,002;1;1
"frustration";1;0,798;0,02
"fred";1;0,013;1
"fraternity";1;0;1
"frank";1;1;0,008
"fossil";0,013;1;1
"follower";1;0,202;1
"fiduciary";0,892;1;0,069
"federalist";1;0,436;0,031
"extract";0,121;1;1
"extension";0,633;1;0,125
"experimental";1;0,798;1
"ev";0,013;1;1
"environmentalist";1;1;0
"entitle";1;0,617;0,327
"encode";0,252;1;1
"empty";0,207;1;1
"empathetic";1;1;0
"embody";1;1;0,125
"eighth";1;0,323;1
"egg";0,252;1;1
"edtech";0,147;1;1
"ease";0,013;1;1
"drown";1;1;0
"drag";0,003;1;1
"domestically";0,252;1;1
"distinction";1;1;0,125
"disproportionately";1;1;0
"displace";0,399;1;1
"disperate";1;1;0
"dire";1;0,798;0,02
"diplomatic";1;1;0
"digit";0,006;1;1
"diagram";0,892;1;0,327
"depth";0,252;1;1
"delight";1;0,014;1
"def";0,07;1;1
"cult";1;0,323;1
"cuba";1;1;0,069
"credibility";0,121;1;1
"corn";0,399;1;0,89
"controversy";1;1;0,069
"container";0,002;1;1
"construct";0,121;1;1
"congratulation";1;0,323;1
"concession";0,273;1;0,922
"compress";0,013;1;1
"complaint";1;0,04;0,89
"colony";1;0;1
"collectively";0,121;1;1
"cluji";0,002;1;1
"clown";0,003;1;1
"clay";0,614;0,436;1
"claw";0,024;1;1
"chaos";1;0,202;0,069
"cfpb";1;1;0
"carnegie";0,07;1;1
"candy";0,07;1;1
"cafeteria";1;0;1
"bs";1;1;0,458
"brit";1;1;0
"bowl";1;0;1
"bound";1;0,617;0,327
"boardroom";1;0,014;0,458
"bo";0,002;1;1
"blockchain";0,013;1;1
"blink";0,002;1;1
"blackberry";0,003;1;1
"birthday";1;0,014;1
"biologically";0,002;1;1
"bingo";0,044;1;1
"bernie";1;1;0
"bend";1;0,086;1
"bas";1;0,004;1
"backward";1;0,798;0,458
"backlash";1;1;0
"aws";0,003;1;1
"averse";0,07;1;1
"automobile";0,121;1;1
"authoritarianism";1;1;0
"atomic";0,121;1;1
"astronomical";0,006;1;1
"assignment";0,252;0,798;1
"articulate";1;1;0,125
"arrive";0,002;1;1
"armstrong";1;0;1
"arkansas";1;0,834;0,115
"arc";0,252;0,798;1
"ar";0,633;0,798;1
"antiquate";0,013;1;1
"anchor";0,121;1;1
"amazingly";0,013;1;1
"alexander";1;0,014;1
"ag";1;0,323;0,02
"ada";0,024;1;1
"activate";1;1;0,125
"acknowledgement";1;1;0
"accomplishment";1;0;1
"accent";1;0;1
"abbott";1;1;0
"2x";0,003;1;1
"1930s";1;1;0
"zealot";0,35;0,834;1
"yeast";0,019;1;1
"yahoo";0,006;1;1
"xai";0,003;1;1
"wuhan";1;1;0
"woo";1;0,045;1
"wi";0,044;1;1
"whoa";0,207;1;1
"wednesday";1;0;1
"weave";0,399;0,617;1
"wary";0,399;1;0,327
"wallet";1;1;0
"volt";0,01;1;1
"visualize";0,044;1;1
"viewer";0,892;1;0,327
"vegetarian";0,036;1;1
"vegetable";1;0,001;1
"vegas";0,907;1;0,545
"unlimited";0,003;1;1
"unexpected";0,892;1;0,89
"underwater";0,907;0,834;1
"undertake";0,399;1;1
"unclear";1;1;0,069
"twist";1;0,202;0,89
"tstc";1;0,04;0,89
"troy";1;0;1
"tribalism";1;1;0
"triable";0,003;1;1
"traditionalist";1;1;0
"trad";0,024;1;1
"toronto";0,024;1;1
"tolerate";1;0,202;0,069
"tolerant";1;1;0
"tinker";0,892;0,202;1
"thermometer";0,273;1;0,922
"thankfully";1;1;0,21
"thankful";1;0,04;0,89
"temporary";0,121;1;1
"temperance";1;0;1
"techn";0,892;1;0,327
"symptom";0,044;1;1
"svr";1;1;0,327
"surveillance";0,003;1;1
"surplus";0,024;1;1
"surgeon";0,08;1;1
"superiority";0,399;1;0,89
"superhuman";0,121;1;1
"suicide";1;0,108;1
"subscriber";0,399;1;1
"starling";0,006;1;1
"squeeze";0,006;1;1
"sprint";1;0,04;1
"spouse";1;0,005;1
"spanish";1;0,005;1
"sophistication";0,044;1;1
"sociological";1;0,202;1
"snow";1;0,108;1
"snapshot";0,207;1;1
"smell";0,003;1;1
"smash";0,121;1;1
"smartphones";0,614;1;0,21
"slack";0,003;1;1
"skull";0,003;1;1
"skew";0,024;1;1
"silence";1;1;0
"shitty";1;0;1
"shine";0,614;1;1
"shade";0,207;1;1
"sexy";1;0;1
"sentry";0,006;1;1
"semitic";1;1;0
"schoolers";1;0;1
"scalability";0,003;1;1
"sarah";1;0,04;0,327
"salesman";1;0;1
"salesforce";0,003;1;1
"rubin";1;0,04;1
"roosevelt";1;1;0
"ron";1;0,202;1
"robotic";0,003;1;1
"riot";1;1;0,002
"retiree";0,006;1;1
"restriction";0,207;1;0,723
"resilient";1;0,108;1
"resident";1;1;0,008
"reshape";0,892;1;0,89
"repercussion";1;1;0
"renewable";0,003;1;1
"relax";0,892;0,202;1
"redefine";0,892;1;0,069
"reddit";1;0,005;0,89
"recovery";1;1;0,031
"recharge";0,399;1;0,89
"rebel";0,892;1;0,327
"ra";0,121;1;1
"quadrillion";0,036;1;1
"ptsd";0,892;1;0,89
"psychology";0,121;1;1
"promoter";0,003;1;1
"profoundly";1;0,617;0,327
"principled";1;0,04;0,327
"predictive";0,003;1;1
"precious";1;1;0,008
"plaintiff";1;1;0,069
"pet";1;0;1
"performer";1;0,269;1
"peptide";0,036;1;1
"penicillin";0,003;1;1
"payoff";0,121;1;1
"patriot";1;0,005;0,89
"pat";1;0,436;0,723
"passport";1;0,436;1
"pan";1;0,834;0,011
"palestinians";1;1;0
"palace";1;0,005;1
"pad";0,024;1;1
"oxide";0,01;1;1
"overlie";0,121;1;0,89
"overdose";1;0,617;0,008
"outdated";0,121;1;1
"orleans";1;0,004;1
"optic";0,614;1;0,723
"opioid";1;1;0
"oncology";0,024;1;1
"occupy";0,399;1;0,327
"nobel";1;0,202;1
"nitride";0,01;1;1
"nigerians";1;0,001;1
"nevada";1;1;0
"nerdy";1;0,005;1
"negotiator";1;1;0
"negatively";1;0,202;0,89
"nationwide";0,892;1;0,327
"nate";1;0;1
"muslims";1;1;0,002
"murder";1;0,202;0,069
"municipal";1;0,04;1
"mosquito";0,147;1;1
"moscow";1;1;0
"mortality";0,024;1;1
"mood";1;0,005;1
"monster";0,614;1;0,723
"modify";0,614;1;0,723
"modernize";0,044;1;1
"modernism";1;1;0
"mio";0,019;1;1
"millennials";1;0;1
"militarily";1;1;0
"milestone";0,044;1;1
"michelle";1;0,108;0,21
"memo";1;0,015;0,723
"melon";0,121;1;1
"medal";0,614;0,436;1
"masa";0,01;1;1
"margaret";1;1;0
"manually";0,003;1;1
"mall";0,121;1;1
"lyos";0,907;0,269;1
"luckily";0,121;1;1
"lockdowns";1;1;0
"legit";0,399;1;0,89
"lebanon";1;0,436;0,031
"lazy";1;0,04;1
"lake";1;0;1
"korean";1;0,617;0,008
"kennedy";1;0,436;0,723
"jim";1;0,004;1
"jfk";1;1;0,008
"jesse";1;0;1
"jay";1;1;0
"jacket";1;0,617;0,008
"islamist";1;1;0
"ipos";0,121;1;0,89
"ion";0,006;1;1
"investigation";0,399;1;0,327
"intentionally";0,399;1;0,89
"inspection";0,35;1;0,545
"ins";0,207;1;1
"ingest";0,003;1;1
"infuse";0,121;1;1
"indonesia";1;1;0
"indicator";1;0,108;0,723
"indiana";1;0,04;1
"incompetent";1;1;0
"ignite";0,003;1;1
"idaho";0,35;1;0,545
"id";1;1;0,031
"icon";0,399;1;0,89
"hurricane";1;0,013;1
"hunger";1;0,202;0,327
"humanoid";0,006;1;1
"horizon";0,024;1;1
"hone";1;0,617;0,069
"holistically";0,024;1;1
"historian";1;0,005;1
"heroin";1;1;0,008
"hangover";0,892;1;0,89
"gulf";1;1;0
"gradual";1;1;0,031
"gpt7";0,003;1;1
"goov";1;0,005;1
"generous";1;1;0,008
"gaza";1;1;0
"gallium";0,01;1;1
"galaxy";0,147;1;1
"freshworks";0,01;1;1
"frequently";0,121;1;1
"format";0,399;1;0,89
"flavor";0,207;1;1
"firefighter";1;0,04;1
"ferguson";1;0;1
"feelings";1;1;0,031
"fantasy";0,614;1;0,723
"falcon";0,006;1;1
"explosive";0,003;1;1
"expansive";0,399;1;0,327
"exile";1;1;0
"exaggerate";1;1;0,008
"evaluation";0,614;1;0,21
"ethnicity";1;0,04;0,327
"entrench";0,024;1;1
"enormously";1;0,617;0,069
"endure";1;1;0
"endpoint";0,006;1;1
"endorse";1;1;0
"endless";0,892;0,617;1
"empowerment";0,207;1;0,723
"electron";0,003;1;1
"econ";0,207;1;1
"ebay";0,207;1;1
"dystopia";1;0,005;1
"dynamism";1;0,834;0,115
"dylan";1;0,015;1
"dropbox";0,044;1;1
"downplay";1;1;0
"doll";1;0,436;0,21
"dismiss";1;0,04;0,327
"dislocation";0,044;1;1
"disinformation";1;1;0
"disclose";0,614;1;0,21
"diplomacy";1;1;0,008
"diego";1;0;1
"dictionary";1;0,157;0,669
"dictate";0,399;1;1
"diagnose";0,399;1;1
"detector";0,024;1;1
"despair";1;0;1
"denver";1;0,045;1
"deliberation";1;1;0
"delhi";1;0,202;1
"defensibility";0,006;1;1
"deer";0,892;0,617;1
"dallas";1;0;1
"cyrus";1;0,04;0,327
"cyclical";0,024;1;1
"cup";0,907;1;0,545
"cruz";1;0,04;0,89
"crop";0,121;1;1
"cronyism";1;1;0,069
"critic";1;0,001;1
"creep";1;1;0,21
"cream";1;0,005;1
"craziness";1;0,04;0,327
"cooperate";1;1;0,069
"cooper";1;0;1
"constituent";0,044;1;1
"consistency";1;0,202;0,89
"configure";0,006;1;1
"computation";0,003;1;1
"compliment";1;0,04;1
"compensation";0,892;1;0,069
"commercialization";0,003;1;1
"comical";1;1;0
"collectivist";1;1;0
"coleman";1;0;1
"coke";1;1;0,723
"coder";0,006;1;1
"coat";1;0,605;1
"clerk";1;0,045;1
"christmas";1;0,005;1
"charlotte";1;0,015;1
"cfo";0,121;1;1
"cave";1;0,045;0,545
"catalyst";1;1;0,002
"carefully";0,892;1;0,89
"bylaw";0,024;1;1
"buzz";0,892;0,617;1
"butter";0,121;1;1
"burnt";0,399;1;0,89
"buildup";1;1;0
"brooklyn";1;0;1
"bro";1;0,04;1
"bribe";1;1;0
"boil";1;1;0
"bog";1;1;0,031
"bespeak";0,024;1;1
"bedroom";1;0,04;1
"bath";1;0,202;1
"bare";0,614;1;0,723
"bankruptcy";1;0,617;0,89
"awaken";0,08;1;1
"autonomously";0,003;1;1
"auction";0,019;1;1
"atheist";1;1;0
"assassinate";1;1;0
"asians";1;0,001;1
"artifact";0,614;1;1
"arrow";0,044;1;1
"armanac";1;0,015;1
"aristocrat";1;1;0
"aptitude";0,207;1;1
"appointment";0,892;1;0,89
"appease";1;1;0
"apologize";1;0,108;0,21
"apollo";0,08;1;1
"anecdote";1;0,617;0,327
"altruism";1;0,883;0,669
"allen";0,35;1;0,545
"adrian";1;0;1
"admission";1;1;0,327
"admiral";1;0,004;1
"adjustment";0,207;1;0,723
"academically";1;0;1
"3g";1;0;1
"15th";1;0,005;0,89
"yikes";0,207;1;0,723
"yang";1;0,001;1
"worthwhile";0,207;1;1
"widen";1;1;0,21
"widely";1;0,134;1
"whichever";1;1;0,002
"wean";0,207;1;1
"visual";0,614;1;0,21
"vineyard";0,907;0,269;1
"vibrant";1;1;0,723
"vermont";1;0,108;1
"verification";0,019;1;1
"venezuelan";1;1;0
"vendor";0,044;1;1
"usa";1;0,436;0,031
"urgent";0,01;1;1
"urge";1;0,269;0,115
"uphold";1;0,004;1
"unpopular";1;1;0
"unincorporated";1;0;1
"unheard";0,207;1;1
"unfairly";1;0,001;1
"undo";1;1;0
"undermine";1;1;0,002
"uncertainty";0,08;1;1
"ui";0,006;1;1
"ucla";1;0,108;1
"turnover";0,614;1;1
"transport";0,207;1;1
"trainee";1;0,015;1
"trailer";0,044;1;1
"tragic";1;1;0
"traditionalism";1;0,605;0,364
"thursday";1;0;1
"throttle";1;0,834;0,115
"throne";1;0;1
"thirty";0,044;1;1
"thick";1;0,015;1
"thermodynamics";0,35;0,834;1
"theorist";1;1;0,002
"tenant";1;1;0,723
"template";0,044;1;1
"ted";1;0,436;0,723
"technolog";0,006;1;1
"teamwork";1;0;1
"teammate";0,044;1;1
"takeaway";1;0,134;0,364
"tactical";0,614;1;0,21
"symbol";1;1;0,011
"swallow";0,207;1;1
"supremacist";1;1;0
"sugar";0,01;1;1
"sufficiently";1;1;0,031
"subscription";0,207;1;1
"stumble";0,614;1;0,723
"stubborn";0,207;1;0,723
"structurally";0,614;1;0,723
"streamline";0,006;1;1
"strap";1;0,001;1
"stigma";1;1;0,002
"stifle";1;1;0,011
"steuart";1;0;1
"starve";1;1;0,031
"stark";1;0,108;0,21
"sprinkle";0,614;1;0,723
"spite";1;0,015;1
"spiritual";1;0,436;0,031
"spike";0,044;1;1
"spectacular";0,044;1;1
"spam";0,35;1;1
"southwest";1;0,015;1
"sonic";0,08;1;1
"solvable";0,006;1;1
"sobriety";1;1;0
"sneak";0,207;1;1
"silent";0,207;1;1
"signature";0,207;1;1
"shrink";0,35;0,834;1
"shiny";0,044;1;1
"sclerotic";0,207;1;1
"scapegoat";1;1;0
"sausage";0,044;1;1
"sane";1;1;0
"saltbox";1;0,001;1
"salon";1;0,015;1
"saddam";1;0,015;0,723
"rumble";1;0,834;0,545
"rubber";1;0,436;1
"ronnie";1;0;1
"rogue";1;1;0,002
"rod";0,35;0,834;1
"rightly";1;1;0,031
"rice";1;0,436;0,21
"rhetoric";1;1;0,002
"restore";1;1;0
"rescue";1;1;0
"repetitive";0,044;1;1
"reinforce";1;1;0,031
"reflection";0,044;1;1
"refine";0,044;1;1
"reconnaissance";0,006;1;1
"raytheon";0,207;1;1
"rarely";0,579;1;1
"rage";1;0,436;0,21
"quantitative";0,35;1;1
"qualia";0,044;1;1
"pyramid";0,08;1;1
"pushback";1;0,108;0,21
"prudence";1;0;1
"proprietary";0,207;1;1
"propeller";0,019;1;1
"professionally";1;0,108;1
"preventative";0,006;1;1
"prestige";1;0,001;1
"pregnancy";0,147;1;1
"predictable";0,006;1;1
"positively";0,614;1;1
"pierce";1;1;0
"photon";0,019;1;1
"pervasive";0,614;1;1
"persuade";1;0,436;0,031
"pastor";1;0;1
"participant";0,044;1;1
"parliament";1;1;0
"pankaj";0,907;0,269;1
"override";1;0,108;0,723
"overregulation";1;1;0,21
"oval";1;1;0,723
"outset";0,207;1;1
"opus";1;0,015;1
"optimization";0,044;1;1
"onboard";0,006;1;1
"oldfashioned";0,207;1;1
"objection";0,147;1;1
"nsa";1;0,436;0,031
"nope";1;0,045;1
"nike";0,006;1;1
"nih";1;1;0,002
"newsletter";1;0,015;1
"netherlands";0,614;1;1
"nerve";0,614;1;0,723
"neck";0,614;1;1
"nasdaq";0,207;1;0,723
"mumbai";1;0,046;0,922
"mrna";0,614;0,436;1
"monetize";0,044;1;1
"mondavi";1;0,013;1
"mob";1;1;0,002
"misaligned";1;1;0,002
"minimal";0,019;1;1
"midwestern";1;0;1
"midnight";1;0;1
"microbe";0,006;1;1
"mere";0,207;1;1
"menial";0,08;1;1
"megawatt";0,019;1;1
"meaningfully";0,614;1;0,723
"materially";0,207;1;1
"mary";1;0,108;0,723
"marketer";0,01;1;1
"marijuana";0,614;1;0,21
"marginalize";1;1;0,002
"manifestation";1;1;0,031
"mandy";0,614;0,436;1
"mandarin";0,036;1;1
"malice";1;1;0
"mach";0,01;1;1
"lyle";1;0,001;1
"lps";0,01;1;1
"lousy";0,207;1;1
"lottery";1;0,001;1
"loose";0,207;1;0,723
"lonzo";1;0,015;0,723
"lms";0,044;1;1
"literal";1;1;0,031
"limb";0,907;1;0,545
"length";0,207;1;0,723
"lecture";1;0,108;1
"kite";0,006;1;1
"kilometer";0,01;1;1
"july";1;0,436;0,21
"judiciary";1;1;0
"jp";0,614;1;1
"jennifer";1;0,108;1
"intrusive";1;1;0
"intervene";1;1;0,031
"intercom";0,207;1;1
"insure";0,006;1;1
"instant";0,006;1;1
"inflationary";0,006;1;1
"indication";1;0,436;0,723
"india_s";0,207;1;1
"incarceration";1;1;0
"impetus";0,207;1;1
"imperfect";0,01;1;1
"imagery";0,036;1;1
"illegally";1;1;0,002
"idol";1;0;1
"iconic";1;0,108;1
"hypertension";0,08;1;1
"horrify";1;1;0,002
"highend";1;0,015;1
"helmet";1;0,108;1
"heal";1;0,269;0,545
"hatred";1;0;1
"harsh";1;1;0,21
"hardworking";1;0,045;1
"harden";0,044;1;1
"halfway";1;1;0,723
"gym";1;0,002;1
"grift";1;1;0
"grandpa";1;0,004;1
"gp";0,01;1;1
"gist";1;1;0,072
"genuine";1;0,436;1
"gentleman";1;0,015;0,723
"genetically";1;1;0,002
"generic";0,35;0,834;1
"generator";0,01;1;1
"generalist";0,044;1;1
"gee";1;0,436;0,723
"gb4";0,006;1;1
"gallagher";1;0,004;1
"gadget";0,044;1;1
"fry";0,907;0,269;1
"freeway";0,08;1;1
"freely";1;1;0,031
"franklin";1;0;1
"francis";1;0,015;0,723
"fragile";1;1;0,115
"fractal";0,614;1;0,723
"forty";0,01;1;1
"forgiveness";1;0,436;0,723
"flu";0,207;1;1
"floyd";1;1;0
"fed";0,907;1;0,115
"fate";1;0,015;1
"farle";1;1;0
"explosion";0,044;1;1
"exclusively";1;1;0,21
"eve";0,614;0,436;1
"ethnic";1;1;0,002
"er";0,207;1;1
"epa";0,907;1;0,115
"envy";1;1;0
"entice";0,044;1;1
"enabler";0,044;1;1
"elliot";1;0,013;1
"durable";0,006;1;1
"drudgery";1;0,108;1
"drift";0,907;1;0,115
"dopamine";0,006;1;1
"dominance";0,019;1;1
"distinguish";0,614;0,436;1
"distillery";1;0,004;1
"distill";1;0,108;1
"disparity";1;0,015;1
"disgust";1;1;0,002
"discourage";1;1;0,002
"diplomat";1;1;0
"determination";1;0,108;1
"desert";1;0,108;1
"descent";1;1;0
"deregulate";0,006;1;1
"demonize";1;1;0
"dear";1;0,436;1
"daydream";0,044;1;1
"davis";1;0;1
"dan";1;0,015;0,723
"curated";0,069;1;1
"crude";0,006;1;1
"crony";1;1;0,031
"crappy";0,006;1;1
"cps";1;0,108;1
"covert";1;1;0,723
"couch";1;0,015;1
"cotton";1;0,004;1
"costa";1;0;1
"copper";0,01;1;1
"cop";1;1;0,21
"cooperative";0,006;1;1
"coolant";0,036;1;1
"contrary";1;1;0
"contend";1;1;0,031
"contemplate";1;1;0,002
"conformity";1;1;0,049
"conform";1;0,269;0,545
"condemn";1;1;0
"conclude";1;1;0,031
"concede";1;1;0
"competence";1;1;0,031
"comparison";0,207;1;1
"commoditize";0,907;1;0,115
"commercialize";0,044;1;1
"commandment";1;0,269;1
"coerce";0,614;1;0,21
"cocaine";1;1;0
"coastal";1;1;0,21
"cmgi";1;0,001;1
"civic";1;0,436;0,031
"christ";1;0,001;1
"chop";0,207;1;1
"cholesterol";0,019;1;1
"chavez";1;1;0
"chatterton";1;0,001;1
"champagne";1;0,013;1
"celebrity";0,614;0,436;1
"caution";0,207;1;1
"catastrophic";1;0,436;1
"cartoon";1;1;0
"carlos";1;0,001;1
"cardinal";1;0,013;1
"canonical";0,006;1;1
"canada_s";1;0,015;1
"cage";1;1;0,21
"bureau";1;1;0,002
"bum";1;0,157;0,669
"buffet";1;0,134;1
"buddhist";1;1;0,115
"bmi";0,08;1;1
"blunt";0,207;1;1
"blogging";1;0;1
"blade";0,08;1;1
"bioweapon";0,614;1;0,723
"biography";1;0;1
"bi";0,207;1;0,723
"bev";0,044;1;1
"benchmark";0,006;1;1
"bench";1;0,045;1
"beholden";1;1;0
"beautifully";0,006;1;1
"bandwidth";0,006;1;1
"awkward";0,579;0,605;1
"auditor";0,08;1;1
"asymmetry";0,044;1;1
"asymmetrical";0,006;1;1
"asylum";1;1;0,002
"astronaut";1;0,108;1
"assistance";0,006;1;1
"ashton";1;0;1
"ash";0,614;1;0,21
"arsenal";0,207;1;0,723
"arabs";1;1;0,002
"appropriately";1;0,436;1
"anxiety";0,614;1;0,21
"anthony";1;0,015;1
"anniversary";1;0,015;0,723
"ammo";0,01;1;1
"amen";1;0,045;1
"ambiguous";0,907;1;0,115
"ama";1;1;0,002
"alzheimer";0,006;1;1
"alumnus";1;0,001;1
"alike";0,579;1;0,364
"alfred";1;1;0,002
"alaska";1;1;0,031
"agnostic";1;0,436;1
"affair";1;1;0,002
"aei";1;0,108;0,21
"advisory";1;1;0,21
"actualization";1;0,436;0,031
"accumulate";0,044;1;1
"accreditation";0,08;1;1
"accredit";0,01;1;1
"accountant";1;0,004;1
"ab";1;0,015;1
"a16z";1;0,436;1
"3x";0,006;1;1
"1940s";1;1;0,031
"1800s";1;0;1
"100x";0,01;1;1
"zachary";1;0;1
"yo";1;0,269;1
"xiin";1;1;0
"worm";0,273;1;0,922
"worldclass";0,019;1;1
"workshop";1;0;1
"workplace";1;0,605;1
"workload";0,08;1;1
"winston";1;0,004;1
"william";1;0,605;0,049
"wilderness";1;0,013;1
"widespread";1;0,834;0,011
"wick";1;0,367;0,922
"wholesale";0,08;1;1
"whitney";1;0,007;1
"weirdo";0,35;1;1
"waterloo";1;0,004;1
"volatility";0,35;1;0,545
"verge";1;1;0,011
"velocity";0,01;1;1
"vegan";0,036;1;1
"vastly";1;1;0,011
"validation";0,907;0,834;1
"vaccination";0,01;1;1
"vacational";1;0,134;1
"usher";1;0,269;0,115
"upward";0,907;0,834;1
"uphill";1;0,045;1
"upcoming";0,08;1;1
"unwind";0,08;1;1
"unstructured";0,01;1;1
"unnecessary";0,08;1;1
"unfold";1;0,045;1
"underserved";1;0,045;1
"underneath";0,08;1;1
"uncover";1;1;0
"unacceptable";1;1;0
"unable";0,907;1;0,545
"ubiquitous";0,35;1;1
"tvs";0,01;1;1
"turkey";1;1;0,011
"trustee";1;0,134;1
"truman";1;1;0,013
"trigger";0,147;1;1
"transformational";0,579;0,605;1
"toy";0,907;0,834;1
"toxicity";0,35;1;0,545
"totalitarianism";1;1;0,002
"toss";0,35;1;1
"token";0,019;1;1
"toaster";0,036;1;1
"timber";0,147;1;1
"ti";1;0,269;0,545
"thumb";0,147;1;1
"thrust";0,08;1;1
"thrill";0,35;1;1
"thompson";0,509;0,883;1
"thatcher";1;1;0
"textile";0,147;1;1
"telephone";0,907;0,834;1
"telehealth";1;1;0
"telecom";0,08;1;1
"tel";1;0,004;1
"taxonomy";0,069;1;1
"tan";0,907;0,834;1
"takeover";1;0,834;0,011
"takeoff";0,01;1;1
"taiwanese";1;1;0,011
"synthesize";0,08;1;1
"syndrome";0,08;1;1
"swap";0,08;1;1
"superintendent";1;0,134;0,364
"summit";1;0,269;0,545
"successor";1;0,605;0,049
"substantially";0,08;1;1
"substantial";0,08;1;1
"subjective";0,924;0,367;1
"su";1;0,269;0,545
"stun";1;1;0,115
"statutory";0,019;1;1
"statistically";0,35;1;0,545
"starlink";0,01;1;1
"stall";0,08;1;1
"stabilize";0,08;1;1
"squat";0,01;1;1
"spontaneously";0,08;1;1
"speculate";0,907;0,834;1
"spec";0,01;1;1
"spare";1;0,004;1
"solomon";1;0,004;1
"socialize";1;0,045;1
"snowflake";0,08;1;1
"singer";1;0,834;0,011
"similarity";1;0,834;0,115
"significance";0,907;1;0,115
"sideline";1;0,045;0,545
"shader";0,019;1;1
"severely";1;1;0,002
"seric";0,01;1;1
"serial";1;0,004;1
"ser";0,35;0,834;1
"sentiment";1;1;0
"semi";1;0,045;1
"semester";0,01;1;1
"seeeking";1;0,004;1
"secondary";1;0,834;0,545
"sebastian";1;0,134;0,364
"sear";1;0,157;0,669
"scotland";1;1;0
"sclerosis";0,35;1;1
"sander";1;1;0
"s3";0,01;1;1
"rutherford";0,924;0,367;1
"runaway";1;0,834;0,545
"rotten";1;0,045;0,545
"rope";0,08;1;1
"roar";1;1;0
"rigid";1;1;0,011
"rica";1;0,001;1
"rfk";1;1;0
"revive";1;0,269;1
"revival";1;0,045;1
"retreat";0,08;1;1
"retinopathy";0,01;1;1
"resurrect";1;0,834;0,115
"resist";0,35;1;0,545
"reply";1;0,002;1
"reopen";1;1;0
"relaunch";0,08;1;1
"reign";1;1;0,011
"regs";0,01;1;1
"reg";0,907;1;0,115
"reflexivity";0,019;1;1
"referral";0,01;1;1
"redundancy";0,019;1;1
"redistribution";1;1;0
"redesign";0,08;1;1
"reckon";1;1;0
"reciprocity";0,036;1;1
"rebecca";1;0,004;1
"realist";1;0,045;0,545
"rap";1;0,834;0,115
"railroad";0,036;1;1
"rahul";1;0,013;1
"radicalism";1;1;0
"quirky";0,01;1;1
"purse";1;1;0
"prophet";1;0,013;1
"pronounce";1;0,045;1
"profitably";0,01;1;1
"processor";0,01;1;1
"prestigious";0,08;1;1
"preparation";0,35;0,834;1
"prejudice";1;0,269;0,115
"preemptively";0,147;1;1
"predictor";1;0,605;1
"predecessor";1;1;0,364
"posit";0,35;1;1
"populate";1;0,367;0,922
"polarity";1;0,046;0,922
"pod";0,924;1;0,922
"pluralistic";1;0,045;0,545
"plowers";0,036;1;1
"plain";0,35;1;0,545
"pivotal";0,35;0,834;1
"pink";0,35;0,834;1
"pierre";1;0,002;1
"picky";1;1;0,013
"phil";1;0;1
"peterson";1;0,605;0,049
"persistence";1;0;1
"permanently";0,08;1;1
"performant";0,01;1;1
"penetration";1;1;0,049
"penetrate";0,907;1;0,115
"penalty";1;1;0,115
"peaceful";1;0,269;0,115
"patriotism";1;0,004;1
"patreon";0,08;1;1
"password";0,036;1;1
"parse";0,907;0,269;1
"parole";1;1;0
"parochial";1;1;0
"parcel";1;0,004;1
"paramilitary";1;0,269;0,115
"paralyze";0,01;1;1
"palent";0,01;1;1
"oxygen";0,01;1;1
"overweight";1;0,001;1
"overland";0,35;0,834;1
"orbital";0,01;1;1
"orange";0,924;1;0,922
"opium";1;1;0
"om";1;0,834;0,011
"occasionally";0,35;1;1
"obtain";0,35;0,834;1
"obese";0,08;1;1
"ob";0,907;0,834;1
"oath";1;1;0,049
"numerous";1;1;0
"npc";0,907;0,269;1
"novo";0,069;1;1
"northeast";1;0,045;1
"nightmare";1;1;0
"ngo";1;1;0
"newcomer";0,069;1;1
"neutrality";1;0,013;1
"netflix";0,907;0,269;1
"negro";1;0,002;1
"neglect";1;0,004;1
"nda";0,579;1;0,364
"nba";1;0,605;0,049
"navigation";0,01;1;1
"narrowly";0,01;1;1
"nanometer";0,019;1;1
"musician";1;0,134;1
"musical";1;0,001;1
"mri";0,147;1;1
"montana";1;0,834;0,011
"monkey";0,08;1;1
"modernization";0,35;1;0,545
"mobilize";1;1;0,002
"mitigate";0,01;1;1
"misinformation";1;1;0
"miracle";0,08;1;1
"micromanage";0,036;1;1
"methodology";0,907;0,834;1
"mercedes";0,01;1;1
"memes";1;0,269;1
"meme";0,08;1;1
"meditation";0,579;0,605;1
"measurement";1;0,834;0,545
"mckenzie";1;1;0,115
"mba";1;0,045;1
"maternal";0,907;0,834;1
"materialize";0,01;1;1
"masculine";1;0,004;1
"market_s";0,01;1;1
"marker";0,907;0,269;1
"maritime";0,08;1;1
"manipulation";1;0,834;0,011
"madison";1;0,004;1
"lovely";0,907;0,269;1
"liter";0,147;1;1
"linebacker";1;0,013;1
"levi";1;0,001;1
"leukemia";0,019;1;1
"lethal";0,147;1;1
"leninist";1;1;0
"legislative";1;1;0
"learner";0,579;1;1
"lawmaker";1;1;0
"kimmy";1;0,046;1
"khan";1;0,045;0,545
"kamla";1;1;0,002
"kame";1;1;0
"jungle";0,019;1;1
"judicial";1;1;0
"joseph";1;0,002;1
"jose";1;0,004;1
"jo";1;0;1
"jerry";1;0,834;0,115
"jebia";1;0,004;1
"ivy";1;0,004;1
"ivory";0,036;1;1
"iv";0,019;1;1
"irregular";0,01;1;1
"ir";0,907;1;0,545
"intrinsically";0,01;1;1
"intrigue";0,907;0,834;1
"intersect";1;1;0,011
"interrupt";1;1;0,002
"interpreter";0,08;1;1
"interfere";1;0,045;0,545
"insulin";0,019;1;1
"instrumental";1;0,045;1
"installation";0,01;1;1
"innocent";1;1;0
"injunction";1;1;0
"inflate";0,35;0,834;1
"infinitely";0,01;1;1
"inferior";1;1;0,115
"inefficiency";0,08;1;1
"ind";0,08;1;1
"incumbency";0,01;1;1
"inclusive";1;0,045;1
"incentivize";0,579;0,605;1
"incapable";1;1;0,198
"inaccurate";1;1;0
"impeach";1;1;0
"illicit";0,907;0,834;1
"ignorance";0,907;1;0,545
"idiosyncratic";0,019;1;1
"ibm";0,08;1;1
"hvac";0,019;1;1
"hurdle";0,35;0,834;1
"ho";1;0,007;1
"hint";0,08;1;1
"hessi";1;0,605;0,049
"hellfire";0,036;1;1
"helium";0,01;1;1
"hearing";1;1;0
"hayek";1;0,004;1
"hawkish";1;1;0
"harvest";0,01;1;1
"harris";1;0,834;0,011
"guillermo";1;0,007;1
"guild";0,35;1;1
"gu";1;0,834;0,545
"greece";1;0,045;1
"gravitate";0,35;1;1
"graspable";0,019;1;1
"grandkids";1;0;1
"grandchild";1;0,269;1
"gpd3";0,01;1;1
"gotham";0,036;1;1
"gore";1;1;0
"glimpse";0,924;0,367;1
"gigabyte";0,01;1;1
"gig";0,147;1;1
"geometry";0,907;0,269;1
"geography";0,35;1;1
"geographic";1;0,045;0,545
"geo";0,01;1;1
"genetics";1;0,134;1
"gemini";0,01;1;1
"geithner";1;0,004;1
"geekway";1;0;1
"gbd3";0,01;1;1
"gavin";1;1;0
"gauge";0,35;1;1
"fundraise";0,08;1;1
"ftx";0,01;1;1
"fringe";1;1;0
"frictionless";0,01;1;1
"fortitude";1;0,001;1
"foia";1;1;0,002
"flywheel";0,01;1;1
"fisher";1;0,045;1
"firmly";1;1;0,011
"felony";1;1;0
"familia";0,08;1;1
"fallacy";0,08;1;1
"fade";1;0,834;0,011
"exporter";0,01;1;1
"experimentation";1;1;0,011
"exceptionally";0,509;0,883;1
"evident";1;0,269;0,545
"everest";0,01;1;1
"europeans";1;0,605;0,049
"ethan";1;0;1
"esteem";1;0,046;1
"epistemic";0,35;0,834;1
"entertain";0,08;1;1
"enslave";1;1;0
"encapsulate";0,35;0,834;1
"empathize";1;0,834;0,011
"emmys";1;1;0
"emergent";1;0,001;1
"elitist";1;0,134;1
"electorate";1;1;0
"einstein";1;0,045;0,545
"effector";0,036;1;1
"effectiveness";0,35;0,834;1
"editable";0,35;1;0,545
"eddie";1;0,001;1
"ec2";0,01;1;1
"driverless";0,01;1;1
"drain";0,08;1;1
"downstream";1;1;0,115
"dorkiness";0,509;0,883;1
"dope";0,35;0,834;1
"donkey";0,08;1;1
"doctrine";1;1;0
"dividend";0,01;1;1
"divergence";0,08;1;1
"ditch";0,01;1;1
"dispatch";0,019;1;1
"dislike";1;1;0
"dish";0,35;1;0,545
"discriminatory";0,907;0,834;1
"discrepancy";0,01;1;1
"diploma";1;0,004;1
"dino";0,35;0,834;1
"diner";1;0,004;1
"dimensional";0,08;1;1
"difficulty";0,35;1;0,545
"devastate";0,35;1;1
"derek";1;0,883;0,072
"deposition";1;0,605;0,364
"dependency";0,01;1;1
"dent";1;0,045;1
"denial";0,35;0,834;1
"delaware";1;1;0
"defer";0,907;1;0,115
"dealer";0,147;1;1
"dawn";0,08;1;1
"darwin";1;0;1
"dare";1;1;0
"cute";0,35;0,834;1
"custody";0,579;1;0,364
"cuban";1;0,134;0,364
"criterion";0,08;1;1
"crave";0,01;1;1
"coven";1;1;0
"coup";1;1;0,002
"counterpart";1;0,834;0,115
"cookie";1;0,004;1
"convolute";1;1;0,115
"convey";0,907;1;0,545
"contentious";1;0,834;0,011
"contemporary";1;0,045;0,545
"considerably";1;0;1
"conscientiousness";1;0,134;0,364
"confound";0,907;0,834;1
"computational";0,01;1;1
"comply";0,08;1;1
"compliance";0,01;1;1
"complement";0,147;1;1
"compassionate";1;1;0,011
"compassion";1;1;0,002
"comparable";0,01;1;1
"commonality";0,924;0,367;1
"comm";0,35;1;0,545
"codify";0,01;1;1
"cocktail";1;0,834;0,011
"coachability";0,01;1;1
"clubbers";0,907;0,269;1
"classmate";1;0,001;1
"civics";1;0,134;0,364
"cio";0,147;1;1
"ci";1;1;0
"choke";0,907;0,269;1
"chile";1;1;0
"childish";1;0,004;1
"chernobyl";1;0;1
"chennai";1;0,046;0,922
"checklist";0,08;1;1
"championship";1;0,134;0,364
"cathode";0,01;1;1
"catastrophe";1;0,605;1
"cascade";1;0,004;1
"carp";1;0,134;1
"cargo";1;1;0,364
"capitol";1;1;0,115
"capitalization";0,01;1;1
"camel";1;0,834;0,011
"caffeine";1;0,002;1
"byron";0,147;1;1
"butch";1;0,007;1
"burger";1;0,013;1
"bundle";0,08;1;1
"bull";0,08;1;1
"bu";0,35;1;1
"browser";0,019;1;1
"brookings";1;0,367;0,922
"brainer";0,019;1;1
"brag";0,907;0,834;1
"bounty";1;1;0
"boris";1;0,045;1
"boost";0,35;0,834;1
"bolt";1;0,134;1
"bmw";0,01;1;1
"bloody";1;0,834;0,011
"blm";1;1;0,002
"bit";0,35;0,834;1
"beverage";1;0,045;0,545
"bell";1;0,004;1
"behavioral";0,08;1;1
"bedrock";0,35;1;1
"bc";0,907;0,834;1
"backpack";0,01;1;1
"availability";0,01;1;1
"athens";1;0,004;1
"asymmetric";0,35;0,834;1
"asleep";1;0,134;1
"artillery";0,01;1;1
"archive";1;0,004;1
"arch";0,01;1;1
"arbitrage";0,01;1;1
"aramaic";1;0,002;1
"apprenticeship";1;0,004;1
"apprentice";1;0,045;0,545
"apc";1;0,004;1
"anthropologist";0,907;0,269;1
"ant";1;0,046;1
"anon";1;0,157;1
"anode";0,019;1;1
"annuity";0,01;1;1
"annually";0,08;1;1
"androll";0,01;1;1
"ander";0,08;1;1
"ancestor";1;0,134;0,364
"analogous";0,01;1;1
"anabolic";0,019;1;1
"amateur";1;0,134;1
"allude";1;0,045;1
"alan";1;0,269;0,545
"aerial";0,01;1;1
"adaptability";1;0,045;1
"absurd";1;0,269;1
"7s";1;1;0,011
"20x";0,01;1;1
"1920s";1;1;0
"16th";1;0;1
"10k";0,35;0,834;1
"000x";0,019;1;1
"zoo";1;1;0,002
"zillow";0,019;1;1
"yamanaka";1;0,605;1
"wyoming";1;1;0,002
"wrench";0,019;1;1
"worship";1;0,134;0,364
"worldview";1;0,002;1
"woken";1;1;0,364
"widget";0,036;1;1
"whitehead";1;1;0
"whip";1;0,134;1
"whatsapp";0,069;1;1
"wed";1;0,046;0,922
"weaponize";0,019;1;1
"waypoint";0,509;1;0,669
"watt";0,509;0,883;1
"warrant";0,579;1;1
"warhead";0,273;1;0,922
"volatile";1;1;0,049
"vladimir";1;1;0
"vitally";0,147;1;1
"visceral";0,019;1;1
"vet";0,579;1;1
"vertiport";0,019;1;1
"valid";0,147;1;1
"vaccinate";1;0,605;0,049
"v1";0,019;1;1
"usmca";1;1;0,013
"upstart";0,579;0,605;1
"upend";0,579;0,605;1
"unsustainable";0,579;1;0,364
"unreliable";0,579;0,605;1
"unrecognizable";1;0,605;1
"unpack";1;0,013;1
"unmatched";0,019;1;1
"unemployment";0,924;1;0,922
"underscore";1;0,605;0,364
"underpin";1;0,001;1
"underperforming";1;0,013;1
"unconventional";1;0,001;1
"uncommon";0,147;1;1
"turkish";0,273;1;1
"turbine";0,036;1;1
"trucker";0,273;1;1
"troll";1;0,134;1
"treasure";1;0,134;0,364
"translator";1;0,046;0,922
"trail";0,579;1;1
"tr";0,579;1;1
"tout";1;1;0,002
"toothbrush";0,019;1;1
"toe";1;0,002;1
"tilt";1;1;0
"tide";1;1;0,002
"thermodynamic";0,069;1;1
"tether";0,019;1;1
"testify";1;1;0,049
"testament";1;0,013;1
"tesla_s";0,019;1;1
"tenth";0,147;1;1
"teenage";1;0,134;1
"teen";1;0,134;1
"techrunch";1;0,001;1
"tangible";0,019;1;1
"taliban";1;1;0,013
"taker";1;0,367;0,922
"systematically";0,579;0,605;1
"synonym";0,509;0,883;1
"synapse";0,019;1;1
"switzerland";1;0,134;0,364
"swift";1;0,046;1
"svb";1;0,134;1
"suspicious";1;1;0
"suspicion";0,147;1;1
"surreal";0,579;1;0,364
"supersonic";0,069;1;1
"superior";0,579;1;0,364
"sunday";1;0,013;1
"subtitle";1;0,001;1
"substantively";1;0,605;1
"submission";0,147;1;1
"stultify";1;1;0,002
"strictly";1;0,013;1
"streak";1;0,013;1
"stit";1;1;0
"steven";1;0,013;1
"steadily";0,273;1;0,922
"statute";1;1;0
"stare";1;0,013;1
"starbucks";0,147;1;1
"stalin";1;1;0
"stair";1;0,134;1
"stagnant";0,579;1;1
"sprawl";1;1;0,198
"specialist";0,579;1;1
"southeast";0,147;1;1
"soup";1;1;0,364
"socratic";1;0,001;1
"snap";1;0,013;1
"smile";1;0,001;1
"smack";1;0,883;0,072
"slot";0,036;1;1
"slop";1;0,134;1
"slice";0,036;1;1
"slate";0,579;1;0,364
"sketch";0,147;1;1
"singular";0,579;1;0,364
"simpsons";1;0,001;1
"sigma";1;0,001;1
"sid";1;0,883;0,669
"shortcut";0,147;1;1
"shin";1;1;0,002
"sham";1;0,001;1
"sequoia";0,036;1;1
"seminar";1;0,001;1
"selective";1;0,605;0,364
"securitization";0,273;1;1
"sect";1;0,367;0,198
"scramble";0,019;1;1
"scout";1;0,134;1
"scoop";0,147;1;1
"sc";1;0,013;1
"sanctuary";1;1;0,072
"saga";0,509;1;0,669
"sacred";1;0,605;0,364
"ruth";1;0,001;1
"rug";0,147;1;1
"rubio";1;1;0
"rub";0,579;1;1
"royal";1;0,134;1
"routine";0,579;0,605;1
"rothschilds";1;0,001;1
"rotary";0,069;1;1
"romantic";1;0,605;0,049
"rocky";1;0,013;1
"ro";1;1;0,049
"rivalry";1;1;0
"rightfully";1;1;0,002
"reusable";0,019;1;1
"retention";0,147;1;1
"retailer";0,019;1;1
"restrictive";1;1;0
"restrain";1;1;0
"respectful";1;1;0
"residency";1;0,013;1
"repress";1;1;0
"reporter";1;0,001;1
"repopulate";0,579;0,605;1
"repeatable";0,019;1;1
"repeal";1;1;0,049
"renee";0,147;1;1
"rename";1;0,013;1
"remark";0,147;1;1
"relocate";0,147;1;1
"relevance";1;0,134;1
"relay";0,036;1;1
"relativism";1;0,013;1
"reinvigorate";1;0,013;1
"reinvest";0,019;1;1
"regularly";1;1;0,049
"refund";1;0,134;1
"refrigerator";0,019;1;1
"reflective";0,579;1;0,364
"reelect";1;1;0
"redundant";0,147;1;1
"redpilled";1;0,605;0,364
"recruiter";0,147;1;1
"reconnect";1;1;0,364
"readout";1;1;0,072
"readiness";1;1;0,002
"rampage";1;1;0,364
"quintessential";0,147;1;1
"quietly";1;0,367;0,922
"quad";0,273;1;1
"psychotherapy";0,019;1;1
"provocator";0,019;1;1
"protective";0,147;1;1
"protectionist";1;0,605;1
"prosper";1;1;0,049
"promulgate";1;1;0
"programmable";0,036;1;1
"prod";1;1;0,049
"privately";1;1;0,002
"preview";0,147;1;1
"preventable";1;1;0
"presuppose";0,019;1;1
"presumption";1;1;0,364
"presentation";0,019;1;1
"prerequisite";1;0,605;0,049
"predator";0,147;1;1
"precursor";1;1;0,013
"precedent";1;0,134;1
"powder";0,147;1;1
"potato";0,036;1;1
"posture";1;1;0,049
"pompeo";1;1;0,013
"polymathic";0,019;1;1
"polish";0,579;0,605;1
"poetry";1;0,001;1
"playground";1;0,046;1
"plausibly";0,019;1;1
"pitchfork";1;0,883;0,072
"philips";0,036;1;1
"philanthropically";1;0,013;1
"persona";1;0,157;1
"perpetuate";1;1;0,049
"permeate";0,579;0,605;1
"permanency";1;0,002;1
"pennsylvania";1;0,134;1
"penn";1;0,001;1
"peg";0,019;1;1
"peel";0,147;1;1
"pearl";1;0,605;0,049
"pc";0,069;1;1
"patron";0,509;0,883;1
"participation";1;0,605;0,364
"paranoid";1;1;0,002
"parameter";0,019;1;1
"paperback";1;0,046;0,922
"palm";0,579;1;0,364
"pallet";0,019;1;1
"palente";1;0,013;1
"palante";1;0,134;0,364
"packard";0,924;0,367;1
"overvalue";0,019;1;1
"overlook";0,147;1;1
"outreach";0,273;1;0,922
"outdoor";0,019;1;1
"os";0,019;1;1
"organism";0,036;1;1
"opening";1;0,046;1
"onboarding";0,019;1;1
"occasion";1;0,134;0,364
"obscure";1;0,605;0,049
"obama_s";1;1;0
"nyt";1;1;0,049
"northern";1;0,605;0,049
"norman";1;0,001;1
"nordstrom";1;1;0
"nod";1;1;0,049
"ninth";1;0,134;0,364
"niche";0,147;1;1
"newsome";1;1;0
"neurologist";0,019;1;1
"ndaa";1;1;0,002
"nbc";1;0,001;1
"nazism";1;1;0
"mysterious";1;0,001;1
"musculoskeletal";0,019;1;1
"murderer";1;1;0
"multiplier";0,019;1;1
"muhammad";1;0,605;0,049
"mph";0,147;1;1
"mp3s";0,036;1;1
"morass";0,579;1;0,364
"molecular";0,579;1;1
"module";0,147;1;1
"modular";0,147;1;1
"moderator";0,579;1;0,364
"moderation";1;0,001;1
"mismatch";0,019;1;1
"misfortune";0,579;0,605;1
"militaries";0,147;1;1
"mil";0,579;0,605;1
"migration";1;1;0,002
"migrate";0,019;1;1
"middleman";0,147;1;1
"microprocessor";0,019;1;1
"mic";0,019;1;1
"messenger";1;0,605;1
"meritocratic";1;0,001;1
"mentorship";1;0,001;1
"meek";1;0,001;1
"mcmaster";1;1;0,013
"mcafee";0,019;1;1
"mayhem";1;1;0,002
"maneuver";1;1;0,002
"malt";0,019;1;1
"mackenzie";1;0,001;1
"macarthur";1;1;0
"lynch";1;0,605;0,049
"lucriccius";1;0,007;1
"lot_s";1;0,605;0,049
"logistical";0,019;1;1
"lively";1;0,001;1
"linkedin";0,579;0,605;1
"lightning";1;0,002;1
"leninism";1;1;0
"legitimacy";1;1;0,002
"legion";1;0,002;1
"leftwing";1;1;0
"laziness";1;1;0,198
"lauren";1;1;0,002
"landslide";1;1;0
"landlord";0,147;1;1
"kutcher";1;0,001;1
"kingdom";1;0,134;1
"kinetic";1;0,605;1
"kindle";0,019;1;1
"justification";1;1;0,002
"js";0,147;1;1
"jong";1;1;0
"jealousy";0,147;1;1
"jason";1;0,013;1
"isas";0,273;1;0,922
"irrelevant";0,579;0,605;1
"irrational";0,579;1;1
"irony";1;0,013;1
"ireland";1;0,134;0,364
"invariably";0,019;1;1
"introduction";1;0,605;1
"internship";1;0,134;1
"intermediary";0,019;1;1
"interim";1;1;0,013
"interdependent";0,924;1;0,922
"intentioned";0,579;1;1
"intentional";1;1;0,002
"intellect";1;0,605;0,049
"intake";0,147;1;1
"instacart";0,019;1;1
"insist";1;1;0,002
"innate";1;0,013;1
"injury";1;0,013;1
"initiate";0,019;1;1
"inflammatory";1;1;0,013
"infect";1;0,605;0,049
"infancy";0,019;1;1
"inevitability";0,147;1;1
"induce";1;1;0,002
"indoctrination";1;0,001;1
"individually";0,147;1;1
"independently";0,147;1;1
"incrementally";0,036;1;1
"incoming";0,147;1;1
"inclusion";1;0,605;1
"incentivized";0,273;1;0,922
"inbev";1;0,001;1
"inability";0,147;1;1
"impulse";1;0,605;1
"imitation";0,147;1;1
"imbalance";1;1;0
"hyperlocal";0,036;1;1
"hurry";0,147;1;1
"hungarian";1;0,046;0,922
"hume";1;0,134;1
"hover";0,019;1;1
"hose";0,147;1;1
"hormone";0,147;1;1
"hoodie";1;0,157;0,669
"hollow";1;0,605;0,049
"hogsworth";0,579;0,605;1
"hockey";1;0,013;1
"hiv";0,273;1;1
"hindsight";0,579;0,605;1
"hilarious";0,019;1;1
"hierarchical";0,579;0,605;1
"headache";0,924;1;0,922
"hbs";1;0,001;1
"hawk";1;1;0,049
"hater";1;0,134;0,364
"guilt";1;0,013;1
"guardrail";0,019;1;1
"grill";1;1;0,364
"greeks";1;0,001;1
"gravel";1;0,367;0,922
"grave";1;1;0,013
"grasso";1;0,134;1
"grace";1;0,013;1
"gpd4";0,036;1;1
"gpd";0,019;1;1
"gp1s";0,147;1;1
"goose";1;0,605;1
"ghetto";1;0,013;1
"gerard";1;1;0,013
"geopolitically";0,019;1;1
"galvanize";1;0,605;0,049
"funders";1;1;0,198
"ft";0,019;1;1
"frontline";0,579;1;1
"friedman";1;0,001;1
"fracking";1;1;0,002
"foucault";1;1;0,002
"foreigner";0,036;1;1
"forecast";0,019;1;1
"footstep";1;0,134;1
"fond";1;0,605;1
"fluid";0,579;1;0,364
"flex";1;0,013;1
"flagship";0,924;1;0,922
"firstly";0,147;1;1
"firewall";1;1;0,002
"fingerprint";1;1;0,049
"financials";0,019;1;1
"figma";0,147;1;1
"fermi";1;0,013;1
"fax";0,509;0,883;1
"fascist";1;1;0,002
"fargo";0,019;1;1
"fairy";1;0,605;1
"eyeball";0,579;1;1
"extremism";1;0,605;0,049
"extensive";1;1;0,002
"exquisite";0,019;1;1
"expectancy";0,579;1;1
"exp";0,147;1;1
"exec";0,147;1;1
"exclusive";0,019;1;1
"exclude";1;0,134;1
"examine";1;0,605;1
"evs";0,147;1;1
"escalator";0,924;1;0,922
"epress";1;0,605;1
"epiphany";1;0,013;1
"epicenter";1;0,605;1
"enthusiasm";1;0,605;1
"enlist";1;0,605;1
"endowment";0,147;1;1
"enact";1;1;0,002
"emotionally";1;1;0,049
"embassy";1;1;0
"ellison";0,019;1;1
"egregious";0,924;1;0,198
"edison";0,579;0,605;1
"edifice";0,147;1;1
"dye";1;0,367;0,198
"dutch";1;0,001;1
"drastic";1;1;0,049
"dorm";1;0,134;1
"dorky";0,579;0,605;1
"doer";1;0,046;0,922
"documentation";0,147;1;1
"disturb";1;0,001;1
"distrust";0,924;0,367;1
"distraction";1;1;0,049
"distil";1;0,134;1
"dissipate";0,019;1;1
"dissent";1;1;0
"disjoint";0,147;1;1
"discretionary";0,147;1;1
"discomfort";0,924;1;0,198
"discharge";0,019;1;1
"directional";0,147;1;1
"diesel";0,019;1;1
"dev";0,036;1;1
"detroit";0,273;1;1
"desperate";1;0,605;1
"designate";1;1;0,072
"desantis";1;1;0,002
"derive";1;0,134;1
"dentistry";0,579;0,605;1
"denigrate";1;0,046;0,922
"demetri";1;1;0
"deliberately";1;0,134;1
"delegate";1;1;0,002
"defraud";1;1;0,002
"decoupling";0,273;1;1
"deadline";1;1;0,013
"daycare";1;0,013;1
"dashboard";1;0,605;1
"darkness";1;1;0
"daddy";1;0,013;1
"cynic";0,579;0,605;1
"cur";1;0,046;1
"cumulative";0,147;1;1
"culinary";1;0,001;1
"cue";0,147;1;1
"cs";0,147;1;1
"crunch";0,019;1;1
"cruise";0,147;1;1
"courtroom";1;0,002;1
"counterintuitive";0,019;1;1
"counsel";1;1;0,198
"cornell";1;0,157;1
"cord";0,579;1;1
"conversion";0,036;1;1
"contradiction";1;0,605;0,364
"continual";1;0,134;1
"contention";1;1;0,049
"consideration";0,147;1;1
"conceptual";0,036;1;1
"conceive";1;0,605;1
"compression";0,019;1;1
"compliant";1;0,367;0,922
"compiler";0,019;1;1
"competency";0,147;1;1
"comparative";1;0,001;1
"compact";0,147;1;1
"commonly";0,579;1;0,364
"combustion";0,019;1;1
"colonialism";1;0,605;0,049
"clause";1;1;0
"clarify";1;0,605;0,364
"cla";0,147;1;1
"civ";1;0,002;1
"citizenry";1;0,001;1
"cincinnati";1;0,157;0,669
"chrome";0,036;1;1
"christy";1;0,046;1
"chew";1;0,013;1
"chesky";1;0,013;1
"cheese";0,036;1;1
"centric";0,036;1;1
"cds";0,069;1;1
"cbs";1;0,001;1
"causal";0,019;1;1
"cato";1;0,002;1
"cater";0,924;1;0,198
"categorize";1;1;0,013
"carl";1;1;0,364
"cardiac";0,273;1;1
"cardboard";0,147;1;1
"capsule";0,019;1;1
"cape";0,036;1;1
"canva";0,273;1;1
"cannibalize";0,019;1;1
"candidly";1;0,605;1
"canal";1;1;0
"canadians";1;1;0,013
"camaraderie";1;0,001;1
"cal";1;1;0,198
"caesar";1;0,001;1
"butt";0,147;1;1
"bust";1;1;0,364
"bury";0,579;1;1
"bulk";0,579;1;0,364
"bulb";0,019;1;1
"btc";1;1;0,002
"bryson";1;0,001;1
"broaden";0,147;1;1
"broadcast";0,147;1;1
"brink";1;0,134;0,364
"brilliance";0,147;1;1
"breed";1;0,605;1
"brazilian";1;0,001;1
"brandon";1;0,134;1
"boulder";0,147;1;1
"bottomup";1;0,605;0,364
"boomer";1;0,605;1
"bomber";0,019;1;1
"blissful";1;0,001;1
"blindness";1;0,007;1
"blackness";1;0,001;1
"biotechs";0,036;1;1
"biomanufacturing";0,019;1;1
"binary";0,579;0,605;1
"biller";0,019;1;1
"billboard";1;0,134;1
"bicycle";0,579;0,605;1
"benjamin";1;0,046;0,922
"beginning";1;0,605;1
"beef";0,924;1;0,922
"bcg";1;0,013;1
"barrage";0,273;1;1
"barnacle";0,019;1;1
"ballistic";0,147;1;1
"bait";1;0,605;1
"bahrain";1;0,046;0,922
"badge";1;1;0,364
"badass";1;1;0,002
"backfill";0,579;1;0,364
"backer";0,579;1;1
"b2c";0,019;1;1
"ax";0,147;1;1
"avs";0,019;1;1
"aviv";1;0,013;1
"avenue";1;0,134;1
"aurelius";1;0,001;1
"aura";0,273;1;1
"audio";0,036;1;1
"atlantic";1;0,134;0,364
"astound";1;1;0
"assure";1;1;0,364
"assign";1;0,013;1
"aspirational";1;0,134;1
"artistic";0,579;1;0,364
"arr";0,036;1;1
"aristotle";1;0,013;1
"architectural";0,019;1;1
"aqua";1;0,134;1
"applicable";0,273;1;1
"appetite";1;1;0,072
"apparatus";1;0,134;0,364
"apis";0,019;1;1
"aoc";1;1;0,002
"anvil";0,147;1;1
"antonio";1;0,605;1
"anton";0,924;0,367;1
"anthropics";0,019;1;1
"antenna";0,036;1;1
"angelo";1;0,002;1
"andon";0,579;0,605;1
"anarchist";1;0,013;1
"amplify";0,147;1;1
"amnesty";1;0,605;0,049
"amend";1;1;0
"altogether";0,579;0,605;1
"alabama";1;0,134;1
"akin";0,019;1;1
"airspace";0,579;1;0,364
"airfield";0,147;1;1
"aidriven";0,147;1;1
"agricultural";1;0,013;1
"affordability";1;1;0,049
"adolescent";1;0,001;1
"adequate";0,273;1;0,922
"additive";0,019;1;1
"adams";1;0,367;0,198
"achievable";0,019;1;1
"accurately";0,147;1;1
"accumulation";0,579;1;0,364
"accelerator";0,147;1;1
"ac";0,579;0,605;1
"abusive";0,019;1;1
"abrams";0,147;1;1
"abortion";1;1;0
"abide";1;1;0,049
"9s";1;1;0,049
"5x";0,019;1;1
"250th";1;0,001;1
"17th";1;0,001;1
"100th";0,147;1;1
"zoho";0,036;1;1
"zel";0,924;0,367;1
"zap";0,036;1;1
"youve";1;1;0,013
"yelp";0,509;0,883;1
"yc";0,036;1;1
"xjs";0,069;1;1
"wrongly";1;1;0,198
"wrinkle";0,036;1;1
"wolf";1;0,883;0,669
"witness";1;0,367;0,922
"withdraw";1;1;0,198
"wireless";0,036;1;1
"willingness";0,924;0,367;1
"wildlife";1;0,046;1
"wield";1;0,883;0,072
"whiteboard";0,924;1;0,198
"whimos";1;0,367;0,922
"wheat";0,036;1;1
"whack";1;0,883;0,669
"wechat";0,509;0,883;1
"webex";1;0,046;0,922
"weaken";1;1;0,198
"watcher";1;0,367;0,922
"ware";1;0,002;1
"walgreens";1;0,367;0,922
"wagon";1;0,002;1
"von";1;0,046;0,922
"void";1;0,367;0,922
"vignette";1;0,367;0,198
"victory";1;1;0
"vibration";0,924;0,367;1
"vibrancy";1;1;0
"vial";0,509;1;0,669
"viability";0,036;1;1
"verse";1;0,883;0,669
"venice";1;0,002;1
"vegetation";0,036;1;1
"variation";0,924;1;0,922
"variant";0,069;1;1
"vanderbilt";1;0,157;0,669
"v2";0,036;1;1
"utils";0,036;1;1
"utilization";0,036;1;1
"utilitarian";0,036;1;1
"usdc";1;1;0,013
"urgency";0,924;1;0,922
"upstream";0,273;1;0,922
"uprising";1;0,002;1
"unwilling";0,924;0,367;1
"unthinkable";1;1;0,013
"unrelated";0,069;1;1
"unrealistic";0,036;1;1
"unpleasant";1;1;0
"unnatural";0,036;1;1
"unlikable";1;0,007;1
"unity";0,924;1;0,198
"unimaginable";0,273;1;1
"unequal";1;1;0,013
"understandable";0,273;1;1
"ucsf";0,036;1;1
"uc";1;0,367;0,922
"tyrant";1;1;0,013
"tweak";0,273;1;1
"turnaround";1;1;0,198
"trivial";0,924;1;0,922
"tri";0,273;1;1
"treaty";1;0,367;0,198
"treasurer";1;1;0,013
"transmit";0,036;1;1
"transcendence";1;0,046;0,922
"transact";0,036;1;1
"tradeoff";0,509;1;0,669
"tractable";0,036;1;1
"tra";0,924;0,367;1
"township";1;0,002;1
"torpedo";0,924;0,367;1
"topheavy";0,036;1;1
"toothpaste";0,036;1;1
"toolkit";0,036;1;1
"toll";0,036;1;1
"toille";1;1;0,013
"tissue";0,036;1;1
"timelines";0,036;1;1
"thousandth";0,509;0,883;1
"therapeutic";0,036;1;1
"theocracy";1;1;0
"textbook";0,069;1;1
"tester";0,509;1;0,669
"terman";1;0,007;1
"tennis";1;0,046;1
"temper";1;1;0,013
"telescope";0,069;1;1
"telegram";0,509;1;0,669
"telco";0,036;1;1
"technician";0,036;1;1
"te";0,924;1;0,922
"tang";1;1;0,198
"tactically";0,036;1;1
"tab";0,036;1;1
"synergy";0,273;1;0,922
"synchronize";0,036;1;1
"sympathetic";0,924;1;0,922
"swath";0,924;0,367;1
"survivor";1;1;0
"surrender";1;1;0
"surpass";1;0,883;0,669
"supervisor";1;0,883;0,072
"supervise";0,036;1;1
"supermarket";1;0,002;1
"superficial";0,924;1;0,922
"subway";1;0,046;0,922
"subtly";0,509;0,883;1
"subtle";0,273;1;1
"substitute";1;0,367;0,198
"stroke";1;1;0,013
"strauss";1;1;0
"strait";1;0,367;0,198
"stewart";1;0,046;0,922
"steep";1;0,007;1
"steelman";0,036;1;1
"steady";0,509;0,883;1
"startle";0,273;1;1
"starter";0,273;1;1
"standalone";0,036;1;1
"stamina";1;0,046;0,922
"sqa";1;1;0
"spur";1;0,367;0,922
"spoon";1;0,046;1
"spontaneous";1;0,367;0,922
"spill";0,924;1;0,198
"spice";0,273;1;0,922
"spawn";0,924;1;0,922
"sp";1;0,002;1
"soybean";0,273;1;1
"sophomore";1;0,002;1
"socrates";1;0,002;1
"socom";0,924;1;0,198
"sociotechnical";0,036;1;1
"societally";1;0,002;1
"smartly";0,273;1;0,922
"slowmoving";0,036;1;1
"slowdown";0,273;1;1
"slope";0,273;1;1
"slash";0,924;1;0,198
"slam";0,273;1;1
"skate";0,273;1;1
"sixty";0,924;1;0,922
"situate";1;1;0
"sinful";1;0,046;0,922
"silk";0,036;1;1
"sidewalk";1;0,002;1
"shy";0,924;1;0,198
"shutdown";1;1;0,002
"shuffle";0,924;0,367;1
"shreas";0,509;0,883;1
"shovel";0,924;0,367;1
"shout";1;0,367;0,922
"shorten";0,036;1;1
"shipwreck";1;0,002;1
"shingle";0,069;1;1
"shimon";1;0,046;1
"shiite";1;1;0
"sharply";0,069;1;1
"shapiro";1;0,046;0,922
"shale";0,924;1;0,922
"sexually";1;0,367;0,198
"seth";1;0,883;0,072
"seronic";0,924;0,367;1
"sergey";0,036;1;1
"sensational";0,273;1;0,922
"sens";1;1;0,013
"semic";0,036;1;1
"selfish";1;0,367;0,922
"segmentation";0,036;1;1
"seamless";0,036;1;1
"scotch";1;0,157;1
"scorecard";1;0,046;1
"scientifically";0,036;1;1
"schwab";0,924;1;0,198
"schmidt";1;0,002;1
"scatter";1;0,367;0,922
"scalia";1;1;0
"samara";1;0,157;1
"salvador";1;1;0,002
"salana";0,924;0,367;1
"safeway";1;0,002;1
"russia_s";0,924;1;0,198
"rugby";1;0,157;0,669
"royalty";0,924;0,367;1
"routinely";1;1;0,013
"rouge";0,069;1;1
"rotor";0,509;0,883;1
"rothschild";1;0,157;1
"rotate";0,069;1;1
"ross";1;0,883;0,669
"roller";0,509;0,883;1
"risd";1;0,002;1
"rigorously";1;0,002;1
"rewrite";1;0,046;1
"revenge";1;0,883;0,072
"revelation";1;0,002;1
"retrain";0,036;1;1
"retaliate";1;1;0
"restraint";1;0,046;1
"responder";1;0,002;1
"reskilling";0,273;1;1
"repurpose";1;1;0,013
"reprogram";0,036;1;1
"repression";1;1;0
"representation";0,036;1;1
"renewal";1;0,046;0,922
"relieve";1;1;0
"relentlessly";0,924;0,367;1
"reinvention";0,924;1;0,922
"regression";0,036;1;1
"regenerate";0,036;1;1
"redistribute";0,273;1;0,922
"recur";0,924;1;0,922
"recreation";1;0,002;1
"reconcile";1;0,046;1
"recisions";1;1;0,013
"recipe";0,924;1;0,922
"rebuttable";0,069;1;1
"realiz";0,509;0,883;1
"rapper";1;0,002;1
"rape";1;0,367;0,198
"ranger";1;1;0,013
"ranch";1;0,002;1
"raid";1;1;0,013
"quiver";1;1;0,013
"queue";0,273;1;1
"python";0,036;1;1
"puzzle";0,036;1;1
"pundit";0,273;1;1
"publication";1;0,046;1
"pter";0,036;1;1
"psychedelic";0,273;1;1
"psilocybin";0,924;1;0,198
"prune";0,273;1;1
"proximity";1;0,007;1
"provocative";1;0,367;0,198
"proudly";1;0,002;1
"prone";0,036;1;1
"prolific";0,924;0,367;1
"productively";0,273;1;0,922
"princess";0,924;0,367;1
"prevalent";0,924;0,367;1
"prep";1;0,002;1
"precautionary";0,273;1;1
"prayer";1;0,046;0,922
"prageru";1;1;0,013
"potent";0,036;1;1
"positivity";1;0,367;0,922
"portray";1;0,046;0,922
"popularity";0,509;1;0,669
"populace";1;1;0
"pope";1;0,002;1
"poke";1;0,002;1
"poet";1;0,002;1
"po";0,273;1;0,922
"plummet";0,924;1;0,198
"plower";0,924;0,367;1
"plight";1;0,367;0,922
"platoon";0,036;1;1
"platonic";0,036;1;1
"plasticity";0,036;1;1
"pl";0,036;1;1
"pittsburgh";1;0,002;1
"pickup";0,924;0,367;1
"ph";0,924;0,367;1
"petraeus";0,924;1;0,922
"pete";1;0,046;0,922
"persist";0,924;1;0,922
"persians";1;1;0,198
"persecute";1;1;0
"pers";0,036;1;1
"perpetual";0,924;1;0,198
"permutation";0,036;1;1
"periodically";0,273;1;1
"penniless";1;0,002;1
"pendulum";0,273;1;0,922
"pel";1;0,046;0,922
"peanut";0,036;1;1
"pbms";0,036;1;1
"patton";1;0,007;1
"paste";0,036;1;1
"passivity";0,036;1;1
"passenger";0,069;1;1
"passage";1;1;0,013
"parliamentary";1;1;0
"parliamentarian";1;1;0
"parker";0,273;1;1
"paragraph";0,273;1;0,922
"parabolic";0,036;1;1
"panama";1;1;0
"palestinian";1;1;0,013
"palate";0,036;1;1
"pakistani";1;1;0
"painting";1;0,157;0,669
"paga";1;0,367;0,922
"pa";0,509;0,883;1
"overwrite";0,069;1;1
"overtly";1;0,046;0,922
"oversighted";0,924;1;0,922
"overreach";1;1;0,013
"overplay";1;1;0
"overindex";1;0,002;1
"overdrive";1;0,883;0,669
"overdraft";0,036;1;1
"overconfidence";1;0,002;1
"outskirt";1;0,367;0,922
"outsized";0,273;1;1
"outs";0,036;1;1
"outrage";1;1;0,198
"outlaw";0,924;1;0,198
"ounce";0,273;1;0,922
"originate";1;1;0,013
"ordinarily";1;0,367;0,922
"oral";0,273;1;1
"oppressive";1;0,367;0,922
"opioids";1;1;0
"operationally";0,036;1;1
"onshoring";0,036;1;1
"omen";1;0,002;1
"omaha";0,036;1;1
"octopus";1;1;0,013
"obsolete";0,036;1;1
"observer";0,924;1;0,198
"o2";0,036;1;1
"null";0,069;1;1
"npcs";1;0,002;1
"notoriously";0,036;1;1
"notorious";1;1;0,198
"notably";0,924;1;0,198
"nominate";1;0,046;0,922
"nickname";1;1;0
"nicely";0,924;0,367;1
"newly";1;1;0,198
"netanyahu";1;0,367;0,198
"nell";0,036;1;1
"nebraska";0,924;1;0,922
"nationally";0,273;1;1
"nascent";0,036;1;1
"mythology";1;0,367;0,198
"mp3";0,036;1;1
"motivator";0,273;1;1
"monthly";1;1;0,198
"monolithic";1;0,046;0,922
"monk";0,509;1;0,669
"monastery";1;0,002;1
"molton";1;0,883;0,072
"mole";1;1;0,072
"modality";0,036;1;1
"mjo";0,069;1;1
"misuse";1;1;0
"misery";0,924;1;0,198
"mindful";0,273;1;0,922
"mimemetic";1;1;0,013
"milin";1;0,367;0,922
"mig";0,509;0,883;1
"microeconomics";1;1;0
"metro";1;0,367;0,922
"mercantalist";1;1;0,013
"mega";0,036;1;1
"mediterranean";1;0,002;1
"medieval";1;0,367;0,198
"meantime";1;0,046;1
"mcconnell";1;1;0
"mbas";0,036;1;1
"maximal";0,273;1;0,922
"mattis";0,924;1;0,922
"mate";1;0,157;1
"mat";0,036;1;1
"mason";1;0,002;1
"maslow";1;1;0,013
"marshall";1;0,002;1
"mantra";1;1;0,013
"mantle";1;0,002;1
"maneuverable";0,036;1;1
"manageable";0,036;1;1
"malware";0,036;1;1
"malleable";0,069;1;1
"makeup";1;0,046;1
"magnet";0,509;1;0,669
"magically";0,273;1;1
"mack";1;0,157;0,669
"lucrative";1;0,367;0,922
"lowry";1;0,046;1
"longtime";1;0,002;1
"lob";0,036;1;1
"literacy";1;0,367;0,922
"liquor";0,924;1;0,922
"lip";1;0,046;1
"linkage";0,069;1;1
"lifelong";1;1;0,013
"libya";1;1;0
"libertarianism";1;1;0,002
"liberation";1;1;0,013
"lgbt";1;0,883;0,072
"letites";1;1;0
"leon";0,273;1;1
"lemon";1;0,002;1
"legendary";1;0,367;0,922
"lefty";1;0,883;0,072
"leftie";1;1;0
"ledger";0,036;1;1
"leaf";0,036;1;1
"launchpad";0,036;1;1
"latino";1;1;0
"lasic";0,036;1;1
"lale";1;0,002;1
"lag";0,509;1;0,669
"knowledgeable";1;1;0,013
"km";0,069;1;1
"kindness";1;0,367;0,198
"kgb";1;1;0
"keynote";0,924;1;0,198
"kerry";1;1;0,198
"kendi";1;0,046;0,922
"keith";0,924;1;0,922
"karma";1;0,002;1
"kansas";1;0,367;0,198
"k12";0,036;1;1
"justin";1;0,002;1
"judgmental";0,273;1;1
"joel";0,924;1;0,922
"ivan";0,509;1;0,669
"issuance";0,036;1;1
"isolation";0,273;1;1
"iphones";0,036;1;1
"ipa";1;0,883;0,669
"involvement";0,273;1;1
"invol";1;1;0,013
"investigator";1;0,157;0,669
"investigative";1;0,046;0,922
"invaluable";0,036;1;1
"intractable";0,036;1;1
"intolerance";0,924;1;0,922
"intersectionality";1;1;0,013
"interplanetary";1;0,046;1
"internalize";0,273;1;1
"interior";1;0,367;0,922
"intelligently";0,036;1;1
"insult";0,924;1;0,922
"institutionalize";1;0,367;0,198
"instill";0,924;1;0,922
"instantiate";0,036;1;1
"instantaneously";0,273;1;0,922
"instal";0,509;0,883;1
"inspector";0,924;1;0,198
"inquire";0,924;0,367;1
"innocuous";1;1;0
"inning";0,273;1;1
"inhabit";1;0,046;1
"info";0,036;1;1
"influx";1;1;0,013
"indoctrinate";0,509;0,883;1
"incubator";1;0,367;0,198
"incompetence";1;1;0,013
"incept";0,273;1;1
"incent";1;0,367;0,922
"inaudible";0,069;1;1
"inappropriately";0,273;1;0,922
"imprecise";0,036;1;1
"implode";0,924;0,367;1
"imperative";1;0,367;0,922
"impart";1;0,367;0,922
"ignorant";1;1;0
"ieds";0,036;1;1
"ied";1;0,883;0,669
"ideologue";1;1;0,013
"hypocrisy";1;0,367;0,198
"hyperscala";0,069;1;1
"hydrocarbon";0,069;1;1
"hut";0,036;1;1
"hussein";1;0,046;0,922
"hush";1;0,157;0,669
"hungary";1;0,002;1
"hugo";1;1;0
"huddle";1;0,046;1
"horror";1;0,367;0,198
"horribly";1;1;0,013
"horizontally";0,036;1;1
"hopkins";1;0,046;1
"hopeless";1;0,046;0,922
"homeward";0,036;1;1
"hometown";1;0,002;1
"homeland";1;1;0,013
"holland";0,036;1;1
"hindi";1;0,007;1
"heuristic";0,273;1;0,922
"hesitant";1;1;0,013
"hemisphere";1;0,046;0,922
"heartbroken";1;0,002;1
"headwind";1;1;0,072
"haul";1;0,367;0,922
"harper";1;0,002;1
"harmony";1;1;0,013
"hardcoded";0,036;1;1
"happily";0,036;1;1
"handicap";1;0,367;0,922
"hallmark";1;1;0,198
"haiti";1;1;0
"guantanamo";1;1;0
"gt";1;0,157;1
"grove";1;0,157;1
"gritty";0,036;1;1
"greg";1;0,046;0,922
"gratify";1;0,002;1
"grass";0,273;1;1
"granddaughter";0,509;0,883;1
"grain";1;0,367;0,922
"gracious";1;1;0,198
"gpt1";0,036;1;1
"gom";1;0,883;0,669
"godlike";0,036;1;1
"glenn";1;0,883;0,072
"geothermal";0,069;1;1
"gel";1;0,157;1
"geez";0,924;0,367;1
"gdc";0,069;1;1
"gamble";1;1;0
"gal";1;1;0,198
"furniture";1;0,002;1
"fullness";0,036;1;1
"fridge";0,069;1;1
"freshw";0,036;1;1
"fremont";1;0,367;0,198
"freeman";1;0,046;0,922
"frankfurt";1;0,002;1
"fragmentation";0,036;1;1
"fracture";0,036;1;1
"fountain";1;0,002;1
"foundry";0,036;1;1
"fork";1;0,883;0,669
"foe";1;0,883;0,072
"flutter";0,509;0,883;1
"flower";0,273;1;0,922
"florida_s";1;0,002;1
"finding";1;1;0,013
"filibuster";1;1;0
"fig";0,036;1;1
"fifteen";0,924;0,367;1
"fetch";1;0,046;1
"fertilizer";0,036;1;1
"fearful";1;0,046;0,922
"fatigue";0,509;0,883;1
"fantastically";0,036;1;1
"fanatic";0,273;1;0,922
"fab";0,924;0,367;1
"ey";1;1;0,013
"exportation";0,924;1;0,198
"exploration";1;0,157;0,669
"explicit";0,273;1;0,922
"experiential";0,036;1;1
"expansionary";0,036;1;1
"exemplify";1;1;0,013
"excessive";1;1;0
"ew";0,036;1;1
"ethereum";0,273;1;1
"escapable";1;1;0
"escalate";0,924;1;0,198
"ers";1;1;0,013
"eradicate";0,036;1;1
"epidemic";1;1;0,013
"epictetus";1;0,002;1
"eo";0,273;1;0,922
"entrepreneurialism";1;0,046;0,922
"entrance";0,273;1;1
"entirety";1;1;0,013
"enroll";0,509;0,883;1
"energetic";0,924;1;0,922
"encryption";0,924;1;0,922
"encouragement";1;1;0,013
"empress";0,036;1;1
"emphasis";0,273;1;0,922
"emit";0,069;1;1
"elod";1;0,367;0,922
"eli";1;0,046;1
"elevation";0,069;1;1
"electronically";0,036;1;1
"electoral";1;1;0
"elderly";0,036;1;1
"elaborate";1;0,046;1
"eis";0,509;0,883;1
"ebola";1;1;0,072
"earner";1;1;0,198
"eac";0,924;1;0,198
"dynamite";0,069;1;1
"dwell";1;0,002;1
"dung";0,924;1;0,198
"dropout";1;0,046;0,922
"drinker";1;0,046;1
"dragon";1;0,007;1
"downsize";0,509;0,883;1
"doorstep";1;1;0,198
"doodle";0,509;0,883;1
"dolly";0,036;1;1
"dogmatic";1;1;0
"doar";0,036;1;1
"dj";0,036;1;1
"diversification";0,036;1;1
"diverge";0,036;1;1
"disunion";1;1;0,013
"dissatisfy";1;0,367;0,922
"disruptors";0,924;1;0,198
"dispute";1;1;0
"disposable";0,036;1;1
"disparate";0,273;1;0,922
"dishearten";1;1;0,013
"disability";1;0,046;1
"dime";0,924;1;0,922
"diller";1;0,046;1
"diligent";0,273;1;1
"differential";0,069;1;1
"dictatorship";1;1;0,013
"di";0,273;1;0,922
"devote";1;0,367;0,198
"devil";1;0,367;0,198
"devalue";1;1;0,198
"deterrent";0,273;1;0,922
"deterrence";1;1;0,013
"determinant";0,036;1;1
"despotism";1;1;0
"desirable";1;0,367;0,198
"descend";1;0,046;1
"depredation";1;1;0
"deposit";0,509;1;0,669
"denominate";0,036;1;1
"delusional";0,509;0,883;1
"delicious";0,509;0,883;1
"delic";1;0,046;1
"deli";1;0,046;1
"delegation";1;1;0,013
"degeneration";1;1;0,013
"defund";1;1;0
"deem";1;1;0,198
"decree";0,509;1;0,669
"decrease";0,036;1;1
"decouple";0,924;1;0,198
"debatable";1;1;0,072
"dealership";0,036;1;1
"dea";1;1;0
"dash";0,036;1;1
"darn";0,036;1;1
"dang";1;1;0,198
"dampen";0,036;1;1
"curtain";1;1;0,002
"curtail";1;1;0,198
"crystallize";1;0,046;0,922
"cryptography";1;0,046;1
"crow";0,924;0,367;1
"credible";0,036;1;1
"creatively";0,924;0,367;1
"cp";1;0,007;1
"counterproductive";1;1;0
"copilot";0,036;1;1
"convolutional";0,036;1;1
"converge";1;1;0,013
"continuously";0,273;1;0,922
"continuation";0,036;1;1
"constructive";1;0,367;0,198
"constellation";0,273;1;0,922
"consist";1;1;0,013
"conscientious";1;0,883;0,669
"connecticut";1;1;0,013
"conjunction";0,273;1;0,922
"confirmation";0,924;1;0,198
"confine";0,924;1;0,198
"configurators";0,036;1;1
"conceptualize";1;0,046;0,922
"conac";1;0,002;1
"comprehensive";0,273;1;1
"complication";0,069;1;1
"complacent";1;0,367;0,922
"compensate";1;0,002;1
"compactor";0,036;1;1
"commoditized";0,036;1;1
"commencement";1;0,007;1
"cominging";0,273;1;1
"columnist";1;0,007;1
"collaborative";0,036;1;1
"cola";1;1;0
"coherent";1;1;0,013
"cognizant";0,036;1;1
"coddle";1;1;0,013
"coca";1;1;0
"coaster";0,509;0,883;1
"cleveland";1;0,046;1
"clearance";0,273;1;0,922
"cios";0,924;0,367;1
"chord";0,924;1;0,198
"chin";1;1;0
"chime";0,036;1;1
"chef";1;0,367;0,922
"checkup";1;1;0,072
"charitable";0,273;1;0,922
"characterize";1;1;0,198
"chaotic";1;0,046;0,922
"chan";0,273;1;0,922
"cfa";0,509;1;0,669
"ceranic";0,273;1;1
"cement";0,509;1;0,669
"cease";1;1;0
"catholicism";1;0,002;1
"caterpillar";0,036;1;1
"catalog";1;0,002;1
"carrie";1;0,157;1
"cardiovascular";0,036;1;1
"cardio";0,036;1;1
"capitalize";0,036;1;1
"capitalistic";1;0,367;0,922
"capex";0,069;1;1
"cambridge";1;0,002;1
"camala";1;1;0
"calm";1;0,367;0,198
"calendar";1;1;0,198
"caddie";1;0,007;1
"cabal";1;1;0
"cab";0,924;0,367;1
"byproduct";1;1;0,013
"buyout";0,036;1;1
"butcher";1;1;0,013
"buffett";1;0,002;1
"brussels";1;1;0,013
"brook";1;0,002;1
"bronx";1;0,046;0,922
"broadway";1;0,367;0,922
"brittle";0,924;1;0,922
"brew";0,509;0,883;1
"brake";0,069;1;1
"brainstorm";1;0,046;1
"bookstore";0,924;0,367;1
"booby";1;1;0,002
"bombard";1;0,002;1
"bolton";1;0,367;0,922
"boldness";1;1;0,013
"boldly";1;1;0,013
"blueprint";0,036;1;1
"blanc";1;0,157;1
"bioweapons";0,036;1;1
"biotechnology";0,036;1;1
"biomedical";0,273;1;1
"biom";0,036;1;1
"bioinformatics";1;0,046;1
"biblical";1;1;0,198
"berlin";1;0,046;0,922
"beneficiary";0,273;1;0,922
"beneath";0,036;1;1
"behemoth";0,036;1;1
"bedside";1;0,046;1
"bearish";1;1;0,198
"beacon";1;0,002;1
"basket";0,036;1;1
"bash";1;1;0,013
"baron";1;0,002;1
"barbecue";0,509;0,883;1
"banner";1;1;0
"bangalore";1;0,367;0,922
"bang";1;0,002;1
"baldwin";1;0,002;1
"baker";1;0,367;0,922
"babysit";0,036;1;1
"azure";0,036;1;1
"av";0,924;1;0,922
"autopilot";0,036;1;1
"autism";1;0,046;1
"australian";0,924;1;0,922
"aunt";1;1;0,198
"atkins";1;0,883;0,072
"asynchronous";0,036;1;1
"asymptote";0,036;1;1
"astonish";1;0,046;0,922
"assurance";0,924;0,367;1
"asimov";1;0,046;1
"ascendant";1;1;0,198
"asap";1;0,002;1
"arby";0,036;1;1
"arbitrary";1;1;0,198
"arbiter";1;1;0,198
"appreciative";1;1;0,013
"appointee";1;1;0,013
"appearance";0,924;1;0,198
"apparel";0,509;0,883;1
"aperture";1;0,046;0,922
"antipathy";0,924;1;0,922
"antibody";0,273;1;0,922
"antibacterial";0,036;1;1
"animate";1;0,157;1
"anheiser";1;0,002;1
"androl";0,036;1;1
"andreon";1;0,046;0,922
"amenity";1;0,883;0,072
"altman";0,273;1;1
"alj";0,509;0,883;1
"alienate";1;1;0
"alice";0,509;0,883;1
"airframe";0,036;1;1
"aggression";1;1;0,198
"agentic";0,036;1;1
"aftermath";0,036;1;1
"aftermarket";0,036;1;1
"africans";1;0,046;1
"affordably";0,036;1;1
"affluent";1;0,046;0,922
"aet";1;1;0
"advertiser";1;1;0,072
"advertisement";1;0,046;0,922
"adverse";0,036;1;1
"adversarial";0,924;1;0,198
"admiration";1;0,367;0,922
"admin";1;0,046;0,922
"addictive";0,273;1;1
"acute";1;1;0,013
"actton";1;0,883;0,669
"activation";0,036;1;1
"acronym";0,924;1;0,922
"accelerationism";1;1;0,072
"abhorrent";1;0,367;0,922
"abandon";1;1;0,198
"aai";0,036;1;1
"501c3";1;0,046;0,922
"401k";1;1;0,072
"30th";1;0,046;1
"2020s";0,924;1;0,198
"12th";1;0,157;1
"zuck";1;0,157;1
"zoe";1;0,007;1
"zielinski";1;0,883;0,072
"yoga";0,509;1;0,669
"yemen";1;1;0,072
"yellen";0,509;1;0,669
"yel";1;0,883;0,669
"xyz";1;1;0,002
"xan";1;1;0,002
"wy";1;0,157;1
"wright";1;0,007;1
"wound";1;0,157;1
"workingclass";1;0,883;0,072
"wonky";1;0,883;0,072
"wokes";1;1;0,002
"wmds";1;1;0,002
"wizard";0,069;1;1
"wishy";0,509;1;0,669
"wisely";1;0,883;0,669
"windbreaker";1;1;0,002
"winchester";0,509;1;0,669
"wilson";1;1;0,002
"whiteness";1;0,157;0,669
"wherewithal";0,069;1;1
"wh";0,509;1;0,669
"wet";0,069;1;1
"wes";1;0,157;1
"wern";0,069;1;1
"wendy";1;0,883;0,072
"wellestablished";1;1;0,072
"welder";0,069;1;1
"wedlock";1;0,007;1
"weatherall";1;0,007;1
"weaponization";1;1;0,072
"weakly";1;1;0,002
"wax";1;0,157;0,669
"wasp";1;0,157;1
"washy";0,509;1;0,669
"warning";1;0,883;0,072
"walker";1;0,007;1
"waiver";1;0,883;0,072
"wagner";1;1;0,002
"wade";1;0,157;0,669
"vox";1;1;0,002
"voluntary";0,509;1;0,669
"vocal";1;1;0,002
"vienna";1;0,007;1
"victor";1;0,157;0,669
"vicious";1;0,157;1
"venue";1;0,157;1
"vend";1;1;0,072
"vein";1;0,883;0,669
"vehemently";1;0,883;0,072
"vault";0,509;0,883;1
"varsity";1;0,157;1
"vance";1;1;0,002
"vague";0,509;1;0,669
"va";1;0,883;0,669
"ux";0,069;1;1
"utterly";0,069;1;1
"usurp";0,069;1;1
"usad";1;1;0,072
"uptime";0,509;0,883;1
"upfit";0,069;1;1
"unsure";0,509;0,883;1
"unsuccessful";1;0,883;0,072
"unsolvable";1;0,157;1
"unsheltered";1;1;0,002
"unreasonable";0,509;0,883;1
"unrealized";1;1;0,002
"unprofitable";0,069;1;1
"unprepared";0,069;1;1
"unorthodox";1;0,007;1
"unimportant";1;0,883;0,669
"uneven";0,509;0,883;1
"unethical";1;0,883;0,669
"uneducated";1;0,007;1
"underwrite";0,509;1;0,669
"underutilized";0,509;1;0,669
"underrate";1;0,007;1
"underclass";1;0,883;0,072
"underbelly";1;0,883;0,669
"uncrewed";0,069;1;1
"unconstrained";0,069;1;1
"unconstitutional";1;1;0,002
"uncompetitive";1;1;0,072
"ultraviolet";0,069;1;1
"uhx";0,509;0,883;1
"uas";1;1;0,072
"twothirds";1;0,883;0,072
"twelve";0,069;1;1
"tutorial";0,509;1;0,669
"trundle";0,509;0,883;1
"trudeau";1;0,883;0,072
"tribulation";0,069;1;1
"triage";1;0,007;1
"transit";1;0,883;0,669
"transient";0,069;1;1
"transgender";1;0,007;1
"transferable";1;0,157;1
"trainer";0,509;0,883;1
"trafficker";1;1;0,072
"tournament";1;0,157;0,669
"toughness";1;1;0,002
"totem";0,509;0,883;1
"todd";1;0,157;0,669
"tod";1;0,883;0,669
"toast";0,509;1;0,669
"tnt";0,069;1;1
"tl";1;0,007;1
"tin";1;0,157;1
"timeless";1;0,007;1
"tibet";1;1;0,002
"thunderbird";0,509;0,883;1
"throughput";0,509;1;0,669
"thorn";1;0,883;0,669
"thorin";1;0,007;1
"thin";1;0,157;1
"thermostat";0,509;0,883;1
"ther";0,069;1;1
"theological";1;1;0,002
"theologia";1;0,007;1
"theft";1;1;0,002
"theatrical";0,069;1;1
"texting";1;0,883;0,669
"tex";0,509;0,883;1
"testimony";1;0,883;0,072
"ter";0,069;1;1
"tedros";1;0,157;0,669
"taxation";1;0,883;0,072
"tampa";1;1;0,072
"tal";0,509;0,883;1
"sympathy";1;0,883;0,669
"swoop";1;0,157;1
"sweat";0,509;1;0,669
"sway";1;1;0,002
"surveil";1;0,883;0,669
"suppression";1;1;0,072
"supervision";1;1;0,072
"superstition";1;0,883;0,072
"superlabs";1;0,157;1
"sunny";1;0,883;0,669
"suburban";0,509;0,883;1
"subtract";0,509;0,883;1
"substantive";0,509;1;0,669
"substack";0,069;1;1
"subsistence";1;0,007;1
"stylistically";0,069;1;1
"stud";1;0,007;1
"striker";0,069;1;1
"strengthen";1;1;0,002
"straw";1;0,883;0,669
"strangle";0,069;1;1
"strand";1;0,157;0,669
"strahan";1;0,007;1
"storyteller";0,069;1;1
"stockholder";0,509;1;0,669
"stochastic";0,069;1;1
"stitch";0,509;0,883;1
"stint";1;0,883;0,669
"stimulate";1;0,157;1
"sticker";1;0,883;0,669
"stew";1;1;0,002
"stephen";1;0,157;1
"steam";0,069;1;1
"steak";1;0,157;1
"statin";0,069;1;1
"stagger";1;0,883;0,669
"stab";1;1;0,072
"sri";1;0,007;1
"squint";0,509;1;0,669
"squash";1;0,157;0,669
"spear";1;0,157;1
"sparse";0,069;1;1
"spaceship";0,509;0,883;1
"solver";1;0,157;0,669
"solidarity";1;0,883;0,072
"solarcity";0,509;0,883;1
"softbank";0,069;1;1
"societ";0,509;1;0,669
"socialization";1;0,007;1
"soak";0,069;1;1
"snuff";1;1;0,002
"snippet";0,069;1;1
"sniper";0,509;1;0,669
"snb";0,069;1;1
"snake";0,509;1;0,669
"snail";1;1;0,002
"sml";0,069;1;1
"slogan";1;0,157;0,669
"sliver";0,509;0,883;1
"sling";0,509;0,883;1
"sl";1;0,157;0,669
"skepticism";0,069;1;1
"skeptic";0,509;1;0,669
"skeleton";0,509;0,883;1
"simplistic";1;0,157;0,669
"simplicity";0,069;1;1
"silo";0,069;1;1
"sila";1;0,157;1
"signup";0,069;1;1
"sierra";1;0,883;0,072
"sidekick";0,069;1;1
"shu";0,509;1;0,669
"shooting";1;1;0,072
"shipper";0,069;1;1
"shatter";1;0,157;0,669
"shallow";0,069;1;1
"severance";0,509;0,883;1
"sesame";1;1;0,072
"sermon";1;0,007;1
"sequestration";0,069;1;1
"sensitivity";1;0,157;1
"sen";1;0,157;1
"semantic";0,509;1;0,669
"selfishly";1;0,157;0,669
"selectively";0,509;0,883;1
"seep";1;0,883;0,669
"secretive";0,509;1;0,669
"seamlessly";0,069;1;1
"scriven";1;0,007;1
"screwdriver";0,069;1;1
"scholarly";1;0,157;1
"scarce";0,509;0,883;1
"scandalously";0,069;1;1
"scalp";1;0,157;0,669
"scaffold";0,509;0,883;1
"saudis";1;0,883;0,072
"sar";0,069;1;1
"sapiens";0,069;1;1
"santis";1;1;0,002
"sanate";1;1;0,002
"salvation";0,509;0,883;1
"salient";1;0,157;0,669
"salience";0,509;1;0,669
"sal";1;0,883;0,669
"saint";1;0,157;0,669
"sadly";1;0,883;0,669
"runway";0,509;1;0,669
"rubinstein";1;0,157;1
"rover";1;0,883;0,669
"rout";0,069;1;1
"roster";1;0,157;1
"rose";0,509;1;0,669
"robo";0,509;0,883;1
"roam";1;0,883;0,072
"roach";0,509;0,883;1
"ritual";1;0,157;1
"ripling";0,509;0,883;1
"rigidity";1;1;0,072
"ridley";1;0,007;1
"ridiculously";0,509;0,883;1
"riddle";1;0,883;0,669
"ribbon";1;0,157;1
"rhythm";0,509;1;0,669
"revolve";1;1;0,072
"revitalize";1;0,883;0,669
"revision";0,069;1;1
"reversible";0,069;1;1
"reversal";1;0,883;0,669
"reveal";1;0,883;0,669
"reuters";0,069;1;1
"resurgence";1;0,007;1
"resumés";0,509;1;0,669
"restroom";0,509;0,883;1
"responsive";1;0,883;0,669
"resort";1;0,157;1
"resign";1;0,157;0,669
"reprehensible";0,069;1;1
"repo";0,069;1;1
"replenish";0,069;1;1
"repay";0,509;1;0,669
"renovation";0,069;1;1
"renew";0,069;1;1
"reminder";1;0,157;0,669
"relook";1;1;0,072
"religiosity";1;0,007;1
"reliant";0,069;1;1
"reind";1;1;0,002
"rehab";0,509;0,883;1
"regressive";1;0,157;0,669
"regenerative";0,069;1;1
"refute";0,069;1;1
"refundable";1;1;0,072
"reformer";1;1;0,002
"reemerge";0,509;1;0,669
"reel";0,069;1;1
"redirect";1;1;0,072
"recipient";0,509;0,883;1
"receptor";0,069;1;1
"reception";1;0,883;0,072
"rec";1;0,883;0,072
"realistically";1;0,157;1
"rationally";1;0,883;0,669
"rationale";1;1;0,072
"rating";0,509;0,883;1
"ratchet";1;0,883;0,669
"ransomware";1;1;0,072
"ransom";1;0,007;1
"randomize";0,509;0,883;1
"rais";1;0,157;1
"rag";0,069;1;1
"radius";0,069;1;1
"radioactive";0,509;0,883;1
"rachel";1;1;0,072
"racer";0,069;1;1
"quibble";1;0,007;1
"query";0,069;1;1
"queer";1;1;0,002
"quandry";1;0,883;0,072
"qual";0,069;1;1
"qu";0,069;1;1
"qaeda";1;1;0,002
"q4";0,069;1;1
"py";0,509;0,883;1
"putnam";1;0,007;1
"purview";1;0,883;0,669
"purport";1;0,883;0,669
"purge";1;0,157;0,669
"purcell";1;0,007;1
"punitive";1;0,883;0,669
"pummel";0,509;1;0,669
"psychotically";0,069;1;1
"provost";1;0,157;1
"protract";0,069;1;1
"protestant";1;1;0,002
"prospective";1;0,157;1
"prosecution";1;1;0,072
"proptech";0,069;1;1
"prong";1;0,157;1
"promilitary";1;0,157;0,669
"projection";1;1;0,072
"professionalize";1;1;0,072
"problematizing";0,509;0,883;1
"proactively";0,069;1;1
"primate";1;1;0,072
"preventive";0,509;0,883;1
"prevalence";1;0,007;1
"pres";1;0,157;1
"preparatory";0,509;1;0,669
"preoccupy";0,509;0,883;1
"premier";1;0,157;1
"preliminary";0,069;1;1
"preferential";0,069;1;1
"pref";1;0,157;1
"predominantly";0,509;1;0,669
"predictability";0,069;1;1
"predatory";1;1;0,072
"pred";1;1;0,002
"preconceive";1;1;0,072
"precipice";0,069;1;1
"precede";0,069;1;1
"preai";0,509;0,883;1
"praise";1;0,883;0,669
"powerhouse";0,509;0,883;1
"pouch";1;0,007;1
"poster";1;0,883;0,072
"poss";1;0,007;1
"porter";0,509;0,883;1
"portable";0,069;1;1
"pornography";0,509;0,883;1
"populational";0,069;1;1
"politic";1;1;0,072
"polar";1;0,157;0,669
"podium";1;0,883;0,072
"podcasts";1;0,157;1
"pledge";1;0,883;0,669
"pleasurable";1;0,157;1
"pleasant";1;0,157;0,669
"playstation";0,069;1;1
"plato";1;0,007;1
"plaque";1;0,007;1
"planner";0,509;0,883;1
"plague";0,069;1;1
"pixar";1;0,157;1
"piecework";0,509;1;0,669
"photography";1;0,157;0,669
"philippines";0,509;1;0,669
"pertain";1;0,883;0,669
"persuasion";1;0,883;0,072
"perseverance";1;0,883;0,669
"perpetrate";1;0,157;0,669
"permissive";1;0,883;0,669
"permissionless";0,069;1;1
"periodic";0,069;1;1
"perez";1;0,157;1
"penalize";0,509;1;0,669
"pdfs";0,069;1;1
"pcp";1;0,157;1
"paulson";1;0,007;1
"patronage";1;0,883;0,669
"pathology";1;1;0,072
"paternal";1;0,007;1
"patel";1;0,883;0,669
"partake";1;1;0,072
"paraphrase";1;0,007;1
"paradoxical";1;0,157;0,669
"paradise";1;0,157;0,669
"palin";1;0,157;0,669
"pajama";1;0,007;1
"paddle";0,069;1;1
"packet";0,069;1;1
"pacemaker";0,069;1;1
"p2p";0,069;1;1
"oyster";1;0,007;1
"overton";1;0,883;0,072
"overtake";1;1;0,072
"oversimplify";1;1;0,072
"overshoot";0,509;0,883;1
"overrate";1;0,007;1
"overload";0,509;1;0,669
"overdue";0,069;1;1
"outright";1;0,883;0,072
"outpatient";0,509;1;0,669
"outpace";0,069;1;1
"outlier";0,069;1;1
"outcry";1;1;0,072
"outcast";1;0,883;0,669
"osama";1;1;0,002
"orthogonal";1;0,157;1
"ordinance";0,069;1;1
"orderly";1;0,157;0,669
"orator";1;0,007;1
"optimum";0,509;1;0,669
"oppositional";1;0,157;1
"oops";0,509;0,883;1
"oo";0,509;0,883;1
"onshore";0,069;1;1
"onion";1;0,007;1
"onehopewine";1;0,007;1
"onchain";0,509;0,883;1
"olympic";1;1;0,072
"olympiad";0,509;0,883;1
"oliver";1;0,883;0,072
"oligopolies";0,509;1;0,669
"offshoot";1;0,883;0,669
"oems";0,069;1;1
"oddly";0,069;1;1
"occupation";1;0,157;1
"obscene";1;0,883;0,669
"objectivity";1;0,883;0,669
"objectively";1;0,883;0,669
"obey";1;0,157;0,669
"oakland";1;0,007;1
"nyu";1;0,007;1
"nutrient";0,069;1;1
"nursery";0,069;1;1
"ns";1;0,883;0,669
"notwithstanding";1;1;0,072
"notification";0,509;0,883;1
"northwestern";1;0,157;1
"northwest";1;1;0,072
"normandy";0,069;1;1
"normalization";0,509;1;0,669
"noo";0,069;1;1
"nonetheless";1;0,883;0,669
"noah";0,509;1;0,669
"nimble";0,509;1;0,669
"nigeria_s";1;1;0,072
"niece";1;0,157;0,669
"nexus";0,509;0,883;1
"nexjs";0,069;1;1
"newton";1;0,007;1
"newsroom";1;0,157;0,669
"neverending";0,069;1;1
"neuralink";1;0,007;1
"nephew";1;0,007;1
"negligent";0,509;1;0,669
"naysayer";1;0,157;1
"nationalize";1;0,883;0,072
"nasa_s";0,509;0,883;1
"nano";0,509;0,883;1
"nanny";0,509;1;0,669
"naively";1;0,157;0,669
"nafta";1;1;0,002
"mutate";0,069;1;1
"murray";1;0,007;1
"multiplicity";1;1;0,072
"multiplayer";0,509;0,883;1
"multinational";0,069;1;1
"mover";0,509;1;0,669
"motel";1;0,157;1
"moss";1;0,157;1
"monopolistic";0,509;1;0,669
"mold";1;0,157;1
"modulate";0,069;1;1
"moderna";0,509;0,883;1
"moderately";1;0,007;1
"mls";1;0,007;1
"missionritical";0,509;1;0,669
"misnomer";0,509;0,883;1
"misguide";1;0,883;0,669
"miserably";1;0,883;0,669
"miserable";1;0,157;0,669
"misconception";1;1;0,072
"misalignment";0,509;1;0,669
"minut";0,509;1;0,669
"minus";0,509;0,883;1
"mimedic";1;0,883;0,072
"militarize";0,509;1;0,669
"milan";1;0,157;0,669
"migrant";1;1;0,002
"midterm";1;1;0,002
"midst";1;0,007;1
"midjourney";0,509;0,883;1
"meyer";1;0,007;1
"metabolic";0,069;1;1
"mesh";1;0,157;1
"merkel";1;1;0,002
"merchandise";0,069;1;1
"meltdown";0,069;1;1
"meetup";1;0,157;0,669
"mediumsized";0,069;1;1
"meditative";0,509;0,883;1
"medic";0,509;0,883;1
"mech";1;0,883;0,072
"meaningless";0,069;1;1
"mdma";0,069;1;1
"md";1;0,157;1
"mcraven";1;0,157;0,669
"mcgrew";1;0,157;1
"mc";1;0,157;1
"maturity";0,509;0,883;1
"matt_s";1;0,007;1
"mathematical";0,509;1;0,669
"massacre";1;1;0,072
"markup";0,509;1;0,669
"marge";0,069;1;1
"marathon";0,069;1;1
"manufacturable";0,069;1;1
"mansion";1;1;0,072
"manis";0,509;0,883;1
"mammal";1;0,883;0,669
"malthusian";0,069;1;1
"mallen";0,509;0,883;1
"malicious";0,509;1;0,669
"malaysia";1;1;0,072
"mak";0,509;0,883;1
"mainland";1;1;0,072
"mainframe";0,069;1;1
"magnify";0,509;0,883;1
"magnetic";0,069;1;1
"madura";1;1;0,002
"macronutrients";0,069;1;1
"mackey";1;0,157;0,669
"lymphoma";0,069;1;1
"lung";1;0,157;1
"lunacy";1;1;0,072
"lump";1;0,157;1
"luman";1;0,157;1
"lowend";0,069;1;1
"lover";1;0,883;0,669
"loudly";1;0,883;0,072
"loneliness";0,069;1;1
"locality";1;1;0,002
"loader";0,069;1;1
"llama";0,069;1;1
"lizard";0,069;1;1
"livelihood";0,509;1;0,669
"litmus";0,069;1;1
"litigate";0,509;1;0,669
"lithuania";1;0,157;0,669
"lites";1;0,007;1
"lit";1;0,157;1
"lisa";1;0,883;0,072
"linux";0,509;0,883;1
"lineage";1;0,157;0,669
"linda";1;0,883;0,072
"lifeblood";0,069;1;1
"liberalize";1;1;0,072
"lgbtq";1;1;0,002
"lexicon";0,509;1;0,669
"lewis";1;0,007;1
"lesion";0,509;0,883;1
"leonardo";0,509;0,883;1
"lena";1;0,157;0,669
"legislate";0,509;1;0,669
"leech";1;1;0,002
"launder";0,509;1;0,669
"latitude";0,509;0,883;1
"latch";1;0,157;1
"lastly";0,509;1;0,669
"lapse";1;0,157;1
"langley";0,069;1;1
"lamont";1;0,157;1
"lame";1;0,883;0,669
"lama";0,509;0,883;1
"lagos";1;0,883;0,669
"kryptonite";0,069;1;1
"kpis";1;0,157;0,669
"kovid";0,509;0,883;1
"knowable";1;1;0,072
"knight";0,509;1;0,669
"kn";0,509;0,883;1
"kicker";0,509;0,883;1
"ki";1;0,157;0,669
"keystone";1;1;0,002
"kayak";0,069;1;1
"jurisdiction";0,509;1;0,669
"jolie";1;0,157;1
"jokingly";1;0,157;1
"jira";0,069;1;1
"jill";1;0,157;1
"jensen";1;0,007;1
"jeb";1;1;0,002
"jazzy";1;0,007;1
"jaw";0,509;1;0,669
"ivac";0,069;1;1
"itunes";0,509;0,883;1
"iss";0,069;1;1
"ish";0,509;1;0,669
"irredeemably";1;1;0,002
"irredeemable";1;0,883;0,072
"ipods";0,069;1;1
"iot";0,509;0,883;1
"inverse";0,069;1;1
"invasive";0,509;1;0,669
"intricate";1;0,157;0,669
"intimately";1;0,883;0,669
"interviewer";0,509;0,883;1
"intervenous";0,069;1;1
"intertwine";0,509;0,883;1
"internet_s";0,069;1;1
"interlock";0,509;0,883;1
"interactively";0,069;1;1
"intell";1;1;0,002
"instrumentation";0,069;1;1
"institutionally";0,069;1;1
"instability";1;0,883;0,072
"injustice";1;1;0,072
"inhibition";0,069;1;1
"ingrain";0,069;1;1
"ing";0,069;1;1
"infuriate";1;0,883;0,072
"infringe";1;1;0,002
"infamous";1;0,883;0,072
"ineffective";0,069;1;1
"industrialist";1;0,157;1
"indigenous";0,509;0,883;1
"indies";1;1;0,072
"indicative";0,509;0,883;1
"incursion";1;1;0,072
"incubate";0,509;0,883;1
"incremented";0,509;1;0,669
"incorrectly";0,069;1;1
"inconsistent";0,069;1;1
"incline";0,509;0,883;1
"incite";1;1;0,002
"inbound";1;1;0,072
"inadvertent";1;0,157;1
"inadequate";0,069;1;1
"imus";0,069;1;1
"impatient";0,069;1;1
"imminent";0,509;1;0,669
"immerse";1;0,007;1
"illustrate";1;0,157;1
"ilium";0,069;1;1
"iit";1;0,157;1
"idealize";0,069;1;1
"idealistic";1;0,157;1
"ide";0,069;1;1
"iceberg";0,069;1;1
"ibram";1;0,157;0,669
"hysterically";1;0,883;0,669
"hypothetically";0,509;1;0,669
"hypergrowth";0,069;1;1
"humanitarian";1;0,883;0,072
"hughes";1;0,157;1
"hud";1;1;0,002
"hubspot";0,069;1;1
"huawei";1;0,883;0,072
"horrific";1;0,157;0,669
"horowitz";1;0,157;1
"horn";1;0,157;0,669
"hoover";1;0,157;0,669
"homogeneous";1;1;0,002
"homer";0,509;0,883;1
"hoffman";1;0,007;1
"hoard";1;0,883;0,669
"hilton";1;0,007;1
"hezer";1;0,883;0,669
"hesitate";1;0,007;1
"heroic";1;0,007;1
"hennessy";1;0,007;1
"henderson";1;0,007;1
"heir";1;0,007;1
"heidi";0,069;1;1
"heartland";1;0,883;0,669
"haven";1;0,007;1
"hav";1;0,007;1
"hash";0,509;1;0,669
"harlem";1;0,007;1
"harish";1;0,157;1
"har";1;0,157;1
"happ";1;0,883;0,669
"hanoi";1;1;0,072
"handy";0,509;0,883;1
"handwrite";0,069;1;1
"handheld";1;1;0,072
"hamburger";1;0,157;0,669
"habitat";0,069;1;1
"habas";1;0,007;1
"ha";1;0,157;1
"gutenberg";1;1;0,072
"gurley";0,069;1;1
"gum";1;0,157;0,669
"grunt";0,509;1;0,669
"groom";0,509;1;0,669
"grock";0,509;0,883;1
"grievance";1;1;0,002
"greedy";1;0,883;0,072
"gree";0,509;0,883;1
"grassy";0,069;1;1
"grassroots";1;0,883;0,669
"grapple";1;1;0,002
"granular";0,069;1;1
"grandson";1;0,007;1
"grandma_s";1;0,007;1
"gpts";0,069;1;1
"gota";0,509;1;0,669
"gorilla";0,509;1;0,669
"googles";0,509;1;0,669
"goodwill";0,069;1;1
"golfer";1;0,157;0,669
"godfather";1;0,007;1
"goat";0,069;1;1
"glue";1;0,883;0,669
"glp";0,069;1;1
"globalized";0,069;1;1
"glasgow";1;0,157;0,669
"gi";0,509;0,883;1
"geology";1;0,007;1
"genie";1;0,007;1
"gem";0,069;1;1
"geeky";0,509;1;0,669
"gans";0,069;1;1
"fut";1;0,157;1
"fuse";0,509;1;0,669
"furious";1;0,157;0,669
"fte";0,509;1;0,669
"frighten";1;0,883;0,669
"frier";1;0,157;1
"friar";1;0,007;1
"frequent";1;0,157;1
"foxboro";1;0,007;1
"fouryear";1;0,157;1
"fouchy";1;0,883;0,072
"fouch";1;0,883;0,072
"formalize";0,509;0,883;1
"forish";0,069;1;1
"forensic";0,509;0,883;1
"foreclosure";0,069;1;1
"footage";1;0,157;1
"foolish";1;0,007;1
"font";0,069;1;1
"foil";0,069;1;1
"fmy";1;0,007;1
"flynn";1;0,007;1
"flush";0,509;0,883;1
"fluctuation";0,069;1;1
"flock";0,509;0,883;1
"flesh";0,509;0,883;1
"fledge";0,509;1;0,669
"flatter";1;0,157;1
"fixer";0,509;0,883;1
"fixate";1;0,157;1
"fixable";1;0,883;0,669
"fist";0,509;0,883;1
"fiscally";0,509;1;0,669
"fingertip";0,069;1;1
"financialization";0,509;0,883;1
"fever";1;0,157;0,669
"festival";1;0,007;1
"ferment";1;1;0,072
"fend";1;1;0,072
"federate";0,069;1;1
"federally";1;0,883;0,669
"fe";0,509;0,883;1
"favorably";0,069;1;1
"fashionable";1;1;0,072
"fascination";1;0,883;0,669
"falsification";1;0,883;0,072
"falsifiable";0,509;0,883;1
"faircast";0,069;1;1
"facto";1;1;0,002
"extinguish";1;1;0,072
"extinct";0,069;1;1
"exploitative";1;1;0,002
"expire";0,069;1;1
"expenditure";0,509;1;0,669
"exorbitant";0,069;1;1
"exhilarate";0,509;0,883;1
"exhibit";1;0,883;0,669
"excavation";0,069;1;1
"examination";0,509;0,883;1
"eth";1;0,883;0,669
"eternal";1;0,883;0,072
"eta";0,069;1;1
"es";1;0,883;0,072
"erp";0,509;0,883;1
"erode";1;0,883;0,072
"equivalence";0,509;1;0,669
"equate";1;0,157;1
"entrant";0,509;1;0,669
"enshrine";1;0,883;0,072
"enrich";0,509;0,883;1
"enlighten";1;0,157;0,669
"enduringly";1;0,007;1
"endurance";0,509;0,883;1
"enclose";0,069;1;1
"enamor";1;1;0,072
"en";1;0,883;0,072
"emulate";1;0,883;0,669
"emr";0,069;1;1
"empirical";1;0,157;0,669
"emerson";1;0,883;0,669
"embargo";0,069;1;1
"emanate";1;1;0,002
"electrician";1;0,157;1
"egyptians";0,509;1;0,669
"egalitarian";1;0,883;0,072
"edwards";0,509;1;0,669
"educator";1;0,883;0,669
"echolocation";0,069;1;1
"dutifully";1;0,007;1
"duration";0,069;1;1
"durability";0,509;0,883;1
"duplicative";1;1;0,072
"duper";1;1;0,002
"dupe";0,509;1;0,669
"duck";1;0,007;1
"drum";1;0,157;1
"dreamer";1;0,007;1
"dreadnot";0,069;1;1
"downhill";0,509;0,883;1
"dow";1;1;0,072
"dove";1;0,007;1
"dotcom";0,069;1;1
"dogma";1;0,157;0,669
"documentary";1;1;0,072
"dock";0,509;1;0,669
"distress";1;0,007;1
"distinct";1;0,883;0,072
"distillation";0,069;1;1
"distant";0,509;1;0,669
"disposal";0,509;0,883;1
"disperse";1;0,157;0,669
"disarm";1;0,883;0,669
"disable";0,509;0,883;1
"dis";1;1;0,072
"directory";0,509;0,883;1
"dip";0,509;0,883;1
"diffusion";0,069;1;1
"diffuse";0,069;1;1
"differentiation";0,509;0,883;1
"dictatorial";1;0,883;0,669
"developmental";0,509;0,883;1
"deterministic";0,509;0,883;1
"detective";1;0,883;0,669
"destination";1;0,007;1
"destabilization";1;1;0,002
"desktop";0,069;1;1
"deregulatory";1;1;0,072
"derate";0,069;1;1
"deputy";1;0,883;0,072
"deprive";1;1;0,072
"deployable";0,509;1;0,669
"dependence";1;0,157;0,669
"denounce";1;1;0,002
"denominator";0,509;0,883;1
"demystify";1;0,007;1
"demonetize";0,509;1;0,669
"demolition";0,069;1;1
"democratization";0,069;1;1
"degrowth";1;0,157;0,669
"deflationary";0,509;0,883;1
"deflation";0,069;1;1
"definite";0,069;1;1
"deficiency";1;0,157;1
"defensible";0,069;1;1
"defamation";1;0,157;0,669
"deepen";0,509;0,883;1
"deduction";0,069;1;1
"decoy";0,069;1;1
"decisively";0,069;1;1
"decisive";1;1;0,002
"decadent";1;0,157;0,669
"deadly";1;1;0,072
"dat";1;0,883;0,669
"dashgardens";1;0,007;1
"danny";1;0,157;1
"damon";1;0,007;1
"dale";1;0,883;0,072
"daimler";0,069;1;1
"customize";0,069;1;1
"cusp";0,069;1;1
"cursor";0,069;1;1
"curricular";0,509;1;0,669
"curate";0,509;0,883;1
"culminate";0,509;0,883;1
"cubicle";0,069;1;1
"cryptocurrencies";0,509;1;0,669
"crusher";1;0,157;1
"crumble";0,509;1;0,669
"crucially";0,069;1;1
"crossfire";0,509;1;0,669
"cripple";0,509;1;0,669
"cring";1;0,007;1
"crick";1;0,007;1
"creed";1;1;0,002
"craving";0,509;0,883;1
"crank";0,069;1;1
"cracker";1;0,007;1
"cr";0,509;1;0,669
"courtyard";0,509;0,883;1
"counterculture";1;0,007;1
"cosmetic";0,069;1;1
"correspond";0,069;1;1
"corona";1;0,883;0,072
"coo";0,509;0,883;1
"convergence";1;0,157;1
"convenience";0,509;1;0,669
"contributor";1;1;0,072
"continuum";0,069;1;1
"contingency";0,069;1;1
"contemplation";0,509;0,883;1
"consumerize";0,069;1;1
"consolidate";1;1;0,072
"conservation";1;0,007;1
"consciously";0,509;0,883;1
"conqueror";1;1;0,072
"congrats";1;0,007;1
"congestion";0,509;1;0,669
"confluence";1;0,157;0,669
"conflate";1;0,883;0,669
"configuration";0,069;1;1
"confidently";0,509;0,883;1
"concierge";0,509;0,883;1
"conception";1;0,157;0,669
"computerize";0,069;1;1
"compunction";1;0,157;0,669
"compass";1;0,883;0,072
"commune";1;0,157;1
"commie";1;0,883;0,072
"comeback";0,509;1;0,669
"columbus";1;0,883;0,669
"coliseum";1;1;0,002
"cohesive";1;1;0,072
"coherence";1;0,883;0,669
"closeup";1;0,007;1
"clone";0,069;1;1
"cleverly";1;1;0,002
"claude";0,509;0,883;1
"clash";1;0,883;0,669
"clan";1;0,883;0,072
"claing";1;0,157;1
"circulation";0,509;0,883;1
"chy";1;0,883;0,669
"chick";1;0,157;1
"cherish";1;0,883;0,669
"chemotherapy";0,509;0,883;1
"cheeseburger";1;0,007;1
"chad";0,509;0,883;1
"cfos";0,069;1;1
"centrist";1;1;0,072
"caveat";1;0,157;1
"catherine";1;0,157;0,669
"casualty";1;1;0,072
"cass";0,509;0,883;1
"carpet";1;0,883;0,669
"carnivore";0,069;1;1
"caricature";1;1;0,072
"captivity";0,069;1;1
"captive";0,509;1;0,669
"canelos";1;0,007;1
"candle";1;0,157;0,669
"cancelled";1;1;0,002
"caliphate";1;1;0,002
"calculation";0,509;1;0,669
"c4";1;0,883;0,669
"c2";0,069;1;1
"buring";1;1;0,072
"bureaucratization";0,509;0,883;1
"bumpy";0,509;0,883;1
"bulgy";1;0,883;0,072
"buenos";1;0,157;0,669
"buckle";0,069;1;1
"brute";1;0,883;0,669
"brutally";1;0,883;0,072
"brownsville";1;0,157;1
"bristol";1;0,007;1
"breakfast";0,509;0,883;1
"brackish";0,069;1;1
"br";0,509;0,883;1
"bowtie";1;0,157;0,669
"boutique";0,509;0,883;1
"borrower";0,069;1;1
"bor";1;0,883;0,669
"booster";0,069;1;1
"boondoggle";0,069;1;1
"bloomingdale";0,509;1;0,669
"blob";0,509;1;0,669
"blake";0,069;1;1
"blacklist";1;1;0,072
"blackbox";0,069;1;1
"bizarre";1;0,883;0,072
"bitcloud";0,069;1;1
"bipartisanship";0,509;1;0,669
"biophysics";0,509;0,883;1
"biologic";0,509;0,883;1
"betray";1;0,157;1
"bestselling";1;0,007;1
"bessent";1;0,007;1
"bernanke";1;0,007;1
"beret";1;0,007;1
"benny";1;0,007;1
"behoove";1;1;0,072
"beck";0,069;1;1
"bastard";1;0,883;0,072
"bargain";1;1;0,002
"banality";1;1;0,072
"ballalled";1;1;0,002
"baka";1;0,157;1
"bail";1;0,157;0,669
"bacterial";0,509;0,883;1
"backwater";0,509;1;0,669
"backend";0,509;0,883;1
"aztec";1;0,157;0,669
"axon";0,509;1;0,669
"aversion";1;0,157;1
"authorize";0,069;1;1
"authenticity";1;0,157;1
"authenticate";1;1;0,072
"auth";0,069;1;1
"austrian";1;0,007;1
"austria";1;0,157;0,669
"augmentation";0,069;1;1
"audible";0,069;1;1
"audacious";1;0,883;0,669
"atx";1;0,157;0,669
"attune";1;0,157;1
"assemble";1;0,007;1
"asmtote";0,069;1;1
"ashley";1;0,007;1
"ashamed";1;0,157;0,669
"ascribe";1;0,157;0,669
"artwork";1;0,007;1
"artisan";0,069;1;1
"arrogance";1;0,007;1
"arlington";1;0,007;1
"aristocracy";1;0,883;0,072
"aries";0,509;0,883;1
"archery";0,069;1;1
"archaic";0,509;1;0,669
"applaud";1;1;0,072
"apartheid";1;0,883;0,072
"aon";0,069;1;1
"antidepressant";0,509;0,883;1
"anonymous";0,509;1;0,669
"annualized";0,509;0,883;1
"annex";1;0,883;0,072
"andropov";1;0,157;0,669
"anderol";1;0,157;1
"andela";0,509;0,883;1
"analytical";0,069;1;1
"amsterdam";0,069;1;1
"amp";1;0,883;0,669
"ambiguity";1;0,883;0,072
"alt";1;0,883;0,072
"alma";1;0,157;0,669
"allot";1;0,883;0,072
"allege";0,509;0,883;1
"ali";1;0,883;0,072
"alert";1;0,883;0,072
"airstrike";0,509;1;0,669
"airman";0,069;1;1
"aires";1;0,157;0,669
"aip";0,509;1;0,669
"agile";0,509;1;0,669
"africa_s";0,069;1;1
"afloat";0,069;1;1
"affront";1;1;0,072
"affinity";1;0,157;1
"affiliation";1;0,007;1
"affection";0,509;0,883;1
"adversely";0,509;1;0,669
"adventurer";0,509;0,883;1
"adus";1;0,883;0,072
"adjunct";1;0,007;1
"adj";0,069;1;1
"adhere";1;0,883;0,072
"adage";1;0,883;0,669
"acceptance";0,509;1;0,669
"accelerant";0,069;1;1
"abundant";0,069;1;1
"abu";1;0,883;0,669
"absent";0,509;0,883;1
"abs";0,509;0,883;1
"abolish";1;0,883;0,669
"abacus";0,069;1;1
"aa";1;0,007;1
"300k";0,069;1;1
"25th";1;0,157;1
"2010s";0,069;1;1
"1bs";1;0,883;0,669
"1b";1;0,883;0,669
"16x";0,069;1;1
"1500s";1;1;0,002
"13th";1;0,157;1
"11th";1;0,157;0,669
"10e";0,069;1;1
"100k";0,069;1;1
"1000x";0,069;1;1
"*video=2B_Gov_Tech_CEOs_Warning_for_DOGE__6S1FHzJK_4en";1;0,238;0,74
"*video=2_Investment_Strategies_That_Made_Ken_Langone_a_Billionaire_-8JWYUnrL1sen";0,1;0,489;1
"*video=2026_Investing_StrategyIPOs_Are_Back_K_CuBI1osfUen";0,271;1;0,245
"*video=4_Rules_That_Built_Amazon_Apple__SpaceX_vXhxaOGw1IEen";0,1;1;1
"*video=4_Steps_to_Scale_Your_Business_Intuit_Founder_tBaGj8B8d24en";1;0,001;1
"*video=4_Ways_Robots_Are_Already_Taking_Over_LhBcuAHRqNAen";0;1;1
"*video=5_AI_Experts_Reveal_The_Best__Worst_Case_Scenarios_JtFuByhYUT4en";0;1;1
"*video=5_Expert_Predictions_The_Future_of_Artificial_Intelligence_NcKVW3r_YJQen";0;1;1
"*video=6_Hard_Truths_for_Building_Startups_From_a_Billionaire_E7qzohsrciUen";0;1;1
"*video=6_Levels_of_AI_Investing_Everyone_Should_Know_nZuDFOEMqpQen";0;1;1
"*video=6-Step_Blueprint_to_Rescue_Western_Civilization_xv3u7eVHqhUen";1;1;0
"*video=A_Conversation_with_Elad_Levy__the_Search_for_a_Missing_Israeli_Soldier_qNVmirHykzEen";1;0,028;0
"*video=A_Conversation_with_MLKs_Lawyer__Speechwriter_Dr_Clarence_Jones_AcVCzCUqxGken";1;0;1
"*video=A_Conversation_with_Wall_Street_Legend__US_Commerce_Secretary_Wilbur_Ross_lyGQq2wGDswen";1;1;0
"*video=AI__the_Future_of_Technology_Joe_Lonsdale_Answers_5_Critical_Questions_1jUoU0Yppnsen";1;0,013;1
"*video=AI_Expert_Agents_Will_Take_Over_Everything_NJ_vGrXZVTMen";0;1;1
"*video=AI_Expert_The_Threat_That_No_One_is_Talking_About_7EJ18xEVeuUen";1;0,451;0,014
"*video=AI_Vs_Engineers_Will_They_Be_Replaced_xyZABt3sCT4en";0;1;1
"*video=AI_Vs_Inflation_How_The_Top_Investors_Are_Preparing_oe0fZ6yEqhwen";0,001;1;1
"*video=AI_Warning_Millions_of_Humans_Will_Be_Obsolete_XAc-9No0oPEen";1;0,011;1
"*video=AI_Will_Replace_These_Jobs_First_A_Warning_From_OpenAIs_Chief_Of_Research_sJE1dE2dulgen";0;1;1
"*video=Airbnb_Founder_The_Government_is_Worse_Than_You_Think_gJxgXq-7Bo4en";0,172;1;1
"*video=Alex_Karp_On_The_Future_Of_AI_And_Building_A_Multi_Billion-Dollar_Company_TEfTVozgiNsen";1;0,011;1
"*video=Alex_Karp_How_Palantir_is_Changing_the_Course_of_History_VmwOhQYcCugen";1;1;0,012
"*video=Alexis_de_Tocquevilles_Warning_Decentralization_is_Essential_For_Democracy_im3Ngg6JgEIen";1;0,479;0,607
"*video=American_Optimist_Season_One_Trailer_GZV2nfbAynwen";1;0;1
"*video=American_Optimist_Building_a_Better_Future_for_All_aQGOGK6S7j0en";0,138;1;1
"*video=Americas_New_AI_Strategy_Were_Building_a_Tech_Force_GYV6XP0HSBUen";1;0,08;0,36
"*video=Andrew_Yang_Will_Change_How_You_Think_About_Politics_7AF5OKtCSUken";1;0,001;0
"*video=Arthur_Brooks_Finding_Happiness_--_What_Most_People_Get_Wrong_and_Few_Get_Right_VrMM1ODZ14sen";1;0,001;0,095
"*video=Arthur_Brooks_These_Four_Things_Will_Bring_You_Lasting_Happiness_a0_JNENamLsen";1;0,007;1
"*video=Ashton_Kutcher_Warns_China_Could_Use_TikTok_Against_the_US_Gri661zGfEken";1;0,006;0,435
"*video=Balaji_Srinivasan_Bitcoin_China_the_Woke_Mob_and_the_Future_of_the_Internet_MMuIyspn7s0en";1;1;0
"*video=Balaji_Srinivasan_How_Blockchain_Changes_Everything_NK0O2-hpGeUen";0,337;1;0,732
"*video=Bari_Weiss_Defending_Western_Civilization_and_Building_New_Institutions_SBvUo2MSplMen";1;0;0
"*video=Billion_Dollar_Wins_--_and_Losses_zBWyxGAeKa4en";0,545;0,19;1
"*video=Billionaire_Founder_of_KIND__Shark_Tank_Star_Daniel_Lubetzky_e9mWJy2RjtEen";1;0;0,024
"*video=Billionaire_Investors_Bold_AI_Prediction_-IpGrD5C1GEen";0,865;0,836;1
"*video=Billionaire_Investor_This_is_the_Most_Undervalued_AI_Opportunity_ELj2LLNP8Aken";0;1;1
"*video=Billionaire_vs_US_Senator_Should_TikTok_Be_Banned_HX8MIYvQcVQen";1;1;0
"*video=Charles_Koch_How_a_Love_of_Philosophy_Unlocked_Exponential_Growth_uCFcz8SESdQen";1;0;1
"*video=Defense_Experts_AI_Solution_To_The_Drone_Threat_LEsO1NISV0oen";0;1;1
"*video=Discovering_Life-Saving_Drugs_from_Fungi_BTpYV9Zsikken";0;1;1
"*video=Dont_Ban_CRT_Win_With_Better_Ideas_Thomas_Chatterton_Williams_Talks_Race__Liberalism_aU7gy13l6j4en";1;0;0
"*video=Dr_Mark_Esper_Lessons_from_Russias_Invasion_of_Ukraine_eqedig-EvaEen";1;1;0
"*video=Dr_Peter_Attia_How_AI_Can_Save_Healthcare_6WtHpBzAmrgen";0,429;1;1
"*video=Dr_Rick_Klausner_Curing_Cancer_Reprogramming_Cells_and_the_Incredible_Biotech_Revolution_5kFxWiL1Q2Aen";0;1;1
"*video=Economist_Vs_Billionaire_How_The_Myth_Of_Income_Inequality_Is_Dividing_America_mFhIJsrprXsen";1;0;0
"*video=Economists_Warning_America_Must_Win_the_AI_Race_euFe-jE1t7Aen";1;1;0,001
"*video=Economists_Warning_Regulation_Will_Kill_AI_Progress_E7BCJAM1kUcen";0,312;1;0,247
"*video=Electronic_Warfare_and_Real-Life_Force_Fields_Epirus_CEO_Andy_Lowery_X2IWqRu7L1oen";0;1;1
"*video=Ep_50_Troy_Carter_on_Discovering_Lady_Gaga_Future_of_Music_and_Speaking_Out_on_School_Choice_gOwzF0CLHwwen";1;0;1
"*video=Ep_51_Adm_Bill_McRaven_on_Leadership_Modernizing_the_Dept_of_Defense__Dealing_with_China_Y8UaL5sjkNEen";1;0;0,08
"*video=Ep_52_Yitz_Applbaum_and_a_Modern_Middle_East_Renaissance_7-7ZYcCjxjMen";1;0;1
"*video=Ep_53_Joe_Gebbia_Changed_the_World_with_Airbnb_Heres_What_Hes_Building_Next_xaPInaOaT1Ien";1;0;1
"*video=Ep_54_Peter_Attia_Ryan_Holiday__Joe_Lonsdale_Discuss_Longevity__Americas_Health_p_-t8q9D9xUen";1;0;1
"*video=Ep_55_Nathan_Mintz_on_Directed_Energy_a_New_Space_Age__the_Final_Hurdles_to_a_Driverless_Future_9SewQ5XabFgen";0;1;1
"*video=Ep_56_A_Philosopher_Reinventing_Construction_Maria_Davidson__the_Story_of_Kojo_PcATGAEqm1sen";0,001;0,622;1
"*video=Ep_57_Balaji_Srinivasan_on_the_Severity_of_the_Bank_Crisis_and_the_Future_of_Bitcoin_QKjfAhnWJqUen";1;1;0
"*video=Ep_58_Private_Markets_Outperform_Public_But_Theyre_a_Mess_Eliot_Hodges_Is_Fixing_That_sCo2Jawr24Een";0;1;1
"*video=Ep_59_Adi_Berlia_Explains_Indias_Remarkable_Rise_Out_of_Socialism_r5XT9UIdgwoen";1;0,869;0,009
"*video=Ep_60_Dr_Rebekah_Gee__Nest_Health_Are_Saving_Lives_by_Reinventing_In-Home_Care_Xt8X09d7cE4en";0,948;0,014;1
"*video=Ep_61_High_School_Dropout_to_Billion-Dollar_Startup_the_Story_of_Guillermo_Rauch__Vercel_UhctkmjffsUen";0;1;1
"*video=Ep_62_Ben_Rubenstein_Says_Resumes_Are_Useless_Heres_How_to_Find_the_Best_Salespeople_MWG9uaUaGroen";0;1;1
"*video=Ep_63_Eddie_Margain_on_Fleeing_Mexico_and_Building_Austin_FC_podbteLmuaMen";1;0;1
"*video=Ep_65_Marc_Andreessen_and_the_Case_for_AI_Optimism_KZE0FwuFee0en";0,203;1;0,086
"*video=Ep_66_Bob_McGrew__the_Superstar_Palantir_Alum_Leading_OpenAIs_Transformative_Research_Projects_SeAaxSJ8v6Men";0;1;1
"*video=Ep_67_Brad_Gerstner_on_the_AI_Supercycle__Restoring_Faith_in_Capitalism_cnDrFBzRfgcen";0,004;1;1
"*video=Ep_68_Are_High_Interest_Rates__Inflation_Here_to_Stay_How_to_Generate_Alpha_with_Jacob_Miller_2_7ceKkWYOIen";0;1;1
"*video=Ep_69_How_a_Teenager_Set_Out_to_Rid_the_Ocean_of_Plastic_Boyan_Slat__the_Ocean_Cleanup_UNWiqq0UxN0en";0;1;1
"*video=Ep_70_Andrew_McAfee_on_the_Science_Behind_the_Worlds_Most_Valuable_Companies_H0l0UuyP6RQen";1;0,033;1
"*video=Ep_71_No_Debt_Top_Professors__Personal_Coaches__A_New_Community_College_with_Tade_Oyerinde_bOJemB__Mpwen";1;0;1
"*video=Ep_72_Illegal_Chinese_Bio_Labs__Secret_Police_Inside_America_Congressman_Mike_Gallagher_13-lkPU9hqMen";1;1;0
"*video=Ep_73_Lessons_from_Palantir__How_Candid_Health_Is_Fixing_the_280B_Healthcare_Billing_Fiasco_rtNunKe7Q80en";0;1;1
"*video=Ep_74_Niall_Ferguson__Pano_Kanelos_on_Building_the_University_of_Austin_5l_Bk-zeVMYen";1;0;1
"*video=Ep_75_Leadership_Lessons_with_Intuit_Founder__Silicon_Valley_Legend_Scott_Cook_rbIzL223gsMen";0,199;0,024;1
"*video=Ep_76_Accelerate_or_Die_Guillaume_Verdon_and_the_eacc_Movement_NgUwdHGWKkAen";0;1;1
"*video=Ep_77_Mike_Solana_on_Exposing_Corruption_Saving_San_Francisco_and_Building_a_New_Media_Empire_Ek6dHrUDg9oen";1;0,024;0,003
"*video=Ep_78_Emil_Michael__the_Master_Dealmaker_Behind_Ubers_Global_Dominance_B_ptOo19SC0en";1;0,001;0,894
"*video=Ep_79_Bjorn_Lomborg_and_the_12_Best_Ideas_to_Help_the_World_co9ra0gvBXoen";1;1;0,039
"*video=Ep_80_Leonard_Leo_Knows_How_to_Win_and_How_to_Save_Our_Country_Qh6Y43e02vYen";1;1;0
"*video=Ep_81_How_Palantir_Star_Tyler_Scriven_Is_Helping_Small_Business_Compete_With_Amazon_SkY_gUUH8Kcen";1;0;1
"*video=Ep_82_Rising_Inflation_Looming_Recession_The_State_of_the_Economy_with_Whitney_Baker_cD_2rcNsRNYen";0;1;1
"*video=Ep_83_A_New_Leukemia_Cure_with_Ivan_Dimov_of_Orca_Bio_J99MyfKKdeQen";0;1;1
"*video=Ep_84_Sri_Ganesan_on_Freshworks_Big_Win_Building_Rocketlane__Indias_Tech_Boom_io9Gn-9gOGoen";0;1;1
"*video=Ep_85_The_Path_to_Regime_Change_in_Iran_with_Crown_Prince_Reza_Pahlavi_MmoEeCx30Fcen";1;1;0
"*video=Ep_86_How_to_Teach_STEM_for_the_21st_Century_with_Dr_David_Ruth_p2jwa9iGUy8en";1;0;1
"*video=Ep_87_Dr_Cliff_Winston__Deregulate_Lawyers_Deregulate_Airlines__Let_Markets_Correct_Themselves_-mIhnpoCnUcen";1;1;0
"*video=Ep_90_A_Conversation_with_Wall_Street_Pioneer_Ethan_Penner_jUAu8_ReNTAen";1;0;1
"*video=Evil_AI_Is_Coming_But_Not_the_Way_You_Think_3phTUVxbT_cen";0;1;1
"*video=Ex-Bud_Light_President_The_Truth_Behind_the_Brands_Collapse_SOYWMSo_Sdwen";1;0;0
"*video=Exercise_Scientist_How_AI__Miracle_Drugs_Can_Make_You_Superhuman_T_NpPPID1ecen";0;1;1
"*video=Exiled_Crown_Prince_of_Iran_How_to_Liberate_a_Nation_2tx774TWXqIen";1;1;0
"*video=Exposing_a_Billion_Dollar_Fraud_Scandal_Using_Palantir_xkXRTycBpEsen";1;1;0
"*video=Force_Fields__Directed_Energy_Are_Here_How_Epirus_Is_Changing_Defense_Tech_PFMaaQDvGVQen";0;1;1
"*video=Former_Canadian_Prime_Minister_How_to_Save_Western_Civilization_lb0b4utSxiQen";1;0,42;0
"*video=Former_Crown_Prince_of_Iran_Why_This_Regime_Must_Be_Taken_Down_qpl24oMS7QQen";1;1;0
"*video=Former_DC_Mayor_Adrian_Fenty_Courage_Accountability_Better_Schools_and_Safer_Cities_5L5hHQyziO0en";1;0;1
"*video=Former_NYT_Journalist_Free_Speech_is_in_Danger_4vM2uJfN_uQen";1;0,152;0
"*video=Free_Housing_Wont_Solve_the_Homeless_Crisis_Heres_What_Will_m3PSd0YLxDAen";1;1;0
"*video=From_ChatGPT_to_Billions_of_Robots_Marc_Andreessens_Prediction_pRoKi4VL_5sen";0,145;1;0,156
"*video=From_Entrepreneur_To_Governor_How_Hes_Changing_America_ynJWPThToV8en";1;0,028;0
"*video=From_Math_Prodigy_to_AI_Genius_How_Scott_Wu_Built_Devin_YwmQzWGyrRQen";0;1;1
"*video=From_Palantir_to_Space_Defense_Building_a_100_Billion_Company_hoVEoHXB6NEen";0;1;1
"*video=From_Prosperity_to_Ruins_Venezuelas_Fight_for_Freedom_YEgJKvg9xbUen";1;1;0
"*video=From_Survival_to_Creative_Mode_How_AI_Will_Change_Work_FoPvBnRgO70en";0;1;1
"*video=Hard_Truths_About_Morgan_Stanleys_Success_Former_CEO_wVmMmolLHcsen";1;0,001;1
"*video=Harvard_Economist_The_Truth_About_Police_Brutality_9sRYbrp_jCwen";1;0;1
"*video=Harvard_Professors_Warning_Avoid_This_Fatal_Money_Mistake_miXVWgBVrf8en";1;0,263;0,009
"*video=He_Built_Teslas_FIRST_Roadster_Battery_Find_Out_What_Hes_Building_Next_yhbKdsegqnEen";0;1;1
"*video=He_Predicted_Putins_Invasion_Now_He_Predicts_When_China_Will_Invade_Taiwan_dPkpBJajfF8en";1;1;0
"*video=Historian_Niall_Ferguson_Chinas_Strengths_Are_Exaggerated_ocB5fpQxh7sen";1;1;0
"*video=Hollywood_Star_Why_the_Emmys_Ignored_Charlie_Kirks_Assassination_XKX58P-PGq0en";1;0,024;0
"*video=Home_Depot_Founders_Millionaire_Business_Strategy_UhsCaPGO3DEen";1;0;1
"*video=How_200MPH_Flying_Cars_are_about_to_Change_the_World_TVg_DK8-kMwen";0;1;1
"*video=How_AI_Agents_Are_Transforming_Logistics_67d8KUrbiCYen";0;1;1
"*video=How_AI_is_Fixing_Americas_Most_Boring_Industry_ot0ofWCEuy4en";0;1;1
"*video=How_AI_Might_Solve_the_Alien_Mystery_Thought_Leaders_Paradox_deXX9-d3P5gen";1;0,004;0,154
"*video=How_AI_Robots_Are_Taking_Over_Construction_l2sdZ1IyZx8en";0;1;1
"*video=How_Daniel_Lubetzky_Built_KIND_Into_a_5B_Global_Success_I9-t1QhLc-Uen";1;0,01;0,395
"*video=How_Elon_Musk_Built__Sold_His_First_Company_300M_Sale_X5PZ3JuzEX8en";0,956;0,033;1
"*video=How_Elon_Musks_SpaceX_Is_Embarrassing_The_US_Government_3pLEpO90jLoen";0;1;1
"*video=How_Founder_Ken_Langone_Turned_Home_Depot_Into_A_400_Billion_Empire_t65qijV0nPcen";1;0;1
"*video=How_Hayes_Barnard_Is_Transforming_Solar_Tech__Green_Housing_sytqGvIojlYen";0;1;1
"*video=How_He_Became_the_First_AI_Billionaire_smCNYsBzg0gen";0,039;0,554;1
"*video=How_John_Mack_Saved_Morgan_Stanley__Transformed_Wall_Street_W2R7bfrFQ4Men";1;0;1
"*video=How_John_Mackey_Started_Whole_Foods_with_Just_45k_WKOH1xrVVt8en";0,186;1;1
"*video=How_Palantir_Alumni_Keep_Launching_Billion-Dollar_Ideas_ByDqjdLKVKken";0;1;1
"*video=How_Palantir_is_Leading_the_AI_Revolution_and_Creating_A_Safer_World_Xg-KFZHd7uMen";0,113;1;0,547
"*video=How_Psychedelic_Medicine_Could_Transform_Healthcare__Why_Medical_School_Is_Broken_0uQIHrBTGeUen";0;1;1
"*video=How_the_Renaissance_Sparked_an_Entrepreneurial_Explosion_with_Jeannette_zu_Fürstenberg_3-tSMBHnyoken";0,798;0;1
"*video=How_The_Worlds_Best_Investors_Are_Playing_AI_neqCX9ZbOywen";0,001;1;1
"*video=How_this_Governor_is_Proving_Trump_Right_S6caODsDQYAen";1;1;0
"*video=How_to_Change_the_World__Admiral_Bill_McRaven_V825mFbWPs0en";1;0;0,01
"*video=How_to_Disrupt_the_38_Billion_Storage_Industry_6EcNTOec3Qcen";0;1;1
"*video=How_to_Fix_Dysfunctional_Government_with_Esper_CEO_Maleka_Momand_nTWBWcxIlUMen";0,028;1;0
"*video=How_to_Fix_Homelessness_Expand_Telehealth_and_Defeat_Special_Interests_with_Jared_Meyer_JRPWSx9Ymi0en";1;1;0
"*video=How_to_Invest_in_2026_Altimeter_CEOs_Prediction_KnJopI3Q7Kgen";0;1;1
"*video=How_to_Invest_Like_a_Billionaire_jzUrBI8lW1cen";0;1;1
"*video=How_to_Use_AI_in_2026_Opendoor_Founders_Advice_m8y0ftEmbkYen";0;1;1
"*video=Investing_in_2026_What_You_Need_to_Know_SEC_Chairman_7Cb19tOA0p4en";0,128;1;0
"*video=Iran_vs_Israel_Exiled_Crown_Prince_on_the_Reason_for_the_Conflict_bE8S6Cp8lo0en";1;1;0
"*video=Is_America_Better_Without_Christianity_l8leF8nV_SAen";1;0,069;0,005
"*video=Jake_Kloberdanz_Cause-Centric_Commerce_and_the_Art_of_Award-Winning_Winemaking_riy9Q8Baj1ken";0,241;0;1
"*video=Joe_Lonsdale_and_Chris_Sprowls_How_to_Defeat_Special_Interests__Cronyism_fUL_jVCeGYEen";1;0,342;0
"*video=Joe_Lonsdale_and_Dhani_Jones_Discuss_the_Power_of_Suffering__Adversity_fm0tiE47pssen";1;0;1
"*video=Joe_Lonsdale_and_Pano_Kanelos_on_Building_a_New_World-Class_University_hxWLun4Nlzwen";1;0;0,614
"*video=Joe_Lonsdale_Stuns_CNBC_Host_ug6Gr5VccZken";1;1;0
"*video=John_Chambers__Pankaj_Patel_Changed_the_World_with_Cisco_Now_Theyre_Doing_It_Again_with_Nile_VWkCcfX747wen";0;1;1
"*video=Jonathan_Greenblatt_on_Ta-Nehisi_Coates_CRT_and_woke_politics_K9drmcFuO-Aen";1;0,004;0
"*video=Kimbal_Musk_Tesla_SpaceX_The_Kitchen_and_Launching_His_First_Company_with_Elon_IIkY9yZSMs4en";1;0;1
"*video=Kimmy_Scotti_How_to_Spot_and_Build_the_Next_Big_Thing_MFtexGKDeVEen";0;1;1
"*video=Lean_Startup_vs_Fat_Startup_How_to_Succeed_like_Palantir__SpaceX_3U7_bkz-r-Een";0,73;0,083;1
"*video=Legendary_iPod__iPhone_Creator_Tony_Fadell_Shares_His_Design_Secrets_TAs1OU-GZCMen";0;1;1
"*video=Marc_Andreessen_Predicts_AIs_Critical_Turning_Point_dgxiFHcPluAen";0,043;1;0,554
"*video=Marc_Andreessen_The_Truth_About_Immigration__DEI_Glsk28CuyDMen";0,858;0,412;1
"*video=Mark_Esper_Never_Underestimate_the_American_People_CJNbRSsiercen";1;1;0
"*video=Mike_Pompeo_Negotiating_with_Tyrants_Spy_Balloons_or_UFOs__Why_Trump_Didnt_Ban_TikTok__trV3oTKF98en";1;1;0
"*video=NASAs_Warning_We_Are_1_Year_From_Losing_the_Moon__naNYr1r6GAen";0,001;1;1
"*video=New_Face_of_DOGE_Agenda_Explains_the_Big_Beautiful_Bill_cev5y2Hb5Rcen";1;1;0
"*video=NFL_Legend_Ronnie_Lott_on_Grit_Leadership__What_America_Means_to_Him_ayGzwyR5YEEen";1;0;1
"*video=Niall_Ferguson_Why_Great_Civilizations_Rise_and_Fall_cAdUdrDaAqAen";1;1;0
"*video=Oklos_Amazing_Small_Reactor_That_Can_Reuse_Nuclear_Waste_tXbWC1mDrl4en";0;1;1
"*video=Open_AI_Chief_Outlines_His_AI_Thesis_in_9_Minutes_olN6m5mi48cen";0;1;1
"*video=Palantir_Co-Founder_on_the_Next_Generation_of_Warfare_RsaoH4knEA8en";0;1;1
"*video=Palantir_Founder_How_to_Reach_the_Top_1_nQ2vho89H1wen";0,661;0,14;1
"*video=Palmer_Luckey_Important_Development_in_AI_Weapons_J3Fs47nQkZYen";0;1;1
"*video=Palmer_Luckey_Meet_the_Real-Life_Tony_Stark_epy8UVZilmAen";0;1;1
"*video=Peng_Shuai_Beijing_Olympics__Holding_China_Accountable_with_Former_UN_Ambassador_Kelly_Craft_U4iFXcd3czEen";1;1;0
"*video=Pentagon_Chief_6_Weapons_That_Will_Prevent_WW3_U3ZqGHLxlQ0en";0;1;1
"*video=Peter_Thiel_on_Trumps_Trade_and_Tariff_Policy_RCsW1snWed8en";0,392;1;0,019
"*video=Peter_Thiel_Reveals_Palantirs_Unstoppable_Philosophy_9-EBf5KhJ-sen";0,001;1;0,688
"*video=Peter_Thiels_Contrarian_Guide_to_Investing_c3TfvGUm8_0en";0;1;1
"*video=Peter_Thiel_Elon_Musks_Advice_that_Transformed_Palantir_ax4IsNzPcXUen";0,119;1;1
"*video=Principles_That_Made_Charles_Koch_a_Billionaire_Hm-zUHLUgz4en";0,8;0,467;1
"*video=Rep_Ro_Khanna__Joe_Lonsdale_Debate_Income_Inequality_and_Regulating_Big_Tech_3mtrNt1mNpIen";1;1;0
"*video=Reviving_a_Culture_of_Innovation_with_Tyler_Cowen_rnLPwI9taYAen";1;0,001;0,438
"*video=Russia_Invades_Ukraine_Will_China_Invade_Taiwan_Featuring_Former_UN_Ambassador_Kelly_Craft_sMqcIXKVmdUen";1;1;0
"*video=Ryan_Holiday_How_Stoicism_Changed_the_World_tQplPF6Gtdken";1;0;1
"*video=Sal_Churi_Keri_Findley_and_Wesley_Chan_Innovators_Changing_Our_World_Right_Now_9WYqRab7ysIen";0;1;1
"*video=Sam_Altmans_Nuclear_Startup_Could_Power_The_US_For_100_Years_v_t1_bIdQzwen";0;1;1
"*video=Secret_Tech_Billionaire_Is_Betting_1B_on_This_HbFeNV4z9rAen";1;0;1
"*video=Secrets_Of_Investing_Early__Lessons_From_A_Billion-Dollar_Investor_QzjIfkNAp8Uen";0;1;1
"*video=Senator_Exposes_Americas_Biggest_Censorship_Scandal_uXJqzcl1NaYen";1;1;0
"*video=Stephen_Harper_Rejecting_Wokeness_Addressing_China_and_Defending_Western_Values_n2CpZTlTL1Aen";1;1;0
"*video=Tariffs_DOGE__Fixing_America_Peter_Thiels_Skeptic_Solutions_v2q3yPwEo5wen";1;1;0
"*video=Texas_State_Technical_College_The_School_With_a_Money-Back_Guarantee_t57vCXW8b-wen";0,846;0,018;1
"*video=The_Beginning_of_the_End_of_Cancer_with_Dr_Rick_Klausner_aUpMZjHCtB8en";0;1;1
"*video=The_Billion-Dollar_Tech_Idea_That_Started_in_a_Camper_2YD6zoNnBOwen";0;1;1
"*video=The_Brutal_Truth_About_Palantir_86rcTPbQbfEen";0,006;1;1
"*video=The_Business_Secrets_That_Made_Jimmy_John_a_Billionaire_g0zEw4Pa-DUen";0,002;1;1
"*video=The_Economy_After_AI__Cryptocurrency_6s-jFYUXyioen";0,235;1;0,063
"*video=The_End_of_Cancer_CAR_T-Cell_Therapy__the_Biology_Revolution_-UxrkJAhtnoen";0;1;1
"*video=The_Free_College_Tuition_Model_That_Makes_Sense_YzP0kUw_jXIen";1;0,001;1
"*video=The_Genius_Strategy_Behind_Apples_First_iPhone_mJMB7O8_GE0en";0;1;1
"*video=The_Greatest_Entrepreneur_Youve_Never_Heard_Of_DjKqgUY5CzMen";1;0;1
"*video=The_Hidden_Secret_To_Scaling_A_Small_Business_timNqbg_Z1Ien";0;1;1
"*video=The_Man_Behind_the_Militarys_Smartest_Self-Driving_Vehicles_3IkwPQedA80en";0;1;1
"*video=The_One_Thing_AI_Will_Never_Replace_w2deeFQ3uk0en";1;0;1
"*video=The_Psychology_of_Billionaire_Entrepreneurs_wHivhCue1CMen";0,003;1;1
"*video=The_Secret_Team_Fixing_Americas_Broken_Systems_1sEsOpHb3w0en";1;0,223;0,005
"*video=The_Terrifying_Truth_AI_Researchers_Dont_Understand_JenafBze3qUen";1;1;0,19
"*video=The_Trillion_Dollar_Mistake_That_Nearly_Destroyed_the_US_Economy_Q89JskIykTMen";1;1;0
"*video=The_Truth_About_AI_Sam_Lessins_Contrarian_Take_R_aHzJGrBN0en";0,002;0,641;1
"*video=The_Year_That_Changed_Medicine_Forever__Francisco_Gimenez_Explains_the_Biotech_Revolution_UMBNkVKTCI4en";0;1;1
"*video=These_AI_Tools_Will_Make_Your_Job_Easier_Billion-Dollar_Tech_Prodigy_1zYU0sU6Beken";0,489;0,874;1
"*video=These_Jobs_Will_Skyrocket_in_the_AI_Economy_EVZdkY7EoNAen";1;1;0
"*video=This_AI_Sea_Drone_Could_Destroy_A_Submarine_nRA40EAFf-sen";0;1;1
"*video=This_Idea_is_Destroying_American_Universities_xqpogFcXYRken";1;0;0
"*video=This_New_Startup_Is_Disrupting_Healthcare_As_We_Know_It_woTmD-R3EIoen";0;1;1
"*video=Top_Music_Exec_I_Turned_200_Lady_Gaga_Fans_into_Millions_GyVL7kMi098en";0,988;0,003;1
"*video=Top_Tech_Investors_This_AI_Wave_Is_10X_Bigger_Than_SaaS_aETqFYCrIoAen";0;1;1
"*video=Trillions_in_AI_InvestmentBut_No_Bubble_4FdXvFy3ZY0en";1;1;0
"*video=Tucker_Shapiro__The_New_RightDave_Rubin_Calls_for_an_Honest_Debate_w1FRqBOxS8gen";1;0;0
"*video=Turning_25K_Into_3_Billion_The_Hard_Truths_Of_Jimmy_Johns_Success_izc8oXNri1oen";0,433;0,144;1
"*video=Turning_Whiskey_Into_Millions__The_Hustler_Behind_WhistlePig_Em5q_Y-Zatwen";1;0;1
"*video=Two_Billionaires_Debate_Should_We_Fear_AI_kEtiYFgnZn8en";1;0,609;0,329
"*video=Ubers_Billion-Dollar_Strategy_That_Crushed_Lyft_O024I_rzgVAen";1;0,031;1
"*video=What_Billionaire_Entrepreneurs_Know_That_You_Dont_wQ-MuaD4txAen";1;0,003;1
"*video=What_Happens_When_AI_Automates_Everything_JTEsBdTLtdQen";0,379;0,919;1
"*video=What_Happens_When_AI_Can_Do_Every_Job_AOCcqj3oYloen";1;0;0,148
"*video=What_He_Learned_Building_Amazon_With_Jeff_Bezos_DyHa6By5zc8en";0,098;0,454;1
"*video=What_He_Learned_Working_Side_by_Side_with_Elon_Musk_NaG0PGvfX6sen";0;1;1
"*video=What_Investors_Need_to_Know_About_the_US_Debt_Spiral_FAuc2CMRbacen";0;1;1
"*video=What_Steve_Jobs_Knew_About_Innovation_That_You_Dont_PYND_01c5JAen";1;0;0
"*video=What_The_Media_Gets_Wrong_About_Climate_Change_R3FwJjvi-5Qen";1;1;0
"*video=What_You_Were_Taught_About_Slavery_Is_Probably_Wrong_--_Coleman_Hughes_584um6umaEoen";1;0,005;1
"*video=Whole_Foods_Co-Founder__CEO_John_Mackey_Conscious_Capitalism_and_Repairing_Americas_Division_vmZYyxKRSlken";1;0,386;0,306
"*video=Why_Billionaires_Use_This_2000-Year-Old_Mindset_lPFtfXIJlo0en";1;0;0,859
"*video=Why_California_is_Collapsing_From_Within_ZlPWJ9EoGhgen";1;1;0
"*video=Why_Fortune_500_Companies_Arent_Hiring_The_Best_People_iCEPIhjWl2Aen";0,109;0,762;1
"*video=Why_Its_Legally_Impossible_To_Build_In_America_dWwE5Vk2OFAen";1;1;0
"*video=Why_María_Corina_Machado_Won_The_Nobel_Peace_Prize_ydNKBHRC1CEen";1;1;0
"*video=Why_Reparations_Wont_Work__Why_Standardized_Tests_Help_Minorities_--_Coleman_Hughes_gD1X2KGqPrsen";1;0;0,003
"*video=Why_the_Iryna_Zarutska_Tragedy_Was_Preventable_AOVUD_J2FMUen";1;0,119;0
"*video=Why_The_Next_Financial_Lockdown_Could_Be_Worse_Than_The_1930s_U27BrPBlP0gen";1;1;0
"*video=Why_this_Billionaire_Just_Took_Over_NASA_gCik1Ak6WVcen";0;1;1
"*video=Why_This_Social_Justice_Activist_Became_an_Entrepreneur_Instead_-hCEp1EyMj0en";1;0;1
"*video=Why_You_Are_Unhappy_Harvard_Professors_Solution_KFqA3dnx7S4en";0,787;0,823;1
"*video=Why_Youre_Hiring_the_Wrong_Sales_People_lSoTwMf61mAen";0;1;1
"*video=Will_AI_Replace_Software_Engineers_Tech_CEOs_Prediction_b-RMZL0_xLken";0;1;1
"*video=Will_Superintelligent_AI_Destroy_Humanity_v7RJ8kbE9oUen";0;1;1
"*video=Zach_Latta_Founding_Hack_Club__Inspiring_the_Next_Generation_of_Builders_PaB5ltDmD0Qen";1;0;1
"*video=The_AI_Threat_Is_Worse_Than_You_Think__Trumps_Tech_Advisor_JbTDK4Izw1Qen";1;1;0,016
"*video=Scared_of_AI_This_will_terrify_you_-_Ex-Google_Physicist_g0FZT99tPi0en";0;1;1
