"";"X";"V1"
"1";1;1
"2";2;1
"3";3;2
"4";4;1
"5";5;3
"6";6;1
"7";7;2
"8";8;2
"9";9;2
"10";10;2
"11";11;2
"12";12;2
"13";13;2
"14";14;3
"15";15;3
"16";16;2
"17";17;1
"18";18;3
"19";19;2
"20";20;1
"21";21;3
"22";22;2
"23";23;1
"24";24;1
"25";25;3
"26";26;1
"27";27;3
"28";28;3
"29";29;1
"30";30;1
"31";31;2
"32";32;3
"33";33;1
"34";34;2
"35";35;2
"36";36;1
"37";37;3
"38";38;1
"39";39;3
"40";40;2
"41";41;3
"42";42;2
"43";43;2
"44";44;2
"45";45;1
"46";46;3
"47";47;1
"48";48;3
"49";49;3
"50";50;2
"51";51;3
"52";52;3
"53";53;2
"54";54;2
"55";55;1
"56";56;1
"57";57;3
"58";58;1
"59";59;2
"60";60;1
"61";61;1
"62";62;2
"63";63;2
"64";64;2
"65";65;2
"66";66;1
"67";67;3
"68";68;1
"69";69;1
"70";70;2
"71";71;1
"72";72;1
"73";73;1
"74";74;1
"75";75;2
"76";76;1
"77";77;1
"78";78;3
"79";79;1
"80";80;1
"81";81;1
"82";82;3
"83";83;3
"84";84;1
"85";85;1
"86";86;3
"87";87;1
"88";88;2
"89";89;1
"90";90;3
"91";91;1
"92";92;3
"93";93;3
"94";94;1
"95";95;1
"96";96;2
"97";97;2
"98";98;2
"99";99;2
"100";100;2
"101";101;3
"102";102;1
"103";103;1
"104";104;1
"105";105;1
"106";106;1
"107";107;2
"108";108;1
"109";109;1
"110";110;1
"111";111;1
"112";112;1
"113";113;1
"114";114;2
"115";115;1
"116";116;1
"117";117;1
"118";118;1
"119";119;1
"120";120;1
"121";121;1
"122";122;3
"123";123;3
"124";124;1
"125";125;1
"126";126;2
"127";127;1
"128";128;3
"129";129;1
"130";130;2
"131";131;1
"132";132;2
"133";133;2
"134";134;1
"135";135;1
"136";136;1
"137";137;1
"138";138;3
"139";139;1
"140";140;3
"141";141;3
"142";142;2
"143";143;2
"144";144;2
"145";145;3
"146";146;2
"147";147;1
"148";148;1
"149";149;1
"150";150;3
"151";151;3
"152";152;3
"153";153;2
"154";154;1
"155";155;1
"156";156;1
"157";157;1
"158";158;1
"159";159;3
"160";160;2
"161";161;1
"162";162;1
"163";163;1
"164";164;2
"165";165;1
"166";166;2
"167";167;3
"168";168;1
"169";169;1
"170";170;1
"171";171;1
"172";172;2
"173";173;3
"174";174;1
"175";175;3
"176";176;2
"177";177;2
"178";178;2
"179";179;2
"180";180;1
"181";181;2
"182";182;2
"183";183;3
"184";184;2
"185";185;3
"186";186;2
"187";187;3
"188";188;1
"189";189;2
"190";190;3
"191";191;1
"192";192;2
"193";193;3
"194";194;2
"195";195;3
"196";196;2
"197";197;2
"198";198;3
"199";199;3
"200";200;2
"201";201;2
"202";202;2
"203";203;3
"204";204;1
"205";205;2
"206";206;1
"207";207;1
"208";208;1
"209";209;1
"210";210;3
"211";211;1
"212";212;1
"213";213;1
"214";214;1
"215";215;2
"216";216;1
"217";217;1
"218";218;1
"219";219;2
"220";220;1
"221";221;1
"222";222;1
"223";223;1
"224";224;3
"225";225;1
"226";226;1
"227";227;3
"228";228;1
"229";229;3
"230";230;1
"231";231;2
"232";232;2
"233";233;3
"234";234;2
"235";235;3
"236";236;2
"237";237;2
"238";238;1
"239";239;3
"240";240;1
"241";241;2
"242";242;3
"243";243;3
"244";244;3
"245";245;2
"246";246;2
"247";247;1
"248";248;3
"249";249;1
"250";250;2
"251";251;3
"252";252;1
"253";253;2
"254";254;2
"255";255;1
"256";256;2
"257";257;2
"258";258;2
"259";259;2
"260";260;2
"261";261;2
"262";262;1
"263";263;2
"264";264;3
"265";265;3
"266";266;2
"267";267;1
"268";268;1
"269";269;2
"270";270;1
"271";271;1
"272";272;1
"273";273;1
"274";274;2
"275";275;2
"276";276;1
"277";277;1
"278";278;1
"279";279;1
"280";280;1
"281";281;1
"282";282;1
"283";283;1
"284";284;1
"285";285;1
"286";286;3
"287";287;2
"288";288;1
"289";289;1
"290";290;1
"291";291;1
"292";292;1
"293";293;1
"294";294;1
"295";295;1
"296";296;1
"297";297;1
"298";298;1
"299";299;1
"300";300;2
"301";301;2
"302";302;2
"303";303;3
"304";304;2
"305";305;2
"306";306;2
"307";307;2
"308";308;2
"309";309;2
"310";310;2
"311";311;0
"312";312;2
"313";313;2
"314";314;2
"315";315;3
"316";316;1
"317";317;1
"318";318;1
"319";319;1
"320";320;1
"321";321;1
"322";322;3
"323";323;1
"324";324;3
"325";325;1
"326";326;1
"327";327;1
"328";328;3
"329";329;3
"330";330;3
"331";331;3
"332";332;3
"333";333;3
"334";334;3
"335";335;2
"336";336;3
"337";337;1
"338";338;2
"339";339;1
"340";340;1
"341";341;2
"342";342;2
"343";343;1
"344";344;3
"345";345;1
"346";346;1
"347";347;1
"348";348;1
"349";349;3
"350";350;1
"351";351;2
"352";352;1
"353";353;1
"354";354;1
"355";355;1
"356";356;1
"357";357;2
"358";358;1
"359";359;2
"360";360;2
"361";361;2
"362";362;2
"363";363;1
"364";364;1
"365";365;1
"366";366;1
"367";367;1
"368";368;2
"369";369;1
"370";370;1
"371";371;2
"372";372;1
"373";373;1
"374";374;1
"375";375;1
"376";376;1
"377";377;1
"378";378;3
"379";379;3
"380";380;3
"381";381;2
"382";382;2
"383";383;1
"384";384;1
"385";385;1
"386";386;1
"387";387;1
"388";388;1
"389";389;1
"390";390;3
"391";391;1
"392";392;2
"393";393;1
"394";394;1
"395";395;1
"396";396;2
"397";397;3
"398";398;2
"399";399;3
"400";400;2
"401";401;1
"402";402;1
"403";403;1
"404";404;1
"405";405;2
"406";406;1
"407";407;2
"408";408;2
"409";409;1
"410";410;2
"411";411;2
"412";412;2
"413";413;2
"414";414;1
"415";415;2
"416";416;1
"417";417;2
"418";418;2
"419";419;2
"420";420;2
"421";421;1
"422";422;1
"423";423;1
"424";424;1
"425";425;1
"426";426;1
"427";427;1
"428";428;1
"429";429;1
"430";430;1
"431";431;1
"432";432;1
"433";433;1
"434";434;1
"435";435;3
"436";436;1
"437";437;1
"438";438;3
"439";439;3
"440";440;1
"441";441;1
"442";442;1
"443";443;2
"444";444;1
"445";445;3
"446";446;1
"447";447;1
"448";448;1
"449";449;1
"450";450;3
"451";451;1
"452";452;2
"453";453;1
"454";454;1
"455";455;1
"456";456;1
"457";457;1
"458";458;1
"459";459;1
"460";460;1
"461";461;1
"462";462;1
"463";463;1
"464";464;1
"465";465;1
"466";466;1
"467";467;1
"468";468;3
"469";469;1
"470";470;1
"471";471;1
"472";472;2
"473";473;1
"474";474;1
"475";475;1
"476";476;1
"477";477;1
"478";478;1
"479";479;1
"480";480;1
"481";481;1
"482";482;1
"483";483;2
"484";484;1
"485";485;3
"486";486;1
"487";487;1
"488";488;1
"489";489;1
"490";490;1
"491";491;1
"492";492;1
"493";493;1
"494";494;2
"495";495;1
"496";496;1
"497";497;1
"498";498;1
"499";499;1
"500";500;2
"501";501;1
"502";502;1
"503";503;1
"504";504;1
"505";505;1
"506";506;1
"507";507;1
"508";508;1
"509";509;1
"510";510;1
"511";511;1
"512";512;1
"513";513;1
"514";514;1
"515";515;1
"516";516;1
"517";517;1
"518";518;1
"519";519;1
"520";520;1
"521";521;1
"522";522;1
"523";523;1
"524";524;1
"525";525;1
"526";526;1
"527";527;1
"528";528;1
"529";529;1
"530";530;1
"531";531;1
"532";532;1
"533";533;1
"534";534;1
"535";535;1
"536";536;1
"537";537;1
"538";538;1
"539";539;1
"540";540;1
"541";541;1
"542";542;1
"543";543;1
"544";544;1
"545";545;1
"546";546;1
"547";547;1
"548";548;1
"549";549;1
"550";550;1
"551";551;1
"552";552;1
"553";553;1
"554";554;1
"555";555;1
"556";556;1
"557";557;1
"558";558;1
"559";559;1
"560";560;1
"561";561;2
"562";562;2
"563";563;1
"564";564;1
"565";565;2
"566";566;1
"567";567;1
"568";568;1
"569";569;1
"570";570;1
"571";571;1
"572";572;1
"573";573;1
"574";574;1
"575";575;1
"576";576;1
"577";577;2
"578";578;2
"579";579;1
"580";580;1
"581";581;1
"582";582;1
"583";583;2
"584";584;1
"585";585;1
"586";586;1
"587";587;1
"588";588;3
"589";589;1
"590";590;1
"591";591;1
"592";592;1
"593";593;1
"594";594;1
"595";595;1
"596";596;1
"597";597;1
"598";598;1
"599";599;1
"600";600;1
"601";601;1
"602";602;1
"603";603;1
"604";604;1
"605";605;1
"606";606;1
"607";607;1
"608";608;1
"609";609;1
"610";610;1
"611";611;1
"612";612;1
"613";613;1
"614";614;1
"615";615;1
"616";616;1
"617";617;1
"618";618;1
"619";619;1
"620";620;1
"621";621;1
"622";622;1
"623";623;2
"624";624;1
"625";625;1
"626";626;1
"627";627;3
"628";628;3
"629";629;1
"630";630;1
"631";631;1
"632";632;1
"633";633;1
"634";634;1
"635";635;1
"636";636;1
"637";637;1
"638";638;1
"639";639;1
"640";640;2
"641";641;2
"642";642;1
"643";643;1
"644";644;1
"645";645;1
"646";646;1
"647";647;1
"648";648;3
"649";649;1
"650";650;1
"651";651;1
"652";652;1
"653";653;3
"654";654;3
"655";655;1
"656";656;1
"657";657;2
"658";658;2
"659";659;1
"660";660;2
"661";661;2
"662";662;3
"663";663;3
"664";664;3
"665";665;1
"666";666;1
"667";667;1
"668";668;1
"669";669;1
"670";670;1
"671";671;1
"672";672;1
"673";673;1
"674";674;1
"675";675;1
"676";676;3
"677";677;2
"678";678;1
"679";679;1
"680";680;1
"681";681;1
"682";682;1
"683";683;1
"684";684;1
"685";685;1
"686";686;1
"687";687;1
"688";688;1
"689";689;3
"690";690;1
"691";691;3
"692";692;2
"693";693;1
"694";694;2
"695";695;1
"696";696;2
"697";697;2
"698";698;2
"699";699;1
"700";700;1
"701";701;1
"702";702;1
"703";703;1
"704";704;1
"705";705;1
"706";706;1
"707";707;1
"708";708;1
"709";709;1
"710";710;1
"711";711;2
"712";712;2
"713";713;1
"714";714;2
"715";715;2
"716";716;1
"717";717;1
"718";718;1
"719";719;1
"720";720;1
"721";721;1
"722";722;1
"723";723;1
"724";724;1
"725";725;1
"726";726;1
"727";727;1
"728";728;1
"729";729;1
"730";730;1
"731";731;1
"732";732;1
"733";733;1
"734";734;1
"735";735;1
"736";736;1
"737";737;1
"738";738;1
"739";739;1
"740";740;1
"741";741;1
"742";742;1
"743";743;1
"744";744;1
"745";745;1
"746";746;1
"747";747;1
"748";748;1
"749";749;1
"750";750;1
"751";751;1
"752";752;1
"753";753;1
"754";754;1
"755";755;1
"756";756;1
"757";757;1
"758";758;1
"759";759;1
"760";760;1
"761";761;1
"762";762;1
"763";763;0
"764";764;1
"765";765;1
"766";766;1
"767";767;2
"768";768;1
"769";769;1
"770";770;1
"771";771;1
"772";772;1
"773";773;2
"774";774;2
"775";775;1
"776";776;1
"777";777;2
"778";778;1
"779";779;1
"780";780;1
"781";781;3
"782";782;1
"783";783;1
"784";784;1
"785";785;1
"786";786;1
"787";787;1
"788";788;1
"789";789;1
"790";790;1
"791";791;1
"792";792;1
"793";793;1
"794";794;1
"795";795;1
"796";796;1
"797";797;1
"798";798;1
"799";799;1
"800";800;1
"801";801;3
"802";802;2
"803";803;1
"804";804;1
"805";805;3
"806";806;3
"807";807;2
"808";808;1
"809";809;1
"810";810;1
"811";811;2
"812";812;2
"813";813;1
"814";814;1
"815";815;2
"816";816;2
"817";817;1
"818";818;1
"819";819;0
"820";820;2
"821";821;2
"822";822;2
"823";823;2
"824";824;3
"825";825;1
"826";826;3
"827";827;2
"828";828;3
"829";829;1
"830";830;2
"831";831;3
"832";832;1
"833";833;1
"834";834;2
"835";835;2
"836";836;2
"837";837;1
"838";838;3
"839";839;0
"840";840;1
"841";841;1
"842";842;1
"843";843;1
"844";844;2
"845";845;2
"846";846;2
"847";847;1
"848";848;0
"849";849;0
"850";850;0
"851";851;0
"852";852;3
"853";853;1
"854";854;2
"855";855;2
"856";856;1
"857";857;0
"858";858;0
"859";859;0
"860";860;1
"861";861;1
"862";862;1
"863";863;1
"864";864;1
"865";865;1
"866";866;3
"867";867;0
"868";868;2
"869";869;3
"870";870;2
"871";871;1
"872";872;1
"873";873;1
"874";874;1
"875";875;1
"876";876;1
"877";877;1
"878";878;1
"879";879;3
"880";880;0
"881";881;1
"882";882;1
"883";883;1
"884";884;1
"885";885;1
"886";886;1
"887";887;1
"888";888;1
"889";889;1
"890";890;1
"891";891;2
"892";892;1
"893";893;1
"894";894;1
"895";895;1
"896";896;1
"897";897;1
"898";898;1
"899";899;1
"900";900;1
"901";901;1
"902";902;1
"903";903;1
"904";904;1
"905";905;1
"906";906;1
"907";907;1
"908";908;2
"909";909;3
"910";910;2
"911";911;1
"912";912;1
"913";913;1
"914";914;1
"915";915;1
"916";916;1
"917";917;1
"918";918;1
"919";919;1
"920";920;1
"921";921;1
"922";922;1
"923";923;1
"924";924;1
"925";925;1
"926";926;1
"927";927;1
"928";928;1
"929";929;1
"930";930;1
"931";931;1
"932";932;1
"933";933;1
"934";934;1
"935";935;1
"936";936;1
"937";937;1
"938";938;1
"939";939;1
"940";940;1
"941";941;1
"942";942;1
"943";943;1
"944";944;1
"945";945;1
"946";946;1
"947";947;2
"948";948;1
"949";949;1
"950";950;1
"951";951;2
"952";952;1
"953";953;1
"954";954;1
"955";955;1
"956";956;1
"957";957;1
"958";958;1
"959";959;1
"960";960;1
"961";961;1
"962";962;1
"963";963;1
"964";964;1
"965";965;1
"966";966;3
"967";967;1
"968";968;1
"969";969;1
"970";970;1
"971";971;1
"972";972;1
"973";973;1
"974";974;1
"975";975;1
"976";976;1
"977";977;1
"978";978;3
"979";979;1
"980";980;1
"981";981;2
"982";982;1
"983";983;1
"984";984;1
"985";985;1
"986";986;1
"987";987;1
"988";988;1
"989";989;1
"990";990;1
"991";991;1
"992";992;1
"993";993;1
"994";994;1
"995";995;1
"996";996;1
"997";997;1
"998";998;1
"999";999;1
"1000";1000;3
"1001";1001;1
"1002";1002;1
"1003";1003;2
"1004";1004;3
"1005";1005;2
"1006";1006;1
"1007";1007;1
"1008";1008;1
"1009";1009;2
"1010";1010;2
"1011";1011;1
"1012";1012;1
"1013";1013;2
"1014";1014;1
"1015";1015;0
"1016";1016;0
"1017";1017;2
"1018";1018;2
"1019";1019;2
"1020";1020;3
"1021";1021;1
"1022";1022;2
"1023";1023;3
"1024";1024;1
"1025";1025;2
"1026";1026;2
"1027";1027;1
"1028";1028;2
"1029";1029;2
"1030";1030;2
"1031";1031;1
"1032";1032;3
"1033";1033;0
"1034";1034;1
"1035";1035;1
"1036";1036;1
"1037";1037;2
"1038";1038;2
"1039";1039;2
"1040";1040;0
"1041";1041;0
"1042";1042;0
"1043";1043;0
"1044";1044;3
"1045";1045;1
"1046";1046;2
"1047";1047;1
"1048";1048;1
"1049";1049;0
"1050";1050;0
"1051";1051;0
"1052";1052;1
"1053";1053;1
"1054";1054;1
"1055";1055;1
"1056";1056;3
"1057";1057;2
"1058";1058;3
"1059";1059;1
"1060";1060;1
"1061";1061;1
"1062";1062;1
"1063";1063;1
"1064";1064;1
"1065";1065;1
"1066";1066;1
"1067";1067;1
"1068";1068;1
"1069";1069;1
"1070";1070;1
"1071";1071;1
"1072";1072;1
"1073";1073;1
"1074";1074;1
"1075";1075;3
"1076";1076;1
"1077";1077;3
"1078";1078;1
"1079";1079;3
"1080";1080;1
"1081";1081;1
"1082";1082;1
"1083";1083;3
"1084";1084;3
"1085";1085;1
"1086";1086;1
"1087";1087;1
"1088";1088;3
"1089";1089;1
"1090";1090;2
"1091";1091;3
"1092";1092;1
"1093";1093;2
"1094";1094;2
"1095";1095;2
"1096";1096;1
"1097";1097;1
"1098";1098;1
"1099";1099;1
"1100";1100;1
"1101";1101;1
"1102";1102;1
"1103";1103;2
"1104";1104;1
"1105";1105;1
"1106";1106;2
"1107";1107;2
"1108";1108;2
"1109";1109;1
"1110";1110;1
"1111";1111;1
"1112";1112;3
"1113";1113;2
"1114";1114;1
"1115";1115;1
"1116";1116;1
"1117";1117;1
"1118";1118;1
"1119";1119;3
"1120";1120;3
"1121";1121;1
"1122";1122;3
"1123";1123;2
"1124";1124;2
"1125";1125;3
"1126";1126;2
"1127";1127;2
"1128";1128;2
"1129";1129;3
"1130";1130;2
"1131";1131;3
"1132";1132;2
"1133";1133;1
"1134";1134;1
"1135";1135;1
"1136";1136;3
"1137";1137;1
"1138";1138;1
"1139";1139;1
"1140";1140;1
"1141";1141;3
"1142";1142;3
"1143";1143;1
"1144";1144;1
"1145";1145;2
"1146";1146;1
"1147";1147;3
"1148";1148;1
"1149";1149;1
"1150";1150;2
"1151";1151;1
"1152";1152;1
"1153";1153;1
"1154";1154;1
"1155";1155;3
"1156";1156;3
"1157";1157;3
"1158";1158;3
"1159";1159;1
"1160";1160;1
"1161";1161;1
"1162";1162;1
"1163";1163;1
"1164";1164;1
"1165";1165;3
"1166";1166;1
"1167";1167;1
"1168";1168;1
"1169";1169;1
"1170";1170;1
"1171";1171;1
"1172";1172;1
"1173";1173;1
"1174";1174;1
"1175";1175;1
"1176";1176;2
"1177";1177;1
"1178";1178;1
"1179";1179;1
"1180";1180;1
"1181";1181;1
"1182";1182;1
"1183";1183;1
"1184";1184;1
"1185";1185;1
"1186";1186;2
"1187";1187;1
"1188";1188;2
"1189";1189;1
"1190";1190;2
"1191";1191;3
"1192";1192;0
"1193";1193;2
"1194";1194;1
"1195";1195;1
"1196";1196;2
"1197";1197;1
"1198";1198;2
"1199";1199;2
"1200";1200;2
"1201";1201;3
"1202";1202;2
"1203";1203;3
"1204";1204;2
"1205";1205;1
"1206";1206;1
"1207";1207;1
"1208";1208;1
"1209";1209;0
"1210";1210;1
"1211";1211;1
"1212";1212;1
"1213";1213;1
"1214";1214;1
"1215";1215;1
"1216";1216;1
"1217";1217;1
"1218";1218;1
"1219";1219;1
"1220";1220;1
"1221";1221;1
"1222";1222;1
"1223";1223;1
"1224";1224;1
"1225";1225;1
"1226";1226;1
"1227";1227;1
"1228";1228;1
"1229";1229;1
"1230";1230;1
"1231";1231;1
"1232";1232;1
"1233";1233;3
"1234";1234;1
"1235";1235;1
"1236";1236;1
"1237";1237;1
"1238";1238;2
"1239";1239;1
"1240";1240;1
"1241";1241;1
"1242";1242;1
"1243";1243;1
"1244";1244;1
"1245";1245;2
"1246";1246;1
"1247";1247;1
"1248";1248;1
"1249";1249;1
"1250";1250;3
"1251";1251;1
"1252";1252;1
"1253";1253;1
"1254";1254;1
"1255";1255;1
"1256";1256;2
"1257";1257;1
"1258";1258;1
"1259";1259;2
"1260";1260;1
"1261";1261;1
"1262";1262;1
"1263";1263;2
"1264";1264;1
"1265";1265;1
"1266";1266;2
"1267";1267;1
"1268";1268;1
"1269";1269;1
"1270";1270;1
"1271";1271;3
"1272";1272;2
"1273";1273;2
"1274";1274;1
"1275";1275;1
"1276";1276;1
"1277";1277;1
"1278";1278;1
"1279";1279;1
"1280";1280;1
"1281";1281;1
"1282";1282;1
"1283";1283;1
"1284";1284;1
"1285";1285;1
"1286";1286;1
"1287";1287;1
"1288";1288;1
"1289";1289;1
"1290";1290;1
"1291";1291;1
"1292";1292;1
"1293";1293;2
"1294";1294;1
"1295";1295;1
"1296";1296;1
"1297";1297;1
"1298";1298;1
"1299";1299;1
"1300";1300;1
"1301";1301;1
"1302";1302;1
"1303";1303;1
"1304";1304;1
"1305";1305;1
"1306";1306;1
"1307";1307;3
"1308";1308;1
"1309";1309;2
"1310";1310;1
"1311";1311;1
"1312";1312;1
"1313";1313;1
"1314";1314;1
"1315";1315;3
"1316";1316;2
"1317";1317;1
"1318";1318;1
"1319";1319;2
"1320";1320;1
"1321";1321;3
"1322";1322;1
"1323";1323;1
"1324";1324;1
"1325";1325;2
"1326";1326;1
"1327";1327;1
"1328";1328;2
"1329";1329;2
"1330";1330;1
"1331";1331;1
"1332";1332;1
"1333";1333;1
"1334";1334;1
"1335";1335;1
"1336";1336;1
"1337";1337;1
"1338";1338;1
"1339";1339;1
"1340";1340;1
"1341";1341;1
"1342";1342;1
"1343";1343;1
"1344";1344;3
"1345";1345;1
"1346";1346;2
"1347";1347;1
"1348";1348;3
"1349";1349;2
"1350";1350;1
"1351";1351;3
"1352";1352;3
"1353";1353;3
"1354";1354;3
"1355";1355;3
"1356";1356;3
"1357";1357;3
"1358";1358;3
"1359";1359;1
"1360";1360;1
"1361";1361;1
"1362";1362;1
"1363";1363;1
"1364";1364;1
"1365";1365;1
"1366";1366;2
"1367";1367;3
"1368";1368;3
"1369";1369;3
"1370";1370;1
"1371";1371;1
"1372";1372;1
"1373";1373;3
"1374";1374;3
"1375";1375;2
"1376";1376;3
"1377";1377;3
"1378";1378;3
"1379";1379;3
"1380";1380;3
"1381";1381;2
"1382";1382;3
"1383";1383;3
"1384";1384;3
"1385";1385;2
"1386";1386;2
"1387";1387;3
"1388";1388;3
"1389";1389;2
"1390";1390;2
"1391";1391;2
"1392";1392;2
"1393";1393;2
"1394";1394;2
"1395";1395;2
"1396";1396;1
"1397";1397;2
"1398";1398;3
"1399";1399;3
"1400";1400;1
"1401";1401;3
"1402";1402;1
"1403";1403;3
"1404";1404;1
"1405";1405;3
"1406";1406;2
"1407";1407;2
"1408";1408;2
"1409";1409;3
"1410";1410;1
"1411";1411;2
"1412";1412;3
"1413";1413;1
"1414";1414;3
"1415";1415;2
"1416";1416;2
"1417";1417;2
"1418";1418;3
"1419";1419;2
"1420";1420;2
"1421";1421;1
"1422";1422;2
"1423";1423;2
"1424";1424;3
"1425";1425;2
"1426";1426;2
"1427";1427;1
"1428";1428;2
"1429";1429;1
"1430";1430;3
"1431";1431;3
"1432";1432;3
"1433";1433;2
"1434";1434;2
"1435";1435;3
"1436";1436;3
"1437";1437;3
"1438";1438;2
"1439";1439;3
"1440";1440;3
"1441";1441;3
"1442";1442;1
"1443";1443;3
"1444";1444;3
"1445";1445;3
"1446";1446;3
"1447";1447;3
"1448";1448;2
"1449";1449;3
"1450";1450;3
"1451";1451;3
"1452";1452;3
"1453";1453;3
"1454";1454;2
"1455";1455;2
"1456";1456;3
"1457";1457;1
"1458";1458;1
"1459";1459;2
"1460";1460;3
"1461";1461;3
"1462";1462;3
"1463";1463;3
"1464";1464;3
"1465";1465;3
"1466";1466;3
"1467";1467;2
"1468";1468;3
"1469";1469;2
"1470";1470;2
"1471";1471;2
"1472";1472;2
"1473";1473;3
"1474";1474;2
"1475";1475;2
"1476";1476;2
"1477";1477;2
"1478";1478;2
"1479";1479;3
"1480";1480;2
"1481";1481;2
"1482";1482;2
"1483";1483;3
"1484";1484;3
"1485";1485;2
"1486";1486;2
"1487";1487;2
"1488";1488;2
"1489";1489;3
"1490";1490;2
"1491";1491;2
"1492";1492;2
"1493";1493;2
"1494";1494;2
"1495";1495;2
"1496";1496;2
"1497";1497;2
"1498";1498;2
"1499";1499;2
"1500";1500;1
"1501";1501;2
"1502";1502;2
"1503";1503;2
"1504";1504;3
"1505";1505;2
"1506";1506;2
"1507";1507;2
"1508";1508;2
"1509";1509;2
"1510";1510;2
"1511";1511;2
"1512";1512;3
"1513";1513;2
"1514";1514;2
"1515";1515;2
"1516";1516;2
"1517";1517;2
"1518";1518;2
"1519";1519;2
"1520";1520;2
"1521";1521;2
"1522";1522;2
"1523";1523;3
"1524";1524;2
"1525";1525;2
"1526";1526;2
"1527";1527;2
"1528";1528;2
"1529";1529;2
"1530";1530;2
"1531";1531;2
"1532";1532;2
"1533";1533;2
"1534";1534;2
"1535";1535;3
"1536";1536;1
"1537";1537;2
"1538";1538;2
"1539";1539;2
"1540";1540;2
"1541";1541;2
"1542";1542;2
"1543";1543;2
"1544";1544;2
"1545";1545;2
"1546";1546;2
"1547";1547;1
"1548";1548;2
"1549";1549;1
"1550";1550;1
"1551";1551;1
"1552";1552;2
"1553";1553;2
"1554";1554;1
"1555";1555;3
"1556";1556;2
"1557";1557;2
"1558";1558;2
"1559";1559;2
"1560";1560;2
"1561";1561;3
"1562";1562;3
"1563";1563;2
"1564";1564;2
"1565";1565;2
"1566";1566;2
"1567";1567;2
"1568";1568;1
"1569";1569;2
"1570";1570;2
"1571";1571;2
"1572";1572;3
"1573";1573;3
"1574";1574;2
"1575";1575;3
"1576";1576;2
"1577";1577;3
"1578";1578;2
"1579";1579;1
"1580";1580;2
"1581";1581;2
"1582";1582;2
"1583";1583;2
"1584";1584;2
"1585";1585;2
"1586";1586;2
"1587";1587;2
"1588";1588;2
"1589";1589;2
"1590";1590;2
"1591";1591;3
"1592";1592;3
"1593";1593;2
"1594";1594;2
"1595";1595;2
"1596";1596;2
"1597";1597;2
"1598";1598;2
"1599";1599;2
"1600";1600;2
"1601";1601;2
"1602";1602;2
"1603";1603;2
"1604";1604;3
"1605";1605;2
"1606";1606;2
"1607";1607;3
"1608";1608;2
"1609";1609;2
"1610";1610;2
"1611";1611;2
"1612";1612;2
"1613";1613;2
"1614";1614;1
"1615";1615;3
"1616";1616;2
"1617";1617;3
"1618";1618;3
"1619";1619;3
"1620";1620;2
"1621";1621;2
"1622";1622;2
"1623";1623;3
"1624";1624;2
"1625";1625;2
"1626";1626;2
"1627";1627;3
"1628";1628;3
"1629";1629;2
"1630";1630;2
"1631";1631;3
"1632";1632;3
"1633";1633;2
"1634";1634;2
"1635";1635;2
"1636";1636;2
"1637";1637;2
"1638";1638;2
"1639";1639;2
"1640";1640;1
"1641";1641;2
"1642";1642;3
"1643";1643;1
"1644";1644;1
"1645";1645;3
"1646";1646;2
"1647";1647;3
"1648";1648;2
"1649";1649;2
"1650";1650;3
"1651";1651;2
"1652";1652;2
"1653";1653;2
"1654";1654;2
"1655";1655;2
"1656";1656;2
"1657";1657;3
"1658";1658;3
"1659";1659;3
"1660";1660;2
"1661";1661;3
"1662";1662;2
"1663";1663;2
"1664";1664;2
"1665";1665;2
"1666";1666;3
"1667";1667;2
"1668";1668;2
"1669";1669;2
"1670";1670;1
"1671";1671;2
"1672";1672;2
"1673";1673;3
"1674";1674;2
"1675";1675;3
"1676";1676;3
"1677";1677;3
"1678";1678;2
"1679";1679;2
"1680";1680;1
"1681";1681;1
"1682";1682;1
"1683";1683;3
"1684";1684;3
"1685";1685;3
"1686";1686;3
"1687";1687;2
"1688";1688;1
"1689";1689;1
"1690";1690;3
"1691";1691;3
"1692";1692;1
"1693";1693;1
"1694";1694;1
"1695";1695;1
"1696";1696;1
"1697";1697;1
"1698";1698;2
"1699";1699;1
"1700";1700;1
"1701";1701;3
"1702";1702;3
"1703";1703;3
"1704";1704;1
"1705";1705;1
"1706";1706;1
"1707";1707;3
"1708";1708;2
"1709";1709;3
"1710";1710;3
"1711";1711;3
"1712";1712;3
"1713";1713;2
"1714";1714;3
"1715";1715;1
"1716";1716;3
"1717";1717;2
"1718";1718;3
"1719";1719;3
"1720";1720;3
"1721";1721;1
"1722";1722;2
"1723";1723;3
"1724";1724;1
"1725";1725;3
"1726";1726;3
"1727";1727;3
"1728";1728;1
"1729";1729;3
"1730";1730;1
"1731";1731;1
"1732";1732;3
"1733";1733;3
"1734";1734;1
"1735";1735;1
"1736";1736;1
"1737";1737;3
"1738";1738;0
"1739";1739;3
"1740";1740;1
"1741";1741;1
"1742";1742;3
"1743";1743;3
"1744";1744;1
"1745";1745;1
"1746";1746;1
"1747";1747;1
"1748";1748;3
"1749";1749;1
"1750";1750;3
"1751";1751;3
"1752";1752;3
"1753";1753;1
"1754";1754;3
"1755";1755;3
"1756";1756;3
"1757";1757;3
"1758";1758;3
"1759";1759;3
"1760";1760;3
"1761";1761;3
"1762";1762;2
"1763";1763;1
"1764";1764;2
"1765";1765;1
"1766";1766;1
"1767";1767;1
"1768";1768;1
"1769";1769;1
"1770";1770;1
"1771";1771;2
"1772";1772;1
"1773";1773;2
"1774";1774;3
"1775";1775;2
"1776";1776;2
"1777";1777;2
"1778";1778;3
"1779";1779;1
"1780";1780;2
"1781";1781;2
"1782";1782;2
"1783";1783;1
"1784";1784;2
"1785";1785;1
"1786";1786;3
"1787";1787;2
"1788";1788;1
"1789";1789;1
"1790";1790;1
"1791";1791;1
"1792";1792;3
"1793";1793;3
"1794";1794;1
"1795";1795;2
"1796";1796;2
"1797";1797;2
"1798";1798;2
"1799";1799;2
"1800";1800;3
"1801";1801;3
"1802";1802;3
"1803";1803;3
"1804";1804;3
"1805";1805;3
"1806";1806;1
"1807";1807;3
"1808";1808;3
"1809";1809;3
"1810";1810;3
"1811";1811;3
"1812";1812;2
"1813";1813;2
"1814";1814;3
"1815";1815;3
"1816";1816;2
"1817";1817;2
"1818";1818;2
"1819";1819;2
"1820";1820;3
"1821";1821;2
"1822";1822;2
"1823";1823;3
"1824";1824;2
"1825";1825;3
"1826";1826;2
"1827";1827;2
"1828";1828;2
"1829";1829;2
"1830";1830;2
"1831";1831;2
"1832";1832;2
"1833";1833;1
"1834";1834;3
"1835";1835;1
"1836";1836;3
"1837";1837;1
"1838";1838;1
"1839";1839;1
"1840";1840;1
"1841";1841;1
"1842";1842;1
"1843";1843;1
"1844";1844;2
"1845";1845;2
"1846";1846;2
"1847";1847;2
"1848";1848;3
"1849";1849;3
"1850";1850;1
"1851";1851;1
"1852";1852;2
"1853";1853;1
"1854";1854;2
"1855";1855;1
"1856";1856;2
"1857";1857;2
"1858";1858;2
"1859";1859;2
"1860";1860;2
"1861";1861;2
"1862";1862;2
"1863";1863;3
"1864";1864;2
"1865";1865;3
"1866";1866;3
"1867";1867;2
"1868";1868;2
"1869";1869;3
"1870";1870;3
"1871";1871;3
"1872";1872;2
"1873";1873;2
"1874";1874;2
"1875";1875;1
"1876";1876;2
"1877";1877;2
"1878";1878;2
"1879";1879;2
"1880";1880;1
"1881";1881;2
"1882";1882;2
"1883";1883;2
"1884";1884;2
"1885";1885;2
"1886";1886;2
"1887";1887;1
"1888";1888;2
"1889";1889;2
"1890";1890;2
"1891";1891;2
"1892";1892;2
"1893";1893;3
"1894";1894;1
"1895";1895;1
"1896";1896;1
"1897";1897;2
"1898";1898;1
"1899";1899;3
"1900";1900;2
"1901";1901;1
"1902";1902;2
"1903";1903;3
"1904";1904;2
"1905";1905;1
"1906";1906;1
"1907";1907;2
"1908";1908;1
"1909";1909;1
"1910";1910;2
"1911";1911;2
"1912";1912;1
"1913";1913;2
"1914";1914;1
"1915";1915;2
"1916";1916;2
"1917";1917;1
"1918";1918;1
"1919";1919;1
"1920";1920;1
"1921";1921;1
"1922";1922;1
"1923";1923;1
"1924";1924;2
"1925";1925;1
"1926";1926;1
"1927";1927;3
"1928";1928;3
"1929";1929;1
"1930";1930;1
"1931";1931;2
"1932";1932;1
"1933";1933;1
"1934";1934;1
"1935";1935;1
"1936";1936;1
"1937";1937;1
"1938";1938;3
"1939";1939;1
"1940";1940;1
"1941";1941;1
"1942";1942;1
"1943";1943;1
"1944";1944;1
"1945";1945;1
"1946";1946;1
"1947";1947;1
"1948";1948;1
"1949";1949;1
"1950";1950;1
"1951";1951;3
"1952";1952;2
"1953";1953;3
"1954";1954;1
"1955";1955;1
"1956";1956;2
"1957";1957;2
"1958";1958;2
"1959";1959;1
"1960";1960;1
"1961";1961;2
"1962";1962;1
"1963";1963;1
"1964";1964;1
"1965";1965;1
"1966";1966;1
"1967";1967;1
"1968";1968;1
"1969";1969;1
"1970";1970;3
"1971";1971;3
"1972";1972;3
"1973";1973;1
"1974";1974;3
"1975";1975;3
"1976";1976;3
"1977";1977;3
"1978";1978;1
"1979";1979;1
"1980";1980;1
"1981";1981;1
"1982";1982;2
"1983";1983;3
"1984";1984;3
"1985";1985;1
"1986";1986;1
"1987";1987;1
"1988";1988;1
"1989";1989;2
"1990";1990;2
"1991";1991;3
"1992";1992;1
"1993";1993;3
"1994";1994;1
"1995";1995;1
"1996";1996;1
"1997";1997;1
"1998";1998;1
"1999";1999;3
"2000";2000;3
"2001";2001;2
"2002";2002;1
"2003";2003;1
"2004";2004;1
"2005";2005;1
"2006";2006;3
"2007";2007;1
"2008";2008;1
"2009";2009;3
"2010";2010;1
"2011";2011;1
"2012";2012;3
"2013";2013;3
"2014";2014;1
"2015";2015;3
"2016";2016;2
"2017";2017;1
"2018";2018;1
"2019";2019;2
"2020";2020;1
"2021";2021;1
"2022";2022;3
"2023";2023;1
"2024";2024;3
"2025";2025;1
"2026";2026;2
"2027";2027;2
"2028";2028;1
"2029";2029;2
"2030";2030;3
"2031";2031;3
"2032";2032;1
"2033";2033;3
"2034";2034;1
"2035";2035;3
"2036";2036;2
"2037";2037;1
"2038";2038;1
"2039";2039;3
"2040";2040;2
"2041";2041;2
"2042";2042;2
"2043";2043;1
"2044";2044;2
"2045";2045;1
"2046";2046;2
"2047";2047;2
"2048";2048;2
"2049";2049;1
"2050";2050;1
"2051";2051;2
"2052";2052;1
"2053";2053;1
"2054";2054;3
"2055";2055;3
"2056";2056;3
"2057";2057;1
"2058";2058;1
"2059";2059;3
"2060";2060;3
"2061";2061;3
"2062";2062;3
"2063";2063;3
"2064";2064;3
"2065";2065;2
"2066";2066;1
"2067";2067;1
"2068";2068;1
"2069";2069;3
"2070";2070;3
"2071";2071;1
"2072";2072;2
"2073";2073;1
"2074";2074;1
"2075";2075;1
"2076";2076;1
"2077";2077;1
"2078";2078;1
"2079";2079;3
"2080";2080;1
"2081";2081;1
"2082";2082;1
"2083";2083;1
"2084";2084;2
"2085";2085;1
"2086";2086;1
"2087";2087;2
"2088";2088;2
"2089";2089;1
"2090";2090;1
"2091";2091;1
"2092";2092;1
"2093";2093;1
"2094";2094;1
"2095";2095;1
"2096";2096;1
"2097";2097;1
"2098";2098;1
"2099";2099;1
"2100";2100;3
"2101";2101;1
"2102";2102;1
"2103";2103;1
"2104";2104;2
"2105";2105;1
"2106";2106;1
"2107";2107;1
"2108";2108;1
"2109";2109;1
"2110";2110;1
"2111";2111;2
"2112";2112;1
"2113";2113;3
"2114";2114;3
"2115";2115;3
"2116";2116;1
"2117";2117;1
"2118";2118;1
"2119";2119;1
"2120";2120;1
"2121";2121;1
"2122";2122;1
"2123";2123;3
"2124";2124;1
"2125";2125;1
"2126";2126;1
"2127";2127;2
"2128";2128;1
"2129";2129;1
"2130";2130;1
"2131";2131;3
"2132";2132;1
"2133";2133;3
"2134";2134;1
"2135";2135;1
"2136";2136;1
"2137";2137;1
"2138";2138;1
"2139";2139;1
"2140";2140;1
"2141";2141;1
"2142";2142;1
"2143";2143;1
"2144";2144;1
"2145";2145;2
"2146";2146;1
"2147";2147;1
"2148";2148;1
"2149";2149;1
"2150";2150;1
"2151";2151;2
"2152";2152;2
"2153";2153;2
"2154";2154;1
"2155";2155;2
"2156";2156;1
"2157";2157;1
"2158";2158;1
"2159";2159;1
"2160";2160;1
"2161";2161;1
"2162";2162;1
"2163";2163;1
"2164";2164;1
"2165";2165;1
"2166";2166;3
"2167";2167;2
"2168";2168;1
"2169";2169;1
"2170";2170;1
"2171";2171;2
"2172";2172;2
"2173";2173;1
"2174";2174;1
"2175";2175;1
"2176";2176;1
"2177";2177;2
"2178";2178;1
"2179";2179;2
"2180";2180;1
"2181";2181;3
"2182";2182;2
"2183";2183;2
"2184";2184;3
"2185";2185;1
"2186";2186;0
"2187";2187;1
"2188";2188;3
"2189";2189;2
"2190";2190;1
"2191";2191;2
"2192";2192;1
"2193";2193;2
"2194";2194;2
"2195";2195;2
"2196";2196;2
"2197";2197;2
"2198";2198;1
"2199";2199;2
"2200";2200;1
"2201";2201;3
"2202";2202;3
"2203";2203;2
"2204";2204;1
"2205";2205;2
"2206";2206;2
"2207";2207;1
"2208";2208;1
"2209";2209;2
"2210";2210;2
"2211";2211;2
"2212";2212;2
"2213";2213;1
"2214";2214;1
"2215";2215;1
"2216";2216;1
"2217";2217;2
"2218";2218;3
"2219";2219;1
"2220";2220;3
"2221";2221;1
"2222";2222;3
"2223";2223;3
"2224";2224;3
"2225";2225;2
"2226";2226;2
"2227";2227;2
"2228";2228;2
"2229";2229;1
"2230";2230;2
"2231";2231;2
"2232";2232;1
"2233";2233;2
"2234";2234;3
"2235";2235;2
"2236";2236;3
"2237";2237;3
"2238";2238;3
"2239";2239;1
"2240";2240;2
"2241";2241;1
"2242";2242;1
"2243";2243;1
"2244";2244;3
"2245";2245;3
"2246";2246;3
"2247";2247;1
"2248";2248;3
"2249";2249;1
"2250";2250;3
"2251";2251;1
"2252";2252;3
"2253";2253;1
"2254";2254;3
"2255";2255;3
"2256";2256;2
"2257";2257;3
"2258";2258;3
"2259";2259;3
"2260";2260;3
"2261";2261;3
"2262";2262;3
"2263";2263;1
"2264";2264;1
"2265";2265;1
"2266";2266;1
"2267";2267;2
"2268";2268;1
"2269";2269;3
"2270";2270;1
"2271";2271;1
"2272";2272;1
"2273";2273;1
"2274";2274;1
"2275";2275;1
"2276";2276;1
"2277";2277;1
"2278";2278;3
"2279";2279;3
"2280";2280;3
"2281";2281;1
"2282";2282;1
"2283";2283;1
"2284";2284;1
"2285";2285;2
"2286";2286;1
"2287";2287;1
"2288";2288;1
"2289";2289;1
"2290";2290;1
"2291";2291;1
"2292";2292;1
"2293";2293;1
"2294";2294;1
"2295";2295;1
"2296";2296;1
"2297";2297;2
"2298";2298;1
"2299";2299;1
"2300";2300;1
"2301";2301;1
"2302";2302;2
"2303";2303;1
"2304";2304;1
"2305";2305;2
"2306";2306;1
"2307";2307;2
"2308";2308;3
"2309";2309;1
"2310";2310;1
"2311";2311;1
"2312";2312;1
"2313";2313;1
"2314";2314;1
"2315";2315;1
"2316";2316;1
"2317";2317;1
"2318";2318;1
"2319";2319;1
"2320";2320;1
"2321";2321;1
"2322";2322;1
"2323";2323;1
"2324";2324;1
"2325";2325;1
"2326";2326;1
"2327";2327;1
"2328";2328;1
"2329";2329;1
"2330";2330;1
"2331";2331;1
"2332";2332;1
"2333";2333;1
"2334";2334;1
"2335";2335;1
"2336";2336;1
"2337";2337;1
"2338";2338;1
"2339";2339;1
"2340";2340;1
"2341";2341;2
"2342";2342;1
"2343";2343;1
"2344";2344;1
"2345";2345;3
"2346";2346;3
"2347";2347;1
"2348";2348;1
"2349";2349;1
"2350";2350;1
"2351";2351;1
"2352";2352;1
"2353";2353;1
"2354";2354;1
"2355";2355;2
"2356";2356;1
"2357";2357;1
"2358";2358;1
"2359";2359;1
"2360";2360;1
"2361";2361;1
"2362";2362;1
"2363";2363;1
"2364";2364;1
"2365";2365;3
"2366";2366;1
"2367";2367;1
"2368";2368;1
"2369";2369;1
"2370";2370;1
"2371";2371;1
"2372";2372;1
"2373";2373;1
"2374";2374;1
"2375";2375;1
"2376";2376;1
"2377";2377;1
"2378";2378;1
"2379";2379;1
"2380";2380;1
"2381";2381;1
"2382";2382;1
"2383";2383;1
"2384";2384;1
"2385";2385;1
"2386";2386;1
"2387";2387;1
"2388";2388;1
"2389";2389;2
"2390";2390;2
"2391";2391;2
"2392";2392;1
"2393";2393;2
"2394";2394;1
"2395";2395;1
"2396";2396;1
"2397";2397;1
"2398";2398;2
"2399";2399;1
"2400";2400;1
"2401";2401;1
"2402";2402;1
"2403";2403;1
"2404";2404;2
"2405";2405;1
"2406";2406;1
"2407";2407;1
"2408";2408;1
"2409";2409;1
"2410";2410;2
"2411";2411;2
"2412";2412;1
"2413";2413;2
"2414";2414;1
"2415";2415;1
"2416";2416;1
"2417";2417;1
"2418";2418;1
"2419";2419;1
"2420";2420;1
"2421";2421;1
"2422";2422;1
"2423";2423;1
"2424";2424;1
"2425";2425;1
"2426";2426;1
"2427";2427;1
"2428";2428;1
"2429";2429;1
"2430";2430;1
"2431";2431;2
"2432";2432;2
"2433";2433;2
"2434";2434;2
"2435";2435;1
"2436";2436;1
"2437";2437;1
"2438";2438;1
"2439";2439;1
"2440";2440;2
"2441";2441;2
"2442";2442;3
"2443";2443;1
"2444";2444;1
"2445";2445;1
"2446";2446;1
"2447";2447;0
"2448";2448;1
"2449";2449;3
"2450";2450;1
"2451";2451;3
"2452";2452;1
"2453";2453;1
"2454";2454;1
"2455";2455;3
"2456";2456;3
"2457";2457;1
"2458";2458;1
"2459";2459;2
"2460";2460;1
"2461";2461;1
"2462";2462;1
"2463";2463;1
"2464";2464;1
"2465";2465;2
"2466";2466;2
"2467";2467;1
"2468";2468;1
"2469";2469;3
"2470";2470;1
"2471";2471;3
"2472";2472;1
"2473";2473;1
"2474";2474;1
"2475";2475;2
"2476";2476;2
"2477";2477;2
"2478";2478;2
"2479";2479;2
"2480";2480;2
"2481";2481;2
"2482";2482;1
"2483";2483;2
"2484";2484;2
"2485";2485;3
"2486";2486;2
"2487";2487;2
"2488";2488;2
"2489";2489;2
"2490";2490;2
"2491";2491;2
"2492";2492;0
"2493";2493;2
"2494";2494;3
"2495";2495;2
"2496";2496;2
"2497";2497;2
"2498";2498;2
"2499";2499;2
"2500";2500;1
"2501";2501;1
"2502";2502;3
"2503";2503;0
"2504";2504;1
"2505";2505;1
"2506";2506;1
"2507";2507;1
"2508";2508;1
"2509";2509;1
"2510";2510;1
"2511";2511;1
"2512";2512;1
"2513";2513;1
"2514";2514;2
"2515";2515;1
"2516";2516;1
"2517";2517;1
"2518";2518;1
"2519";2519;1
"2520";2520;1
"2521";2521;1
"2522";2522;1
"2523";2523;1
"2524";2524;1
"2525";2525;1
"2526";2526;1
"2527";2527;1
"2528";2528;1
"2529";2529;1
"2530";2530;1
"2531";2531;2
"2532";2532;3
"2533";2533;2
"2534";2534;1
"2535";2535;1
"2536";2536;1
"2537";2537;1
"2538";2538;1
"2539";2539;1
"2540";2540;1
"2541";2541;1
"2542";2542;1
"2543";2543;1
"2544";2544;1
"2545";2545;1
"2546";2546;1
"2547";2547;1
"2548";2548;1
"2549";2549;1
"2550";2550;1
"2551";2551;1
"2552";2552;1
"2553";2553;1
"2554";2554;1
"2555";2555;2
"2556";2556;1
"2557";2557;2
"2558";2558;1
"2559";2559;1
"2560";2560;1
"2561";2561;1
"2562";2562;2
"2563";2563;2
"2564";2564;1
"2565";2565;1
"2566";2566;3
"2567";2567;1
"2568";2568;2
"2569";2569;1
"2570";2570;2
"2571";2571;1
"2572";2572;1
"2573";2573;1
"2574";2574;1
"2575";2575;3
"2576";2576;2
"2577";2577;1
"2578";2578;1
"2579";2579;2
"2580";2580;1
"2581";2581;3
"2582";2582;1
"2583";2583;2
"2584";2584;3
"2585";2585;2
"2586";2586;1
"2587";2587;1
"2588";2588;1
"2589";2589;1
"2590";2590;2
"2591";2591;2
"2592";2592;2
"2593";2593;1
"2594";2594;2
"2595";2595;3
"2596";2596;3
"2597";2597;3
"2598";2598;3
"2599";2599;1
"2600";2600;2
"2601";2601;2
"2602";2602;1
"2603";2603;2
"2604";2604;1
"2605";2605;3
"2606";2606;3
"2607";2607;1
"2608";2608;1
"2609";2609;1
"2610";2610;2
"2611";2611;1
"2612";2612;1
"2613";2613;1
"2614";2614;1
"2615";2615;1
"2616";2616;1
"2617";2617;1
"2618";2618;3
"2619";2619;3
"2620";2620;1
"2621";2621;1
"2622";2622;1
"2623";2623;2
"2624";2624;2
"2625";2625;2
"2626";2626;1
"2627";2627;2
"2628";2628;2
"2629";2629;2
"2630";2630;2
"2631";2631;3
"2632";2632;1
"2633";2633;2
"2634";2634;2
"2635";2635;2
"2636";2636;2
"2637";2637;3
"2638";2638;2
"2639";2639;1
"2640";2640;2
"2641";2641;1
"2642";2642;2
"2643";2643;2
"2644";2644;2
"2645";2645;1
"2646";2646;1
"2647";2647;2
"2648";2648;1
"2649";2649;1
"2650";2650;1
"2651";2651;2
"2652";2652;2
"2653";2653;2
"2654";2654;2
"2655";2655;3
"2656";2656;2
"2657";2657;2
"2658";2658;2
"2659";2659;2
"2660";2660;2
"2661";2661;2
"2662";2662;3
"2663";2663;3
"2664";2664;2
"2665";2665;2
"2666";2666;3
"2667";2667;2
"2668";2668;2
"2669";2669;2
"2670";2670;2
"2671";2671;1
"2672";2672;2
"2673";2673;3
"2674";2674;1
"2675";2675;2
"2676";2676;2
"2677";2677;2
"2678";2678;2
"2679";2679;2
"2680";2680;2
"2681";2681;1
"2682";2682;1
"2683";2683;3
"2684";2684;1
"2685";2685;1
"2686";2686;1
"2687";2687;2
"2688";2688;1
"2689";2689;1
"2690";2690;1
"2691";2691;2
"2692";2692;1
"2693";2693;1
"2694";2694;2
"2695";2695;1
"2696";2696;1
"2697";2697;2
"2698";2698;2
"2699";2699;2
"2700";2700;1
"2701";2701;1
"2702";2702;2
"2703";2703;2
"2704";2704;2
"2705";2705;2
"2706";2706;2
"2707";2707;1
"2708";2708;2
"2709";2709;2
"2710";2710;2
"2711";2711;1
"2712";2712;1
"2713";2713;2
"2714";2714;2
"2715";2715;3
"2716";2716;2
"2717";2717;1
"2718";2718;2
"2719";2719;2
"2720";2720;3
"2721";2721;3
"2722";2722;1
"2723";2723;1
"2724";2724;3
"2725";2725;3
"2726";2726;1
"2727";2727;1
"2728";2728;1
"2729";2729;1
"2730";2730;1
"2731";2731;1
"2732";2732;1
"2733";2733;1
"2734";2734;1
"2735";2735;1
"2736";2736;1
"2737";2737;1
"2738";2738;1
"2739";2739;2
"2740";2740;3
"2741";2741;1
"2742";2742;3
"2743";2743;1
"2744";2744;1
"2745";2745;1
"2746";2746;1
"2747";2747;1
"2748";2748;1
"2749";2749;1
"2750";2750;2
"2751";2751;1
"2752";2752;3
"2753";2753;2
"2754";2754;1
"2755";2755;2
"2756";2756;2
"2757";2757;1
"2758";2758;3
"2759";2759;1
"2760";2760;2
"2761";2761;1
"2762";2762;1
"2763";2763;1
"2764";2764;1
"2765";2765;1
"2766";2766;1
"2767";2767;1
"2768";2768;1
"2769";2769;1
"2770";2770;3
"2771";2771;1
"2772";2772;3
"2773";2773;1
"2774";2774;3
"2775";2775;1
"2776";2776;1
"2777";2777;1
"2778";2778;3
"2779";2779;1
"2780";2780;1
"2781";2781;1
"2782";2782;1
"2783";2783;3
"2784";2784;2
"2785";2785;1
"2786";2786;3
"2787";2787;3
"2788";2788;3
"2789";2789;3
"2790";2790;3
"2791";2791;2
"2792";2792;2
"2793";2793;2
"2794";2794;2
"2795";2795;2
"2796";2796;2
"2797";2797;2
"2798";2798;3
"2799";2799;3
"2800";2800;1
"2801";2801;1
"2802";2802;3
"2803";2803;3
"2804";2804;1
"2805";2805;1
"2806";2806;1
"2807";2807;1
"2808";2808;1
"2809";2809;1
"2810";2810;3
"2811";2811;1
"2812";2812;2
"2813";2813;1
"2814";2814;1
"2815";2815;3
"2816";2816;3
"2817";2817;3
"2818";2818;2
"2819";2819;2
"2820";2820;3
"2821";2821;3
"2822";2822;1
"2823";2823;2
"2824";2824;3
"2825";2825;1
"2826";2826;1
"2827";2827;3
"2828";2828;2
"2829";2829;2
"2830";2830;3
"2831";2831;3
"2832";2832;2
"2833";2833;2
"2834";2834;3
"2835";2835;3
"2836";2836;3
"2837";2837;2
"2838";2838;1
"2839";2839;1
"2840";2840;1
"2841";2841;3
"2842";2842;3
"2843";2843;3
"2844";2844;1
"2845";2845;1
"2846";2846;1
"2847";2847;3
"2848";2848;2
"2849";2849;3
"2850";2850;3
"2851";2851;3
"2852";2852;2
"2853";2853;2
"2854";2854;3
"2855";2855;1
"2856";2856;3
"2857";2857;2
"2858";2858;2
"2859";2859;1
"2860";2860;1
"2861";2861;1
"2862";2862;3
"2863";2863;3
"2864";2864;3
"2865";2865;2
"2866";2866;2
"2867";2867;3
"2868";2868;3
"2869";2869;3
"2870";2870;3
"2871";2871;3
"2872";2872;3
"2873";2873;1
"2874";2874;1
"2875";2875;1
"2876";2876;1
"2877";2877;3
"2878";2878;3
"2879";2879;1
"2880";2880;1
"2881";2881;3
"2882";2882;2
"2883";2883;1
"2884";2884;1
"2885";2885;1
"2886";2886;1
"2887";2887;2
"2888";2888;1
"2889";2889;1
"2890";2890;2
"2891";2891;1
"2892";2892;1
"2893";2893;0
"2894";2894;2
"2895";2895;2
"2896";2896;2
"2897";2897;3
"2898";2898;1
"2899";2899;2
"2900";2900;2
"2901";2901;3
"2902";2902;1
"2903";2903;2
"2904";2904;3
"2905";2905;1
"2906";2906;2
"2907";2907;2
"2908";2908;2
"2909";2909;3
"2910";2910;0
"2911";2911;1
"2912";2912;1
"2913";2913;1
"2914";2914;2
"2915";2915;2
"2916";2916;2
"2917";2917;2
"2918";2918;2
"2919";2919;2
"2920";2920;2
"2921";2921;2
"2922";2922;2
"2923";2923;1
"2924";2924;1
"2925";2925;1
"2926";2926;3
"2927";2927;1
"2928";2928;2
"2929";2929;2
"2930";2930;1
"2931";2931;2
"2932";2932;3
"2933";2933;2
"2934";2934;1
"2935";2935;2
"2936";2936;3
"2937";2937;2
"2938";2938;3
"2939";2939;3
"2940";2940;2
"2941";2941;3
"2942";2942;1
"2943";2943;1
"2944";2944;2
"2945";2945;3
"2946";2946;3
"2947";2947;1
"2948";2948;1
"2949";2949;1
"2950";2950;3
"2951";2951;3
"2952";2952;2
"2953";2953;1
"2954";2954;1
"2955";2955;2
"2956";2956;3
"2957";2957;1
"2958";2958;2
"2959";2959;3
"2960";2960;2
"2961";2961;3
"2962";2962;1
"2963";2963;1
"2964";2964;2
"2965";2965;1
"2966";2966;2
"2967";2967;2
"2968";2968;2
"2969";2969;2
"2970";2970;2
"2971";2971;1
"2972";2972;2
"2973";2973;1
"2974";2974;1
"2975";2975;1
"2976";2976;1
"2977";2977;1
"2978";2978;1
"2979";2979;3
"2980";2980;3
"2981";2981;1
"2982";2982;3
"2983";2983;2
"2984";2984;2
"2985";2985;2
"2986";2986;1
"2987";2987;2
"2988";2988;1
"2989";2989;2
"2990";2990;1
"2991";2991;1
"2992";2992;2
"2993";2993;1
"2994";2994;2
"2995";2995;2
"2996";2996;3
"2997";2997;2
"2998";2998;3
"2999";2999;2
"3000";3000;3
"3001";3001;2
"3002";3002;2
"3003";3003;1
"3004";3004;1
"3005";3005;2
"3006";3006;3
"3007";3007;2
"3008";3008;3
"3009";3009;2
"3010";3010;2
"3011";3011;2
"3012";3012;2
"3013";3013;3
"3014";3014;3
"3015";3015;3
"3016";3016;2
"3017";3017;1
"3018";3018;3
"3019";3019;3
"3020";3020;1
"3021";3021;2
"3022";3022;2
"3023";3023;2
"3024";3024;1
"3025";3025;3
"3026";3026;1
"3027";3027;1
"3028";3028;1
"3029";3029;2
"3030";3030;1
"3031";3031;2
"3032";3032;3
"3033";3033;3
"3034";3034;1
"3035";3035;1
"3036";3036;1
"3037";3037;3
"3038";3038;2
"3039";3039;3
"3040";3040;1
"3041";3041;2
"3042";3042;3
"3043";3043;3
"3044";3044;1
"3045";3045;1
"3046";3046;3
"3047";3047;3
"3048";3048;1
"3049";3049;3
"3050";3050;1
"3051";3051;3
"3052";3052;3
"3053";3053;2
"3054";3054;2
"3055";3055;1
"3056";3056;3
"3057";3057;3
"3058";3058;1
"3059";3059;1
"3060";3060;1
"3061";3061;1
"3062";3062;3
"3063";3063;1
"3064";3064;2
"3065";3065;2
"3066";3066;1
"3067";3067;1
"3068";3068;1
"3069";3069;2
"3070";3070;2
"3071";3071;2
"3072";3072;2
"3073";3073;1
"3074";3074;2
"3075";3075;1
"3076";3076;1
"3077";3077;1
"3078";3078;2
"3079";3079;2
"3080";3080;1
"3081";3081;3
"3082";3082;1
"3083";3083;3
"3084";3084;1
"3085";3085;1
"3086";3086;2
"3087";3087;1
"3088";3088;1
"3089";3089;3
"3090";3090;2
"3091";3091;1
"3092";3092;1
"3093";3093;3
"3094";3094;3
"3095";3095;2
"3096";3096;2
"3097";3097;1
"3098";3098;2
"3099";3099;1
"3100";3100;1
"3101";3101;3
"3102";3102;2
"3103";3103;2
"3104";3104;1
"3105";3105;3
"3106";3106;3
"3107";3107;3
"3108";3108;3
"3109";3109;3
"3110";3110;1
"3111";3111;3
"3112";3112;3
"3113";3113;2
"3114";3114;2
"3115";3115;1
"3116";3116;3
"3117";3117;1
"3118";3118;1
"3119";3119;1
"3120";3120;1
"3121";3121;1
"3122";3122;2
"3123";3123;1
"3124";3124;1
"3125";3125;2
"3126";3126;2
"3127";3127;2
"3128";3128;2
"3129";3129;2
"3130";3130;1
"3131";3131;1
"3132";3132;3
"3133";3133;1
"3134";3134;3
"3135";3135;1
"3136";3136;1
"3137";3137;1
"3138";3138;2
"3139";3139;1
"3140";3140;1
"3141";3141;1
"3142";3142;2
"3143";3143;3
"3144";3144;1
"3145";3145;2
"3146";3146;1
"3147";3147;2
"3148";3148;1
"3149";3149;1
"3150";3150;2
"3151";3151;2
"3152";3152;3
"3153";3153;1
"3154";3154;2
"3155";3155;1
"3156";3156;2
"3157";3157;1
"3158";3158;1
"3159";3159;2
"3160";3160;2
"3161";3161;3
"3162";3162;3
"3163";3163;2
"3164";3164;2
"3165";3165;2
"3166";3166;2
"3167";3167;3
"3168";3168;2
"3169";3169;1
"3170";3170;2
"3171";3171;2
"3172";3172;2
"3173";3173;2
"3174";3174;1
"3175";3175;2
"3176";3176;1
"3177";3177;3
"3178";3178;2
"3179";3179;1
"3180";3180;2
"3181";3181;1
"3182";3182;2
"3183";3183;2
"3184";3184;3
"3185";3185;2
"3186";3186;2
"3187";3187;2
"3188";3188;3
"3189";3189;2
"3190";3190;2
"3191";3191;2
"3192";3192;3
"3193";3193;3
"3194";3194;2
"3195";3195;2
"3196";3196;2
"3197";3197;2
"3198";3198;1
"3199";3199;1
"3200";3200;1
"3201";3201;2
"3202";3202;2
"3203";3203;2
"3204";3204;2
"3205";3205;1
"3206";3206;2
"3207";3207;2
"3208";3208;3
"3209";3209;1
"3210";3210;1
"3211";3211;3
"3212";3212;3
"3213";3213;1
"3214";3214;1
"3215";3215;1
"3216";3216;3
"3217";3217;1
"3218";3218;3
"3219";3219;3
"3220";3220;3
"3221";3221;3
"3222";3222;3
"3223";3223;3
"3224";3224;3
"3225";3225;3
"3226";3226;3
"3227";3227;2
"3228";3228;2
"3229";3229;3
"3230";3230;3
"3231";3231;3
"3232";3232;3
"3233";3233;3
"3234";3234;2
"3235";3235;3
"3236";3236;3
"3237";3237;3
"3238";3238;3
"3239";3239;3
"3240";3240;3
"3241";3241;3
"3242";3242;3
"3243";3243;2
"3244";3244;2
"3245";3245;3
"3246";3246;3
"3247";3247;3
"3248";3248;3
"3249";3249;2
"3250";3250;1
"3251";3251;3
"3252";3252;2
"3253";3253;3
"3254";3254;3
"3255";3255;3
"3256";3256;3
"3257";3257;3
"3258";3258;2
"3259";3259;1
"3260";3260;3
"3261";3261;3
"3262";3262;2
"3263";3263;3
"3264";3264;2
"3265";3265;2
"3266";3266;2
"3267";3267;2
"3268";3268;2
"3269";3269;2
"3270";3270;2
"3271";3271;2
"3272";3272;1
"3273";3273;3
"3274";3274;3
"3275";3275;3
"3276";3276;1
"3277";3277;1
"3278";3278;2
"3279";3279;2
"3280";3280;3
"3281";3281;3
"3282";3282;1
"3283";3283;3
"3284";3284;3
"3285";3285;1
"3286";3286;2
"3287";3287;1
"3288";3288;1
"3289";3289;1
"3290";3290;2
"3291";3291;2
"3292";3292;1
"3293";3293;1
"3294";3294;3
"3295";3295;2
"3296";3296;2
"3297";3297;3
"3298";3298;3
"3299";3299;1
"3300";3300;1
"3301";3301;2
"3302";3302;1
"3303";3303;2
"3304";3304;2
"3305";3305;2
"3306";3306;2
"3307";3307;2
"3308";3308;2
"3309";3309;2
"3310";3310;1
"3311";3311;2
"3312";3312;3
"3313";3313;2
"3314";3314;2
"3315";3315;2
"3316";3316;3
"3317";3317;3
"3318";3318;3
"3319";3319;2
"3320";3320;3
"3321";3321;3
"3322";3322;3
"3323";3323;3
"3324";3324;3
"3325";3325;2
"3326";3326;3
"3327";3327;3
"3328";3328;3
"3329";3329;3
"3330";3330;3
"3331";3331;3
"3332";3332;1
"3333";3333;2
"3334";3334;2
"3335";3335;3
"3336";3336;2
"3337";3337;2
"3338";3338;2
"3339";3339;2
"3340";3340;2
"3341";3341;1
"3342";3342;2
"3343";3343;2
"3344";3344;1
"3345";3345;2
"3346";3346;2
"3347";3347;1
"3348";3348;2
"3349";3349;1
"3350";3350;1
"3351";3351;1
"3352";3352;2
"3353";3353;1
"3354";3354;3
"3355";3355;1
"3356";3356;3
"3357";3357;2
"3358";3358;1
"3359";3359;3
"3360";3360;2
"3361";3361;1
"3362";3362;3
"3363";3363;1
"3364";3364;2
"3365";3365;2
"3366";3366;2
"3367";3367;3
"3368";3368;3
"3369";3369;1
"3370";3370;3
"3371";3371;1
"3372";3372;2
"3373";3373;1
"3374";3374;2
"3375";3375;3
"3376";3376;1
"3377";3377;1
"3378";3378;2
"3379";3379;1
"3380";3380;2
"3381";3381;2
"3382";3382;2
"3383";3383;2
"3384";3384;2
"3385";3385;2
"3386";3386;2
"3387";3387;2
"3388";3388;1
"3389";3389;3
"3390";3390;3
"3391";3391;1
"3392";3392;3
"3393";3393;3
"3394";3394;3
"3395";3395;2
"3396";3396;2
"3397";3397;2
"3398";3398;1
"3399";3399;1
"3400";3400;3
"3401";3401;3
"3402";3402;2
"3403";3403;2
"3404";3404;3
"3405";3405;3
"3406";3406;3
"3407";3407;3
"3408";3408;2
"3409";3409;2
"3410";3410;3
"3411";3411;3
"3412";3412;1
"3413";3413;1
"3414";3414;3
"3415";3415;3
"3416";3416;3
"3417";3417;3
"3418";3418;3
"3419";3419;2
"3420";3420;2
"3421";3421;3
"3422";3422;1
"3423";3423;3
"3424";3424;2
"3425";3425;1
"3426";3426;1
"3427";3427;1
"3428";3428;1
"3429";3429;1
"3430";3430;1
"3431";3431;1
"3432";3432;1
"3433";3433;3
"3434";3434;3
"3435";3435;3
"3436";3436;2
"3437";3437;2
"3438";3438;3
"3439";3439;1
"3440";3440;1
"3441";3441;1
"3442";3442;3
"3443";3443;2
"3444";3444;3
"3445";3445;3
"3446";3446;3
"3447";3447;1
"3448";3448;2
"3449";3449;2
"3450";3450;1
"3451";3451;2
"3452";3452;2
"3453";3453;2
"3454";3454;2
"3455";3455;2
"3456";3456;1
"3457";3457;3
"3458";3458;1
"3459";3459;3
"3460";3460;1
"3461";3461;2
"3462";3462;1
"3463";3463;2
"3464";3464;2
"3465";3465;2
"3466";3466;3
"3467";3467;1
"3468";3468;2
"3469";3469;2
"3470";3470;3
"3471";3471;2
"3472";3472;1
"3473";3473;2
"3474";3474;2
"3475";3475;3
"3476";3476;2
"3477";3477;2
"3478";3478;1
"3479";3479;2
"3480";3480;3
"3481";3481;2
"3482";3482;2
"3483";3483;2
"3484";3484;3
"3485";3485;2
"3486";3486;2
"3487";3487;2
"3488";3488;2
"3489";3489;2
"3490";3490;2
"3491";3491;2
"3492";3492;2
"3493";3493;1
"3494";3494;1
"3495";3495;1
"3496";3496;1
"3497";3497;2
"3498";3498;1
"3499";3499;2
"3500";3500;1
"3501";3501;1
"3502";3502;1
"3503";3503;1
"3504";3504;2
"3505";3505;2
"3506";3506;2
"3507";3507;2
"3508";3508;2
"3509";3509;2
"3510";3510;1
"3511";3511;2
"3512";3512;1
"3513";3513;2
"3514";3514;2
"3515";3515;2
"3516";3516;2
"3517";3517;1
"3518";3518;1
"3519";3519;2
"3520";3520;2
"3521";3521;2
"3522";3522;2
"3523";3523;2
"3524";3524;2
"3525";3525;3
"3526";3526;2
"3527";3527;2
"3528";3528;2
"3529";3529;1
"3530";3530;2
"3531";3531;2
"3532";3532;3
"3533";3533;2
"3534";3534;2
"3535";3535;1
"3536";3536;3
"3537";3537;2
"3538";3538;1
"3539";3539;1
"3540";3540;1
"3541";3541;1
"3542";3542;2
"3543";3543;1
"3544";3544;2
"3545";3545;1
"3546";3546;3
"3547";3547;1
"3548";3548;3
"3549";3549;1
"3550";3550;1
"3551";3551;2
"3552";3552;1
"3553";3553;1
"3554";3554;2
"3555";3555;3
"3556";3556;2
"3557";3557;2
"3558";3558;1
"3559";3559;3
"3560";3560;2
"3561";3561;3
"3562";3562;1
"3563";3563;3
"3564";3564;3
"3565";3565;3
"3566";3566;3
"3567";3567;1
"3568";3568;1
"3569";3569;3
"3570";3570;1
"3571";3571;2
"3572";3572;3
"3573";3573;2
"3574";3574;3
"3575";3575;3
"3576";3576;3
"3577";3577;1
"3578";3578;3
"3579";3579;3
"3580";3580;2
"3581";3581;1
"3582";3582;1
"3583";3583;2
"3584";3584;3
"3585";3585;1
"3586";3586;1
"3587";3587;2
"3588";3588;1
"3589";3589;1
"3590";3590;1
"3591";3591;3
"3592";3592;3
"3593";3593;3
"3594";3594;3
"3595";3595;3
"3596";3596;2
"3597";3597;3
"3598";3598;2
"3599";3599;3
"3600";3600;3
"3601";3601;3
"3602";3602;1
"3603";3603;2
"3604";3604;3
"3605";3605;2
"3606";3606;3
"3607";3607;3
"3608";3608;2
"3609";3609;1
"3610";3610;1
"3611";3611;1
"3612";3612;1
"3613";3613;2
"3614";3614;2
"3615";3615;2
"3616";3616;1
"3617";3617;2
"3618";3618;1
"3619";3619;3
"3620";3620;3
"3621";3621;2
"3622";3622;2
"3623";3623;1
"3624";3624;1
"3625";3625;2
"3626";3626;2
"3627";3627;2
"3628";3628;3
"3629";3629;3
"3630";3630;2
"3631";3631;3
"3632";3632;2
"3633";3633;2
"3634";3634;2
"3635";3635;2
"3636";3636;1
"3637";3637;1
"3638";3638;3
"3639";3639;1
"3640";3640;2
"3641";3641;1
"3642";3642;2
"3643";3643;1
"3644";3644;1
"3645";3645;1
"3646";3646;1
"3647";3647;1
"3648";3648;1
"3649";3649;1
"3650";3650;1
"3651";3651;1
"3652";3652;3
"3653";3653;1
"3654";3654;1
"3655";3655;1
"3656";3656;1
"3657";3657;2
"3658";3658;1
"3659";3659;1
"3660";3660;1
"3661";3661;1
"3662";3662;1
"3663";3663;1
"3664";3664;1
"3665";3665;1
"3666";3666;1
"3667";3667;1
"3668";3668;1
"3669";3669;1
"3670";3670;1
"3671";3671;3
"3672";3672;1
"3673";3673;3
"3674";3674;3
"3675";3675;3
"3676";3676;3
"3677";3677;1
"3678";3678;1
"3679";3679;3
"3680";3680;2
"3681";3681;3
"3682";3682;1
"3683";3683;1
"3684";3684;1
"3685";3685;1
"3686";3686;1
"3687";3687;1
"3688";3688;1
"3689";3689;2
"3690";3690;3
"3691";3691;1
"3692";3692;1
"3693";3693;1
"3694";3694;2
"3695";3695;1
"3696";3696;3
"3697";3697;1
"3698";3698;3
"3699";3699;1
"3700";3700;3
"3701";3701;1
"3702";3702;3
"3703";3703;3
"3704";3704;3
"3705";3705;1
"3706";3706;1
"3707";3707;1
"3708";3708;1
"3709";3709;1
"3710";3710;1
"3711";3711;1
"3712";3712;1
"3713";3713;2
"3714";3714;1
"3715";3715;1
"3716";3716;3
"3717";3717;1
"3718";3718;1
"3719";3719;1
"3720";3720;1
"3721";3721;1
"3722";3722;1
"3723";3723;3
"3724";3724;1
"3725";3725;3
"3726";3726;3
"3727";3727;3
"3728";3728;3
"3729";3729;3
"3730";3730;3
"3731";3731;1
"3732";3732;1
"3733";3733;1
"3734";3734;3
"3735";3735;1
"3736";3736;3
"3737";3737;3
"3738";3738;3
"3739";3739;3
"3740";3740;3
"3741";3741;3
"3742";3742;3
"3743";3743;3
"3744";3744;3
"3745";3745;3
"3746";3746;3
"3747";3747;3
"3748";3748;2
"3749";3749;1
"3750";3750;1
"3751";3751;3
"3752";3752;3
"3753";3753;3
"3754";3754;3
"3755";3755;2
"3756";3756;3
"3757";3757;2
"3758";3758;2
"3759";3759;2
"3760";3760;3
"3761";3761;2
"3762";3762;3
"3763";3763;3
"3764";3764;3
"3765";3765;3
"3766";3766;2
"3767";3767;3
"3768";3768;2
"3769";3769;3
"3770";3770;3
"3771";3771;2
"3772";3772;3
"3773";3773;3
"3774";3774;2
"3775";3775;3
"3776";3776;3
"3777";3777;2
"3778";3778;3
"3779";3779;1
"3780";3780;3
"3781";3781;1
"3782";3782;3
"3783";3783;3
"3784";3784;1
"3785";3785;3
"3786";3786;3
"3787";3787;3
"3788";3788;1
"3789";3789;2
"3790";3790;3
"3791";3791;1
"3792";3792;1
"3793";3793;1
"3794";3794;1
"3795";3795;3
"3796";3796;3
"3797";3797;3
"3798";3798;3
"3799";3799;1
"3800";3800;3
"3801";3801;3
"3802";3802;3
"3803";3803;1
"3804";3804;3
"3805";3805;3
"3806";3806;3
"3807";3807;1
"3808";3808;3
"3809";3809;1
"3810";3810;3
"3811";3811;3
"3812";3812;3
"3813";3813;3
"3814";3814;3
"3815";3815;3
"3816";3816;3
"3817";3817;1
"3818";3818;3
"3819";3819;1
"3820";3820;1
"3821";3821;1
"3822";3822;3
"3823";3823;3
"3824";3824;2
"3825";3825;3
"3826";3826;3
"3827";3827;2
"3828";3828;2
"3829";3829;3
"3830";3830;3
"3831";3831;1
"3832";3832;2
"3833";3833;1
"3834";3834;2
"3835";3835;3
"3836";3836;3
"3837";3837;3
"3838";3838;3
"3839";3839;3
"3840";3840;3
"3841";3841;3
"3842";3842;1
"3843";3843;1
"3844";3844;3
"3845";3845;3
"3846";3846;3
"3847";3847;3
"3848";3848;3
"3849";3849;3
"3850";3850;3
"3851";3851;3
"3852";3852;2
"3853";3853;1
"3854";3854;3
"3855";3855;1
"3856";3856;3
"3857";3857;3
"3858";3858;3
"3859";3859;1
"3860";3860;3
"3861";3861;3
"3862";3862;1
"3863";3863;1
"3864";3864;3
"3865";3865;3
"3866";3866;2
"3867";3867;3
"3868";3868;3
"3869";3869;2
"3870";3870;2
"3871";3871;3
"3872";3872;1
"3873";3873;2
"3874";3874;1
"3875";3875;3
"3876";3876;1
"3877";3877;1
"3878";3878;1
"3879";3879;1
"3880";3880;2
"3881";3881;3
"3882";3882;1
"3883";3883;1
"3884";3884;2
"3885";3885;1
"3886";3886;3
"3887";3887;1
"3888";3888;3
"3889";3889;2
"3890";3890;3
"3891";3891;3
"3892";3892;2
"3893";3893;1
"3894";3894;1
"3895";3895;3
"3896";3896;3
"3897";3897;2
"3898";3898;2
"3899";3899;3
"3900";3900;3
"3901";3901;3
"3902";3902;3
"3903";3903;2
"3904";3904;3
"3905";3905;2
"3906";3906;2
"3907";3907;2
"3908";3908;2
"3909";3909;2
"3910";3910;3
"3911";3911;3
"3912";3912;1
"3913";3913;3
"3914";3914;3
"3915";3915;3
"3916";3916;2
"3917";3917;3
"3918";3918;3
"3919";3919;3
"3920";3920;3
"3921";3921;2
"3922";3922;3
"3923";3923;3
"3924";3924;3
"3925";3925;2
"3926";3926;2
"3927";3927;3
"3928";3928;2
"3929";3929;2
"3930";3930;2
"3931";3931;2
"3932";3932;3
"3933";3933;2
"3934";3934;2
"3935";3935;3
"3936";3936;3
"3937";3937;2
"3938";3938;2
"3939";3939;2
"3940";3940;3
"3941";3941;3
"3942";3942;3
"3943";3943;2
"3944";3944;3
"3945";3945;2
"3946";3946;2
"3947";3947;2
"3948";3948;2
"3949";3949;2
"3950";3950;2
"3951";3951;3
"3952";3952;2
"3953";3953;3
"3954";3954;2
"3955";3955;2
"3956";3956;2
"3957";3957;1
"3958";3958;2
"3959";3959;3
"3960";3960;2
"3961";3961;3
"3962";3962;3
"3963";3963;3
"3964";3964;3
"3965";3965;3
"3966";3966;1
"3967";3967;3
"3968";3968;2
"3969";3969;3
"3970";3970;3
"3971";3971;1
"3972";3972;1
"3973";3973;3
"3974";3974;3
"3975";3975;2
"3976";3976;3
"3977";3977;3
"3978";3978;3
"3979";3979;3
"3980";3980;3
"3981";3981;3
"3982";3982;1
"3983";3983;2
"3984";3984;3
"3985";3985;2
"3986";3986;2
"3987";3987;3
"3988";3988;3
"3989";3989;3
"3990";3990;2
"3991";3991;2
"3992";3992;1
"3993";3993;2
"3994";3994;3
"3995";3995;3
"3996";3996;3
"3997";3997;1
"3998";3998;2
"3999";3999;2
"4000";4000;3
"4001";4001;1
"4002";4002;2
"4003";4003;3
"4004";4004;3
"4005";4005;3
"4006";4006;2
"4007";4007;3
"4008";4008;1
"4009";4009;1
"4010";4010;2
"4011";4011;2
"4012";4012;3
"4013";4013;3
"4014";4014;2
"4015";4015;2
"4016";4016;2
"4017";4017;3
"4018";4018;2
"4019";4019;1
"4020";4020;2
"4021";4021;2
"4022";4022;1
"4023";4023;1
"4024";4024;3
"4025";4025;2
"4026";4026;2
"4027";4027;2
"4028";4028;2
"4029";4029;2
"4030";4030;2
"4031";4031;2
"4032";4032;2
"4033";4033;1
"4034";4034;1
"4035";4035;3
"4036";4036;2
"4037";4037;2
"4038";4038;2
"4039";4039;1
"4040";4040;2
"4041";4041;2
"4042";4042;2
"4043";4043;3
"4044";4044;2
"4045";4045;2
"4046";4046;2
"4047";4047;1
"4048";4048;1
"4049";4049;1
"4050";4050;2
"4051";4051;1
"4052";4052;1
"4053";4053;1
"4054";4054;1
"4055";4055;1
"4056";4056;2
"4057";4057;1
"4058";4058;1
"4059";4059;1
"4060";4060;1
"4061";4061;1
"4062";4062;1
"4063";4063;2
"4064";4064;1
"4065";4065;1
"4066";4066;1
"4067";4067;1
"4068";4068;1
"4069";4069;1
"4070";4070;1
"4071";4071;2
"4072";4072;3
"4073";4073;1
"4074";4074;1
"4075";4075;1
"4076";4076;1
"4077";4077;2
"4078";4078;3
"4079";4079;1
"4080";4080;1
"4081";4081;1
"4082";4082;1
"4083";4083;2
"4084";4084;1
"4085";4085;1
"4086";4086;2
"4087";4087;2
"4088";4088;2
"4089";4089;2
"4090";4090;3
"4091";4091;3
"4092";4092;3
"4093";4093;3
"4094";4094;3
"4095";4095;3
"4096";4096;3
"4097";4097;3
"4098";4098;3
"4099";4099;3
"4100";4100;3
"4101";4101;2
"4102";4102;2
"4103";4103;2
"4104";4104;3
"4105";4105;1
"4106";4106;1
"4107";4107;3
"4108";4108;2
"4109";4109;2
"4110";4110;1
"4111";4111;1
"4112";4112;2
"4113";4113;2
"4114";4114;2
"4115";4115;2
"4116";4116;2
"4117";4117;2
"4118";4118;2
"4119";4119;2
"4120";4120;1
"4121";4121;1
"4122";4122;1
"4123";4123;1
"4124";4124;1
"4125";4125;1
"4126";4126;1
"4127";4127;1
"4128";4128;1
"4129";4129;1
"4130";4130;1
"4131";4131;1
"4132";4132;3
"4133";4133;1
"4134";4134;2
"4135";4135;3
"4136";4136;1
"4137";4137;1
"4138";4138;1
"4139";4139;1
"4140";4140;1
"4141";4141;1
"4142";4142;1
"4143";4143;1
"4144";4144;2
"4145";4145;1
"4146";4146;1
"4147";4147;2
"4148";4148;2
"4149";4149;1
"4150";4150;2
"4151";4151;1
"4152";4152;2
"4153";4153;3
"4154";4154;1
"4155";4155;1
"4156";4156;3
"4157";4157;1
"4158";4158;1
"4159";4159;1
"4160";4160;3
"4161";4161;2
"4162";4162;1
"4163";4163;2
"4164";4164;1
"4165";4165;3
"4166";4166;3
"4167";4167;1
"4168";4168;2
"4169";4169;2
"4170";4170;1
"4171";4171;3
"4172";4172;2
"4173";4173;3
"4174";4174;1
"4175";4175;2
"4176";4176;2
"4177";4177;2
"4178";4178;2
"4179";4179;2
"4180";4180;2
"4181";4181;2
"4182";4182;2
"4183";4183;2
"4184";4184;2
"4185";4185;2
"4186";4186;2
"4187";4187;2
"4188";4188;2
"4189";4189;1
"4190";4190;1
"4191";4191;1
"4192";4192;1
"4193";4193;2
"4194";4194;1
"4195";4195;1
"4196";4196;1
"4197";4197;1
"4198";4198;1
"4199";4199;1
"4200";4200;1
"4201";4201;2
"4202";4202;2
"4203";4203;1
"4204";4204;2
"4205";4205;1
"4206";4206;2
"4207";4207;2
"4208";4208;2
"4209";4209;1
"4210";4210;1
"4211";4211;1
"4212";4212;1
"4213";4213;1
"4214";4214;1
"4215";4215;2
"4216";4216;1
"4217";4217;3
"4218";4218;3
"4219";4219;3
"4220";4220;3
"4221";4221;3
"4222";4222;3
"4223";4223;2
"4224";4224;1
"4225";4225;1
"4226";4226;1
"4227";4227;1
"4228";4228;1
"4229";4229;1
"4230";4230;1
"4231";4231;2
"4232";4232;1
"4233";4233;1
"4234";4234;2
"4235";4235;3
"4236";4236;2
"4237";4237;2
"4238";4238;2
"4239";4239;2
"4240";4240;3
"4241";4241;3
"4242";4242;2
"4243";4243;2
"4244";4244;2
"4245";4245;2
"4246";4246;2
"4247";4247;2
"4248";4248;1
"4249";4249;2
"4250";4250;3
"4251";4251;3
"4252";4252;3
"4253";4253;3
"4254";4254;3
"4255";4255;3
"4256";4256;3
"4257";4257;2
"4258";4258;2
"4259";4259;2
"4260";4260;2
"4261";4261;2
"4262";4262;2
"4263";4263;3
"4264";4264;1
"4265";4265;3
"4266";4266;2
"4267";4267;2
"4268";4268;1
"4269";4269;3
"4270";4270;3
"4271";4271;3
"4272";4272;1
"4273";4273;2
"4274";4274;3
"4275";4275;3
"4276";4276;2
"4277";4277;2
"4278";4278;2
"4279";4279;2
"4280";4280;1
"4281";4281;2
"4282";4282;2
"4283";4283;2
"4284";4284;3
"4285";4285;1
"4286";4286;3
"4287";4287;2
"4288";4288;2
"4289";4289;3
"4290";4290;3
"4291";4291;1
"4292";4292;2
"4293";4293;3
"4294";4294;3
"4295";4295;2
"4296";4296;2
"4297";4297;2
"4298";4298;2
"4299";4299;2
"4300";4300;2
"4301";4301;3
"4302";4302;3
"4303";4303;3
"4304";4304;2
"4305";4305;3
"4306";4306;3
"4307";4307;3
"4308";4308;3
"4309";4309;2
"4310";4310;1
"4311";4311;1
"4312";4312;2
"4313";4313;3
"4314";4314;2
"4315";4315;1
"4316";4316;2
"4317";4317;3
"4318";4318;2
"4319";4319;2
"4320";4320;2
"4321";4321;1
"4322";4322;3
"4323";4323;3
"4324";4324;1
"4325";4325;1
"4326";4326;2
"4327";4327;3
"4328";4328;2
"4329";4329;1
"4330";4330;1
"4331";4331;2
"4332";4332;2
"4333";4333;2
"4334";4334;1
"4335";4335;2
"4336";4336;3
"4337";4337;3
"4338";4338;1
"4339";4339;1
"4340";4340;1
"4341";4341;1
"4342";4342;2
"4343";4343;2
"4344";4344;1
"4345";4345;1
"4346";4346;2
"4347";4347;2
"4348";4348;2
"4349";4349;3
"4350";4350;2
"4351";4351;2
"4352";4352;2
"4353";4353;2
"4354";4354;2
"4355";4355;3
"4356";4356;3
"4357";4357;3
"4358";4358;2
"4359";4359;2
"4360";4360;2
"4361";4361;3
"4362";4362;2
"4363";4363;3
"4364";4364;3
"4365";4365;1
"4366";4366;3
"4367";4367;3
"4368";4368;3
"4369";4369;2
"4370";4370;1
"4371";4371;2
"4372";4372;2
"4373";4373;2
"4374";4374;3
"4375";4375;3
"4376";4376;1
"4377";4377;2
"4378";4378;2
"4379";4379;2
"4380";4380;2
"4381";4381;2
"4382";4382;2
"4383";4383;2
"4384";4384;2
"4385";4385;2
"4386";4386;2
"4387";4387;2
"4388";4388;2
"4389";4389;3
"4390";4390;2
"4391";4391;2
"4392";4392;2
"4393";4393;1
"4394";4394;2
"4395";4395;3
"4396";4396;1
"4397";4397;3
"4398";4398;2
"4399";4399;1
"4400";4400;2
"4401";4401;1
"4402";4402;2
"4403";4403;1
"4404";4404;3
"4405";4405;2
"4406";4406;2
"4407";4407;2
"4408";4408;2
"4409";4409;2
"4410";4410;2
"4411";4411;2
"4412";4412;3
"4413";4413;1
"4414";4414;2
"4415";4415;2
"4416";4416;2
"4417";4417;1
"4418";4418;2
"4419";4419;1
"4420";4420;1
"4421";4421;1
"4422";4422;1
"4423";4423;1
"4424";4424;2
"4425";4425;1
"4426";4426;1
"4427";4427;1
"4428";4428;2
"4429";4429;2
"4430";4430;1
"4431";4431;1
"4432";4432;3
"4433";4433;3
"4434";4434;1
"4435";4435;2
"4436";4436;1
"4437";4437;1
"4438";4438;1
"4439";4439;3
"4440";4440;3
"4441";4441;1
"4442";4442;1
"4443";4443;2
"4444";4444;2
"4445";4445;3
"4446";4446;2
"4447";4447;2
"4448";4448;2
"4449";4449;1
"4450";4450;2
"4451";4451;2
"4452";4452;3
"4453";4453;2
"4454";4454;1
"4455";4455;1
"4456";4456;1
"4457";4457;3
"4458";4458;1
"4459";4459;1
"4460";4460;1
"4461";4461;1
"4462";4462;3
"4463";4463;1
"4464";4464;1
"4465";4465;2
"4466";4466;3
"4467";4467;1
"4468";4468;1
"4469";4469;1
"4470";4470;3
"4471";4471;2
"4472";4472;1
"4473";4473;1
"4474";4474;1
"4475";4475;3
"4476";4476;3
"4477";4477;3
"4478";4478;2
"4479";4479;1
"4480";4480;3
"4481";4481;1
"4482";4482;1
"4483";4483;1
"4484";4484;1
"4485";4485;1
"4486";4486;1
"4487";4487;1
"4488";4488;1
"4489";4489;1
"4490";4490;1
"4491";4491;1
"4492";4492;1
"4493";4493;1
"4494";4494;1
"4495";4495;1
"4496";4496;1
"4497";4497;1
"4498";4498;1
"4499";4499;1
"4500";4500;1
"4501";4501;1
"4502";4502;1
"4503";4503;1
"4504";4504;1
"4505";4505;1
"4506";4506;1
"4507";4507;1
"4508";4508;0
"4509";4509;1
"4510";4510;1
"4511";4511;1
"4512";4512;1
"4513";4513;1
"4514";4514;1
"4515";4515;1
"4516";4516;1
"4517";4517;1
"4518";4518;1
"4519";4519;1
"4520";4520;1
"4521";4521;1
"4522";4522;0
"4523";4523;2
"4524";4524;1
"4525";4525;1
"4526";4526;1
"4527";4527;2
"4528";4528;1
"4529";4529;1
"4530";4530;1
"4531";4531;1
"4532";4532;1
"4533";4533;2
"4534";4534;1
"4535";4535;1
"4536";4536;2
"4537";4537;1
"4538";4538;1
"4539";4539;1
"4540";4540;3
"4541";4541;1
"4542";4542;1
"4543";4543;1
"4544";4544;1
"4545";4545;1
"4546";4546;1
"4547";4547;1
"4548";4548;1
"4549";4549;1
"4550";4550;1
"4551";4551;1
"4552";4552;1
"4553";4553;1
"4554";4554;3
"4555";4555;3
"4556";4556;3
"4557";4557;1
"4558";4558;2
"4559";4559;3
"4560";4560;3
"4561";4561;3
"4562";4562;3
"4563";4563;2
"4564";4564;2
"4565";4565;3
"4566";4566;1
"4567";4567;3
"4568";4568;3
"4569";4569;2
"4570";4570;3
"4571";4571;3
"4572";4572;3
"4573";4573;3
"4574";4574;3
"4575";4575;3
"4576";4576;1
"4577";4577;3
"4578";4578;1
"4579";4579;2
"4580";4580;3
"4581";4581;2
"4582";4582;2
"4583";4583;1
"4584";4584;2
"4585";4585;1
"4586";4586;1
"4587";4587;1
"4588";4588;2
"4589";4589;1
"4590";4590;2
"4591";4591;3
"4592";4592;3
"4593";4593;3
"4594";4594;3
"4595";4595;3
"4596";4596;3
"4597";4597;3
"4598";4598;3
"4599";4599;3
"4600";4600;3
"4601";4601;3
"4602";4602;3
"4603";4603;3
"4604";4604;3
"4605";4605;1
"4606";4606;3
"4607";4607;3
"4608";4608;3
"4609";4609;3
"4610";4610;3
"4611";4611;3
"4612";4612;3
"4613";4613;3
"4614";4614;3
"4615";4615;3
"4616";4616;3
"4617";4617;3
"4618";4618;3
"4619";4619;3
"4620";4620;3
"4621";4621;3
"4622";4622;3
"4623";4623;3
"4624";4624;3
"4625";4625;2
"4626";4626;3
"4627";4627;1
"4628";4628;1
"4629";4629;1
"4630";4630;1
"4631";4631;1
"4632";4632;3
"4633";4633;3
"4634";4634;3
"4635";4635;3
"4636";4636;3
"4637";4637;3
"4638";4638;3
"4639";4639;3
"4640";4640;3
"4641";4641;3
"4642";4642;3
"4643";4643;1
"4644";4644;3
"4645";4645;3
"4646";4646;1
"4647";4647;1
"4648";4648;3
"4649";4649;3
"4650";4650;3
"4651";4651;1
"4652";4652;1
"4653";4653;1
"4654";4654;3
"4655";4655;2
"4656";4656;3
"4657";4657;3
"4658";4658;3
"4659";4659;3
"4660";4660;3
"4661";4661;3
"4662";4662;3
"4663";4663;2
"4664";4664;3
"4665";4665;3
"4666";4666;3
"4667";4667;3
"4668";4668;2
"4669";4669;3
"4670";4670;3
"4671";4671;3
"4672";4672;3
"4673";4673;3
"4674";4674;3
"4675";4675;3
"4676";4676;3
"4677";4677;3
"4678";4678;3
"4679";4679;3
"4680";4680;3
"4681";4681;3
"4682";4682;3
"4683";4683;3
"4684";4684;3
"4685";4685;3
"4686";4686;3
"4687";4687;3
"4688";4688;3
"4689";4689;2
"4690";4690;3
"4691";4691;3
"4692";4692;3
"4693";4693;3
"4694";4694;3
"4695";4695;2
"4696";4696;3
"4697";4697;3
"4698";4698;3
"4699";4699;3
"4700";4700;3
"4701";4701;3
"4702";4702;1
"4703";4703;2
"4704";4704;3
"4705";4705;3
"4706";4706;3
"4707";4707;3
"4708";4708;3
"4709";4709;3
"4710";4710;3
"4711";4711;3
"4712";4712;1
"4713";4713;3
"4714";4714;3
"4715";4715;2
"4716";4716;3
"4717";4717;3
"4718";4718;3
"4719";4719;3
"4720";4720;3
"4721";4721;3
"4722";4722;3
"4723";4723;1
"4724";4724;3
"4725";4725;2
"4726";4726;3
"4727";4727;3
"4728";4728;1
"4729";4729;3
"4730";4730;1
"4731";4731;3
"4732";4732;3
"4733";4733;3
"4734";4734;3
"4735";4735;3
"4736";4736;3
"4737";4737;3
"4738";4738;3
"4739";4739;3
"4740";4740;3
"4741";4741;1
"4742";4742;1
"4743";4743;3
"4744";4744;3
"4745";4745;3
"4746";4746;3
"4747";4747;3
"4748";4748;3
"4749";4749;1
"4750";4750;3
"4751";4751;3
"4752";4752;3
"4753";4753;3
"4754";4754;3
"4755";4755;3
"4756";4756;3
"4757";4757;3
"4758";4758;3
"4759";4759;3
"4760";4760;2
"4761";4761;3
"4762";4762;3
"4763";4763;2
"4764";4764;3
"4765";4765;2
"4766";4766;3
"4767";4767;3
"4768";4768;3
"4769";4769;3
"4770";4770;3
"4771";4771;2
"4772";4772;1
"4773";4773;1
"4774";4774;2
"4775";4775;2
"4776";4776;2
"4777";4777;2
"4778";4778;2
"4779";4779;1
"4780";4780;2
"4781";4781;3
"4782";4782;2
"4783";4783;2
"4784";4784;2
"4785";4785;2
"4786";4786;1
"4787";4787;1
"4788";4788;1
"4789";4789;2
"4790";4790;2
"4791";4791;2
"4792";4792;1
"4793";4793;1
"4794";4794;1
"4795";4795;2
"4796";4796;1
"4797";4797;1
"4798";4798;2
"4799";4799;1
"4800";4800;1
"4801";4801;2
"4802";4802;2
"4803";4803;1
"4804";4804;1
"4805";4805;1
"4806";4806;2
"4807";4807;1
"4808";4808;1
"4809";4809;2
"4810";4810;3
"4811";4811;1
"4812";4812;1
"4813";4813;2
"4814";4814;2
"4815";4815;2
"4816";4816;1
"4817";4817;2
"4818";4818;2
"4819";4819;2
"4820";4820;1
"4821";4821;1
"4822";4822;1
"4823";4823;1
"4824";4824;1
"4825";4825;2
"4826";4826;2
"4827";4827;2
"4828";4828;2
"4829";4829;3
"4830";4830;3
"4831";4831;2
"4832";4832;2
"4833";4833;2
"4834";4834;1
"4835";4835;2
"4836";4836;2
"4837";4837;3
"4838";4838;2
"4839";4839;1
"4840";4840;1
"4841";4841;1
"4842";4842;2
"4843";4843;2
"4844";4844;2
"4845";4845;1
"4846";4846;1
"4847";4847;2
"4848";4848;2
"4849";4849;1
"4850";4850;1
"4851";4851;2
"4852";4852;1
"4853";4853;1
"4854";4854;1
"4855";4855;1
"4856";4856;1
"4857";4857;1
"4858";4858;2
"4859";4859;2
"4860";4860;3
"4861";4861;2
"4862";4862;2
"4863";4863;3
"4864";4864;2
"4865";4865;2
"4866";4866;3
"4867";4867;1
"4868";4868;3
"4869";4869;1
"4870";4870;1
"4871";4871;1
"4872";4872;2
"4873";4873;3
"4874";4874;2
"4875";4875;3
"4876";4876;2
"4877";4877;2
"4878";4878;1
"4879";4879;1
"4880";4880;2
"4881";4881;1
"4882";4882;2
"4883";4883;3
"4884";4884;3
"4885";4885;3
"4886";4886;2
"4887";4887;2
"4888";4888;3
"4889";4889;2
"4890";4890;2
"4891";4891;3
"4892";4892;2
"4893";4893;3
"4894";4894;2
"4895";4895;3
"4896";4896;3
"4897";4897;1
"4898";4898;3
"4899";4899;3
"4900";4900;2
"4901";4901;2
"4902";4902;3
"4903";4903;1
"4904";4904;1
"4905";4905;1
"4906";4906;1
"4907";4907;2
"4908";4908;1
"4909";4909;3
"4910";4910;2
"4911";4911;1
"4912";4912;1
"4913";4913;1
"4914";4914;1
"4915";4915;1
"4916";4916;1
"4917";4917;1
"4918";4918;2
"4919";4919;2
"4920";4920;2
"4921";4921;1
"4922";4922;2
"4923";4923;2
"4924";4924;2
"4925";4925;1
"4926";4926;1
"4927";4927;2
"4928";4928;2
"4929";4929;2
"4930";4930;2
"4931";4931;2
"4932";4932;2
"4933";4933;2
"4934";4934;2
"4935";4935;1
"4936";4936;1
"4937";4937;1
"4938";4938;1
"4939";4939;1
"4940";4940;1
"4941";4941;1
"4942";4942;1
"4943";4943;1
"4944";4944;1
"4945";4945;1
"4946";4946;1
"4947";4947;1
"4948";4948;3
"4949";4949;1
"4950";4950;1
"4951";4951;2
"4952";4952;1
"4953";4953;1
"4954";4954;1
"4955";4955;1
"4956";4956;1
"4957";4957;1
"4958";4958;1
"4959";4959;1
"4960";4960;1
"4961";4961;1
"4962";4962;1
"4963";4963;1
"4964";4964;1
"4965";4965;2
"4966";4966;1
"4967";4967;1
"4968";4968;1
"4969";4969;1
"4970";4970;1
"4971";4971;1
"4972";4972;1
"4973";4973;1
"4974";4974;2
"4975";4975;1
"4976";4976;1
"4977";4977;1
"4978";4978;1
"4979";4979;1
"4980";4980;1
"4981";4981;1
"4982";4982;1
"4983";4983;1
"4984";4984;1
"4985";4985;1
"4986";4986;1
"4987";4987;1
"4988";4988;1
"4989";4989;1
"4990";4990;1
"4991";4991;1
"4992";4992;2
"4993";4993;1
"4994";4994;1
"4995";4995;1
"4996";4996;1
"4997";4997;1
"4998";4998;1
"4999";4999;1
"5000";5000;1
"5001";5001;1
"5002";5002;1
"5003";5003;1
"5004";5004;1
"5005";5005;1
"5006";5006;1
"5007";5007;1
"5008";5008;1
"5009";5009;1
"5010";5010;1
"5011";5011;1
"5012";5012;1
"5013";5013;1
"5014";5014;1
"5015";5015;1
"5016";5016;1
"5017";5017;1
"5018";5018;1
"5019";5019;2
"5020";5020;1
"5021";5021;1
"5022";5022;1
"5023";5023;1
"5024";5024;1
"5025";5025;1
"5026";5026;2
"5027";5027;1
"5028";5028;1
"5029";5029;1
"5030";5030;1
"5031";5031;1
"5032";5032;1
"5033";5033;1
"5034";5034;1
"5035";5035;1
"5036";5036;1
"5037";5037;1
"5038";5038;1
"5039";5039;1
"5040";5040;1
"5041";5041;1
"5042";5042;1
"5043";5043;2
"5044";5044;1
"5045";5045;2
"5046";5046;1
"5047";5047;2
"5048";5048;1
"5049";5049;1
"5050";5050;1
"5051";5051;1
"5052";5052;1
"5053";5053;1
"5054";5054;2
"5055";5055;2
"5056";5056;1
"5057";5057;1
"5058";5058;2
"5059";5059;2
"5060";5060;1
"5061";5061;1
"5062";5062;2
"5063";5063;1
"5064";5064;2
"5065";5065;2
"5066";5066;2
"5067";5067;2
"5068";5068;2
"5069";5069;1
"5070";5070;1
"5071";5071;1
"5072";5072;1
"5073";5073;1
"5074";5074;2
"5075";5075;2
"5076";5076;3
"5077";5077;1
"5078";5078;1
"5079";5079;1
"5080";5080;1
"5081";5081;1
"5082";5082;1
"5083";5083;1
"5084";5084;1
"5085";5085;1
"5086";5086;1
"5087";5087;1
"5088";5088;1
"5089";5089;1
"5090";5090;1
"5091";5091;1
"5092";5092;3
"5093";5093;1
"5094";5094;3
"5095";5095;1
"5096";5096;2
"5097";5097;2
"5098";5098;1
"5099";5099;1
"5100";5100;1
"5101";5101;1
"5102";5102;1
"5103";5103;1
"5104";5104;1
"5105";5105;1
"5106";5106;1
"5107";5107;2
"5108";5108;1
"5109";5109;3
"5110";5110;2
"5111";5111;2
"5112";5112;2
"5113";5113;2
"5114";5114;3
"5115";5115;2
"5116";5116;2
"5117";5117;2
"5118";5118;2
"5119";5119;2
"5120";5120;2
"5121";5121;2
"5122";5122;2
"5123";5123;2
"5124";5124;2
"5125";5125;2
"5126";5126;2
"5127";5127;2
"5128";5128;2
"5129";5129;2
"5130";5130;2
"5131";5131;2
"5132";5132;2
"5133";5133;2
"5134";5134;3
"5135";5135;1
"5136";5136;2
"5137";5137;2
"5138";5138;2
"5139";5139;2
"5140";5140;2
"5141";5141;2
"5142";5142;3
"5143";5143;3
"5144";5144;1
"5145";5145;3
"5146";5146;3
"5147";5147;3
"5148";5148;2
"5149";5149;2
"5150";5150;3
"5151";5151;1
"5152";5152;1
"5153";5153;2
"5154";5154;2
"5155";5155;2
"5156";5156;2
"5157";5157;2
"5158";5158;1
"5159";5159;1
"5160";5160;2
"5161";5161;3
"5162";5162;3
"5163";5163;3
"5164";5164;3
"5165";5165;2
"5166";5166;3
"5167";5167;3
"5168";5168;3
"5169";5169;3
"5170";5170;3
"5171";5171;2
"5172";5172;2
"5173";5173;2
"5174";5174;2
"5175";5175;3
"5176";5176;2
"5177";5177;2
"5178";5178;2
"5179";5179;3
"5180";5180;3
"5181";5181;2
"5182";5182;1
"5183";5183;1
"5184";5184;3
"5185";5185;2
"5186";5186;3
"5187";5187;2
"5188";5188;2
"5189";5189;2
"5190";5190;3
"5191";5191;2
"5192";5192;3
"5193";5193;3
"5194";5194;2
"5195";5195;3
"5196";5196;2
"5197";5197;3
"5198";5198;3
"5199";5199;2
"5200";5200;3
"5201";5201;3
"5202";5202;2
"5203";5203;3
"5204";5204;3
"5205";5205;3
"5206";5206;3
"5207";5207;3
"5208";5208;2
"5209";5209;3
"5210";5210;3
"5211";5211;2
"5212";5212;2
"5213";5213;3
"5214";5214;3
"5215";5215;1
"5216";5216;3
"5217";5217;3
"5218";5218;3
"5219";5219;2
"5220";5220;3
"5221";5221;3
"5222";5222;2
"5223";5223;3
"5224";5224;3
"5225";5225;2
"5226";5226;3
"5227";5227;1
"5228";5228;1
"5229";5229;1
"5230";5230;1
"5231";5231;3
"5232";5232;3
"5233";5233;1
"5234";5234;2
"5235";5235;2
"5236";5236;3
"5237";5237;3
"5238";5238;2
"5239";5239;3
"5240";5240;2
"5241";5241;1
"5242";5242;1
"5243";5243;1
"5244";5244;1
"5245";5245;3
"5246";5246;3
"5247";5247;1
"5248";5248;3
"5249";5249;3
"5250";5250;3
"5251";5251;3
"5252";5252;3
"5253";5253;3
"5254";5254;3
"5255";5255;3
"5256";5256;3
"5257";5257;1
"5258";5258;2
"5259";5259;3
"5260";5260;3
"5261";5261;2
"5262";5262;3
"5263";5263;3
"5264";5264;3
"5265";5265;2
"5266";5266;1
"5267";5267;3
"5268";5268;1
"5269";5269;2
"5270";5270;2
"5271";5271;2
"5272";5272;3
"5273";5273;3
"5274";5274;3
"5275";5275;3
"5276";5276;3
"5277";5277;3
"5278";5278;3
"5279";5279;3
"5280";5280;1
"5281";5281;2
"5282";5282;1
"5283";5283;3
"5284";5284;2
"5285";5285;1
"5286";5286;3
"5287";5287;2
"5288";5288;2
"5289";5289;1
"5290";5290;3
"5291";5291;3
"5292";5292;2
"5293";5293;3
"5294";5294;3
"5295";5295;2
"5296";5296;1
"5297";5297;2
"5298";5298;3
"5299";5299;2
"5300";5300;3
"5301";5301;2
"5302";5302;1
"5303";5303;1
"5304";5304;2
"5305";5305;2
"5306";5306;3
"5307";5307;1
"5308";5308;3
"5309";5309;3
"5310";5310;1
"5311";5311;1
"5312";5312;1
"5313";5313;3
"5314";5314;3
"5315";5315;3
"5316";5316;3
"5317";5317;1
"5318";5318;3
"5319";5319;3
"5320";5320;3
"5321";5321;1
"5322";5322;3
"5323";5323;1
"5324";5324;3
"5325";5325;3
"5326";5326;3
"5327";5327;1
"5328";5328;1
"5329";5329;3
"5330";5330;1
"5331";5331;1
"5332";5332;3
"5333";5333;1
"5334";5334;1
"5335";5335;3
"5336";5336;3
"5337";5337;3
"5338";5338;3
"5339";5339;3
"5340";5340;3
"5341";5341;3
"5342";5342;1
"5343";5343;3
"5344";5344;3
"5345";5345;3
"5346";5346;3
"5347";5347;3
"5348";5348;3
"5349";5349;1
"5350";5350;3
"5351";5351;3
"5352";5352;3
"5353";5353;3
"5354";5354;3
"5355";5355;3
"5356";5356;3
"5357";5357;3
"5358";5358;3
"5359";5359;3
"5360";5360;3
"5361";5361;2
"5362";5362;3
"5363";5363;3
"5364";5364;3
"5365";5365;3
"5366";5366;3
"5367";5367;3
"5368";5368;3
"5369";5369;3
"5370";5370;3
"5371";5371;3
"5372";5372;3
"5373";5373;3
"5374";5374;3
"5375";5375;3
"5376";5376;3
"5377";5377;1
"5378";5378;3
"5379";5379;3
"5380";5380;3
"5381";5381;3
"5382";5382;2
"5383";5383;2
"5384";5384;3
"5385";5385;3
"5386";5386;3
"5387";5387;3
"5388";5388;3
"5389";5389;3
"5390";5390;3
"5391";5391;3
"5392";5392;3
"5393";5393;3
"5394";5394;3
"5395";5395;3
"5396";5396;3
"5397";5397;3
"5398";5398;3
"5399";5399;1
"5400";5400;3
"5401";5401;3
"5402";5402;3
"5403";5403;1
"5404";5404;3
"5405";5405;3
"5406";5406;3
"5407";5407;3
"5408";5408;3
"5409";5409;1
"5410";5410;1
"5411";5411;1
"5412";5412;1
"5413";5413;1
"5414";5414;1
"5415";5415;1
"5416";5416;1
"5417";5417;1
"5418";5418;1
"5419";5419;1
"5420";5420;1
"5421";5421;1
"5422";5422;1
"5423";5423;1
"5424";5424;1
"5425";5425;1
"5426";5426;2
"5427";5427;2
"5428";5428;1
"5429";5429;1
"5430";5430;1
"5431";5431;1
"5432";5432;2
"5433";5433;1
"5434";5434;1
"5435";5435;1
"5436";5436;1
"5437";5437;1
"5438";5438;1
"5439";5439;2
"5440";5440;1
"5441";5441;1
"5442";5442;3
"5443";5443;2
"5444";5444;1
"5445";5445;3
"5446";5446;1
"5447";5447;1
"5448";5448;1
"5449";5449;1
"5450";5450;1
"5451";5451;3
"5452";5452;1
"5453";5453;1
"5454";5454;3
"5455";5455;3
"5456";5456;1
"5457";5457;1
"5458";5458;3
"5459";5459;2
"5460";5460;1
"5461";5461;1
"5462";5462;1
"5463";5463;1
"5464";5464;2
"5465";5465;1
"5466";5466;1
"5467";5467;2
"5468";5468;1
"5469";5469;1
"5470";5470;1
"5471";5471;1
"5472";5472;3
"5473";5473;1
"5474";5474;3
"5475";5475;3
"5476";5476;1
"5477";5477;1
"5478";5478;3
"5479";5479;1
"5480";5480;1
"5481";5481;2
"5482";5482;1
"5483";5483;3
"5484";5484;3
"5485";5485;3
"5486";5486;2
"5487";5487;2
"5488";5488;2
"5489";5489;3
"5490";5490;2
"5491";5491;3
"5492";5492;3
"5493";5493;3
"5494";5494;3
"5495";5495;3
"5496";5496;2
"5497";5497;2
"5498";5498;3
"5499";5499;3
"5500";5500;1
"5501";5501;1
"5502";5502;1
"5503";5503;1
"5504";5504;1
"5505";5505;1
"5506";5506;1
"5507";5507;2
"5508";5508;2
"5509";5509;2
"5510";5510;2
"5511";5511;1
"5512";5512;1
"5513";5513;3
"5514";5514;1
"5515";5515;1
"5516";5516;1
"5517";5517;3
"5518";5518;1
"5519";5519;3
"5520";5520;3
"5521";5521;1
"5522";5522;2
"5523";5523;2
"5524";5524;2
"5525";5525;3
"5526";5526;1
"5527";5527;2
"5528";5528;2
"5529";5529;2
"5530";5530;3
"5531";5531;1
"5532";5532;1
"5533";5533;1
"5534";5534;1
"5535";5535;2
"5536";5536;1
"5537";5537;2
"5538";5538;1
"5539";5539;2
"5540";5540;1
"5541";5541;1
"5542";5542;1
"5543";5543;1
"5544";5544;1
"5545";5545;1
"5546";5546;1
"5547";5547;1
"5548";5548;1
"5549";5549;1
"5550";5550;1
"5551";5551;1
"5552";5552;1
"5553";5553;1
"5554";5554;1
"5555";5555;1
"5556";5556;1
"5557";5557;1
"5558";5558;1
"5559";5559;1
"5560";5560;1
"5561";5561;1
"5562";5562;1
"5563";5563;1
"5564";5564;1
"5565";5565;1
"5566";5566;1
"5567";5567;1
"5568";5568;1
"5569";5569;1
"5570";5570;1
"5571";5571;1
"5572";5572;1
"5573";5573;1
"5574";5574;1
"5575";5575;1
"5576";5576;1
"5577";5577;1
"5578";5578;1
"5579";5579;3
"5580";5580;1
"5581";5581;1
"5582";5582;1
"5583";5583;1
"5584";5584;1
"5585";5585;2
"5586";5586;1
"5587";5587;1
"5588";5588;1
"5589";5589;1
"5590";5590;2
"5591";5591;2
"5592";5592;1
"5593";5593;1
"5594";5594;1
"5595";5595;3
"5596";5596;1
"5597";5597;1
"5598";5598;1
"5599";5599;3
"5600";5600;3
"5601";5601;2
"5602";5602;1
"5603";5603;1
"5604";5604;1
"5605";5605;1
"5606";5606;1
"5607";5607;1
"5608";5608;1
"5609";5609;1
"5610";5610;1
"5611";5611;1
"5612";5612;1
"5613";5613;1
"5614";5614;1
"5615";5615;1
"5616";5616;1
"5617";5617;1
"5618";5618;1
"5619";5619;1
"5620";5620;2
"5621";5621;1
"5622";5622;1
"5623";5623;1
"5624";5624;1
"5625";5625;1
"5626";5626;3
"5627";5627;1
"5628";5628;1
"5629";5629;1
"5630";5630;1
"5631";5631;1
"5632";5632;1
"5633";5633;1
"5634";5634;2
"5635";5635;1
"5636";5636;2
"5637";5637;1
"5638";5638;1
"5639";5639;1
"5640";5640;2
"5641";5641;3
"5642";5642;2
"5643";5643;2
"5644";5644;1
"5645";5645;2
"5646";5646;2
"5647";5647;3
"5648";5648;1
"5649";5649;1
"5650";5650;2
"5651";5651;2
"5652";5652;1
"5653";5653;1
"5654";5654;2
"5655";5655;1
"5656";5656;1
"5657";5657;2
"5658";5658;1
"5659";5659;1
"5660";5660;1
"5661";5661;1
"5662";5662;1
"5663";5663;1
"5664";5664;1
"5665";5665;1
"5666";5666;2
"5667";5667;1
"5668";5668;1
"5669";5669;1
"5670";5670;1
"5671";5671;1
"5672";5672;1
"5673";5673;2
"5674";5674;2
"5675";5675;2
"5676";5676;2
"5677";5677;2
"5678";5678;2
"5679";5679;2
"5680";5680;2
"5681";5681;1
"5682";5682;2
"5683";5683;1
"5684";5684;2
"5685";5685;3
"5686";5686;1
"5687";5687;3
"5688";5688;2
"5689";5689;3
"5690";5690;2
"5691";5691;2
"5692";5692;2
"5693";5693;2
"5694";5694;2
"5695";5695;2
"5696";5696;2
"5697";5697;1
"5698";5698;2
"5699";5699;2
"5700";5700;2
"5701";5701;2
"5702";5702;2
"5703";5703;2
"5704";5704;3
"5705";5705;1
"5706";5706;1
"5707";5707;3
"5708";5708;1
"5709";5709;1
"5710";5710;3
"5711";5711;1
"5712";5712;1
"5713";5713;1
"5714";5714;3
"5715";5715;1
"5716";5716;1
"5717";5717;1
"5718";5718;2
"5719";5719;2
"5720";5720;2
"5721";5721;3
"5722";5722;1
"5723";5723;3
"5724";5724;2
"5725";5725;2
"5726";5726;2
"5727";5727;2
"5728";5728;2
"5729";5729;1
"5730";5730;2
"5731";5731;1
"5732";5732;2
"5733";5733;3
"5734";5734;1
"5735";5735;3
"5736";5736;3
"5737";5737;1
"5738";5738;3
"5739";5739;3
"5740";5740;3
"5741";5741;3
"5742";5742;1
"5743";5743;3
"5744";5744;3
"5745";5745;3
"5746";5746;1
"5747";5747;1
"5748";5748;2
"5749";5749;1
"5750";5750;2
"5751";5751;1
"5752";5752;2
"5753";5753;1
"5754";5754;3
"5755";5755;3
"5756";5756;1
"5757";5757;2
"5758";5758;3
"5759";5759;3
"5760";5760;3
"5761";5761;3
"5762";5762;3
"5763";5763;3
"5764";5764;3
"5765";5765;2
"5766";5766;3
"5767";5767;1
"5768";5768;3
"5769";5769;1
"5770";5770;2
"5771";5771;1
"5772";5772;3
"5773";5773;2
"5774";5774;2
"5775";5775;2
"5776";5776;1
"5777";5777;3
"5778";5778;3
"5779";5779;3
"5780";5780;1
"5781";5781;2
"5782";5782;2
"5783";5783;2
"5784";5784;2
"5785";5785;3
"5786";5786;3
"5787";5787;1
"5788";5788;3
"5789";5789;3
"5790";5790;3
"5791";5791;1
"5792";5792;2
"5793";5793;1
"5794";5794;3
"5795";5795;2
"5796";5796;3
"5797";5797;3
"5798";5798;3
"5799";5799;3
"5800";5800;3
"5801";5801;3
"5802";5802;1
"5803";5803;3
"5804";5804;3
"5805";5805;1
"5806";5806;3
"5807";5807;2
"5808";5808;3
"5809";5809;3
"5810";5810;3
"5811";5811;2
"5812";5812;2
"5813";5813;2
"5814";5814;2
"5815";5815;2
"5816";5816;3
"5817";5817;3
"5818";5818;2
"5819";5819;2
"5820";5820;2
"5821";5821;2
"5822";5822;2
"5823";5823;2
"5824";5824;2
"5825";5825;2
"5826";5826;2
"5827";5827;2
"5828";5828;2
"5829";5829;2
"5830";5830;2
"5831";5831;2
"5832";5832;2
"5833";5833;2
"5834";5834;3
"5835";5835;3
"5836";5836;2
"5837";5837;2
"5838";5838;3
"5839";5839;3
"5840";5840;2
"5841";5841;3
"5842";5842;3
"5843";5843;3
"5844";5844;2
"5845";5845;2
"5846";5846;2
"5847";5847;2
"5848";5848;1
"5849";5849;1
"5850";5850;1
"5851";5851;1
"5852";5852;1
"5853";5853;1
"5854";5854;1
"5855";5855;3
"5856";5856;1
"5857";5857;3
"5858";5858;1
"5859";5859;2
"5860";5860;3
"5861";5861;2
"5862";5862;3
"5863";5863;3
"5864";5864;3
"5865";5865;1
"5866";5866;3
"5867";5867;3
"5868";5868;3
"5869";5869;1
"5870";5870;3
"5871";5871;3
"5872";5872;3
"5873";5873;3
"5874";5874;1
"5875";5875;1
"5876";5876;2
"5877";5877;1
"5878";5878;1
"5879";5879;1
"5880";5880;1
"5881";5881;1
"5882";5882;3
"5883";5883;1
"5884";5884;1
"5885";5885;2
"5886";5886;1
"5887";5887;3
"5888";5888;1
"5889";5889;1
"5890";5890;3
"5891";5891;2
"5892";5892;3
"5893";5893;3
"5894";5894;1
"5895";5895;3
"5896";5896;1
"5897";5897;3
"5898";5898;3
"5899";5899;1
"5900";5900;3
"5901";5901;1
"5902";5902;1
"5903";5903;1
"5904";5904;1
"5905";5905;1
"5906";5906;1
"5907";5907;1
"5908";5908;1
"5909";5909;2
"5910";5910;2
"5911";5911;1
"5912";5912;2
"5913";5913;1
"5914";5914;1
"5915";5915;1
"5916";5916;1
"5917";5917;1
"5918";5918;1
"5919";5919;1
"5920";5920;2
"5921";5921;1
"5922";5922;1
"5923";5923;3
"5924";5924;1
"5925";5925;1
"5926";5926;1
"5927";5927;1
"5928";5928;1
"5929";5929;2
"5930";5930;1
"5931";5931;1
"5932";5932;1
"5933";5933;1
"5934";5934;1
"5935";5935;1
"5936";5936;1
"5937";5937;1
"5938";5938;1
"5939";5939;1
"5940";5940;1
"5941";5941;1
"5942";5942;1
"5943";5943;1
"5944";5944;1
"5945";5945;1
"5946";5946;1
"5947";5947;1
"5948";5948;1
"5949";5949;1
"5950";5950;1
"5951";5951;1
"5952";5952;1
"5953";5953;1
"5954";5954;1
"5955";5955;1
"5956";5956;1
"5957";5957;1
"5958";5958;1
"5959";5959;1
"5960";5960;1
"5961";5961;1
"5962";5962;1
"5963";5963;1
"5964";5964;1
"5965";5965;3
"5966";5966;1
"5967";5967;1
"5968";5968;1
"5969";5969;1
"5970";5970;1
"5971";5971;1
"5972";5972;1
"5973";5973;1
"5974";5974;1
"5975";5975;1
"5976";5976;1
"5977";5977;1
"5978";5978;1
"5979";5979;1
"5980";5980;1
"5981";5981;2
"5982";5982;1
"5983";5983;1
"5984";5984;1
"5985";5985;1
"5986";5986;1
"5987";5987;1
"5988";5988;1
"5989";5989;1
"5990";5990;1
"5991";5991;1
"5992";5992;1
"5993";5993;1
"5994";5994;1
"5995";5995;1
"5996";5996;1
"5997";5997;1
"5998";5998;1
"5999";5999;1
"6000";6000;1
"6001";6001;1
"6002";6002;1
"6003";6003;1
"6004";6004;1
"6005";6005;1
"6006";6006;1
"6007";6007;1
"6008";6008;1
"6009";6009;1
"6010";6010;1
"6011";6011;1
"6012";6012;1
"6013";6013;1
"6014";6014;2
"6015";6015;1
"6016";6016;1
"6017";6017;1
"6018";6018;1
"6019";6019;1
"6020";6020;1
"6021";6021;1
"6022";6022;1
"6023";6023;1
"6024";6024;1
"6025";6025;1
"6026";6026;2
"6027";6027;1
"6028";6028;1
"6029";6029;1
"6030";6030;1
"6031";6031;1
"6032";6032;1
"6033";6033;1
"6034";6034;1
"6035";6035;3
"6036";6036;2
"6037";6037;1
"6038";6038;1
"6039";6039;1
"6040";6040;1
"6041";6041;1
"6042";6042;2
"6043";6043;1
"6044";6044;1
"6045";6045;1
"6046";6046;1
"6047";6047;1
"6048";6048;1
"6049";6049;1
"6050";6050;1
"6051";6051;2
"6052";6052;1
"6053";6053;1
"6054";6054;1
"6055";6055;1
"6056";6056;1
"6057";6057;1
"6058";6058;1
"6059";6059;1
"6060";6060;1
"6061";6061;1
"6062";6062;1
"6063";6063;1
"6064";6064;1
"6065";6065;1
"6066";6066;1
"6067";6067;3
"6068";6068;1
"6069";6069;1
"6070";6070;1
"6071";6071;1
"6072";6072;1
"6073";6073;1
"6074";6074;1
"6075";6075;1
"6076";6076;1
"6077";6077;1
"6078";6078;1
"6079";6079;1
"6080";6080;1
"6081";6081;3
"6082";6082;1
"6083";6083;1
"6084";6084;1
"6085";6085;3
"6086";6086;3
"6087";6087;3
"6088";6088;2
"6089";6089;1
"6090";6090;1
"6091";6091;1
"6092";6092;1
"6093";6093;1
"6094";6094;2
"6095";6095;1
"6096";6096;1
"6097";6097;1
"6098";6098;1
"6099";6099;1
"6100";6100;1
"6101";6101;1
"6102";6102;2
"6103";6103;2
"6104";6104;2
"6105";6105;2
"6106";6106;2
"6107";6107;2
"6108";6108;2
"6109";6109;1
"6110";6110;1
"6111";6111;1
"6112";6112;2
"6113";6113;2
"6114";6114;2
"6115";6115;2
"6116";6116;2
"6117";6117;3
"6118";6118;3
"6119";6119;3
"6120";6120;3
"6121";6121;2
"6122";6122;1
"6123";6123;1
"6124";6124;2
"6125";6125;2
"6126";6126;2
"6127";6127;3
"6128";6128;2
"6129";6129;2
"6130";6130;2
"6131";6131;2
"6132";6132;2
"6133";6133;2
"6134";6134;2
"6135";6135;2
"6136";6136;2
"6137";6137;1
"6138";6138;3
"6139";6139;3
"6140";6140;2
"6141";6141;1
"6142";6142;3
"6143";6143;2
"6144";6144;1
"6145";6145;2
"6146";6146;1
"6147";6147;1
"6148";6148;2
"6149";6149;2
"6150";6150;1
"6151";6151;1
"6152";6152;2
"6153";6153;1
"6154";6154;1
"6155";6155;1
"6156";6156;2
"6157";6157;1
"6158";6158;1
"6159";6159;1
"6160";6160;1
"6161";6161;1
"6162";6162;2
"6163";6163;2
"6164";6164;2
"6165";6165;2
"6166";6166;1
"6167";6167;2
"6168";6168;1
"6169";6169;1
"6170";6170;2
"6171";6171;2
"6172";6172;1
"6173";6173;2
"6174";6174;1
"6175";6175;3
"6176";6176;1
"6177";6177;2
"6178";6178;2
"6179";6179;2
"6180";6180;2
"6181";6181;2
"6182";6182;1
"6183";6183;2
"6184";6184;1
"6185";6185;2
"6186";6186;2
"6187";6187;2
"6188";6188;1
"6189";6189;2
"6190";6190;2
"6191";6191;2
"6192";6192;2
"6193";6193;2
"6194";6194;2
"6195";6195;2
"6196";6196;2
"6197";6197;2
"6198";6198;1
"6199";6199;1
"6200";6200;1
"6201";6201;1
"6202";6202;2
"6203";6203;1
"6204";6204;1
"6205";6205;2
"6206";6206;2
"6207";6207;2
"6208";6208;1
"6209";6209;3
"6210";6210;1
"6211";6211;1
"6212";6212;1
"6213";6213;3
"6214";6214;1
"6215";6215;2
"6216";6216;2
"6217";6217;1
"6218";6218;2
"6219";6219;1
"6220";6220;2
"6221";6221;2
"6222";6222;2
"6223";6223;2
"6224";6224;2
"6225";6225;2
"6226";6226;2
"6227";6227;1
"6228";6228;1
"6229";6229;3
"6230";6230;2
"6231";6231;2
"6232";6232;3
"6233";6233;3
"6234";6234;2
"6235";6235;3
"6236";6236;2
"6237";6237;2
"6238";6238;3
"6239";6239;3
"6240";6240;2
"6241";6241;3
"6242";6242;3
"6243";6243;2
"6244";6244;2
"6245";6245;2
"6246";6246;2
"6247";6247;3
"6248";6248;3
"6249";6249;2
"6250";6250;3
"6251";6251;3
"6252";6252;3
"6253";6253;3
"6254";6254;2
"6255";6255;2
"6256";6256;2
"6257";6257;2
"6258";6258;2
"6259";6259;3
"6260";6260;2
"6261";6261;3
"6262";6262;2
"6263";6263;2
"6264";6264;2
"6265";6265;2
"6266";6266;3
"6267";6267;2
"6268";6268;3
"6269";6269;3
"6270";6270;2
"6271";6271;2
"6272";6272;3
"6273";6273;3
"6274";6274;2
"6275";6275;2
"6276";6276;2
"6277";6277;3
"6278";6278;2
"6279";6279;2
"6280";6280;2
"6281";6281;2
"6282";6282;2
"6283";6283;1
"6284";6284;2
"6285";6285;2
"6286";6286;3
"6287";6287;3
"6288";6288;3
"6289";6289;3
"6290";6290;2
"6291";6291;2
"6292";6292;2
"6293";6293;2
"6294";6294;2
"6295";6295;3
"6296";6296;1
"6297";6297;2
"6298";6298;2
"6299";6299;3
"6300";6300;2
"6301";6301;3
"6302";6302;2
"6303";6303;2
"6304";6304;2
"6305";6305;3
"6306";6306;2
"6307";6307;2
"6308";6308;1
"6309";6309;2
"6310";6310;2
"6311";6311;2
"6312";6312;3
"6313";6313;1
"6314";6314;3
"6315";6315;1
"6316";6316;1
"6317";6317;1
"6318";6318;1
"6319";6319;3
"6320";6320;3
"6321";6321;1
"6322";6322;1
"6323";6323;2
"6324";6324;3
"6325";6325;1
"6326";6326;1
"6327";6327;3
"6328";6328;1
"6329";6329;1
"6330";6330;1
"6331";6331;1
"6332";6332;1
"6333";6333;1
"6334";6334;3
"6335";6335;3
"6336";6336;3
"6337";6337;3
"6338";6338;3
"6339";6339;3
"6340";6340;1
"6341";6341;2
"6342";6342;2
"6343";6343;2
"6344";6344;2
"6345";6345;1
"6346";6346;2
"6347";6347;2
"6348";6348;2
"6349";6349;2
"6350";6350;2
"6351";6351;2
"6352";6352;2
"6353";6353;1
"6354";6354;3
"6355";6355;2
"6356";6356;1
"6357";6357;2
"6358";6358;3
"6359";6359;2
"6360";6360;1
"6361";6361;1
"6362";6362;3
"6363";6363;2
"6364";6364;3
"6365";6365;3
"6366";6366;2
"6367";6367;3
"6368";6368;3
"6369";6369;3
"6370";6370;3
"6371";6371;3
"6372";6372;3
"6373";6373;3
"6374";6374;3
"6375";6375;3
"6376";6376;2
"6377";6377;3
"6378";6378;2
"6379";6379;2
"6380";6380;2
"6381";6381;2
"6382";6382;3
"6383";6383;2
"6384";6384;2
"6385";6385;2
"6386";6386;3
"6387";6387;2
"6388";6388;3
"6389";6389;2
"6390";6390;2
"6391";6391;2
"6392";6392;2
"6393";6393;2
"6394";6394;2
"6395";6395;3
"6396";6396;2
"6397";6397;2
"6398";6398;2
"6399";6399;1
"6400";6400;3
"6401";6401;2
"6402";6402;1
"6403";6403;2
"6404";6404;2
"6405";6405;2
"6406";6406;2
"6407";6407;3
"6408";6408;1
"6409";6409;1
"6410";6410;3
"6411";6411;2
"6412";6412;1
"6413";6413;3
"6414";6414;1
"6415";6415;3
"6416";6416;3
"6417";6417;1
"6418";6418;2
"6419";6419;2
"6420";6420;2
"6421";6421;1
"6422";6422;2
"6423";6423;2
"6424";6424;1
"6425";6425;3
"6426";6426;1
"6427";6427;2
"6428";6428;3
"6429";6429;1
"6430";6430;1
"6431";6431;1
"6432";6432;3
"6433";6433;3
"6434";6434;3
"6435";6435;1
"6436";6436;1
"6437";6437;1
"6438";6438;1
"6439";6439;1
"6440";6440;2
"6441";6441;1
"6442";6442;1
"6443";6443;1
"6444";6444;2
"6445";6445;2
"6446";6446;3
"6447";6447;3
"6448";6448;1
"6449";6449;2
"6450";6450;1
"6451";6451;1
"6452";6452;2
"6453";6453;1
"6454";6454;1
"6455";6455;1
"6456";6456;2
"6457";6457;2
"6458";6458;2
"6459";6459;2
"6460";6460;2
"6461";6461;3
"6462";6462;2
"6463";6463;2
"6464";6464;2
"6465";6465;2
"6466";6466;3
"6467";6467;2
"6468";6468;3
"6469";6469;2
"6470";6470;2
"6471";6471;2
"6472";6472;1
"6473";6473;2
"6474";6474;2
"6475";6475;2
"6476";6476;2
"6477";6477;2
"6478";6478;2
"6479";6479;2
"6480";6480;2
"6481";6481;2
"6482";6482;2
"6483";6483;2
"6484";6484;2
"6485";6485;2
"6486";6486;1
"6487";6487;1
"6488";6488;1
"6489";6489;3
"6490";6490;3
"6491";6491;2
"6492";6492;3
"6493";6493;2
"6494";6494;3
"6495";6495;1
"6496";6496;1
"6497";6497;1
"6498";6498;1
"6499";6499;2
"6500";6500;1
"6501";6501;1
"6502";6502;2
"6503";6503;3
"6504";6504;3
"6505";6505;1
"6506";6506;2
"6507";6507;1
"6508";6508;1
"6509";6509;2
"6510";6510;1
"6511";6511;1
"6512";6512;2
"6513";6513;1
"6514";6514;2
"6515";6515;1
"6516";6516;2
"6517";6517;1
"6518";6518;2
"6519";6519;2
"6520";6520;1
"6521";6521;2
"6522";6522;1
"6523";6523;1
"6524";6524;1
"6525";6525;1
"6526";6526;2
"6527";6527;1
"6528";6528;1
"6529";6529;1
"6530";6530;2
"6531";6531;1
"6532";6532;2
"6533";6533;2
"6534";6534;2
"6535";6535;3
"6536";6536;2
"6537";6537;2
"6538";6538;3
"6539";6539;2
"6540";6540;1
"6541";6541;3
"6542";6542;2
"6543";6543;2
"6544";6544;2
"6545";6545;1
"6546";6546;2
"6547";6547;2
"6548";6548;2
"6549";6549;2
"6550";6550;1
"6551";6551;2
"6552";6552;3
"6553";6553;3
"6554";6554;3
"6555";6555;2
"6556";6556;3
"6557";6557;3
"6558";6558;1
"6559";6559;3
"6560";6560;2
"6561";6561;3
"6562";6562;3
"6563";6563;3
"6564";6564;3
"6565";6565;2
"6566";6566;2
"6567";6567;2
"6568";6568;2
"6569";6569;2
"6570";6570;2
"6571";6571;1
"6572";6572;2
"6573";6573;1
"6574";6574;3
"6575";6575;3
"6576";6576;1
"6577";6577;1
"6578";6578;2
"6579";6579;3
"6580";6580;2
"6581";6581;2
"6582";6582;3
"6583";6583;2
"6584";6584;2
"6585";6585;1
"6586";6586;1
"6587";6587;2
"6588";6588;2
"6589";6589;1
"6590";6590;3
"6591";6591;3
"6592";6592;2
"6593";6593;2
"6594";6594;2
"6595";6595;2
"6596";6596;3
"6597";6597;2
"6598";6598;2
"6599";6599;2
"6600";6600;2
"6601";6601;2
"6602";6602;1
"6603";6603;3
"6604";6604;2
"6605";6605;2
"6606";6606;2
"6607";6607;1
"6608";6608;2
"6609";6609;2
"6610";6610;2
"6611";6611;2
"6612";6612;2
"6613";6613;3
"6614";6614;1
"6615";6615;2
"6616";6616;2
"6617";6617;2
"6618";6618;2
"6619";6619;2
"6620";6620;3
"6621";6621;2
"6622";6622;2
"6623";6623;2
"6624";6624;2
"6625";6625;2
"6626";6626;2
"6627";6627;2
"6628";6628;2
"6629";6629;3
"6630";6630;1
"6631";6631;2
"6632";6632;2
"6633";6633;1
"6634";6634;1
"6635";6635;2
"6636";6636;2
"6637";6637;2
"6638";6638;1
"6639";6639;1
"6640";6640;1
"6641";6641;1
"6642";6642;1
"6643";6643;1
"6644";6644;2
"6645";6645;2
"6646";6646;2
"6647";6647;2
"6648";6648;1
"6649";6649;2
"6650";6650;1
"6651";6651;2
"6652";6652;1
"6653";6653;1
"6654";6654;1
"6655";6655;1
"6656";6656;2
"6657";6657;1
"6658";6658;1
"6659";6659;1
"6660";6660;1
"6661";6661;1
"6662";6662;2
"6663";6663;1
"6664";6664;2
"6665";6665;1
"6666";6666;1
"6667";6667;1
"6668";6668;3
"6669";6669;2
"6670";6670;2
"6671";6671;2
"6672";6672;2
"6673";6673;2
"6674";6674;2
"6675";6675;3
"6676";6676;3
"6677";6677;1
"6678";6678;1
"6679";6679;2
"6680";6680;3
"6681";6681;2
"6682";6682;1
"6683";6683;2
"6684";6684;2
"6685";6685;2
"6686";6686;2
"6687";6687;1
"6688";6688;2
"6689";6689;2
"6690";6690;1
"6691";6691;1
"6692";6692;1
"6693";6693;1
"6694";6694;1
"6695";6695;1
"6696";6696;1
"6697";6697;2
"6698";6698;1
"6699";6699;3
"6700";6700;1
"6701";6701;1
"6702";6702;2
"6703";6703;3
"6704";6704;3
"6705";6705;1
"6706";6706;2
"6707";6707;3
"6708";6708;2
"6709";6709;3
"6710";6710;2
"6711";6711;1
"6712";6712;2
"6713";6713;2
"6714";6714;2
"6715";6715;2
"6716";6716;2
"6717";6717;2
"6718";6718;2
"6719";6719;2
"6720";6720;2
"6721";6721;2
"6722";6722;2
"6723";6723;2
"6724";6724;2
"6725";6725;2
"6726";6726;2
"6727";6727;1
"6728";6728;2
"6729";6729;1
"6730";6730;1
"6731";6731;1
"6732";6732;1
"6733";6733;2
"6734";6734;2
"6735";6735;2
"6736";6736;2
"6737";6737;2
"6738";6738;3
"6739";6739;2
"6740";6740;2
"6741";6741;2
"6742";6742;2
"6743";6743;2
"6744";6744;2
"6745";6745;1
"6746";6746;2
"6747";6747;2
"6748";6748;2
"6749";6749;2
"6750";6750;2
"6751";6751;2
"6752";6752;2
"6753";6753;2
"6754";6754;1
"6755";6755;2
"6756";6756;1
"6757";6757;1
"6758";6758;1
"6759";6759;2
"6760";6760;2
"6761";6761;1
"6762";6762;1
"6763";6763;2
"6764";6764;2
"6765";6765;2
"6766";6766;1
"6767";6767;2
"6768";6768;2
"6769";6769;2
"6770";6770;2
"6771";6771;2
"6772";6772;2
"6773";6773;2
"6774";6774;3
"6775";6775;2
"6776";6776;2
"6777";6777;1
"6778";6778;1
"6779";6779;2
"6780";6780;1
"6781";6781;2
"6782";6782;2
"6783";6783;3
"6784";6784;2
"6785";6785;2
"6786";6786;1
"6787";6787;3
"6788";6788;1
"6789";6789;1
"6790";6790;1
"6791";6791;2
"6792";6792;1
"6793";6793;2
"6794";6794;2
"6795";6795;1
"6796";6796;2
"6797";6797;1
"6798";6798;1
"6799";6799;1
"6800";6800;1
"6801";6801;1
"6802";6802;2
"6803";6803;2
"6804";6804;2
"6805";6805;2
"6806";6806;2
"6807";6807;2
"6808";6808;1
"6809";6809;2
"6810";6810;2
"6811";6811;2
"6812";6812;3
"6813";6813;1
"6814";6814;1
"6815";6815;1
"6816";6816;1
"6817";6817;1
"6818";6818;1
"6819";6819;2
"6820";6820;1
"6821";6821;1
"6822";6822;3
"6823";6823;3
"6824";6824;1
"6825";6825;1
"6826";6826;1
"6827";6827;2
"6828";6828;2
"6829";6829;1
"6830";6830;2
"6831";6831;1
"6832";6832;1
"6833";6833;1
"6834";6834;1
"6835";6835;1
"6836";6836;1
"6837";6837;1
"6838";6838;1
"6839";6839;1
"6840";6840;1
"6841";6841;1
"6842";6842;3
"6843";6843;2
"6844";6844;3
"6845";6845;1
"6846";6846;1
"6847";6847;1
"6848";6848;1
"6849";6849;1
"6850";6850;2
"6851";6851;2
"6852";6852;2
"6853";6853;1
"6854";6854;1
"6855";6855;3
"6856";6856;2
"6857";6857;2
"6858";6858;1
"6859";6859;1
"6860";6860;2
"6861";6861;2
"6862";6862;1
"6863";6863;1
"6864";6864;2
"6865";6865;1
"6866";6866;1
"6867";6867;1
"6868";6868;1
"6869";6869;3
"6870";6870;1
"6871";6871;2
"6872";6872;1
"6873";6873;1
"6874";6874;2
"6875";6875;2
"6876";6876;2
"6877";6877;2
"6878";6878;1
"6879";6879;2
"6880";6880;1
"6881";6881;1
"6882";6882;2
"6883";6883;1
"6884";6884;1
"6885";6885;1
"6886";6886;2
"6887";6887;2
"6888";6888;3
"6889";6889;2
"6890";6890;3
"6891";6891;1
"6892";6892;3
"6893";6893;2
"6894";6894;1
"6895";6895;2
"6896";6896;1
"6897";6897;2
"6898";6898;1
"6899";6899;2
"6900";6900;1
"6901";6901;2
"6902";6902;1
"6903";6903;2
"6904";6904;1
"6905";6905;2
"6906";6906;1
"6907";6907;2
"6908";6908;2
"6909";6909;2
"6910";6910;1
"6911";6911;1
"6912";6912;1
"6913";6913;1
"6914";6914;1
"6915";6915;1
"6916";6916;1
"6917";6917;1
"6918";6918;1
"6919";6919;1
"6920";6920;1
"6921";6921;2
"6922";6922;2
"6923";6923;2
"6924";6924;2
"6925";6925;2
"6926";6926;1
"6927";6927;1
"6928";6928;2
"6929";6929;2
"6930";6930;1
"6931";6931;2
"6932";6932;1
"6933";6933;1
"6934";6934;1
"6935";6935;1
"6936";6936;1
"6937";6937;1
"6938";6938;2
"6939";6939;1
"6940";6940;2
"6941";6941;1
"6942";6942;2
"6943";6943;2
"6944";6944;1
"6945";6945;1
"6946";6946;1
"6947";6947;2
"6948";6948;2
"6949";6949;2
"6950";6950;1
"6951";6951;2
"6952";6952;2
"6953";6953;2
"6954";6954;2
"6955";6955;3
"6956";6956;2
"6957";6957;1
"6958";6958;1
"6959";6959;2
"6960";6960;2
"6961";6961;1
"6962";6962;3
"6963";6963;3
"6964";6964;3
"6965";6965;3
"6966";6966;2
"6967";6967;2
"6968";6968;1
"6969";6969;1
"6970";6970;1
"6971";6971;1
"6972";6972;2
"6973";6973;1
"6974";6974;1
"6975";6975;1
"6976";6976;2
"6977";6977;3
"6978";6978;2
"6979";6979;1
"6980";6980;3
"6981";6981;2
"6982";6982;2
"6983";6983;2
"6984";6984;2
"6985";6985;2
"6986";6986;1
"6987";6987;2
"6988";6988;1
"6989";6989;1
"6990";6990;2
"6991";6991;1
"6992";6992;1
"6993";6993;3
"6994";6994;2
"6995";6995;3
"6996";6996;1
"6997";6997;2
"6998";6998;1
"6999";6999;1
"7000";7000;2
"7001";7001;1
"7002";7002;1
"7003";7003;2
"7004";7004;2
"7005";7005;1
"7006";7006;3
"7007";7007;2
"7008";7008;3
"7009";7009;2
"7010";7010;2
"7011";7011;1
"7012";7012;3
"7013";7013;2
"7014";7014;3
"7015";7015;2
"7016";7016;3
"7017";7017;1
"7018";7018;1
"7019";7019;1
"7020";7020;3
"7021";7021;3
"7022";7022;3
"7023";7023;1
"7024";7024;2
"7025";7025;2
"7026";7026;2
"7027";7027;3
"7028";7028;1
"7029";7029;2
"7030";7030;3
"7031";7031;3
"7032";7032;3
"7033";7033;2
"7034";7034;1
"7035";7035;2
"7036";7036;2
"7037";7037;1
"7038";7038;3
"7039";7039;2
"7040";7040;3
"7041";7041;2
"7042";7042;1
"7043";7043;2
"7044";7044;2
"7045";7045;1
"7046";7046;1
"7047";7047;1
"7048";7048;1
"7049";7049;1
"7050";7050;1
"7051";7051;1
"7052";7052;1
"7053";7053;1
"7054";7054;1
"7055";7055;1
"7056";7056;2
"7057";7057;2
"7058";7058;2
"7059";7059;2
"7060";7060;1
"7061";7061;1
"7062";7062;3
"7063";7063;1
"7064";7064;1
"7065";7065;1
"7066";7066;1
"7067";7067;1
"7068";7068;1
"7069";7069;3
"7070";7070;1
"7071";7071;1
"7072";7072;2
"7073";7073;2
"7074";7074;1
"7075";7075;3
"7076";7076;2
"7077";7077;2
"7078";7078;2
"7079";7079;1
"7080";7080;1
"7081";7081;1
"7082";7082;1
"7083";7083;3
"7084";7084;2
"7085";7085;2
"7086";7086;2
"7087";7087;1
"7088";7088;1
"7089";7089;1
"7090";7090;1
"7091";7091;1
"7092";7092;1
"7093";7093;2
"7094";7094;2
"7095";7095;2
"7096";7096;2
"7097";7097;2
"7098";7098;1
"7099";7099;2
"7100";7100;1
"7101";7101;1
"7102";7102;1
"7103";7103;2
"7104";7104;1
"7105";7105;2
"7106";7106;2
"7107";7107;1
"7108";7108;1
"7109";7109;2
"7110";7110;2
"7111";7111;2
"7112";7112;3
"7113";7113;1
"7114";7114;2
"7115";7115;1
"7116";7116;3
"7117";7117;3
"7118";7118;3
"7119";7119;3
"7120";7120;3
"7121";7121;1
"7122";7122;2
"7123";7123;1
"7124";7124;1
"7125";7125;1
"7126";7126;1
"7127";7127;1
"7128";7128;1
"7129";7129;3
"7130";7130;3
"7131";7131;1
"7132";7132;1
"7133";7133;1
"7134";7134;1
"7135";7135;1
"7136";7136;1
"7137";7137;1
"7138";7138;2
"7139";7139;1
"7140";7140;1
"7141";7141;1
"7142";7142;3
"7143";7143;1
"7144";7144;1
"7145";7145;1
"7146";7146;1
"7147";7147;1
"7148";7148;1
"7149";7149;1
"7150";7150;1
"7151";7151;1
"7152";7152;1
"7153";7153;1
"7154";7154;1
"7155";7155;1
"7156";7156;1
"7157";7157;1
"7158";7158;1
"7159";7159;1
"7160";7160;1
"7161";7161;2
"7162";7162;1
"7163";7163;1
"7164";7164;1
"7165";7165;1
"7166";7166;1
"7167";7167;1
"7168";7168;1
"7169";7169;1
"7170";7170;2
"7171";7171;2
"7172";7172;1
"7173";7173;2
"7174";7174;1
"7175";7175;1
"7176";7176;2
"7177";7177;1
"7178";7178;1
"7179";7179;2
"7180";7180;1
"7181";7181;1
"7182";7182;1
"7183";7183;1
"7184";7184;1
"7185";7185;1
"7186";7186;1
"7187";7187;2
"7188";7188;2
"7189";7189;1
"7190";7190;1
"7191";7191;1
"7192";7192;1
"7193";7193;1
"7194";7194;1
"7195";7195;1
"7196";7196;1
"7197";7197;1
"7198";7198;1
"7199";7199;1
"7200";7200;1
"7201";7201;1
"7202";7202;1
"7203";7203;1
"7204";7204;1
"7205";7205;1
"7206";7206;1
"7207";7207;1
"7208";7208;1
"7209";7209;1
"7210";7210;1
"7211";7211;1
"7212";7212;1
"7213";7213;1
"7214";7214;1
"7215";7215;1
"7216";7216;2
"7217";7217;2
"7218";7218;2
"7219";7219;2
"7220";7220;1
"7221";7221;1
"7222";7222;1
"7223";7223;2
"7224";7224;1
"7225";7225;1
"7226";7226;3
"7227";7227;2
"7228";7228;1
"7229";7229;1
"7230";7230;1
"7231";7231;1
"7232";7232;1
"7233";7233;1
"7234";7234;1
"7235";7235;1
"7236";7236;1
"7237";7237;1
"7238";7238;2
"7239";7239;1
"7240";7240;2
"7241";7241;1
"7242";7242;1
"7243";7243;1
"7244";7244;1
"7245";7245;1
"7246";7246;1
"7247";7247;1
"7248";7248;1
"7249";7249;1
"7250";7250;1
"7251";7251;1
"7252";7252;1
"7253";7253;1
"7254";7254;1
"7255";7255;1
"7256";7256;3
"7257";7257;1
"7258";7258;1
"7259";7259;1
"7260";7260;2
"7261";7261;1
"7262";7262;1
"7263";7263;1
"7264";7264;1
"7265";7265;1
"7266";7266;1
"7267";7267;1
"7268";7268;1
"7269";7269;2
"7270";7270;2
"7271";7271;2
"7272";7272;1
"7273";7273;1
"7274";7274;1
"7275";7275;1
"7276";7276;1
"7277";7277;1
"7278";7278;1
"7279";7279;1
"7280";7280;1
"7281";7281;1
"7282";7282;1
"7283";7283;1
"7284";7284;1
"7285";7285;2
"7286";7286;1
"7287";7287;1
"7288";7288;2
"7289";7289;1
"7290";7290;1
"7291";7291;2
"7292";7292;3
"7293";7293;2
"7294";7294;2
"7295";7295;2
"7296";7296;1
"7297";7297;1
"7298";7298;3
"7299";7299;2
"7300";7300;2
"7301";7301;3
"7302";7302;3
"7303";7303;2
"7304";7304;1
"7305";7305;3
"7306";7306;2
"7307";7307;2
"7308";7308;1
"7309";7309;1
"7310";7310;1
"7311";7311;3
"7312";7312;3
"7313";7313;2
"7314";7314;3
"7315";7315;2
"7316";7316;2
"7317";7317;2
"7318";7318;1
"7319";7319;1
"7320";7320;2
"7321";7321;2
"7322";7322;3
"7323";7323;1
"7324";7324;2
"7325";7325;2
"7326";7326;2
"7327";7327;1
"7328";7328;2
"7329";7329;1
"7330";7330;1
"7331";7331;1
"7332";7332;1
"7333";7333;1
"7334";7334;2
"7335";7335;1
"7336";7336;1
"7337";7337;1
"7338";7338;2
"7339";7339;1
"7340";7340;1
"7341";7341;1
"7342";7342;1
"7343";7343;1
"7344";7344;1
"7345";7345;1
"7346";7346;1
"7347";7347;1
"7348";7348;1
"7349";7349;1
"7350";7350;1
"7351";7351;1
"7352";7352;1
"7353";7353;1
"7354";7354;1
"7355";7355;1
"7356";7356;1
"7357";7357;1
"7358";7358;1
"7359";7359;1
"7360";7360;1
"7361";7361;1
"7362";7362;1
"7363";7363;1
"7364";7364;2
"7365";7365;1
"7366";7366;1
"7367";7367;3
"7368";7368;1
"7369";7369;2
"7370";7370;1
"7371";7371;1
"7372";7372;2
"7373";7373;1
"7374";7374;1
"7375";7375;1
"7376";7376;1
"7377";7377;1
"7378";7378;1
"7379";7379;1
"7380";7380;1
"7381";7381;1
"7382";7382;1
"7383";7383;1
"7384";7384;1
"7385";7385;1
"7386";7386;1
"7387";7387;1
"7388";7388;1
"7389";7389;1
"7390";7390;1
"7391";7391;1
"7392";7392;2
"7393";7393;1
"7394";7394;2
"7395";7395;1
"7396";7396;1
"7397";7397;2
"7398";7398;2
"7399";7399;2
"7400";7400;2
"7401";7401;1
"7402";7402;1
"7403";7403;1
"7404";7404;1
"7405";7405;1
"7406";7406;1
"7407";7407;1
"7408";7408;1
"7409";7409;2
"7410";7410;1
"7411";7411;1
"7412";7412;1
"7413";7413;1
"7414";7414;2
"7415";7415;2
"7416";7416;2
"7417";7417;2
"7418";7418;2
"7419";7419;1
"7420";7420;1
"7421";7421;1
"7422";7422;1
"7423";7423;2
"7424";7424;2
"7425";7425;2
"7426";7426;2
"7427";7427;2
"7428";7428;2
"7429";7429;2
"7430";7430;1
"7431";7431;2
"7432";7432;2
"7433";7433;2
"7434";7434;2
"7435";7435;3
"7436";7436;2
"7437";7437;3
"7438";7438;3
"7439";7439;1
"7440";7440;1
"7441";7441;1
"7442";7442;1
"7443";7443;1
"7444";7444;1
"7445";7445;3
"7446";7446;1
"7447";7447;1
"7448";7448;1
"7449";7449;3
"7450";7450;1
"7451";7451;1
"7452";7452;1
"7453";7453;1
"7454";7454;1
"7455";7455;1
"7456";7456;1
"7457";7457;1
"7458";7458;1
"7459";7459;3
"7460";7460;1
"7461";7461;1
"7462";7462;1
"7463";7463;1
"7464";7464;1
"7465";7465;1
"7466";7466;1
"7467";7467;1
"7468";7468;2
"7469";7469;2
"7470";7470;1
"7471";7471;3
"7472";7472;1
"7473";7473;1
"7474";7474;1
"7475";7475;1
"7476";7476;1
"7477";7477;1
"7478";7478;1
"7479";7479;1
"7480";7480;1
"7481";7481;1
"7482";7482;1
"7483";7483;1
"7484";7484;1
"7485";7485;1
"7486";7486;1
"7487";7487;1
"7488";7488;1
"7489";7489;1
"7490";7490;3
"7491";7491;2
"7492";7492;3
"7493";7493;1
"7494";7494;2
"7495";7495;3
"7496";7496;1
"7497";7497;1
"7498";7498;1
"7499";7499;3
"7500";7500;1
"7501";7501;1
"7502";7502;3
"7503";7503;3
"7504";7504;1
"7505";7505;1
"7506";7506;2
"7507";7507;2
"7508";7508;3
"7509";7509;3
"7510";7510;1
"7511";7511;1
"7512";7512;1
"7513";7513;3
"7514";7514;3
"7515";7515;2
"7516";7516;3
"7517";7517;3
"7518";7518;3
"7519";7519;2
"7520";7520;1
"7521";7521;1
"7522";7522;3
"7523";7523;1
"7524";7524;1
"7525";7525;3
"7526";7526;1
"7527";7527;3
"7528";7528;3
"7529";7529;3
"7530";7530;3
"7531";7531;3
"7532";7532;3
"7533";7533;3
"7534";7534;3
"7535";7535;3
"7536";7536;2
"7537";7537;3
"7538";7538;3
"7539";7539;1
"7540";7540;3
"7541";7541;3
"7542";7542;3
"7543";7543;3
"7544";7544;1
"7545";7545;1
"7546";7546;1
"7547";7547;1
"7548";7548;1
"7549";7549;1
"7550";7550;1
"7551";7551;1
"7552";7552;1
"7553";7553;3
"7554";7554;3
"7555";7555;3
"7556";7556;3
"7557";7557;3
"7558";7558;3
"7559";7559;3
"7560";7560;3
"7561";7561;3
"7562";7562;3
"7563";7563;3
"7564";7564;3
"7565";7565;2
"7566";7566;2
"7567";7567;1
"7568";7568;3
"7569";7569;3
"7570";7570;3
"7571";7571;3
"7572";7572;3
"7573";7573;2
"7574";7574;3
"7575";7575;3
"7576";7576;3
"7577";7577;1
"7578";7578;1
"7579";7579;3
"7580";7580;1
"7581";7581;3
"7582";7582;1
"7583";7583;1
"7584";7584;1
"7585";7585;3
"7586";7586;1
"7587";7587;1
"7588";7588;3
"7589";7589;3
"7590";7590;3
"7591";7591;3
"7592";7592;1
"7593";7593;1
"7594";7594;3
"7595";7595;3
"7596";7596;3
"7597";7597;2
"7598";7598;2
"7599";7599;1
"7600";7600;3
"7601";7601;3
"7602";7602;3
"7603";7603;3
"7604";7604;3
"7605";7605;2
"7606";7606;3
"7607";7607;3
"7608";7608;2
"7609";7609;3
"7610";7610;2
"7611";7611;3
"7612";7612;3
"7613";7613;3
"7614";7614;3
"7615";7615;3
"7616";7616;1
"7617";7617;3
"7618";7618;3
"7619";7619;2
"7620";7620;2
"7621";7621;3
"7622";7622;3
"7623";7623;3
"7624";7624;3
"7625";7625;3
"7626";7626;3
"7627";7627;3
"7628";7628;1
"7629";7629;3
"7630";7630;3
"7631";7631;3
"7632";7632;3
"7633";7633;3
"7634";7634;3
"7635";7635;3
"7636";7636;3
"7637";7637;3
"7638";7638;1
"7639";7639;1
"7640";7640;3
"7641";7641;3
"7642";7642;1
"7643";7643;1
"7644";7644;1
"7645";7645;3
"7646";7646;1
"7647";7647;1
"7648";7648;3
"7649";7649;3
"7650";7650;3
"7651";7651;2
"7652";7652;3
"7653";7653;2
"7654";7654;1
"7655";7655;3
"7656";7656;3
"7657";7657;3
"7658";7658;3
"7659";7659;1
"7660";7660;3
"7661";7661;1
"7662";7662;1
"7663";7663;1
"7664";7664;1
"7665";7665;1
"7666";7666;1
"7667";7667;3
"7668";7668;1
"7669";7669;1
"7670";7670;3
"7671";7671;3
"7672";7672;2
"7673";7673;3
"7674";7674;3
"7675";7675;1
"7676";7676;3
"7677";7677;2
"7678";7678;2
"7679";7679;3
"7680";7680;3
"7681";7681;3
"7682";7682;1
"7683";7683;3
"7684";7684;3
"7685";7685;3
"7686";7686;2
"7687";7687;3
"7688";7688;3
"7689";7689;3
"7690";7690;3
"7691";7691;2
"7692";7692;1
"7693";7693;1
"7694";7694;1
"7695";7695;3
"7696";7696;3
"7697";7697;3
"7698";7698;1
"7699";7699;3
"7700";7700;3
"7701";7701;3
"7702";7702;3
"7703";7703;1
"7704";7704;3
"7705";7705;3
"7706";7706;3
"7707";7707;3
"7708";7708;3
"7709";7709;3
"7710";7710;3
"7711";7711;1
"7712";7712;1
"7713";7713;1
"7714";7714;1
"7715";7715;2
"7716";7716;1
"7717";7717;1
"7718";7718;1
"7719";7719;1
"7720";7720;1
"7721";7721;1
"7722";7722;3
"7723";7723;3
"7724";7724;1
"7725";7725;1
"7726";7726;1
"7727";7727;3
"7728";7728;1
"7729";7729;2
"7730";7730;1
"7731";7731;2
"7732";7732;1
"7733";7733;2
"7734";7734;1
"7735";7735;1
"7736";7736;1
"7737";7737;2
"7738";7738;2
"7739";7739;2
"7740";7740;2
"7741";7741;2
"7742";7742;3
"7743";7743;1
"7744";7744;1
"7745";7745;1
"7746";7746;2
"7747";7747;1
"7748";7748;1
"7749";7749;2
"7750";7750;1
"7751";7751;1
"7752";7752;2
"7753";7753;1
"7754";7754;1
"7755";7755;1
"7756";7756;1
"7757";7757;1
"7758";7758;1
"7759";7759;1
"7760";7760;1
"7761";7761;1
"7762";7762;1
"7763";7763;1
"7764";7764;1
"7765";7765;1
"7766";7766;1
"7767";7767;1
"7768";7768;1
"7769";7769;1
"7770";7770;2
"7771";7771;1
"7772";7772;1
"7773";7773;1
"7774";7774;1
"7775";7775;1
"7776";7776;1
"7777";7777;1
"7778";7778;1
"7779";7779;1
"7780";7780;1
"7781";7781;1
"7782";7782;1
"7783";7783;1
"7784";7784;1
"7785";7785;1
"7786";7786;1
"7787";7787;1
"7788";7788;1
"7789";7789;1
"7790";7790;1
"7791";7791;1
"7792";7792;1
"7793";7793;1
"7794";7794;1
"7795";7795;1
"7796";7796;1
"7797";7797;2
"7798";7798;1
"7799";7799;1
"7800";7800;1
"7801";7801;1
"7802";7802;1
"7803";7803;1
"7804";7804;1
"7805";7805;3
"7806";7806;1
"7807";7807;1
"7808";7808;3
"7809";7809;1
"7810";7810;1
"7811";7811;1
"7812";7812;1
"7813";7813;1
"7814";7814;2
"7815";7815;1
"7816";7816;1
"7817";7817;1
"7818";7818;2
"7819";7819;2
"7820";7820;1
"7821";7821;1
"7822";7822;1
"7823";7823;1
"7824";7824;1
"7825";7825;1
"7826";7826;1
"7827";7827;1
"7828";7828;2
"7829";7829;3
"7830";7830;2
"7831";7831;1
"7832";7832;2
"7833";7833;2
"7834";7834;2
"7835";7835;1
"7836";7836;2
"7837";7837;1
"7838";7838;1
"7839";7839;1
"7840";7840;2
"7841";7841;1
"7842";7842;1
"7843";7843;1
"7844";7844;1
"7845";7845;1
"7846";7846;1
"7847";7847;1
"7848";7848;1
"7849";7849;1
"7850";7850;1
"7851";7851;1
"7852";7852;1
"7853";7853;2
"7854";7854;1
"7855";7855;1
"7856";7856;1
"7857";7857;1
"7858";7858;2
"7859";7859;2
"7860";7860;2
"7861";7861;2
"7862";7862;2
"7863";7863;2
"7864";7864;1
"7865";7865;2
"7866";7866;2
"7867";7867;2
"7868";7868;3
"7869";7869;1
"7870";7870;1
"7871";7871;1
"7872";7872;2
"7873";7873;1
"7874";7874;3
"7875";7875;1
"7876";7876;2
"7877";7877;2
"7878";7878;2
"7879";7879;2
"7880";7880;2
"7881";7881;2
"7882";7882;2
"7883";7883;2
"7884";7884;2
"7885";7885;1
"7886";7886;2
"7887";7887;1
"7888";7888;1
"7889";7889;1
"7890";7890;1
"7891";7891;1
"7892";7892;1
"7893";7893;1
"7894";7894;1
"7895";7895;2
"7896";7896;3
"7897";7897;1
"7898";7898;1
"7899";7899;1
"7900";7900;1
"7901";7901;1
"7902";7902;2
"7903";7903;2
"7904";7904;3
"7905";7905;3
"7906";7906;2
"7907";7907;3
"7908";7908;3
"7909";7909;1
"7910";7910;1
"7911";7911;1
"7912";7912;1
"7913";7913;1
"7914";7914;1
"7915";7915;3
"7916";7916;1
"7917";7917;1
"7918";7918;2
"7919";7919;1
"7920";7920;2
"7921";7921;3
"7922";7922;2
"7923";7923;2
"7924";7924;2
"7925";7925;2
"7926";7926;2
"7927";7927;2
"7928";7928;3
"7929";7929;2
"7930";7930;3
"7931";7931;3
"7932";7932;2
"7933";7933;3
"7934";7934;2
"7935";7935;1
"7936";7936;3
"7937";7937;1
"7938";7938;1
"7939";7939;2
"7940";7940;2
"7941";7941;2
"7942";7942;3
"7943";7943;2
"7944";7944;2
"7945";7945;2
"7946";7946;2
"7947";7947;2
"7948";7948;2
"7949";7949;2
"7950";7950;3
"7951";7951;2
"7952";7952;2
"7953";7953;2
"7954";7954;1
"7955";7955;1
"7956";7956;2
"7957";7957;2
"7958";7958;3
"7959";7959;1
"7960";7960;1
"7961";7961;3
"7962";7962;3
"7963";7963;3
"7964";7964;3
"7965";7965;2
"7966";7966;3
"7967";7967;1
"7968";7968;1
"7969";7969;3
"7970";7970;3
"7971";7971;3
"7972";7972;1
"7973";7973;3
"7974";7974;1
"7975";7975;3
"7976";7976;3
"7977";7977;1
"7978";7978;3
"7979";7979;1
"7980";7980;3
"7981";7981;1
"7982";7982;1
"7983";7983;1
"7984";7984;3
"7985";7985;3
"7986";7986;3
"7987";7987;1
"7988";7988;3
"7989";7989;1
"7990";7990;3
"7991";7991;2
"7992";7992;1
"7993";7993;1
"7994";7994;1
"7995";7995;1
"7996";7996;1
"7997";7997;1
"7998";7998;1
"7999";7999;1
"8000";8000;1
"8001";8001;3
"8002";8002;1
"8003";8003;1
"8004";8004;1
"8005";8005;1
"8006";8006;1
"8007";8007;2
"8008";8008;1
"8009";8009;1
"8010";8010;1
"8011";8011;1
"8012";8012;1
"8013";8013;1
"8014";8014;1
"8015";8015;1
"8016";8016;1
"8017";8017;1
"8018";8018;1
"8019";8019;1
"8020";8020;1
"8021";8021;1
"8022";8022;3
"8023";8023;1
"8024";8024;1
"8025";8025;1
"8026";8026;3
"8027";8027;1
"8028";8028;3
"8029";8029;3
"8030";8030;3
"8031";8031;3
"8032";8032;3
"8033";8033;1
"8034";8034;1
"8035";8035;1
"8036";8036;2
"8037";8037;3
"8038";8038;3
"8039";8039;1
"8040";8040;3
"8041";8041;1
"8042";8042;1
"8043";8043;2
"8044";8044;1
"8045";8045;2
"8046";8046;2
"8047";8047;2
"8048";8048;1
"8049";8049;2
"8050";8050;2
"8051";8051;3
"8052";8052;3
"8053";8053;3
"8054";8054;3
"8055";8055;3
"8056";8056;3
"8057";8057;3
"8058";8058;3
"8059";8059;3
"8060";8060;2
"8061";8061;3
"8062";8062;3
"8063";8063;3
"8064";8064;3
"8065";8065;3
"8066";8066;3
"8067";8067;1
"8068";8068;2
"8069";8069;3
"8070";8070;3
"8071";8071;2
"8072";8072;3
"8073";8073;3
"8074";8074;1
"8075";8075;2
"8076";8076;2
"8077";8077;2
"8078";8078;3
"8079";8079;2
"8080";8080;2
"8081";8081;2
"8082";8082;2
"8083";8083;2
"8084";8084;2
"8085";8085;2
"8086";8086;3
"8087";8087;1
"8088";8088;2
"8089";8089;2
"8090";8090;1
"8091";8091;2
"8092";8092;3
"8093";8093;2
"8094";8094;1
"8095";8095;2
"8096";8096;1
"8097";8097;3
"8098";8098;2
"8099";8099;2
"8100";8100;2
"8101";8101;2
"8102";8102;2
"8103";8103;2
"8104";8104;2
"8105";8105;1
"8106";8106;2
"8107";8107;2
"8108";8108;1
"8109";8109;1
"8110";8110;3
"8111";8111;2
"8112";8112;1
"8113";8113;2
"8114";8114;2
"8115";8115;1
"8116";8116;1
"8117";8117;1
"8118";8118;3
"8119";8119;2
"8120";8120;3
"8121";8121;1
"8122";8122;2
"8123";8123;1
"8124";8124;1
"8125";8125;1
"8126";8126;1
"8127";8127;2
"8128";8128;1
"8129";8129;3
"8130";8130;3
"8131";8131;1
"8132";8132;2
"8133";8133;3
"8134";8134;3
"8135";8135;1
"8136";8136;2
"8137";8137;1
"8138";8138;1
"8139";8139;1
"8140";8140;2
"8141";8141;3
"8142";8142;1
"8143";8143;1
"8144";8144;1
"8145";8145;1
"8146";8146;3
"8147";8147;3
"8148";8148;3
"8149";8149;1
"8150";8150;1
"8151";8151;2
"8152";8152;3
"8153";8153;1
"8154";8154;1
"8155";8155;1
"8156";8156;1
"8157";8157;2
"8158";8158;1
"8159";8159;1
"8160";8160;2
"8161";8161;2
"8162";8162;2
"8163";8163;2
"8164";8164;2
"8165";8165;2
"8166";8166;1
"8167";8167;1
"8168";8168;2
"8169";8169;2
"8170";8170;2
"8171";8171;2
"8172";8172;2
"8173";8173;2
"8174";8174;1
"8175";8175;1
"8176";8176;2
"8177";8177;2
"8178";8178;1
"8179";8179;2
"8180";8180;2
"8181";8181;3
"8182";8182;2
"8183";8183;2
"8184";8184;3
"8185";8185;2
"8186";8186;1
"8187";8187;2
"8188";8188;2
"8189";8189;2
"8190";8190;2
"8191";8191;2
"8192";8192;2
"8193";8193;1
"8194";8194;1
"8195";8195;1
"8196";8196;1
"8197";8197;2
"8198";8198;1
"8199";8199;1
"8200";8200;2
"8201";8201;1
"8202";8202;2
"8203";8203;1
"8204";8204;3
"8205";8205;1
"8206";8206;1
"8207";8207;1
"8208";8208;1
"8209";8209;2
"8210";8210;1
"8211";8211;1
"8212";8212;1
"8213";8213;2
"8214";8214;1
"8215";8215;1
"8216";8216;3
"8217";8217;3
"8218";8218;2
"8219";8219;2
"8220";8220;3
"8221";8221;2
"8222";8222;1
"8223";8223;2
"8224";8224;1
"8225";8225;1
"8226";8226;2
"8227";8227;1
"8228";8228;1
"8229";8229;1
"8230";8230;1
"8231";8231;1
"8232";8232;2
"8233";8233;1
"8234";8234;3
"8235";8235;1
"8236";8236;2
"8237";8237;1
"8238";8238;1
"8239";8239;1
"8240";8240;1
"8241";8241;3
"8242";8242;1
"8243";8243;2
"8244";8244;2
"8245";8245;1
"8246";8246;1
"8247";8247;1
"8248";8248;1
"8249";8249;1
"8250";8250;1
"8251";8251;1
"8252";8252;3
"8253";8253;3
"8254";8254;2
"8255";8255;2
"8256";8256;1
"8257";8257;3
"8258";8258;2
"8259";8259;3
"8260";8260;1
"8261";8261;3
"8262";8262;1
"8263";8263;1
"8264";8264;1
"8265";8265;1
"8266";8266;1
"8267";8267;1
"8268";8268;1
"8269";8269;1
"8270";8270;1
"8271";8271;2
"8272";8272;2
"8273";8273;2
"8274";8274;2
"8275";8275;2
"8276";8276;1
"8277";8277;1
"8278";8278;1
"8279";8279;2
"8280";8280;2
"8281";8281;2
"8282";8282;2
"8283";8283;1
"8284";8284;2
"8285";8285;2
"8286";8286;3
"8287";8287;1
"8288";8288;1
"8289";8289;1
"8290";8290;1
"8291";8291;2
"8292";8292;2
"8293";8293;1
"8294";8294;2
"8295";8295;3
"8296";8296;1
"8297";8297;1
"8298";8298;1
"8299";8299;1
"8300";8300;1
"8301";8301;1
"8302";8302;1
"8303";8303;2
"8304";8304;2
"8305";8305;2
"8306";8306;2
"8307";8307;1
"8308";8308;2
"8309";8309;2
"8310";8310;2
"8311";8311;3
"8312";8312;2
"8313";8313;1
"8314";8314;2
"8315";8315;2
"8316";8316;2
"8317";8317;1
"8318";8318;1
"8319";8319;1
"8320";8320;1
"8321";8321;1
"8322";8322;1
"8323";8323;1
"8324";8324;1
"8325";8325;1
"8326";8326;1
"8327";8327;1
"8328";8328;1
"8329";8329;1
"8330";8330;1
"8331";8331;1
"8332";8332;3
"8333";8333;1
"8334";8334;1
"8335";8335;1
"8336";8336;1
"8337";8337;1
"8338";8338;1
"8339";8339;1
"8340";8340;1
"8341";8341;1
"8342";8342;1
"8343";8343;1
"8344";8344;1
"8345";8345;1
"8346";8346;1
"8347";8347;1
"8348";8348;1
"8349";8349;1
"8350";8350;1
"8351";8351;2
"8352";8352;1
"8353";8353;1
"8354";8354;1
"8355";8355;1
"8356";8356;1
"8357";8357;1
"8358";8358;1
"8359";8359;1
"8360";8360;1
"8361";8361;1
"8362";8362;1
"8363";8363;1
"8364";8364;1
"8365";8365;1
"8366";8366;1
"8367";8367;1
"8368";8368;1
"8369";8369;1
"8370";8370;1
"8371";8371;1
"8372";8372;1
"8373";8373;1
"8374";8374;2
"8375";8375;1
"8376";8376;1
"8377";8377;1
"8378";8378;1
"8379";8379;1
"8380";8380;1
"8381";8381;1
"8382";8382;2
"8383";8383;2
"8384";8384;2
"8385";8385;1
"8386";8386;2
"8387";8387;1
"8388";8388;1
"8389";8389;1
"8390";8390;1
"8391";8391;2
"8392";8392;1
"8393";8393;1
"8394";8394;1
"8395";8395;1
"8396";8396;1
"8397";8397;1
"8398";8398;1
"8399";8399;1
"8400";8400;2
"8401";8401;1
"8402";8402;1
"8403";8403;1
"8404";8404;1
"8405";8405;1
"8406";8406;1
"8407";8407;1
"8408";8408;1
"8409";8409;1
"8410";8410;1
"8411";8411;1
"8412";8412;1
"8413";8413;1
"8414";8414;2
"8415";8415;2
"8416";8416;2
"8417";8417;2
"8418";8418;2
"8419";8419;2
"8420";8420;1
"8421";8421;1
"8422";8422;1
"8423";8423;1
"8424";8424;1
"8425";8425;2
"8426";8426;2
"8427";8427;1
"8428";8428;1
"8429";8429;1
"8430";8430;1
"8431";8431;1
"8432";8432;1
"8433";8433;1
"8434";8434;3
"8435";8435;1
"8436";8436;2
"8437";8437;1
"8438";8438;1
"8439";8439;1
"8440";8440;1
"8441";8441;1
"8442";8442;1
"8443";8443;1
"8444";8444;1
"8445";8445;1
"8446";8446;1
"8447";8447;1
"8448";8448;1
"8449";8449;1
"8450";8450;1
"8451";8451;1
"8452";8452;1
"8453";8453;1
"8454";8454;1
"8455";8455;2
"8456";8456;2
"8457";8457;2
"8458";8458;2
"8459";8459;2
"8460";8460;3
"8461";8461;2
"8462";8462;1
"8463";8463;2
"8464";8464;2
"8465";8465;2
"8466";8466;3
"8467";8467;2
"8468";8468;3
"8469";8469;1
"8470";8470;2
"8471";8471;3
"8472";8472;3
"8473";8473;1
"8474";8474;3
"8475";8475;1
"8476";8476;1
"8477";8477;1
"8478";8478;1
"8479";8479;2
"8480";8480;1
"8481";8481;1
"8482";8482;1
"8483";8483;1
"8484";8484;1
"8485";8485;1
"8486";8486;1
"8487";8487;1
"8488";8488;2
"8489";8489;1
"8490";8490;2
"8491";8491;1
"8492";8492;2
"8493";8493;2
"8494";8494;1
"8495";8495;2
"8496";8496;3
"8497";8497;1
"8498";8498;2
"8499";8499;2
"8500";8500;2
"8501";8501;1
"8502";8502;1
"8503";8503;1
"8504";8504;1
"8505";8505;1
"8506";8506;1
"8507";8507;2
"8508";8508;2
"8509";8509;1
"8510";8510;1
"8511";8511;1
"8512";8512;1
"8513";8513;1
"8514";8514;1
"8515";8515;1
"8516";8516;1
"8517";8517;1
"8518";8518;1
"8519";8519;1
"8520";8520;1
"8521";8521;2
"8522";8522;1
"8523";8523;1
"8524";8524;1
"8525";8525;1
"8526";8526;1
"8527";8527;1
"8528";8528;1
"8529";8529;2
"8530";8530;1
"8531";8531;2
"8532";8532;2
"8533";8533;1
"8534";8534;1
"8535";8535;1
"8536";8536;2
"8537";8537;1
"8538";8538;2
"8539";8539;3
"8540";8540;1
"8541";8541;3
"8542";8542;2
"8543";8543;2
"8544";8544;1
"8545";8545;1
"8546";8546;1
"8547";8547;1
"8548";8548;1
"8549";8549;1
"8550";8550;1
"8551";8551;1
"8552";8552;1
"8553";8553;1
"8554";8554;1
"8555";8555;1
"8556";8556;1
"8557";8557;1
"8558";8558;1
"8559";8559;1
"8560";8560;1
"8561";8561;1
"8562";8562;1
"8563";8563;1
"8564";8564;1
"8565";8565;1
"8566";8566;1
"8567";8567;1
"8568";8568;1
"8569";8569;1
"8570";8570;1
"8571";8571;2
"8572";8572;2
"8573";8573;1
"8574";8574;1
"8575";8575;1
"8576";8576;1
"8577";8577;1
"8578";8578;1
"8579";8579;1
"8580";8580;1
"8581";8581;1
"8582";8582;2
"8583";8583;3
"8584";8584;1
"8585";8585;1
"8586";8586;1
"8587";8587;1
"8588";8588;1
"8589";8589;1
"8590";8590;1
"8591";8591;1
"8592";8592;1
"8593";8593;1
"8594";8594;1
"8595";8595;1
"8596";8596;1
"8597";8597;1
"8598";8598;1
"8599";8599;1
"8600";8600;1
"8601";8601;1
"8602";8602;3
"8603";8603;1
"8604";8604;1
"8605";8605;1
"8606";8606;2
"8607";8607;1
"8608";8608;1
"8609";8609;1
"8610";8610;1
"8611";8611;1
"8612";8612;1
"8613";8613;1
"8614";8614;1
"8615";8615;1
"8616";8616;1
"8617";8617;1
"8618";8618;1
"8619";8619;1
"8620";8620;1
"8621";8621;1
"8622";8622;1
"8623";8623;1
"8624";8624;1
"8625";8625;1
"8626";8626;1
"8627";8627;1
"8628";8628;1
"8629";8629;1
"8630";8630;1
"8631";8631;1
"8632";8632;1
"8633";8633;1
"8634";8634;1
"8635";8635;1
"8636";8636;1
"8637";8637;1
"8638";8638;1
"8639";8639;1
"8640";8640;1
"8641";8641;1
"8642";8642;1
"8643";8643;1
"8644";8644;1
"8645";8645;1
"8646";8646;2
"8647";8647;2
"8648";8648;2
"8649";8649;2
"8650";8650;2
"8651";8651;2
"8652";8652;2
"8653";8653;2
"8654";8654;2
"8655";8655;2
"8656";8656;2
"8657";8657;2
"8658";8658;2
"8659";8659;2
"8660";8660;2
"8661";8661;2
"8662";8662;2
"8663";8663;2
"8664";8664;2
"8665";8665;2
"8666";8666;3
"8667";8667;1
"8668";8668;1
"8669";8669;2
"8670";8670;2
"8671";8671;2
"8672";8672;2
"8673";8673;3
"8674";8674;1
"8675";8675;2
"8676";8676;2
"8677";8677;1
"8678";8678;2
"8679";8679;1
"8680";8680;1
"8681";8681;2
"8682";8682;2
"8683";8683;3
"8684";8684;2
"8685";8685;1
"8686";8686;2
"8687";8687;2
"8688";8688;1
"8689";8689;1
"8690";8690;1
"8691";8691;1
"8692";8692;2
"8693";8693;1
"8694";8694;2
"8695";8695;2
"8696";8696;3
"8697";8697;2
"8698";8698;2
"8699";8699;2
"8700";8700;1
"8701";8701;1
"8702";8702;1
"8703";8703;1
"8704";8704;1
"8705";8705;1
"8706";8706;1
"8707";8707;3
"8708";8708;1
"8709";8709;1
"8710";8710;1
"8711";8711;1
"8712";8712;1
"8713";8713;3
"8714";8714;2
"8715";8715;1
"8716";8716;1
"8717";8717;1
"8718";8718;3
"8719";8719;2
"8720";8720;3
"8721";8721;2
"8722";8722;3
"8723";8723;3
"8724";8724;3
"8725";8725;3
"8726";8726;3
"8727";8727;3
"8728";8728;3
"8729";8729;3
"8730";8730;3
"8731";8731;3
"8732";8732;2
"8733";8733;3
"8734";8734;3
"8735";8735;1
"8736";8736;3
"8737";8737;2
"8738";8738;2
"8739";8739;1
"8740";8740;3
"8741";8741;2
"8742";8742;2
"8743";8743;3
"8744";8744;2
"8745";8745;2
"8746";8746;3
"8747";8747;1
"8748";8748;1
"8749";8749;2
"8750";8750;1
"8751";8751;2
"8752";8752;2
"8753";8753;1
"8754";8754;2
"8755";8755;2
"8756";8756;2
"8757";8757;2
"8758";8758;2
"8759";8759;2
"8760";8760;1
"8761";8761;1
"8762";8762;2
"8763";8763;2
"8764";8764;2
"8765";8765;2
"8766";8766;1
"8767";8767;2
"8768";8768;2
"8769";8769;2
"8770";8770;1
"8771";8771;1
"8772";8772;2
"8773";8773;2
"8774";8774;1
"8775";8775;1
"8776";8776;2
"8777";8777;2
"8778";8778;2
"8779";8779;2
"8780";8780;1
"8781";8781;2
"8782";8782;2
"8783";8783;2
"8784";8784;2
"8785";8785;2
"8786";8786;2
"8787";8787;2
"8788";8788;2
"8789";8789;2
"8790";8790;2
"8791";8791;2
"8792";8792;1
"8793";8793;1
"8794";8794;2
"8795";8795;1
"8796";8796;1
"8797";8797;3
"8798";8798;2
"8799";8799;2
"8800";8800;2
"8801";8801;2
"8802";8802;1
"8803";8803;3
"8804";8804;2
"8805";8805;3
"8806";8806;2
"8807";8807;1
"8808";8808;3
"8809";8809;2
"8810";8810;2
"8811";8811;1
"8812";8812;2
"8813";8813;3
"8814";8814;3
"8815";8815;2
"8816";8816;1
"8817";8817;2
"8818";8818;1
"8819";8819;1
"8820";8820;2
"8821";8821;2
"8822";8822;2
"8823";8823;2
"8824";8824;2
"8825";8825;2
"8826";8826;2
"8827";8827;2
"8828";8828;3
"8829";8829;2
"8830";8830;2
"8831";8831;3
"8832";8832;3
"8833";8833;2
"8834";8834;1
"8835";8835;3
"8836";8836;2
"8837";8837;2
"8838";8838;2
"8839";8839;3
"8840";8840;2
"8841";8841;2
"8842";8842;3
"8843";8843;3
"8844";8844;3
"8845";8845;2
"8846";8846;2
"8847";8847;2
"8848";8848;2
"8849";8849;1
"8850";8850;1
"8851";8851;1
"8852";8852;1
"8853";8853;1
"8854";8854;1
"8855";8855;1
"8856";8856;1
"8857";8857;1
"8858";8858;1
"8859";8859;2
"8860";8860;1
"8861";8861;3
"8862";8862;1
"8863";8863;1
"8864";8864;1
"8865";8865;1
"8866";8866;1
"8867";8867;1
"8868";8868;2
"8869";8869;2
"8870";8870;1
"8871";8871;1
"8872";8872;1
"8873";8873;1
"8874";8874;1
"8875";8875;1
"8876";8876;3
"8877";8877;3
"8878";8878;2
"8879";8879;3
"8880";8880;2
"8881";8881;3
"8882";8882;1
"8883";8883;1
"8884";8884;2
"8885";8885;3
"8886";8886;3
"8887";8887;1
"8888";8888;2
"8889";8889;2
"8890";8890;1
"8891";8891;1
"8892";8892;1
"8893";8893;1
"8894";8894;1
"8895";8895;1
"8896";8896;1
"8897";8897;2
"8898";8898;1
"8899";8899;1
"8900";8900;2
"8901";8901;2
"8902";8902;2
"8903";8903;1
"8904";8904;1
"8905";8905;1
"8906";8906;3
"8907";8907;2
"8908";8908;1
"8909";8909;1
"8910";8910;1
"8911";8911;1
"8912";8912;1
"8913";8913;3
"8914";8914;3
"8915";8915;1
"8916";8916;1
"8917";8917;3
"8918";8918;2
"8919";8919;3
"8920";8920;2
"8921";8921;2
"8922";8922;2
"8923";8923;1
"8924";8924;2
"8925";8925;3
"8926";8926;2
"8927";8927;1
"8928";8928;1
"8929";8929;1
"8930";8930;1
"8931";8931;1
"8932";8932;1
"8933";8933;1
"8934";8934;1
"8935";8935;3
"8936";8936;3
"8937";8937;1
"8938";8938;1
"8939";8939;2
"8940";8940;3
"8941";8941;1
"8942";8942;1
"8943";8943;1
"8944";8944;2
"8945";8945;1
"8946";8946;1
"8947";8947;1
"8948";8948;1
"8949";8949;3
"8950";8950;3
"8951";8951;3
"8952";8952;2
"8953";8953;1
"8954";8954;2
"8955";8955;2
"8956";8956;2
"8957";8957;3
"8958";8958;1
"8959";8959;1
"8960";8960;3
"8961";8961;1
"8962";8962;3
"8963";8963;3
"8964";8964;1
"8965";8965;1
"8966";8966;1
"8967";8967;1
"8968";8968;1
"8969";8969;1
"8970";8970;1
"8971";8971;1
"8972";8972;1
"8973";8973;3
"8974";8974;1
"8975";8975;1
"8976";8976;1
"8977";8977;2
"8978";8978;2
"8979";8979;1
"8980";8980;1
"8981";8981;3
"8982";8982;1
"8983";8983;1
"8984";8984;2
"8985";8985;3
"8986";8986;2
"8987";8987;1
"8988";8988;3
"8989";8989;3
"8990";8990;3
"8991";8991;3
"8992";8992;1
"8993";8993;1
"8994";8994;2
"8995";8995;1
"8996";8996;3
"8997";8997;1
"8998";8998;2
"8999";8999;3
"9000";9000;3
"9001";9001;3
"9002";9002;3
"9003";9003;3
"9004";9004;3
"9005";9005;3
"9006";9006;3
"9007";9007;3
"9008";9008;3
"9009";9009;3
"9010";9010;3
"9011";9011;3
"9012";9012;2
"9013";9013;1
"9014";9014;1
"9015";9015;1
"9016";9016;1
"9017";9017;1
"9018";9018;1
"9019";9019;1
"9020";9020;1
"9021";9021;1
"9022";9022;1
"9023";9023;1
"9024";9024;1
"9025";9025;1
"9026";9026;1
"9027";9027;1
"9028";9028;2
"9029";9029;1
"9030";9030;1
"9031";9031;1
"9032";9032;1
"9033";9033;1
"9034";9034;1
"9035";9035;2
"9036";9036;3
"9037";9037;2
"9038";9038;2
"9039";9039;2
"9040";9040;2
"9041";9041;3
"9042";9042;3
"9043";9043;3
"9044";9044;3
"9045";9045;2
"9046";9046;2
"9047";9047;1
"9048";9048;2
"9049";9049;1
"9050";9050;1
"9051";9051;1
"9052";9052;1
"9053";9053;1
"9054";9054;1
"9055";9055;1
"9056";9056;1
"9057";9057;3
"9058";9058;1
"9059";9059;1
"9060";9060;1
"9061";9061;1
"9062";9062;1
"9063";9063;2
"9064";9064;3
"9065";9065;1
"9066";9066;2
"9067";9067;3
"9068";9068;3
"9069";9069;3
"9070";9070;2
"9071";9071;3
"9072";9072;3
"9073";9073;3
"9074";9074;3
"9075";9075;1
"9076";9076;3
"9077";9077;3
"9078";9078;3
"9079";9079;2
"9080";9080;1
"9081";9081;2
"9082";9082;2
"9083";9083;3
"9084";9084;1
"9085";9085;3
"9086";9086;2
"9087";9087;2
"9088";9088;1
"9089";9089;1
"9090";9090;3
"9091";9091;2
"9092";9092;1
"9093";9093;1
"9094";9094;1
"9095";9095;3
"9096";9096;2
"9097";9097;1
"9098";9098;3
"9099";9099;1
"9100";9100;3
"9101";9101;1
"9102";9102;1
"9103";9103;3
"9104";9104;2
"9105";9105;3
"9106";9106;3
"9107";9107;1
"9108";9108;2
"9109";9109;3
"9110";9110;2
"9111";9111;3
"9112";9112;3
"9113";9113;2
"9114";9114;2
"9115";9115;2
"9116";9116;2
"9117";9117;2
"9118";9118;1
"9119";9119;3
"9120";9120;3
"9121";9121;3
"9122";9122;1
"9123";9123;1
"9124";9124;1
"9125";9125;1
"9126";9126;3
"9127";9127;1
"9128";9128;3
"9129";9129;2
"9130";9130;1
"9131";9131;1
"9132";9132;1
"9133";9133;3
"9134";9134;3
"9135";9135;2
"9136";9136;3
"9137";9137;1
"9138";9138;2
"9139";9139;1
"9140";9140;3
"9141";9141;1
"9142";9142;1
"9143";9143;1
"9144";9144;1
"9145";9145;3
"9146";9146;1
"9147";9147;1
"9148";9148;1
"9149";9149;3
"9150";9150;2
"9151";9151;2
"9152";9152;2
"9153";9153;2
"9154";9154;1
"9155";9155;1
"9156";9156;1
"9157";9157;1
"9158";9158;2
"9159";9159;2
"9160";9160;1
"9161";9161;1
"9162";9162;1
"9163";9163;2
"9164";9164;2
"9165";9165;3
"9166";9166;1
"9167";9167;2
"9168";9168;1
"9169";9169;1
"9170";9170;1
"9171";9171;3
"9172";9172;3
"9173";9173;1
"9174";9174;1
"9175";9175;1
"9176";9176;1
"9177";9177;1
"9178";9178;1
"9179";9179;1
"9180";9180;1
"9181";9181;3
"9182";9182;1
"9183";9183;1
"9184";9184;1
"9185";9185;3
"9186";9186;3
"9187";9187;2
"9188";9188;1
"9189";9189;1
"9190";9190;1
"9191";9191;1
"9192";9192;1
"9193";9193;1
"9194";9194;2
"9195";9195;2
"9196";9196;2
"9197";9197;2
"9198";9198;1
"9199";9199;2
"9200";9200;2
"9201";9201;2
"9202";9202;1
"9203";9203;1
"9204";9204;1
"9205";9205;1
"9206";9206;1
"9207";9207;1
"9208";9208;3
"9209";9209;2
"9210";9210;1
"9211";9211;1
"9212";9212;1
"9213";9213;1
"9214";9214;2
"9215";9215;1
"9216";9216;3
"9217";9217;1
"9218";9218;2
"9219";9219;2
"9220";9220;1
"9221";9221;1
"9222";9222;2
"9223";9223;2
"9224";9224;2
"9225";9225;1
"9226";9226;2
"9227";9227;1
"9228";9228;2
"9229";9229;1
"9230";9230;1
"9231";9231;1
"9232";9232;1
"9233";9233;1
"9234";9234;1
"9235";9235;1
"9236";9236;1
"9237";9237;1
"9238";9238;1
"9239";9239;1
"9240";9240;1
"9241";9241;1
"9242";9242;1
"9243";9243;1
"9244";9244;1
"9245";9245;1
"9246";9246;1
"9247";9247;1
"9248";9248;1
"9249";9249;1
"9250";9250;1
"9251";9251;1
"9252";9252;3
"9253";9253;1
"9254";9254;1
"9255";9255;1
"9256";9256;1
"9257";9257;1
"9258";9258;1
"9259";9259;2
"9260";9260;1
"9261";9261;3
"9262";9262;2
"9263";9263;1
"9264";9264;1
"9265";9265;1
"9266";9266;2
"9267";9267;1
"9268";9268;1
"9269";9269;1
"9270";9270;1
"9271";9271;2
"9272";9272;1
"9273";9273;1
"9274";9274;1
"9275";9275;1
"9276";9276;1
"9277";9277;1
"9278";9278;1
"9279";9279;1
"9280";9280;1
"9281";9281;1
"9282";9282;1
"9283";9283;1
"9284";9284;2
"9285";9285;1
"9286";9286;1
"9287";9287;1
"9288";9288;1
"9289";9289;1
"9290";9290;1
"9291";9291;1
"9292";9292;1
"9293";9293;1
"9294";9294;1
"9295";9295;1
"9296";9296;1
"9297";9297;1
"9298";9298;1
"9299";9299;1
"9300";9300;1
"9301";9301;2
"9302";9302;1
"9303";9303;1
"9304";9304;2
"9305";9305;1
"9306";9306;0
"9307";9307;1
"9308";9308;2
"9309";9309;1
"9310";9310;1
"9311";9311;1
"9312";9312;1
"9313";9313;1
"9314";9314;1
"9315";9315;1
"9316";9316;1
"9317";9317;2
"9318";9318;1
"9319";9319;1
"9320";9320;1
"9321";9321;1
"9322";9322;1
"9323";9323;1
"9324";9324;1
"9325";9325;1
"9326";9326;2
"9327";9327;2
"9328";9328;1
"9329";9329;1
"9330";9330;1
"9331";9331;1
"9332";9332;1
"9333";9333;1
"9334";9334;2
"9335";9335;3
"9336";9336;2
"9337";9337;1
"9338";9338;1
"9339";9339;1
"9340";9340;1
"9341";9341;1
"9342";9342;1
"9343";9343;1
"9344";9344;1
"9345";9345;1
"9346";9346;1
"9347";9347;1
"9348";9348;1
"9349";9349;1
"9350";9350;1
"9351";9351;1
"9352";9352;1
"9353";9353;1
"9354";9354;1
"9355";9355;1
"9356";9356;1
"9357";9357;1
"9358";9358;3
"9359";9359;3
"9360";9360;3
"9361";9361;3
"9362";9362;3
"9363";9363;3
"9364";9364;2
"9365";9365;1
"9366";9366;2
"9367";9367;2
"9368";9368;1
"9369";9369;2
"9370";9370;1
"9371";9371;1
"9372";9372;3
"9373";9373;2
"9374";9374;2
"9375";9375;1
"9376";9376;2
"9377";9377;1
"9378";9378;3
"9379";9379;3
"9380";9380;2
"9381";9381;3
"9382";9382;2
"9383";9383;3
"9384";9384;3
"9385";9385;2
"9386";9386;1
"9387";9387;2
"9388";9388;1
"9389";9389;1
"9390";9390;1
"9391";9391;1
"9392";9392;1
"9393";9393;1
"9394";9394;2
"9395";9395;1
"9396";9396;1
"9397";9397;1
"9398";9398;1
"9399";9399;1
"9400";9400;1
"9401";9401;2
"9402";9402;2
"9403";9403;2
"9404";9404;2
"9405";9405;1
"9406";9406;2
"9407";9407;2
"9408";9408;2
"9409";9409;2
"9410";9410;1
"9411";9411;2
"9412";9412;2
"9413";9413;1
"9414";9414;1
"9415";9415;2
"9416";9416;1
"9417";9417;1
"9418";9418;1
"9419";9419;1
"9420";9420;1
"9421";9421;1
"9422";9422;1
"9423";9423;1
"9424";9424;1
"9425";9425;1
"9426";9426;1
"9427";9427;1
"9428";9428;1
"9429";9429;1
"9430";9430;1
"9431";9431;1
"9432";9432;1
"9433";9433;1
"9434";9434;1
"9435";9435;1
"9436";9436;1
"9437";9437;1
"9438";9438;1
"9439";9439;1
"9440";9440;2
"9441";9441;0
"9442";9442;2
"9443";9443;1
"9444";9444;1
"9445";9445;1
"9446";9446;1
"9447";9447;1
"9448";9448;1
"9449";9449;1
"9450";9450;1
"9451";9451;1
"9452";9452;1
"9453";9453;1
"9454";9454;2
"9455";9455;2
"9456";9456;2
"9457";9457;2
"9458";9458;2
"9459";9459;1
"9460";9460;1
"9461";9461;1
"9462";9462;2
"9463";9463;2
"9464";9464;2
"9465";9465;2
"9466";9466;1
"9467";9467;2
"9468";9468;2
"9469";9469;2
"9470";9470;2
"9471";9471;2
"9472";9472;2
"9473";9473;1
"9474";9474;1
"9475";9475;3
"9476";9476;2
"9477";9477;1
"9478";9478;1
"9479";9479;2
"9480";9480;2
"9481";9481;2
"9482";9482;2
"9483";9483;1
"9484";9484;1
"9485";9485;1
"9486";9486;1
"9487";9487;1
"9488";9488;1
"9489";9489;2
"9490";9490;2
"9491";9491;1
"9492";9492;1
"9493";9493;1
"9494";9494;1
"9495";9495;1
"9496";9496;1
"9497";9497;1
"9498";9498;1
"9499";9499;1
"9500";9500;3
"9501";9501;1
"9502";9502;1
"9503";9503;3
"9504";9504;1
"9505";9505;1
"9506";9506;1
"9507";9507;1
"9508";9508;1
"9509";9509;1
"9510";9510;1
"9511";9511;2
"9512";9512;2
"9513";9513;2
"9514";9514;1
"9515";9515;1
"9516";9516;1
"9517";9517;1
"9518";9518;1
"9519";9519;1
"9520";9520;1
"9521";9521;1
"9522";9522;1
"9523";9523;1
"9524";9524;1
"9525";9525;1
"9526";9526;2
"9527";9527;1
"9528";9528;1
"9529";9529;1
"9530";9530;1
"9531";9531;1
"9532";9532;1
"9533";9533;1
"9534";9534;1
"9535";9535;2
"9536";9536;3
"9537";9537;1
"9538";9538;1
"9539";9539;1
"9540";9540;2
"9541";9541;3
"9542";9542;3
"9543";9543;2
"9544";9544;3
"9545";9545;3
"9546";9546;1
"9547";9547;1
"9548";9548;1
"9549";9549;1
"9550";9550;1
"9551";9551;1
"9552";9552;3
"9553";9553;1
"9554";9554;3
"9555";9555;2
"9556";9556;1
"9557";9557;1
"9558";9558;3
"9559";9559;3
"9560";9560;2
"9561";9561;2
"9562";9562;3
"9563";9563;2
"9564";9564;3
"9565";9565;1
"9566";9566;1
"9567";9567;1
"9568";9568;3
"9569";9569;1
"9570";9570;3
"9571";9571;2
"9572";9572;3
"9573";9573;3
"9574";9574;3
"9575";9575;3
"9576";9576;3
"9577";9577;3
"9578";9578;1
"9579";9579;1
"9580";9580;1
"9581";9581;3
"9582";9582;3
"9583";9583;3
"9584";9584;3
"9585";9585;2
"9586";9586;3
"9587";9587;1
"9588";9588;3
"9589";9589;1
"9590";9590;3
"9591";9591;3
"9592";9592;3
"9593";9593;1
"9594";9594;1
"9595";9595;1
"9596";9596;1
"9597";9597;1
"9598";9598;1
"9599";9599;1
"9600";9600;2
"9601";9601;1
"9602";9602;1
"9603";9603;1
"9604";9604;1
"9605";9605;1
"9606";9606;1
"9607";9607;1
"9608";9608;1
"9609";9609;1
"9610";9610;3
"9611";9611;3
"9612";9612;3
"9613";9613;1
"9614";9614;1
"9615";9615;1
"9616";9616;3
"9617";9617;1
"9618";9618;1
"9619";9619;1
"9620";9620;1
"9621";9621;1
"9622";9622;3
"9623";9623;1
"9624";9624;2
"9625";9625;2
"9626";9626;2
"9627";9627;1
"9628";9628;1
"9629";9629;1
"9630";9630;1
"9631";9631;1
"9632";9632;1
"9633";9633;3
"9634";9634;2
"9635";9635;2
"9636";9636;1
"9637";9637;1
"9638";9638;1
"9639";9639;3
"9640";9640;1
"9641";9641;2
"9642";9642;1
"9643";9643;1
"9644";9644;1
"9645";9645;3
"9646";9646;1
"9647";9647;2
"9648";9648;2
"9649";9649;1
"9650";9650;1
"9651";9651;1
"9652";9652;2
"9653";9653;2
"9654";9654;2
"9655";9655;1
"9656";9656;2
"9657";9657;1
"9658";9658;2
"9659";9659;1
"9660";9660;2
"9661";9661;1
"9662";9662;1
"9663";9663;2
"9664";9664;2
"9665";9665;2
"9666";9666;2
"9667";9667;1
"9668";9668;1
"9669";9669;2
"9670";9670;2
"9671";9671;2
"9672";9672;2
"9673";9673;1
"9674";9674;1
"9675";9675;1
"9676";9676;1
"9677";9677;1
"9678";9678;1
"9679";9679;1
"9680";9680;1
"9681";9681;1
"9682";9682;1
"9683";9683;1
"9684";9684;1
"9685";9685;1
"9686";9686;1
"9687";9687;1
"9688";9688;1
"9689";9689;3
"9690";9690;1
"9691";9691;1
"9692";9692;1
"9693";9693;1
"9694";9694;1
"9695";9695;1
"9696";9696;1
"9697";9697;1
"9698";9698;1
"9699";9699;1
"9700";9700;1
"9701";9701;1
"9702";9702;1
"9703";9703;1
"9704";9704;3
"9705";9705;2
"9706";9706;2
"9707";9707;1
"9708";9708;1
"9709";9709;3
"9710";9710;1
"9711";9711;1
"9712";9712;1
"9713";9713;1
"9714";9714;1
"9715";9715;1
"9716";9716;1
"9717";9717;1
"9718";9718;1
"9719";9719;1
"9720";9720;1
"9721";9721;1
"9722";9722;1
"9723";9723;1
"9724";9724;1
"9725";9725;1
"9726";9726;1
"9727";9727;1
"9728";9728;1
"9729";9729;1
"9730";9730;1
"9731";9731;1
"9732";9732;1
"9733";9733;1
"9734";9734;1
"9735";9735;1
"9736";9736;1
"9737";9737;1
"9738";9738;1
"9739";9739;1
"9740";9740;2
"9741";9741;1
"9742";9742;1
"9743";9743;1
"9744";9744;1
"9745";9745;3
"9746";9746;1
"9747";9747;1
"9748";9748;1
"9749";9749;1
"9750";9750;1
"9751";9751;1
"9752";9752;1
"9753";9753;1
"9754";9754;1
"9755";9755;1
"9756";9756;1
"9757";9757;1
"9758";9758;1
"9759";9759;1
"9760";9760;1
"9761";9761;1
"9762";9762;1
"9763";9763;1
"9764";9764;1
"9765";9765;1
"9766";9766;1
"9767";9767;1
"9768";9768;1
"9769";9769;1
"9770";9770;1
"9771";9771;1
"9772";9772;1
"9773";9773;1
"9774";9774;1
"9775";9775;1
"9776";9776;2
"9777";9777;1
"9778";9778;1
"9779";9779;1
"9780";9780;1
"9781";9781;1
"9782";9782;1
"9783";9783;2
"9784";9784;1
"9785";9785;1
"9786";9786;1
"9787";9787;1
"9788";9788;1
"9789";9789;1
"9790";9790;1
"9791";9791;1
"9792";9792;1
"9793";9793;2
"9794";9794;2
"9795";9795;1
"9796";9796;2
"9797";9797;2
"9798";9798;1
"9799";9799;3
"9800";9800;1
"9801";9801;2
"9802";9802;3
"9803";9803;1
"9804";9804;1
"9805";9805;1
"9806";9806;2
"9807";9807;1
"9808";9808;1
"9809";9809;2
"9810";9810;1
"9811";9811;1
"9812";9812;1
"9813";9813;2
"9814";9814;2
"9815";9815;2
"9816";9816;1
"9817";9817;1
"9818";9818;2
"9819";9819;2
"9820";9820;3
"9821";9821;2
"9822";9822;3
"9823";9823;2
"9824";9824;1
"9825";9825;1
"9826";9826;1
"9827";9827;1
"9828";9828;1
"9829";9829;2
"9830";9830;2
"9831";9831;1
"9832";9832;2
"9833";9833;1
"9834";9834;2
"9835";9835;1
"9836";9836;2
"9837";9837;2
"9838";9838;1
"9839";9839;1
"9840";9840;2
"9841";9841;1
"9842";9842;1
"9843";9843;2
"9844";9844;2
"9845";9845;2
"9846";9846;1
"9847";9847;1
"9848";9848;2
"9849";9849;2
"9850";9850;1
"9851";9851;1
"9852";9852;1
"9853";9853;3
"9854";9854;3
"9855";9855;1
"9856";9856;1
"9857";9857;1
"9858";9858;3
"9859";9859;3
"9860";9860;1
"9861";9861;2
"9862";9862;3
"9863";9863;1
"9864";9864;1
"9865";9865;1
"9866";9866;1
"9867";9867;1
"9868";9868;1
"9869";9869;1
"9870";9870;1
"9871";9871;1
"9872";9872;1
"9873";9873;1
"9874";9874;1
"9875";9875;1
"9876";9876;1
"9877";9877;1
"9878";9878;1
"9879";9879;1
"9880";9880;1
"9881";9881;1
"9882";9882;1
"9883";9883;1
"9884";9884;1
"9885";9885;1
"9886";9886;1
"9887";9887;1
"9888";9888;1
"9889";9889;1
"9890";9890;1
"9891";9891;1
"9892";9892;1
"9893";9893;1
"9894";9894;1
"9895";9895;1
"9896";9896;1
"9897";9897;1
"9898";9898;1
"9899";9899;2
"9900";9900;1
"9901";9901;1
"9902";9902;1
"9903";9903;1
"9904";9904;1
"9905";9905;1
"9906";9906;1
"9907";9907;1
"9908";9908;1
"9909";9909;1
"9910";9910;1
"9911";9911;1
"9912";9912;2
"9913";9913;1
"9914";9914;2
"9915";9915;3
"9916";9916;3
"9917";9917;1
"9918";9918;1
"9919";9919;1
"9920";9920;1
"9921";9921;2
"9922";9922;1
"9923";9923;3
"9924";9924;1
"9925";9925;3
"9926";9926;3
"9927";9927;1
"9928";9928;1
"9929";9929;3
"9930";9930;1
"9931";9931;1
"9932";9932;1
"9933";9933;1
"9934";9934;1
"9935";9935;3
"9936";9936;3
"9937";9937;3
"9938";9938;1
"9939";9939;1
"9940";9940;3
"9941";9941;3
"9942";9942;3
"9943";9943;1
"9944";9944;1
"9945";9945;1
"9946";9946;2
"9947";9947;2
"9948";9948;1
"9949";9949;1
"9950";9950;3
"9951";9951;1
"9952";9952;1
"9953";9953;1
"9954";9954;1
"9955";9955;1
"9956";9956;1
"9957";9957;1
"9958";9958;1
"9959";9959;3
"9960";9960;2
"9961";9961;2
"9962";9962;2
"9963";9963;2
"9964";9964;1
"9965";9965;1
"9966";9966;3
"9967";9967;1
"9968";9968;2
"9969";9969;1
"9970";9970;2
"9971";9971;1
"9972";9972;1
"9973";9973;1
"9974";9974;2
"9975";9975;1
"9976";9976;3
"9977";9977;1
"9978";9978;3
"9979";9979;1
"9980";9980;2
"9981";9981;1
"9982";9982;1
"9983";9983;1
"9984";9984;1
"9985";9985;1
"9986";9986;1
"9987";9987;1
"9988";9988;1
"9989";9989;1
"9990";9990;1
"9991";9991;1
"9992";9992;2
"9993";9993;1
"9994";9994;2
"9995";9995;2
"9996";9996;2
"9997";9997;1
"9998";9998;1
"9999";9999;2
"10000";10000;2
"10001";10001;1
"10002";10002;1
"10003";10003;1
"10004";10004;1
"10005";10005;2
"10006";10006;1
"10007";10007;2
"10008";10008;2
"10009";10009;2
"10010";10010;2
"10011";10011;2
"10012";10012;2
"10013";10013;1
"10014";10014;1
"10015";10015;2
"10016";10016;2
"10017";10017;1
"10018";10018;2
"10019";10019;2
"10020";10020;2
"10021";10021;1
"10022";10022;2
"10023";10023;1
"10024";10024;3
"10025";10025;1
"10026";10026;1
"10027";10027;1
"10028";10028;2
"10029";10029;3
"10030";10030;1
"10031";10031;2
"10032";10032;2
"10033";10033;2
"10034";10034;1
"10035";10035;1
"10036";10036;3
"10037";10037;1
"10038";10038;2
"10039";10039;1
"10040";10040;3
"10041";10041;2
"10042";10042;2
"10043";10043;2
"10044";10044;2
"10045";10045;3
"10046";10046;1
"10047";10047;1
"10048";10048;2
"10049";10049;2
"10050";10050;1
"10051";10051;2
"10052";10052;2
"10053";10053;1
"10054";10054;1
"10055";10055;1
"10056";10056;1
"10057";10057;1
"10058";10058;2
"10059";10059;1
"10060";10060;1
"10061";10061;2
"10062";10062;1
"10063";10063;1
"10064";10064;1
"10065";10065;1
"10066";10066;1
"10067";10067;1
"10068";10068;3
"10069";10069;3
"10070";10070;1
"10071";10071;2
"10072";10072;1
"10073";10073;1
"10074";10074;1
"10075";10075;1
"10076";10076;1
"10077";10077;1
"10078";10078;3
"10079";10079;1
"10080";10080;2
"10081";10081;1
"10082";10082;1
"10083";10083;1
"10084";10084;2
"10085";10085;3
"10086";10086;2
"10087";10087;3
"10088";10088;1
"10089";10089;1
"10090";10090;1
"10091";10091;2
"10092";10092;3
"10093";10093;1
"10094";10094;1
"10095";10095;3
"10096";10096;1
"10097";10097;1
"10098";10098;1
"10099";10099;1
"10100";10100;1
"10101";10101;1
"10102";10102;1
"10103";10103;1
"10104";10104;2
"10105";10105;2
"10106";10106;1
"10107";10107;2
"10108";10108;1
"10109";10109;1
"10110";10110;1
"10111";10111;3
"10112";10112;1
"10113";10113;2
"10114";10114;1
"10115";10115;2
"10116";10116;3
"10117";10117;1
"10118";10118;1
"10119";10119;1
"10120";10120;2
"10121";10121;2
"10122";10122;2
"10123";10123;2
"10124";10124;3
"10125";10125;3
"10126";10126;1
"10127";10127;3
"10128";10128;1
"10129";10129;2
"10130";10130;2
"10131";10131;2
"10132";10132;2
"10133";10133;1
"10134";10134;2
"10135";10135;2
"10136";10136;3
"10137";10137;2
"10138";10138;1
"10139";10139;1
"10140";10140;2
"10141";10141;3
"10142";10142;3
"10143";10143;3
"10144";10144;3
"10145";10145;1
"10146";10146;2
"10147";10147;2
"10148";10148;3
"10149";10149;1
"10150";10150;3
"10151";10151;3
"10152";10152;3
"10153";10153;2
"10154";10154;3
"10155";10155;1
"10156";10156;1
"10157";10157;3
"10158";10158;3
"10159";10159;1
"10160";10160;1
"10161";10161;1
"10162";10162;2
"10163";10163;1
"10164";10164;2
"10165";10165;2
"10166";10166;2
"10167";10167;2
"10168";10168;2
"10169";10169;2
"10170";10170;1
"10171";10171;2
"10172";10172;2
"10173";10173;1
"10174";10174;1
"10175";10175;2
"10176";10176;1
"10177";10177;2
"10178";10178;2
"10179";10179;1
"10180";10180;1
"10181";10181;1
"10182";10182;1
"10183";10183;2
"10184";10184;2
"10185";10185;2
"10186";10186;2
"10187";10187;2
"10188";10188;2
"10189";10189;1
"10190";10190;2
"10191";10191;2
"10192";10192;2
"10193";10193;2
"10194";10194;2
"10195";10195;2
"10196";10196;1
"10197";10197;1
"10198";10198;1
"10199";10199;1
"10200";10200;1
"10201";10201;2
"10202";10202;1
"10203";10203;2
"10204";10204;2
"10205";10205;1
"10206";10206;1
"10207";10207;1
"10208";10208;3
"10209";10209;1
"10210";10210;3
"10211";10211;2
"10212";10212;3
"10213";10213;1
"10214";10214;2
"10215";10215;3
"10216";10216;2
"10217";10217;2
"10218";10218;1
"10219";10219;2
"10220";10220;2
"10221";10221;2
"10222";10222;1
"10223";10223;2
"10224";10224;2
"10225";10225;2
"10226";10226;1
"10227";10227;1
"10228";10228;3
"10229";10229;2
"10230";10230;1
"10231";10231;2
"10232";10232;1
"10233";10233;2
"10234";10234;1
"10235";10235;2
"10236";10236;1
"10237";10237;1
"10238";10238;2
"10239";10239;2
"10240";10240;2
"10241";10241;2
"10242";10242;1
"10243";10243;2
"10244";10244;1
"10245";10245;2
"10246";10246;2
"10247";10247;2
"10248";10248;2
"10249";10249;1
"10250";10250;2
"10251";10251;2
"10252";10252;2
"10253";10253;1
"10254";10254;1
"10255";10255;1
"10256";10256;1
"10257";10257;1
"10258";10258;1
"10259";10259;2
"10260";10260;1
"10261";10261;2
"10262";10262;1
"10263";10263;1
"10264";10264;2
"10265";10265;2
"10266";10266;2
"10267";10267;1
"10268";10268;2
"10269";10269;3
"10270";10270;2
"10271";10271;2
"10272";10272;2
"10273";10273;1
"10274";10274;2
"10275";10275;1
"10276";10276;1
"10277";10277;1
"10278";10278;2
"10279";10279;2
"10280";10280;2
"10281";10281;2
"10282";10282;2
"10283";10283;2
"10284";10284;2
"10285";10285;2
"10286";10286;1
"10287";10287;2
"10288";10288;2
"10289";10289;1
"10290";10290;2
"10291";10291;2
"10292";10292;2
"10293";10293;2
"10294";10294;2
"10295";10295;2
"10296";10296;2
"10297";10297;2
"10298";10298;2
"10299";10299;2
"10300";10300;2
"10301";10301;2
"10302";10302;3
"10303";10303;2
"10304";10304;3
"10305";10305;2
"10306";10306;1
"10307";10307;2
"10308";10308;1
"10309";10309;2
"10310";10310;3
"10311";10311;3
"10312";10312;2
"10313";10313;2
"10314";10314;2
"10315";10315;1
"10316";10316;2
"10317";10317;1
"10318";10318;2
"10319";10319;1
"10320";10320;2
"10321";10321;1
"10322";10322;1
"10323";10323;1
"10324";10324;1
"10325";10325;1
"10326";10326;3
"10327";10327;2
"10328";10328;1
"10329";10329;2
"10330";10330;2
"10331";10331;2
"10332";10332;2
"10333";10333;2
"10334";10334;2
"10335";10335;1
"10336";10336;2
"10337";10337;2
"10338";10338;1
"10339";10339;1
"10340";10340;2
"10341";10341;1
"10342";10342;1
"10343";10343;1
"10344";10344;1
"10345";10345;2
"10346";10346;2
"10347";10347;2
"10348";10348;2
"10349";10349;1
"10350";10350;1
"10351";10351;1
"10352";10352;1
"10353";10353;1
"10354";10354;1
"10355";10355;2
"10356";10356;1
"10357";10357;2
"10358";10358;1
"10359";10359;1
"10360";10360;2
"10361";10361;3
"10362";10362;3
"10363";10363;1
"10364";10364;2
"10365";10365;2
"10366";10366;3
"10367";10367;1
"10368";10368;2
"10369";10369;2
"10370";10370;2
"10371";10371;1
"10372";10372;1
"10373";10373;3
"10374";10374;3
"10375";10375;2
"10376";10376;3
"10377";10377;3
"10378";10378;3
"10379";10379;2
"10380";10380;3
"10381";10381;3
"10382";10382;3
"10383";10383;3
"10384";10384;3
"10385";10385;2
"10386";10386;2
"10387";10387;2
"10388";10388;3
"10389";10389;3
"10390";10390;1
"10391";10391;2
"10392";10392;2
"10393";10393;1
"10394";10394;3
"10395";10395;2
"10396";10396;3
"10397";10397;3
"10398";10398;3
"10399";10399;2
"10400";10400;3
"10401";10401;2
"10402";10402;3
"10403";10403;1
"10404";10404;3
"10405";10405;3
"10406";10406;3
"10407";10407;1
"10408";10408;3
"10409";10409;2
"10410";10410;1
"10411";10411;3
"10412";10412;1
"10413";10413;3
"10414";10414;1
"10415";10415;3
"10416";10416;1
"10417";10417;3
"10418";10418;3
"10419";10419;3
"10420";10420;3
"10421";10421;2
"10422";10422;3
"10423";10423;2
"10424";10424;3
"10425";10425;3
"10426";10426;3
"10427";10427;3
"10428";10428;3
"10429";10429;1
"10430";10430;3
"10431";10431;3
"10432";10432;3
"10433";10433;3
"10434";10434;3
"10435";10435;3
"10436";10436;3
"10437";10437;3
"10438";10438;3
"10439";10439;3
"10440";10440;1
"10441";10441;1
"10442";10442;1
"10443";10443;3
"10444";10444;1
"10445";10445;1
"10446";10446;3
"10447";10447;3
"10448";10448;1
"10449";10449;1
"10450";10450;1
"10451";10451;3
"10452";10452;3
"10453";10453;3
"10454";10454;2
"10455";10455;3
"10456";10456;3
"10457";10457;3
"10458";10458;3
"10459";10459;3
"10460";10460;2
"10461";10461;3
"10462";10462;3
"10463";10463;3
"10464";10464;1
"10465";10465;3
"10466";10466;3
"10467";10467;3
"10468";10468;1
"10469";10469;3
"10470";10470;3
"10471";10471;1
"10472";10472;3
"10473";10473;2
"10474";10474;3
"10475";10475;3
"10476";10476;3
"10477";10477;3
"10478";10478;3
"10479";10479;3
"10480";10480;3
"10481";10481;3
"10482";10482;1
"10483";10483;3
"10484";10484;3
"10485";10485;3
"10486";10486;3
"10487";10487;2
"10488";10488;3
"10489";10489;1
"10490";10490;3
"10491";10491;3
"10492";10492;3
"10493";10493;1
"10494";10494;2
"10495";10495;3
"10496";10496;1
"10497";10497;2
"10498";10498;3
"10499";10499;2
"10500";10500;3
"10501";10501;3
"10502";10502;3
"10503";10503;1
"10504";10504;1
"10505";10505;1
"10506";10506;3
"10507";10507;1
"10508";10508;1
"10509";10509;1
"10510";10510;1
"10511";10511;3
"10512";10512;3
"10513";10513;1
"10514";10514;3
"10515";10515;3
"10516";10516;3
"10517";10517;2
"10518";10518;3
"10519";10519;3
"10520";10520;3
"10521";10521;3
"10522";10522;3
"10523";10523;3
"10524";10524;3
"10525";10525;3
"10526";10526;3
"10527";10527;3
"10528";10528;3
"10529";10529;3
"10530";10530;1
"10531";10531;3
"10532";10532;3
"10533";10533;2
"10534";10534;3
"10535";10535;3
"10536";10536;3
"10537";10537;1
"10538";10538;3
"10539";10539;1
"10540";10540;3
"10541";10541;3
"10542";10542;3
"10543";10543;3
"10544";10544;3
"10545";10545;3
"10546";10546;3
"10547";10547;1
"10548";10548;3
"10549";10549;3
"10550";10550;1
"10551";10551;1
"10552";10552;3
"10553";10553;3
"10554";10554;2
"10555";10555;2
"10556";10556;2
"10557";10557;3
"10558";10558;1
"10559";10559;1
"10560";10560;3
"10561";10561;1
"10562";10562;1
"10563";10563;1
"10564";10564;1
"10565";10565;1
"10566";10566;3
"10567";10567;3
"10568";10568;3
"10569";10569;3
"10570";10570;3
"10571";10571;3
"10572";10572;3
"10573";10573;3
"10574";10574;2
"10575";10575;3
"10576";10576;3
"10577";10577;3
"10578";10578;2
"10579";10579;1
"10580";10580;1
"10581";10581;2
"10582";10582;2
"10583";10583;3
"10584";10584;3
"10585";10585;3
"10586";10586;3
"10587";10587;2
"10588";10588;1
"10589";10589;1
"10590";10590;1
"10591";10591;1
"10592";10592;1
"10593";10593;1
"10594";10594;1
"10595";10595;2
"10596";10596;1
"10597";10597;2
"10598";10598;1
"10599";10599;2
"10600";10600;1
"10601";10601;2
"10602";10602;2
"10603";10603;2
"10604";10604;2
"10605";10605;1
"10606";10606;1
"10607";10607;1
"10608";10608;2
"10609";10609;1
"10610";10610;1
"10611";10611;1
"10612";10612;1
"10613";10613;1
"10614";10614;1
"10615";10615;1
"10616";10616;1
"10617";10617;1
"10618";10618;1
"10619";10619;1
"10620";10620;1
"10621";10621;1
"10622";10622;1
"10623";10623;1
"10624";10624;1
"10625";10625;1
"10626";10626;1
"10627";10627;1
"10628";10628;1
"10629";10629;1
"10630";10630;1
"10631";10631;1
"10632";10632;1
"10633";10633;1
"10634";10634;1
"10635";10635;1
"10636";10636;1
"10637";10637;1
"10638";10638;1
"10639";10639;2
"10640";10640;2
"10641";10641;1
"10642";10642;1
"10643";10643;1
"10644";10644;1
"10645";10645;1
"10646";10646;1
"10647";10647;1
"10648";10648;1
"10649";10649;1
"10650";10650;1
"10651";10651;1
"10652";10652;1
"10653";10653;1
"10654";10654;1
"10655";10655;1
"10656";10656;1
"10657";10657;1
"10658";10658;1
"10659";10659;1
"10660";10660;1
"10661";10661;1
"10662";10662;1
"10663";10663;1
"10664";10664;1
"10665";10665;1
"10666";10666;1
"10667";10667;1
"10668";10668;1
"10669";10669;1
"10670";10670;1
"10671";10671;1
"10672";10672;1
"10673";10673;1
"10674";10674;1
"10675";10675;1
"10676";10676;1
"10677";10677;1
"10678";10678;1
"10679";10679;1
"10680";10680;1
"10681";10681;1
"10682";10682;1
"10683";10683;1
"10684";10684;1
"10685";10685;1
"10686";10686;1
"10687";10687;1
"10688";10688;1
"10689";10689;1
"10690";10690;1
"10691";10691;1
"10692";10692;1
"10693";10693;1
"10694";10694;1
"10695";10695;1
"10696";10696;1
"10697";10697;1
"10698";10698;1
"10699";10699;1
"10700";10700;1
"10701";10701;1
"10702";10702;1
"10703";10703;1
"10704";10704;1
"10705";10705;1
"10706";10706;1
"10707";10707;1
"10708";10708;1
"10709";10709;1
"10710";10710;1
"10711";10711;1
"10712";10712;1
"10713";10713;1
"10714";10714;1
"10715";10715;1
"10716";10716;1
"10717";10717;1
"10718";10718;1
"10719";10719;1
"10720";10720;1
"10721";10721;1
"10722";10722;2
"10723";10723;2
"10724";10724;1
"10725";10725;2
"10726";10726;1
"10727";10727;2
"10728";10728;2
"10729";10729;1
"10730";10730;2
"10731";10731;1
"10732";10732;1
"10733";10733;2
"10734";10734;1
"10735";10735;1
"10736";10736;1
"10737";10737;1
"10738";10738;2
"10739";10739;1
"10740";10740;1
"10741";10741;1
"10742";10742;1
"10743";10743;2
"10744";10744;1
"10745";10745;1
"10746";10746;1
"10747";10747;1
"10748";10748;1
"10749";10749;1
"10750";10750;1
"10751";10751;1
"10752";10752;1
"10753";10753;1
"10754";10754;1
"10755";10755;1
"10756";10756;1
"10757";10757;1
"10758";10758;1
"10759";10759;1
"10760";10760;1
"10761";10761;1
"10762";10762;1
"10763";10763;1
"10764";10764;1
"10765";10765;1
"10766";10766;2
"10767";10767;2
"10768";10768;2
"10769";10769;1
"10770";10770;2
"10771";10771;3
"10772";10772;3
"10773";10773;2
"10774";10774;2
"10775";10775;2
"10776";10776;3
"10777";10777;2
"10778";10778;3
"10779";10779;2
"10780";10780;2
"10781";10781;2
"10782";10782;2
"10783";10783;2
"10784";10784;3
"10785";10785;2
"10786";10786;2
"10787";10787;2
"10788";10788;2
"10789";10789;2
"10790";10790;3
"10791";10791;2
"10792";10792;3
"10793";10793;2
"10794";10794;1
"10795";10795;1
"10796";10796;2
"10797";10797;2
"10798";10798;2
"10799";10799;2
"10800";10800;2
"10801";10801;2
"10802";10802;1
"10803";10803;2
"10804";10804;1
"10805";10805;1
"10806";10806;2
"10807";10807;1
"10808";10808;2
"10809";10809;2
"10810";10810;2
"10811";10811;3
"10812";10812;2
"10813";10813;1
"10814";10814;2
"10815";10815;2
"10816";10816;1
"10817";10817;1
"10818";10818;1
"10819";10819;2
"10820";10820;2
"10821";10821;2
"10822";10822;3
"10823";10823;2
"10824";10824;2
"10825";10825;2
"10826";10826;3
"10827";10827;2
"10828";10828;3
"10829";10829;2
"10830";10830;3
"10831";10831;2
"10832";10832;2
"10833";10833;1
"10834";10834;2
"10835";10835;1
"10836";10836;2
"10837";10837;2
"10838";10838;2
"10839";10839;1
"10840";10840;2
"10841";10841;2
"10842";10842;2
"10843";10843;2
"10844";10844;2
"10845";10845;1
"10846";10846;2
"10847";10847;2
"10848";10848;1
"10849";10849;1
"10850";10850;2
"10851";10851;2
"10852";10852;2
"10853";10853;2
"10854";10854;2
"10855";10855;2
"10856";10856;2
"10857";10857;2
"10858";10858;2
"10859";10859;2
"10860";10860;2
"10861";10861;2
"10862";10862;3
"10863";10863;1
"10864";10864;2
"10865";10865;2
"10866";10866;2
"10867";10867;2
"10868";10868;2
"10869";10869;2
"10870";10870;2
"10871";10871;2
"10872";10872;2
"10873";10873;2
"10874";10874;2
"10875";10875;2
"10876";10876;2
"10877";10877;2
"10878";10878;1
"10879";10879;2
"10880";10880;1
"10881";10881;1
"10882";10882;1
"10883";10883;1
"10884";10884;2
"10885";10885;2
"10886";10886;2
"10887";10887;2
"10888";10888;3
"10889";10889;2
"10890";10890;2
"10891";10891;2
"10892";10892;2
"10893";10893;3
"10894";10894;1
"10895";10895;3
"10896";10896;1
"10897";10897;2
"10898";10898;1
"10899";10899;2
"10900";10900;2
"10901";10901;1
"10902";10902;2
"10903";10903;2
"10904";10904;2
"10905";10905;2
"10906";10906;1
"10907";10907;2
"10908";10908;1
"10909";10909;2
"10910";10910;2
"10911";10911;2
"10912";10912;2
"10913";10913;1
"10914";10914;2
"10915";10915;1
"10916";10916;2
"10917";10917;1
"10918";10918;1
"10919";10919;1
"10920";10920;1
"10921";10921;1
"10922";10922;2
"10923";10923;1
"10924";10924;1
"10925";10925;1
"10926";10926;1
"10927";10927;1
"10928";10928;1
"10929";10929;2
"10930";10930;2
"10931";10931;2
"10932";10932;1
"10933";10933;1
"10934";10934;1
"10935";10935;1
"10936";10936;1
"10937";10937;1
"10938";10938;1
"10939";10939;1
"10940";10940;1
"10941";10941;1
"10942";10942;1
"10943";10943;1
"10944";10944;1
"10945";10945;1
"10946";10946;2
"10947";10947;1
"10948";10948;2
"10949";10949;1
"10950";10950;3
"10951";10951;2
"10952";10952;1
"10953";10953;1
"10954";10954;1
"10955";10955;2
"10956";10956;1
"10957";10957;1
"10958";10958;1
"10959";10959;1
"10960";10960;1
"10961";10961;1
"10962";10962;1
"10963";10963;3
"10964";10964;2
"10965";10965;2
"10966";10966;2
"10967";10967;2
"10968";10968;2
"10969";10969;2
"10970";10970;1
"10971";10971;2
"10972";10972;3
"10973";10973;1
"10974";10974;1
"10975";10975;1
"10976";10976;2
"10977";10977;2
"10978";10978;2
"10979";10979;2
"10980";10980;1
"10981";10981;1
"10982";10982;1
"10983";10983;1
"10984";10984;2
"10985";10985;2
"10986";10986;2
"10987";10987;3
"10988";10988;2
"10989";10989;2
"10990";10990;2
"10991";10991;1
"10992";10992;1
"10993";10993;2
"10994";10994;1
"10995";10995;1
"10996";10996;1
"10997";10997;1
"10998";10998;1
"10999";10999;1
"11000";11000;1
"11001";11001;1
"11002";11002;1
"11003";11003;1
"11004";11004;1
"11005";11005;1
"11006";11006;1
"11007";11007;1
"11008";11008;1
"11009";11009;2
"11010";11010;2
"11011";11011;3
"11012";11012;2
"11013";11013;2
"11014";11014;2
"11015";11015;2
"11016";11016;2
"11017";11017;1
"11018";11018;1
"11019";11019;1
"11020";11020;1
"11021";11021;1
"11022";11022;2
"11023";11023;1
"11024";11024;2
"11025";11025;1
"11026";11026;1
"11027";11027;1
"11028";11028;2
"11029";11029;3
"11030";11030;3
"11031";11031;1
"11032";11032;1
"11033";11033;1
"11034";11034;1
"11035";11035;2
"11036";11036;3
"11037";11037;2
"11038";11038;3
"11039";11039;2
"11040";11040;3
"11041";11041;1
"11042";11042;2
"11043";11043;2
"11044";11044;1
"11045";11045;2
"11046";11046;2
"11047";11047;2
"11048";11048;1
"11049";11049;1
"11050";11050;3
"11051";11051;2
"11052";11052;1
"11053";11053;1
"11054";11054;1
"11055";11055;1
"11056";11056;2
"11057";11057;2
"11058";11058;3
"11059";11059;3
"11060";11060;3
"11061";11061;1
"11062";11062;3
"11063";11063;2
"11064";11064;1
"11065";11065;2
"11066";11066;1
"11067";11067;3
"11068";11068;3
"11069";11069;2
"11070";11070;3
"11071";11071;3
"11072";11072;2
"11073";11073;2
"11074";11074;1
"11075";11075;1
"11076";11076;1
"11077";11077;1
"11078";11078;1
"11079";11079;1
"11080";11080;1
"11081";11081;1
"11082";11082;1
"11083";11083;1
"11084";11084;1
"11085";11085;1
"11086";11086;1
"11087";11087;1
"11088";11088;1
"11089";11089;1
"11090";11090;1
"11091";11091;1
"11092";11092;1
"11093";11093;1
"11094";11094;1
"11095";11095;1
"11096";11096;1
"11097";11097;1
"11098";11098;1
"11099";11099;1
"11100";11100;1
"11101";11101;1
"11102";11102;1
"11103";11103;1
"11104";11104;1
"11105";11105;1
"11106";11106;1
"11107";11107;1
"11108";11108;1
"11109";11109;1
"11110";11110;1
"11111";11111;1
"11112";11112;1
"11113";11113;1
"11114";11114;1
"11115";11115;2
"11116";11116;2
"11117";11117;1
"11118";11118;1
"11119";11119;2
"11120";11120;1
"11121";11121;2
"11122";11122;1
"11123";11123;1
"11124";11124;1
"11125";11125;1
"11126";11126;2
"11127";11127;1
"11128";11128;2
"11129";11129;2
"11130";11130;1
"11131";11131;1
"11132";11132;1
"11133";11133;1
"11134";11134;1
"11135";11135;2
"11136";11136;1
"11137";11137;1
"11138";11138;1
"11139";11139;1
"11140";11140;2
"11141";11141;2
"11142";11142;2
"11143";11143;2
"11144";11144;1
"11145";11145;1
"11146";11146;1
"11147";11147;1
"11148";11148;1
"11149";11149;1
"11150";11150;1
"11151";11151;1
"11152";11152;1
"11153";11153;1
"11154";11154;3
"11155";11155;3
"11156";11156;1
"11157";11157;1
"11158";11158;1
"11159";11159;1
"11160";11160;1
"11161";11161;1
"11162";11162;3
"11163";11163;1
"11164";11164;1
"11165";11165;3
"11166";11166;1
"11167";11167;1
"11168";11168;2
"11169";11169;3
"11170";11170;3
"11171";11171;1
"11172";11172;1
"11173";11173;1
"11174";11174;1
"11175";11175;1
"11176";11176;1
"11177";11177;2
"11178";11178;1
"11179";11179;2
"11180";11180;2
"11181";11181;2
"11182";11182;1
"11183";11183;1
"11184";11184;1
"11185";11185;2
"11186";11186;1
"11187";11187;2
"11188";11188;2
"11189";11189;2
"11190";11190;2
"11191";11191;2
"11192";11192;2
"11193";11193;1
"11194";11194;2
"11195";11195;1
"11196";11196;3
"11197";11197;3
"11198";11198;1
"11199";11199;1
"11200";11200;1
"11201";11201;1
"11202";11202;3
"11203";11203;3
"11204";11204;3
"11205";11205;2
"11206";11206;2
"11207";11207;3
"11208";11208;2
"11209";11209;2
"11210";11210;1
"11211";11211;1
"11212";11212;1
"11213";11213;3
"11214";11214;2
"11215";11215;3
"11216";11216;2
"11217";11217;2
"11218";11218;2
"11219";11219;3
"11220";11220;1
"11221";11221;2
"11222";11222;3
"11223";11223;3
"11224";11224;3
"11225";11225;2
"11226";11226;1
"11227";11227;2
"11228";11228;1
"11229";11229;1
"11230";11230;2
"11231";11231;2
"11232";11232;1
"11233";11233;2
"11234";11234;1
"11235";11235;1
"11236";11236;2
"11237";11237;1
"11238";11238;1
"11239";11239;2
"11240";11240;2
"11241";11241;2
"11242";11242;2
"11243";11243;3
"11244";11244;2
"11245";11245;2
"11246";11246;2
"11247";11247;2
"11248";11248;2
"11249";11249;2
"11250";11250;2
"11251";11251;2
"11252";11252;3
"11253";11253;2
"11254";11254;2
"11255";11255;1
"11256";11256;2
"11257";11257;2
"11258";11258;2
"11259";11259;2
"11260";11260;3
"11261";11261;3
"11262";11262;3
"11263";11263;2
"11264";11264;3
"11265";11265;3
"11266";11266;3
"11267";11267;2
"11268";11268;3
"11269";11269;3
"11270";11270;2
"11271";11271;2
"11272";11272;2
"11273";11273;3
"11274";11274;3
"11275";11275;3
"11276";11276;3
"11277";11277;3
"11278";11278;3
"11279";11279;3
"11280";11280;3
"11281";11281;3
"11282";11282;3
"11283";11283;2
"11284";11284;3
"11285";11285;2
"11286";11286;3
"11287";11287;2
"11288";11288;2
"11289";11289;2
"11290";11290;3
"11291";11291;2
"11292";11292;2
"11293";11293;3
"11294";11294;3
"11295";11295;3
"11296";11296;3
"11297";11297;3
"11298";11298;3
"11299";11299;3
"11300";11300;3
"11301";11301;3
"11302";11302;3
"11303";11303;3
"11304";11304;3
"11305";11305;3
"11306";11306;3
"11307";11307;1
"11308";11308;1
"11309";11309;1
"11310";11310;1
"11311";11311;2
"11312";11312;1
"11313";11313;1
"11314";11314;1
"11315";11315;3
"11316";11316;1
"11317";11317;1
"11318";11318;3
"11319";11319;1
"11320";11320;1
"11321";11321;1
"11322";11322;1
"11323";11323;1
"11324";11324;1
"11325";11325;3
"11326";11326;1
"11327";11327;1
"11328";11328;3
"11329";11329;3
"11330";11330;2
"11331";11331;1
"11332";11332;3
"11333";11333;1
"11334";11334;3
"11335";11335;3
"11336";11336;1
"11337";11337;2
"11338";11338;1
"11339";11339;3
"11340";11340;1
"11341";11341;1
"11342";11342;1
"11343";11343;3
"11344";11344;3
"11345";11345;3
"11346";11346;2
"11347";11347;2
"11348";11348;1
"11349";11349;2
"11350";11350;2
"11351";11351;1
"11352";11352;1
"11353";11353;1
"11354";11354;1
"11355";11355;1
"11356";11356;1
"11357";11357;1
"11358";11358;1
"11359";11359;3
"11360";11360;1
"11361";11361;1
"11362";11362;1
"11363";11363;2
"11364";11364;1
"11365";11365;3
"11366";11366;1
"11367";11367;2
"11368";11368;1
"11369";11369;2
"11370";11370;1
"11371";11371;2
"11372";11372;3
"11373";11373;2
"11374";11374;3
"11375";11375;2
"11376";11376;2
"11377";11377;2
"11378";11378;2
"11379";11379;2
"11380";11380;1
"11381";11381;2
"11382";11382;2
"11383";11383;3
"11384";11384;3
"11385";11385;2
"11386";11386;3
"11387";11387;2
"11388";11388;2
"11389";11389;2
"11390";11390;2
"11391";11391;2
"11392";11392;2
"11393";11393;3
"11394";11394;3
"11395";11395;3
"11396";11396;2
"11397";11397;2
"11398";11398;2
"11399";11399;2
"11400";11400;2
"11401";11401;2
"11402";11402;3
"11403";11403;3
"11404";11404;3
"11405";11405;2
"11406";11406;3
"11407";11407;3
"11408";11408;2
"11409";11409;2
"11410";11410;2
"11411";11411;2
"11412";11412;2
"11413";11413;2
"11414";11414;2
"11415";11415;2
"11416";11416;1
"11417";11417;2
"11418";11418;1
"11419";11419;1
"11420";11420;1
"11421";11421;1
"11422";11422;1
"11423";11423;2
"11424";11424;2
"11425";11425;1
"11426";11426;1
"11427";11427;1
"11428";11428;1
"11429";11429;1
"11430";11430;1
"11431";11431;2
"11432";11432;2
"11433";11433;2
"11434";11434;1
"11435";11435;1
"11436";11436;1
"11437";11437;2
"11438";11438;3
"11439";11439;1
"11440";11440;2
"11441";11441;2
"11442";11442;3
"11443";11443;3
"11444";11444;3
"11445";11445;3
"11446";11446;1
"11447";11447;2
"11448";11448;1
"11449";11449;1
"11450";11450;1
"11451";11451;1
"11452";11452;3
"11453";11453;1
"11454";11454;2
"11455";11455;3
"11456";11456;1
"11457";11457;2
"11458";11458;1
"11459";11459;1
"11460";11460;1
"11461";11461;1
"11462";11462;3
"11463";11463;3
"11464";11464;1
"11465";11465;3
"11466";11466;1
"11467";11467;3
"11468";11468;3
"11469";11469;2
"11470";11470;1
"11471";11471;1
"11472";11472;3
"11473";11473;1
"11474";11474;1
"11475";11475;2
"11476";11476;2
"11477";11477;1
"11478";11478;2
"11479";11479;3
"11480";11480;1
"11481";11481;1
"11482";11482;2
"11483";11483;1
"11484";11484;1
"11485";11485;1
"11486";11486;1
"11487";11487;3
"11488";11488;3
"11489";11489;3
"11490";11490;1
"11491";11491;3
"11492";11492;3
"11493";11493;3
"11494";11494;3
"11495";11495;1
"11496";11496;3
"11497";11497;3
"11498";11498;2
"11499";11499;3
"11500";11500;2
"11501";11501;1
"11502";11502;2
"11503";11503;1
"11504";11504;1
"11505";11505;3
"11506";11506;1
"11507";11507;1
"11508";11508;2
"11509";11509;2
"11510";11510;2
"11511";11511;1
"11512";11512;2
"11513";11513;2
"11514";11514;1
"11515";11515;1
"11516";11516;2
"11517";11517;2
"11518";11518;3
"11519";11519;3
"11520";11520;3
"11521";11521;3
"11522";11522;3
"11523";11523;1
"11524";11524;3
"11525";11525;2
"11526";11526;2
"11527";11527;3
"11528";11528;2
"11529";11529;2
"11530";11530;1
"11531";11531;1
"11532";11532;2
"11533";11533;2
"11534";11534;2
"11535";11535;2
"11536";11536;1
"11537";11537;2
"11538";11538;1
"11539";11539;1
"11540";11540;1
"11541";11541;1
"11542";11542;1
"11543";11543;1
"11544";11544;2
"11545";11545;1
"11546";11546;2
"11547";11547;1
"11548";11548;1
"11549";11549;2
"11550";11550;2
"11551";11551;2
"11552";11552;2
"11553";11553;2
"11554";11554;2
"11555";11555;3
"11556";11556;3
"11557";11557;2
"11558";11558;2
"11559";11559;2
"11560";11560;2
"11561";11561;2
"11562";11562;2
"11563";11563;2
"11564";11564;1
"11565";11565;3
"11566";11566;2
"11567";11567;1
"11568";11568;1
"11569";11569;2
"11570";11570;1
"11571";11571;1
"11572";11572;2
"11573";11573;1
"11574";11574;1
"11575";11575;1
"11576";11576;2
"11577";11577;1
"11578";11578;2
"11579";11579;1
"11580";11580;1
"11581";11581;3
"11582";11582;1
"11583";11583;2
"11584";11584;1
"11585";11585;1
"11586";11586;1
"11587";11587;2
"11588";11588;1
"11589";11589;2
"11590";11590;1
"11591";11591;1
"11592";11592;2
"11593";11593;2
"11594";11594;2
"11595";11595;3
"11596";11596;3
"11597";11597;2
"11598";11598;2
"11599";11599;2
"11600";11600;3
"11601";11601;1
"11602";11602;1
"11603";11603;3
"11604";11604;3
"11605";11605;2
"11606";11606;3
"11607";11607;3
"11608";11608;2
"11609";11609;1
"11610";11610;2
"11611";11611;2
"11612";11612;2
"11613";11613;2
"11614";11614;2
"11615";11615;3
"11616";11616;2
"11617";11617;1
"11618";11618;1
"11619";11619;1
"11620";11620;1
"11621";11621;1
"11622";11622;2
"11623";11623;3
"11624";11624;2
"11625";11625;3
"11626";11626;2
"11627";11627;1
"11628";11628;1
"11629";11629;2
"11630";11630;2
"11631";11631;1
"11632";11632;3
"11633";11633;3
"11634";11634;2
"11635";11635;1
"11636";11636;1
"11637";11637;1
"11638";11638;2
"11639";11639;2
"11640";11640;2
"11641";11641;2
"11642";11642;2
"11643";11643;2
"11644";11644;2
"11645";11645;1
"11646";11646;2
"11647";11647;1
"11648";11648;2
"11649";11649;3
"11650";11650;2
"11651";11651;2
"11652";11652;2
"11653";11653;1
"11654";11654;2
"11655";11655;1
"11656";11656;2
"11657";11657;1
"11658";11658;2
"11659";11659;2
"11660";11660;2
"11661";11661;1
"11662";11662;1
"11663";11663;1
"11664";11664;2
"11665";11665;1
"11666";11666;2
"11667";11667;1
"11668";11668;1
"11669";11669;1
"11670";11670;3
"11671";11671;2
"11672";11672;3
"11673";11673;3
"11674";11674;2
"11675";11675;1
"11676";11676;3
"11677";11677;2
"11678";11678;1
"11679";11679;1
"11680";11680;1
"11681";11681;3
"11682";11682;3
"11683";11683;1
"11684";11684;1
"11685";11685;1
"11686";11686;1
"11687";11687;3
"11688";11688;2
"11689";11689;3
"11690";11690;1
"11691";11691;3
"11692";11692;3
"11693";11693;1
"11694";11694;1
"11695";11695;3
"11696";11696;3
"11697";11697;3
"11698";11698;1
"11699";11699;1
"11700";11700;3
"11701";11701;1
"11702";11702;1
"11703";11703;1
"11704";11704;1
"11705";11705;3
"11706";11706;1
"11707";11707;1
"11708";11708;3
"11709";11709;2
"11710";11710;2
"11711";11711;3
"11712";11712;1
"11713";11713;3
"11714";11714;3
"11715";11715;2
"11716";11716;1
"11717";11717;1
"11718";11718;2
"11719";11719;2
"11720";11720;1
"11721";11721;1
"11722";11722;1
"11723";11723;2
"11724";11724;2
"11725";11725;3
"11726";11726;3
"11727";11727;3
"11728";11728;1
"11729";11729;3
"11730";11730;1
"11731";11731;1
"11732";11732;1
"11733";11733;1
"11734";11734;2
"11735";11735;1
"11736";11736;2
"11737";11737;1
"11738";11738;1
"11739";11739;1
"11740";11740;1
"11741";11741;1
"11742";11742;1
"11743";11743;3
"11744";11744;3
"11745";11745;1
"11746";11746;1
"11747";11747;1
"11748";11748;3
"11749";11749;2
"11750";11750;2
"11751";11751;3
"11752";11752;3
"11753";11753;1
"11754";11754;3
"11755";11755;3
"11756";11756;3
"11757";11757;1
"11758";11758;1
"11759";11759;1
"11760";11760;3
"11761";11761;1
"11762";11762;1
"11763";11763;2
"11764";11764;3
"11765";11765;3
"11766";11766;2
"11767";11767;3
"11768";11768;3
"11769";11769;1
"11770";11770;1
"11771";11771;1
"11772";11772;1
"11773";11773;3
"11774";11774;3
"11775";11775;1
"11776";11776;1
"11777";11777;3
"11778";11778;1
"11779";11779;1
"11780";11780;3
"11781";11781;1
"11782";11782;1
"11783";11783;1
"11784";11784;3
"11785";11785;3
"11786";11786;2
"11787";11787;1
"11788";11788;1
"11789";11789;1
"11790";11790;3
"11791";11791;3
"11792";11792;3
"11793";11793;3
"11794";11794;3
"11795";11795;1
"11796";11796;3
"11797";11797;1
"11798";11798;2
"11799";11799;3
"11800";11800;1
"11801";11801;1
"11802";11802;1
"11803";11803;1
"11804";11804;1
"11805";11805;3
"11806";11806;3
"11807";11807;3
"11808";11808;3
"11809";11809;3
"11810";11810;3
"11811";11811;3
"11812";11812;3
"11813";11813;3
"11814";11814;3
"11815";11815;2
"11816";11816;1
"11817";11817;1
"11818";11818;3
"11819";11819;1
"11820";11820;1
"11821";11821;1
"11822";11822;1
"11823";11823;1
"11824";11824;2
"11825";11825;1
"11826";11826;1
"11827";11827;1
"11828";11828;1
"11829";11829;1
"11830";11830;1
"11831";11831;1
"11832";11832;1
"11833";11833;1
"11834";11834;2
"11835";11835;2
"11836";11836;1
"11837";11837;3
"11838";11838;1
"11839";11839;2
"11840";11840;2
"11841";11841;2
"11842";11842;2
"11843";11843;2
"11844";11844;2
"11845";11845;2
"11846";11846;2
"11847";11847;2
"11848";11848;3
"11849";11849;2
"11850";11850;2
"11851";11851;2
"11852";11852;1
"11853";11853;2
"11854";11854;3
"11855";11855;2
"11856";11856;3
"11857";11857;3
"11858";11858;2
"11859";11859;2
"11860";11860;2
"11861";11861;2
"11862";11862;3
"11863";11863;3
"11864";11864;3
"11865";11865;3
"11866";11866;3
"11867";11867;3
"11868";11868;3
"11869";11869;3
"11870";11870;3
"11871";11871;2
"11872";11872;3
"11873";11873;3
"11874";11874;2
"11875";11875;3
"11876";11876;3
"11877";11877;3
"11878";11878;3
"11879";11879;2
"11880";11880;3
"11881";11881;3
"11882";11882;2
"11883";11883;3
"11884";11884;3
"11885";11885;3
"11886";11886;2
"11887";11887;3
"11888";11888;2
"11889";11889;3
"11890";11890;3
"11891";11891;3
"11892";11892;3
"11893";11893;3
"11894";11894;3
"11895";11895;2
"11896";11896;2
"11897";11897;3
"11898";11898;3
"11899";11899;3
"11900";11900;3
"11901";11901;3
"11902";11902;3
"11903";11903;3
"11904";11904;3
"11905";11905;1
"11906";11906;3
"11907";11907;2
"11908";11908;3
"11909";11909;3
"11910";11910;1
"11911";11911;3
"11912";11912;3
"11913";11913;3
"11914";11914;3
"11915";11915;3
"11916";11916;2
"11917";11917;2
"11918";11918;2
"11919";11919;3
"11920";11920;3
"11921";11921;3
"11922";11922;3
"11923";11923;3
"11924";11924;3
"11925";11925;3
"11926";11926;3
"11927";11927;3
"11928";11928;3
"11929";11929;3
"11930";11930;3
"11931";11931;3
"11932";11932;3
"11933";11933;3
"11934";11934;3
"11935";11935;3
"11936";11936;3
"11937";11937;3
"11938";11938;3
"11939";11939;3
"11940";11940;2
"11941";11941;3
"11942";11942;1
"11943";11943;1
"11944";11944;3
"11945";11945;3
"11946";11946;3
"11947";11947;3
"11948";11948;1
"11949";11949;3
"11950";11950;3
"11951";11951;1
"11952";11952;2
"11953";11953;1
"11954";11954;3
"11955";11955;3
"11956";11956;3
"11957";11957;3
"11958";11958;3
"11959";11959;2
"11960";11960;2
"11961";11961;2
"11962";11962;3
"11963";11963;3
"11964";11964;3
"11965";11965;3
"11966";11966;1
"11967";11967;3
"11968";11968;1
"11969";11969;1
"11970";11970;1
"11971";11971;3
"11972";11972;3
"11973";11973;3
"11974";11974;3
"11975";11975;3
"11976";11976;3
"11977";11977;3
"11978";11978;3
"11979";11979;3
"11980";11980;3
"11981";11981;3
"11982";11982;3
"11983";11983;3
"11984";11984;1
"11985";11985;3
"11986";11986;3
"11987";11987;3
"11988";11988;3
"11989";11989;3
"11990";11990;3
"11991";11991;1
"11992";11992;1
"11993";11993;3
"11994";11994;3
"11995";11995;3
"11996";11996;3
"11997";11997;3
"11998";11998;1
"11999";11999;3
"12000";12000;3
"12001";12001;3
"12002";12002;3
"12003";12003;3
"12004";12004;3
"12005";12005;3
"12006";12006;3
"12007";12007;3
"12008";12008;2
"12009";12009;3
"12010";12010;3
"12011";12011;2
"12012";12012;3
"12013";12013;3
"12014";12014;3
"12015";12015;3
"12016";12016;3
"12017";12017;1
"12018";12018;3
"12019";12019;3
"12020";12020;2
"12021";12021;2
"12022";12022;2
"12023";12023;3
"12024";12024;3
"12025";12025;2
"12026";12026;3
"12027";12027;2
"12028";12028;3
"12029";12029;3
"12030";12030;1
"12031";12031;3
"12032";12032;2
"12033";12033;2
"12034";12034;2
"12035";12035;2
"12036";12036;2
"12037";12037;3
"12038";12038;2
"12039";12039;2
"12040";12040;2
"12041";12041;2
"12042";12042;2
"12043";12043;2
"12044";12044;2
"12045";12045;3
"12046";12046;2
"12047";12047;1
"12048";12048;2
"12049";12049;2
"12050";12050;2
"12051";12051;3
"12052";12052;2
"12053";12053;2
"12054";12054;2
"12055";12055;1
"12056";12056;2
"12057";12057;1
"12058";12058;2
"12059";12059;2
"12060";12060;1
"12061";12061;1
"12062";12062;2
"12063";12063;1
"12064";12064;3
"12065";12065;2
"12066";12066;2
"12067";12067;2
"12068";12068;2
"12069";12069;2
"12070";12070;1
"12071";12071;1
"12072";12072;2
"12073";12073;1
"12074";12074;1
"12075";12075;3
"12076";12076;1
"12077";12077;1
"12078";12078;1
"12079";12079;1
"12080";12080;2
"12081";12081;2
"12082";12082;1
"12083";12083;1
"12084";12084;3
"12085";12085;1
"12086";12086;2
"12087";12087;1
"12088";12088;2
"12089";12089;1
"12090";12090;1
"12091";12091;1
"12092";12092;1
"12093";12093;2
"12094";12094;2
"12095";12095;1
"12096";12096;1
"12097";12097;2
"12098";12098;2
"12099";12099;1
"12100";12100;1
"12101";12101;1
"12102";12102;1
"12103";12103;1
"12104";12104;2
"12105";12105;2
"12106";12106;2
"12107";12107;2
"12108";12108;2
"12109";12109;1
"12110";12110;2
"12111";12111;2
"12112";12112;1
"12113";12113;1
"12114";12114;3
"12115";12115;1
"12116";12116;3
"12117";12117;1
"12118";12118;1
"12119";12119;2
"12120";12120;1
"12121";12121;2
"12122";12122;1
"12123";12123;2
"12124";12124;1
"12125";12125;2
"12126";12126;2
"12127";12127;2
"12128";12128;2
"12129";12129;2
"12130";12130;2
"12131";12131;1
"12132";12132;2
"12133";12133;1
"12134";12134;2
"12135";12135;1
"12136";12136;2
"12137";12137;2
"12138";12138;2
"12139";12139;1
"12140";12140;1
"12141";12141;1
"12142";12142;1
"12143";12143;1
"12144";12144;1
"12145";12145;1
"12146";12146;1
"12147";12147;2
"12148";12148;1
"12149";12149;1
"12150";12150;1
"12151";12151;1
"12152";12152;1
"12153";12153;1
"12154";12154;1
"12155";12155;1
"12156";12156;1
"12157";12157;1
"12158";12158;1
"12159";12159;1
"12160";12160;1
"12161";12161;1
"12162";12162;1
"12163";12163;1
"12164";12164;1
"12165";12165;1
"12166";12166;1
"12167";12167;1
"12168";12168;1
"12169";12169;2
"12170";12170;2
"12171";12171;2
"12172";12172;2
"12173";12173;2
"12174";12174;3
"12175";12175;2
"12176";12176;1
"12177";12177;2
"12178";12178;2
"12179";12179;2
"12180";12180;2
"12181";12181;2
"12182";12182;1
"12183";12183;3
"12184";12184;1
"12185";12185;2
"12186";12186;1
"12187";12187;2
"12188";12188;2
"12189";12189;2
"12190";12190;2
"12191";12191;2
"12192";12192;2
"12193";12193;2
"12194";12194;2
"12195";12195;2
"12196";12196;1
"12197";12197;2
"12198";12198;2
"12199";12199;2
"12200";12200;2
"12201";12201;3
"12202";12202;2
"12203";12203;2
"12204";12204;2
"12205";12205;1
"12206";12206;2
"12207";12207;1
"12208";12208;2
"12209";12209;2
"12210";12210;2
"12211";12211;2
"12212";12212;2
"12213";12213;3
"12214";12214;2
"12215";12215;2
"12216";12216;3
"12217";12217;2
"12218";12218;1
"12219";12219;1
"12220";12220;2
"12221";12221;2
"12222";12222;2
"12223";12223;1
"12224";12224;1
"12225";12225;1
"12226";12226;1
"12227";12227;1
"12228";12228;2
"12229";12229;2
"12230";12230;2
"12231";12231;2
"12232";12232;1
"12233";12233;1
"12234";12234;2
"12235";12235;1
"12236";12236;2
"12237";12237;1
"12238";12238;1
"12239";12239;1
"12240";12240;2
"12241";12241;1
"12242";12242;1
"12243";12243;1
"12244";12244;1
"12245";12245;1
"12246";12246;1
"12247";12247;3
"12248";12248;1
"12249";12249;1
"12250";12250;1
"12251";12251;1
"12252";12252;1
"12253";12253;1
"12254";12254;1
"12255";12255;1
"12256";12256;1
"12257";12257;1
"12258";12258;1
"12259";12259;1
"12260";12260;1
"12261";12261;2
"12262";12262;1
"12263";12263;1
"12264";12264;2
"12265";12265;1
"12266";12266;1
"12267";12267;1
"12268";12268;1
"12269";12269;2
"12270";12270;1
"12271";12271;2
"12272";12272;2
"12273";12273;2
"12274";12274;1
"12275";12275;1
"12276";12276;2
"12277";12277;1
"12278";12278;1
"12279";12279;1
"12280";12280;1
"12281";12281;1
"12282";12282;1
"12283";12283;3
"12284";12284;1
"12285";12285;2
"12286";12286;3
"12287";12287;2
"12288";12288;1
"12289";12289;1
"12290";12290;1
"12291";12291;1
"12292";12292;1
"12293";12293;1
"12294";12294;1
"12295";12295;1
"12296";12296;1
"12297";12297;1
"12298";12298;1
"12299";12299;1
"12300";12300;3
"12301";12301;1
"12302";12302;1
"12303";12303;1
"12304";12304;1
"12305";12305;1
"12306";12306;1
"12307";12307;3
"12308";12308;1
"12309";12309;1
"12310";12310;1
"12311";12311;1
"12312";12312;1
"12313";12313;1
"12314";12314;1
"12315";12315;1
"12316";12316;1
"12317";12317;1
"12318";12318;1
"12319";12319;1
"12320";12320;1
"12321";12321;1
"12322";12322;1
"12323";12323;1
"12324";12324;1
"12325";12325;1
"12326";12326;1
"12327";12327;1
"12328";12328;1
"12329";12329;1
"12330";12330;1
"12331";12331;1
"12332";12332;1
"12333";12333;1
"12334";12334;1
"12335";12335;1
"12336";12336;1
"12337";12337;1
"12338";12338;1
"12339";12339;1
"12340";12340;1
"12341";12341;1
"12342";12342;3
"12343";12343;1
"12344";12344;1
"12345";12345;1
"12346";12346;2
"12347";12347;3
"12348";12348;1
"12349";12349;1
"12350";12350;1
"12351";12351;1
"12352";12352;1
"12353";12353;1
"12354";12354;1
"12355";12355;1
"12356";12356;1
"12357";12357;1
"12358";12358;1
"12359";12359;3
"12360";12360;3
"12361";12361;1
"12362";12362;1
"12363";12363;1
"12364";12364;1
"12365";12365;1
"12366";12366;1
"12367";12367;1
"12368";12368;1
"12369";12369;1
"12370";12370;1
"12371";12371;1
"12372";12372;1
"12373";12373;1
"12374";12374;1
"12375";12375;1
"12376";12376;1
"12377";12377;1
"12378";12378;1
"12379";12379;1
"12380";12380;1
"12381";12381;1
"12382";12382;1
"12383";12383;1
"12384";12384;1
"12385";12385;1
"12386";12386;1
"12387";12387;1
"12388";12388;1
"12389";12389;1
"12390";12390;1
"12391";12391;1
"12392";12392;1
"12393";12393;1
"12394";12394;1
"12395";12395;1
"12396";12396;1
"12397";12397;1
"12398";12398;1
"12399";12399;1
"12400";12400;1
"12401";12401;1
"12402";12402;1
"12403";12403;1
"12404";12404;1
"12405";12405;1
"12406";12406;1
"12407";12407;1
"12408";12408;1
"12409";12409;1
"12410";12410;1
"12411";12411;1
"12412";12412;1
"12413";12413;1
"12414";12414;1
"12415";12415;2
"12416";12416;2
"12417";12417;2
"12418";12418;1
"12419";12419;1
"12420";12420;1
"12421";12421;1
"12422";12422;1
"12423";12423;1
"12424";12424;2
"12425";12425;3
"12426";12426;1
"12427";12427;1
"12428";12428;2
"12429";12429;1
"12430";12430;1
"12431";12431;1
"12432";12432;1
"12433";12433;1
"12434";12434;1
"12435";12435;2
"12436";12436;1
"12437";12437;1
"12438";12438;1
"12439";12439;2
"12440";12440;2
"12441";12441;1
"12442";12442;2
"12443";12443;1
"12444";12444;1
"12445";12445;1
"12446";12446;2
"12447";12447;1
"12448";12448;2
"12449";12449;1
"12450";12450;1
"12451";12451;1
"12452";12452;1
"12453";12453;1
"12454";12454;1
"12455";12455;1
"12456";12456;1
"12457";12457;1
"12458";12458;1
"12459";12459;1
"12460";12460;1
"12461";12461;1
"12462";12462;1
"12463";12463;1
"12464";12464;1
"12465";12465;1
"12466";12466;1
"12467";12467;1
"12468";12468;1
"12469";12469;3
"12470";12470;1
"12471";12471;1
"12472";12472;1
"12473";12473;1
"12474";12474;2
"12475";12475;1
"12476";12476;1
"12477";12477;1
"12478";12478;1
"12479";12479;1
"12480";12480;1
"12481";12481;1
"12482";12482;1
"12483";12483;1
"12484";12484;1
"12485";12485;1
"12486";12486;1
"12487";12487;1
"12488";12488;1
"12489";12489;1
"12490";12490;3
"12491";12491;3
"12492";12492;1
"12493";12493;1
"12494";12494;2
"12495";12495;1
"12496";12496;2
"12497";12497;1
"12498";12498;1
"12499";12499;1
"12500";12500;1
"12501";12501;2
"12502";12502;3
"12503";12503;1
"12504";12504;1
"12505";12505;1
"12506";12506;1
"12507";12507;1
"12508";12508;1
"12509";12509;2
"12510";12510;1
"12511";12511;1
"12512";12512;1
"12513";12513;1
"12514";12514;1
"12515";12515;1
"12516";12516;1
"12517";12517;2
"12518";12518;2
"12519";12519;2
"12520";12520;1
"12521";12521;1
"12522";12522;1
"12523";12523;2
"12524";12524;1
"12525";12525;2
"12526";12526;2
"12527";12527;1
"12528";12528;1
"12529";12529;1
"12530";12530;1
"12531";12531;1
"12532";12532;1
"12533";12533;1
"12534";12534;1
"12535";12535;1
"12536";12536;1
"12537";12537;1
"12538";12538;1
"12539";12539;1
"12540";12540;1
"12541";12541;1
"12542";12542;1
"12543";12543;1
"12544";12544;1
"12545";12545;1
"12546";12546;3
"12547";12547;1
"12548";12548;1
"12549";12549;1
"12550";12550;1
"12551";12551;1
"12552";12552;1
"12553";12553;1
"12554";12554;1
"12555";12555;1
"12556";12556;1
"12557";12557;1
"12558";12558;1
"12559";12559;1
"12560";12560;1
"12561";12561;1
"12562";12562;1
"12563";12563;1
"12564";12564;3
"12565";12565;1
"12566";12566;1
"12567";12567;1
"12568";12568;1
"12569";12569;1
"12570";12570;1
"12571";12571;1
"12572";12572;1
"12573";12573;1
"12574";12574;1
"12575";12575;1
"12576";12576;1
"12577";12577;1
"12578";12578;1
"12579";12579;2
"12580";12580;1
"12581";12581;1
"12582";12582;1
"12583";12583;1
"12584";12584;1
"12585";12585;1
"12586";12586;1
"12587";12587;1
"12588";12588;1
"12589";12589;1
"12590";12590;1
"12591";12591;1
"12592";12592;1
"12593";12593;2
"12594";12594;1
"12595";12595;1
"12596";12596;2
"12597";12597;1
"12598";12598;1
"12599";12599;1
"12600";12600;1
"12601";12601;1
"12602";12602;1
"12603";12603;2
"12604";12604;2
"12605";12605;1
"12606";12606;1
"12607";12607;1
"12608";12608;1
"12609";12609;1
"12610";12610;2
"12611";12611;2
"12612";12612;3
"12613";12613;1
"12614";12614;1
"12615";12615;1
"12616";12616;2
"12617";12617;1
"12618";12618;1
"12619";12619;1
"12620";12620;1
"12621";12621;1
"12622";12622;1
"12623";12623;1
"12624";12624;1
"12625";12625;1
"12626";12626;1
"12627";12627;1
"12628";12628;1
"12629";12629;1
"12630";12630;1
"12631";12631;1
"12632";12632;1
"12633";12633;1
"12634";12634;1
"12635";12635;1
"12636";12636;1
"12637";12637;1
"12638";12638;1
"12639";12639;1
"12640";12640;1
"12641";12641;1
"12642";12642;1
"12643";12643;1
"12644";12644;1
"12645";12645;1
"12646";12646;2
"12647";12647;2
"12648";12648;1
"12649";12649;1
"12650";12650;2
"12651";12651;1
"12652";12652;1
"12653";12653;2
"12654";12654;1
"12655";12655;1
"12656";12656;1
"12657";12657;1
"12658";12658;2
"12659";12659;2
"12660";12660;2
"12661";12661;3
"12662";12662;1
"12663";12663;1
"12664";12664;1
"12665";12665;1
"12666";12666;1
"12667";12667;1
"12668";12668;1
"12669";12669;1
"12670";12670;1
"12671";12671;1
"12672";12672;1
"12673";12673;1
"12674";12674;1
"12675";12675;1
"12676";12676;1
"12677";12677;1
"12678";12678;1
"12679";12679;1
"12680";12680;1
"12681";12681;3
"12682";12682;1
"12683";12683;2
"12684";12684;1
"12685";12685;1
"12686";12686;1
"12687";12687;1
"12688";12688;3
"12689";12689;1
"12690";12690;1
"12691";12691;1
"12692";12692;1
"12693";12693;1
"12694";12694;1
"12695";12695;1
"12696";12696;2
"12697";12697;1
"12698";12698;1
"12699";12699;1
"12700";12700;2
"12701";12701;1
"12702";12702;1
"12703";12703;1
"12704";12704;2
"12705";12705;2
"12706";12706;2
"12707";12707;1
"12708";12708;2
"12709";12709;2
"12710";12710;1
"12711";12711;1
"12712";12712;1
"12713";12713;1
"12714";12714;2
"12715";12715;1
"12716";12716;2
"12717";12717;2
"12718";12718;2
"12719";12719;1
"12720";12720;2
"12721";12721;1
"12722";12722;2
"12723";12723;2
"12724";12724;2
"12725";12725;2
"12726";12726;2
"12727";12727;2
"12728";12728;1
"12729";12729;1
"12730";12730;1
"12731";12731;1
"12732";12732;1
"12733";12733;1
"12734";12734;1
"12735";12735;1
"12736";12736;1
"12737";12737;1
"12738";12738;2
"12739";12739;2
"12740";12740;1
"12741";12741;1
"12742";12742;1
"12743";12743;1
"12744";12744;2
"12745";12745;2
"12746";12746;2
"12747";12747;2
"12748";12748;2
"12749";12749;2
"12750";12750;2
"12751";12751;2
"12752";12752;2
"12753";12753;1
"12754";12754;1
"12755";12755;2
"12756";12756;1
"12757";12757;2
"12758";12758;2
"12759";12759;1
"12760";12760;1
"12761";12761;1
"12762";12762;2
"12763";12763;2
"12764";12764;3
"12765";12765;2
"12766";12766;3
"12767";12767;3
"12768";12768;3
"12769";12769;3
"12770";12770;2
"12771";12771;2
"12772";12772;3
"12773";12773;3
"12774";12774;2
"12775";12775;2
"12776";12776;2
"12777";12777;2
"12778";12778;2
"12779";12779;2
"12780";12780;2
"12781";12781;3
"12782";12782;1
"12783";12783;3
"12784";12784;2
"12785";12785;2
"12786";12786;2
"12787";12787;2
"12788";12788;2
"12789";12789;3
"12790";12790;2
"12791";12791;3
"12792";12792;2
"12793";12793;3
"12794";12794;2
"12795";12795;1
"12796";12796;3
"12797";12797;3
"12798";12798;3
"12799";12799;3
"12800";12800;3
"12801";12801;3
"12802";12802;3
"12803";12803;3
"12804";12804;2
"12805";12805;3
"12806";12806;3
"12807";12807;3
"12808";12808;2
"12809";12809;3
"12810";12810;3
"12811";12811;3
"12812";12812;1
"12813";12813;3
"12814";12814;3
"12815";12815;3
"12816";12816;3
"12817";12817;3
"12818";12818;3
"12819";12819;3
"12820";12820;3
"12821";12821;3
"12822";12822;1
"12823";12823;3
"12824";12824;3
"12825";12825;3
"12826";12826;1
"12827";12827;1
"12828";12828;1
"12829";12829;3
"12830";12830;3
"12831";12831;3
"12832";12832;3
"12833";12833;3
"12834";12834;3
"12835";12835;1
"12836";12836;2
"12837";12837;2
"12838";12838;2
"12839";12839;2
"12840";12840;1
"12841";12841;2
"12842";12842;3
"12843";12843;3
"12844";12844;3
"12845";12845;3
"12846";12846;3
"12847";12847;3
"12848";12848;3
"12849";12849;3
"12850";12850;3
"12851";12851;3
"12852";12852;3
"12853";12853;3
"12854";12854;3
"12855";12855;3
"12856";12856;3
"12857";12857;3
"12858";12858;3
"12859";12859;3
"12860";12860;3
"12861";12861;3
"12862";12862;3
"12863";12863;3
"12864";12864;3
"12865";12865;3
"12866";12866;3
"12867";12867;3
"12868";12868;3
"12869";12869;3
"12870";12870;3
"12871";12871;3
"12872";12872;3
"12873";12873;3
"12874";12874;2
"12875";12875;3
"12876";12876;3
"12877";12877;3
"12878";12878;1
"12879";12879;3
"12880";12880;3
"12881";12881;3
"12882";12882;3
"12883";12883;3
"12884";12884;3
"12885";12885;3
"12886";12886;3
"12887";12887;3
"12888";12888;3
"12889";12889;3
"12890";12890;2
"12891";12891;3
"12892";12892;3
"12893";12893;2
"12894";12894;3
"12895";12895;3
"12896";12896;2
"12897";12897;3
"12898";12898;3
"12899";12899;3
"12900";12900;3
"12901";12901;3
"12902";12902;2
"12903";12903;2
"12904";12904;3
"12905";12905;1
"12906";12906;2
"12907";12907;3
"12908";12908;3
"12909";12909;3
"12910";12910;3
"12911";12911;3
"12912";12912;3
"12913";12913;3
"12914";12914;3
"12915";12915;2
"12916";12916;3
"12917";12917;3
"12918";12918;3
"12919";12919;3
"12920";12920;3
"12921";12921;3
"12922";12922;3
"12923";12923;3
"12924";12924;3
"12925";12925;3
"12926";12926;2
"12927";12927;3
"12928";12928;3
"12929";12929;3
"12930";12930;3
"12931";12931;3
"12932";12932;3
"12933";12933;3
"12934";12934;3
"12935";12935;1
"12936";12936;3
"12937";12937;2
"12938";12938;3
"12939";12939;3
"12940";12940;3
"12941";12941;3
"12942";12942;3
"12943";12943;3
"12944";12944;3
"12945";12945;3
"12946";12946;3
"12947";12947;2
"12948";12948;2
"12949";12949;1
"12950";12950;3
"12951";12951;3
"12952";12952;2
"12953";12953;3
"12954";12954;3
"12955";12955;1
"12956";12956;2
"12957";12957;1
"12958";12958;1
"12959";12959;1
"12960";12960;1
"12961";12961;3
"12962";12962;1
"12963";12963;1
"12964";12964;2
"12965";12965;2
"12966";12966;2
"12967";12967;2
"12968";12968;2
"12969";12969;2
"12970";12970;2
"12971";12971;2
"12972";12972;3
"12973";12973;2
"12974";12974;1
"12975";12975;2
"12976";12976;1
"12977";12977;1
"12978";12978;3
"12979";12979;2
"12980";12980;1
"12981";12981;2
"12982";12982;1
"12983";12983;2
"12984";12984;2
"12985";12985;2
"12986";12986;1
"12987";12987;1
"12988";12988;1
"12989";12989;1
"12990";12990;1
"12991";12991;3
"12992";12992;1
"12993";12993;3
"12994";12994;3
"12995";12995;1
"12996";12996;2
"12997";12997;2
"12998";12998;2
"12999";12999;1
"13000";13000;1
"13001";13001;1
"13002";13002;1
"13003";13003;1
"13004";13004;2
"13005";13005;1
"13006";13006;1
"13007";13007;1
"13008";13008;1
"13009";13009;1
"13010";13010;1
"13011";13011;2
"13012";13012;2
"13013";13013;2
"13014";13014;2
"13015";13015;2
"13016";13016;2
"13017";13017;1
"13018";13018;2
"13019";13019;1
"13020";13020;1
"13021";13021;1
"13022";13022;2
"13023";13023;3
"13024";13024;2
"13025";13025;1
"13026";13026;2
"13027";13027;2
"13028";13028;1
"13029";13029;2
"13030";13030;1
"13031";13031;2
"13032";13032;1
"13033";13033;3
"13034";13034;2
"13035";13035;2
"13036";13036;2
"13037";13037;3
"13038";13038;2
"13039";13039;2
"13040";13040;1
"13041";13041;2
"13042";13042;1
"13043";13043;2
"13044";13044;2
"13045";13045;1
"13046";13046;1
"13047";13047;1
"13048";13048;1
"13049";13049;1
"13050";13050;1
"13051";13051;1
"13052";13052;2
"13053";13053;1
"13054";13054;2
"13055";13055;1
"13056";13056;1
"13057";13057;2
"13058";13058;2
"13059";13059;1
"13060";13060;1
"13061";13061;1
"13062";13062;2
"13063";13063;2
"13064";13064;1
"13065";13065;2
"13066";13066;2
"13067";13067;1
"13068";13068;1
"13069";13069;2
"13070";13070;2
"13071";13071;1
"13072";13072;3
"13073";13073;2
"13074";13074;1
"13075";13075;2
"13076";13076;1
"13077";13077;2
"13078";13078;1
"13079";13079;1
"13080";13080;1
"13081";13081;1
"13082";13082;1
"13083";13083;1
"13084";13084;1
"13085";13085;1
"13086";13086;1
"13087";13087;2
"13088";13088;2
"13089";13089;1
"13090";13090;1
"13091";13091;1
"13092";13092;1
"13093";13093;1
"13094";13094;1
"13095";13095;2
"13096";13096;1
"13097";13097;1
"13098";13098;1
"13099";13099;1
"13100";13100;2
"13101";13101;2
"13102";13102;2
"13103";13103;2
"13104";13104;2
"13105";13105;1
"13106";13106;2
"13107";13107;2
"13108";13108;1
"13109";13109;1
"13110";13110;2
"13111";13111;2
"13112";13112;2
"13113";13113;1
"13114";13114;2
"13115";13115;2
"13116";13116;1
"13117";13117;2
"13118";13118;2
"13119";13119;1
"13120";13120;2
"13121";13121;2
"13122";13122;2
"13123";13123;1
"13124";13124;1
"13125";13125;1
"13126";13126;1
"13127";13127;1
"13128";13128;2
"13129";13129;3
"13130";13130;1
"13131";13131;1
"13132";13132;2
"13133";13133;2
"13134";13134;2
"13135";13135;2
"13136";13136;2
"13137";13137;2
"13138";13138;1
"13139";13139;2
"13140";13140;2
"13141";13141;2
"13142";13142;2
"13143";13143;2
"13144";13144;2
"13145";13145;2
"13146";13146;2
"13147";13147;2
"13148";13148;1
"13149";13149;2
"13150";13150;2
"13151";13151;1
"13152";13152;1
"13153";13153;2
"13154";13154;2
"13155";13155;2
"13156";13156;3
"13157";13157;1
"13158";13158;2
"13159";13159;3
"13160";13160;2
"13161";13161;2
"13162";13162;1
"13163";13163;1
"13164";13164;3
"13165";13165;2
"13166";13166;1
"13167";13167;3
"13168";13168;3
"13169";13169;3
"13170";13170;2
"13171";13171;2
"13172";13172;3
"13173";13173;3
"13174";13174;3
"13175";13175;1
"13176";13176;3
"13177";13177;1
"13178";13178;3
"13179";13179;3
"13180";13180;1
"13181";13181;2
"13182";13182;1
"13183";13183;1
"13184";13184;1
"13185";13185;2
"13186";13186;1
"13187";13187;3
"13188";13188;3
"13189";13189;3
"13190";13190;3
"13191";13191;1
"13192";13192;2
"13193";13193;1
"13194";13194;1
"13195";13195;1
"13196";13196;1
"13197";13197;1
"13198";13198;1
"13199";13199;1
"13200";13200;3
"13201";13201;3
"13202";13202;2
"13203";13203;2
"13204";13204;3
"13205";13205;3
"13206";13206;1
"13207";13207;1
"13208";13208;3
"13209";13209;1
"13210";13210;1
"13211";13211;3
"13212";13212;1
"13213";13213;3
"13214";13214;1
"13215";13215;1
"13216";13216;1
"13217";13217;3
"13218";13218;3
"13219";13219;3
"13220";13220;2
"13221";13221;2
"13222";13222;1
"13223";13223;3
"13224";13224;3
"13225";13225;3
"13226";13226;1
"13227";13227;2
"13228";13228;3
"13229";13229;3
"13230";13230;1
"13231";13231;1
"13232";13232;3
"13233";13233;1
"13234";13234;1
"13235";13235;3
"13236";13236;3
"13237";13237;1
"13238";13238;3
"13239";13239;3
"13240";13240;2
"13241";13241;3
"13242";13242;2
"13243";13243;2
"13244";13244;1
"13245";13245;1
"13246";13246;1
"13247";13247;3
"13248";13248;1
"13249";13249;1
"13250";13250;1
"13251";13251;1
"13252";13252;1
"13253";13253;3
"13254";13254;3
"13255";13255;3
"13256";13256;2
"13257";13257;2
"13258";13258;1
"13259";13259;3
"13260";13260;2
"13261";13261;3
"13262";13262;1
"13263";13263;1
"13264";13264;1
"13265";13265;1
"13266";13266;1
"13267";13267;3
"13268";13268;2
"13269";13269;1
"13270";13270;1
"13271";13271;2
"13272";13272;3
"13273";13273;1
"13274";13274;1
"13275";13275;1
"13276";13276;3
"13277";13277;1
"13278";13278;1
"13279";13279;1
"13280";13280;3
"13281";13281;3
"13282";13282;3
"13283";13283;1
"13284";13284;1
"13285";13285;1
"13286";13286;1
"13287";13287;3
"13288";13288;1
"13289";13289;1
"13290";13290;1
"13291";13291;1
"13292";13292;1
"13293";13293;2
"13294";13294;1
"13295";13295;3
"13296";13296;1
"13297";13297;1
"13298";13298;3
"13299";13299;3
"13300";13300;1
"13301";13301;1
"13302";13302;3
"13303";13303;1
"13304";13304;3
"13305";13305;1
"13306";13306;1
"13307";13307;1
"13308";13308;2
"13309";13309;3
"13310";13310;3
"13311";13311;1
"13312";13312;3
"13313";13313;1
"13314";13314;3
"13315";13315;3
"13316";13316;1
"13317";13317;3
"13318";13318;1
"13319";13319;2
"13320";13320;2
"13321";13321;2
"13322";13322;2
"13323";13323;2
"13324";13324;2
"13325";13325;2
"13326";13326;2
"13327";13327;2
"13328";13328;2
"13329";13329;2
"13330";13330;2
"13331";13331;2
"13332";13332;2
"13333";13333;1
"13334";13334;2
"13335";13335;1
"13336";13336;2
"13337";13337;1
"13338";13338;1
"13339";13339;1
"13340";13340;1
"13341";13341;1
"13342";13342;1
"13343";13343;1
"13344";13344;1
"13345";13345;1
"13346";13346;1
"13347";13347;1
"13348";13348;1
"13349";13349;2
"13350";13350;2
"13351";13351;2
"13352";13352;3
"13353";13353;1
"13354";13354;2
"13355";13355;1
"13356";13356;2
"13357";13357;2
"13358";13358;2
"13359";13359;1
"13360";13360;1
"13361";13361;2
"13362";13362;1
"13363";13363;2
"13364";13364;2
"13365";13365;2
"13366";13366;2
"13367";13367;1
"13368";13368;1
"13369";13369;1
"13370";13370;2
"13371";13371;2
"13372";13372;1
"13373";13373;1
"13374";13374;1
"13375";13375;2
"13376";13376;2
"13377";13377;1
"13378";13378;1
"13379";13379;1
"13380";13380;1
"13381";13381;2
"13382";13382;1
"13383";13383;2
"13384";13384;2
"13385";13385;2
"13386";13386;2
"13387";13387;2
"13388";13388;2
"13389";13389;2
"13390";13390;2
"13391";13391;2
"13392";13392;2
"13393";13393;2
"13394";13394;2
"13395";13395;2
"13396";13396;2
"13397";13397;2
"13398";13398;2
"13399";13399;3
"13400";13400;2
"13401";13401;2
"13402";13402;2
"13403";13403;2
"13404";13404;3
"13405";13405;2
"13406";13406;2
"13407";13407;3
"13408";13408;2
"13409";13409;3
"13410";13410;2
"13411";13411;2
"13412";13412;2
"13413";13413;2
"13414";13414;3
"13415";13415;2
"13416";13416;2
"13417";13417;2
"13418";13418;2
"13419";13419;3
"13420";13420;3
"13421";13421;2
"13422";13422;2
"13423";13423;3
"13424";13424;3
"13425";13425;3
"13426";13426;3
"13427";13427;3
"13428";13428;3
"13429";13429;2
"13430";13430;3
"13431";13431;3
"13432";13432;2
"13433";13433;3
"13434";13434;2
"13435";13435;1
"13436";13436;2
"13437";13437;3
"13438";13438;2
"13439";13439;2
"13440";13440;2
"13441";13441;2
"13442";13442;2
"13443";13443;2
"13444";13444;2
"13445";13445;2
"13446";13446;2
"13447";13447;2
"13448";13448;2
"13449";13449;2
"13450";13450;2
"13451";13451;3
"13452";13452;3
"13453";13453;2
"13454";13454;2
"13455";13455;2
"13456";13456;2
"13457";13457;3
"13458";13458;2
"13459";13459;2
"13460";13460;2
"13461";13461;2
"13462";13462;3
"13463";13463;3
"13464";13464;3
"13465";13465;3
"13466";13466;3
"13467";13467;2
"13468";13468;2
"13469";13469;3
"13470";13470;2
"13471";13471;2
"13472";13472;2
"13473";13473;2
"13474";13474;3
"13475";13475;2
"13476";13476;2
"13477";13477;3
"13478";13478;3
"13479";13479;1
"13480";13480;1
"13481";13481;3
"13482";13482;1
"13483";13483;1
"13484";13484;3
"13485";13485;1
"13486";13486;1
"13487";13487;3
"13488";13488;3
"13489";13489;2
"13490";13490;2
"13491";13491;3
"13492";13492;2
"13493";13493;2
"13494";13494;2
"13495";13495;1
"13496";13496;1
"13497";13497;1
"13498";13498;2
"13499";13499;2
"13500";13500;1
"13501";13501;2
"13502";13502;1
"13503";13503;1
"13504";13504;1
"13505";13505;3
"13506";13506;1
"13507";13507;2
"13508";13508;1
"13509";13509;1
"13510";13510;1
"13511";13511;1
"13512";13512;2
"13513";13513;1
"13514";13514;1
"13515";13515;1
"13516";13516;1
"13517";13517;1
"13518";13518;2
"13519";13519;1
"13520";13520;1
"13521";13521;1
"13522";13522;3
"13523";13523;1
"13524";13524;1
"13525";13525;1
"13526";13526;1
"13527";13527;1
"13528";13528;3
"13529";13529;1
"13530";13530;3
"13531";13531;1
"13532";13532;1
"13533";13533;2
"13534";13534;1
"13535";13535;1
"13536";13536;1
"13537";13537;3
"13538";13538;1
"13539";13539;3
"13540";13540;1
"13541";13541;1
"13542";13542;3
"13543";13543;1
"13544";13544;1
"13545";13545;1
"13546";13546;1
"13547";13547;1
"13548";13548;1
"13549";13549;3
"13550";13550;3
"13551";13551;2
"13552";13552;2
"13553";13553;2
"13554";13554;1
"13555";13555;1
"13556";13556;1
"13557";13557;3
"13558";13558;2
"13559";13559;1
"13560";13560;1
"13561";13561;1
"13562";13562;2
"13563";13563;1
"13564";13564;1
"13565";13565;2
"13566";13566;1
"13567";13567;3
"13568";13568;2
"13569";13569;2
"13570";13570;1
"13571";13571;2
"13572";13572;2
"13573";13573;2
"13574";13574;2
"13575";13575;3
"13576";13576;3
"13577";13577;1
"13578";13578;2
"13579";13579;1
"13580";13580;1
"13581";13581;2
"13582";13582;2
"13583";13583;2
"13584";13584;2
"13585";13585;2
"13586";13586;1
"13587";13587;2
"13588";13588;3
"13589";13589;3
"13590";13590;2
"13591";13591;2
"13592";13592;1
"13593";13593;2
"13594";13594;2
"13595";13595;2
"13596";13596;3
"13597";13597;3
"13598";13598;2
"13599";13599;2
"13600";13600;2
"13601";13601;2
"13602";13602;2
"13603";13603;2
"13604";13604;2
"13605";13605;2
"13606";13606;2
"13607";13607;2
"13608";13608;3
"13609";13609;3
"13610";13610;3
"13611";13611;3
"13612";13612;3
"13613";13613;1
"13614";13614;1
"13615";13615;3
"13616";13616;1
"13617";13617;3
"13618";13618;3
"13619";13619;1
"13620";13620;1
"13621";13621;3
"13622";13622;3
"13623";13623;3
"13624";13624;3
"13625";13625;3
"13626";13626;3
"13627";13627;2
"13628";13628;1
"13629";13629;3
"13630";13630;1
"13631";13631;3
"13632";13632;1
"13633";13633;1
"13634";13634;1
"13635";13635;1
"13636";13636;1
"13637";13637;1
"13638";13638;3
"13639";13639;3
"13640";13640;1
"13641";13641;3
"13642";13642;3
"13643";13643;3
"13644";13644;1
"13645";13645;3
"13646";13646;1
"13647";13647;1
"13648";13648;1
"13649";13649;3
"13650";13650;3
"13651";13651;3
"13652";13652;3
"13653";13653;1
"13654";13654;3
"13655";13655;3
"13656";13656;1
"13657";13657;1
"13658";13658;2
"13659";13659;2
"13660";13660;1
"13661";13661;1
"13662";13662;1
"13663";13663;3
"13664";13664;3
"13665";13665;2
"13666";13666;2
"13667";13667;1
"13668";13668;3
"13669";13669;3
"13670";13670;2
"13671";13671;2
"13672";13672;2
"13673";13673;3
"13674";13674;3
"13675";13675;1
"13676";13676;2
"13677";13677;1
"13678";13678;2
"13679";13679;1
"13680";13680;1
"13681";13681;2
"13682";13682;2
"13683";13683;1
"13684";13684;2
"13685";13685;2
"13686";13686;3
"13687";13687;2
"13688";13688;2
"13689";13689;2
"13690";13690;2
"13691";13691;2
"13692";13692;2
"13693";13693;1
"13694";13694;3
"13695";13695;2
"13696";13696;2
"13697";13697;2
"13698";13698;2
"13699";13699;2
"13700";13700;2
"13701";13701;1
"13702";13702;3
"13703";13703;2
"13704";13704;3
"13705";13705;2
"13706";13706;3
"13707";13707;1
"13708";13708;2
"13709";13709;1
"13710";13710;1
"13711";13711;3
"13712";13712;3
"13713";13713;2
"13714";13714;2
"13715";13715;2
"13716";13716;3
"13717";13717;2
"13718";13718;3
"13719";13719;2
"13720";13720;3
"13721";13721;2
"13722";13722;2
"13723";13723;2
"13724";13724;1
"13725";13725;2
"13726";13726;3
"13727";13727;3
"13728";13728;3
"13729";13729;2
"13730";13730;3
"13731";13731;3
"13732";13732;3
"13733";13733;1
"13734";13734;1
"13735";13735;1
"13736";13736;3
"13737";13737;3
"13738";13738;1
"13739";13739;1
"13740";13740;2
"13741";13741;3
"13742";13742;1
"13743";13743;3
"13744";13744;3
"13745";13745;3
"13746";13746;3
"13747";13747;3
"13748";13748;3
"13749";13749;3
"13750";13750;3
"13751";13751;1
"13752";13752;3
"13753";13753;1
"13754";13754;3
"13755";13755;2
"13756";13756;2
"13757";13757;2
"13758";13758;3
"13759";13759;1
"13760";13760;2
"13761";13761;2
"13762";13762;2
"13763";13763;3
"13764";13764;2
"13765";13765;3
"13766";13766;1
"13767";13767;3
"13768";13768;2
"13769";13769;2
"13770";13770;3
"13771";13771;1
"13772";13772;2
"13773";13773;2
"13774";13774;3
"13775";13775;2
"13776";13776;3
"13777";13777;2
"13778";13778;3
"13779";13779;3
"13780";13780;1
"13781";13781;3
"13782";13782;2
"13783";13783;2
"13784";13784;2
"13785";13785;3
"13786";13786;2
"13787";13787;1
"13788";13788;3
"13789";13789;2
"13790";13790;2
"13791";13791;2
"13792";13792;2
"13793";13793;2
"13794";13794;2
"13795";13795;3
"13796";13796;2
"13797";13797;2
"13798";13798;2
"13799";13799;3
"13800";13800;2
"13801";13801;3
"13802";13802;3
"13803";13803;2
"13804";13804;2
"13805";13805;3
"13806";13806;2
"13807";13807;2
"13808";13808;2
"13809";13809;3
"13810";13810;3
"13811";13811;3
"13812";13812;3
"13813";13813;3
"13814";13814;3
"13815";13815;3
"13816";13816;3
"13817";13817;2
"13818";13818;2
"13819";13819;3
"13820";13820;3
"13821";13821;2
"13822";13822;1
"13823";13823;1
"13824";13824;1
"13825";13825;2
"13826";13826;2
"13827";13827;2
"13828";13828;2
"13829";13829;2
"13830";13830;2
"13831";13831;1
"13832";13832;2
"13833";13833;1
"13834";13834;1
"13835";13835;1
"13836";13836;1
"13837";13837;1
"13838";13838;1
"13839";13839;1
"13840";13840;1
"13841";13841;1
"13842";13842;1
"13843";13843;1
"13844";13844;3
"13845";13845;1
"13846";13846;1
"13847";13847;2
"13848";13848;1
"13849";13849;1
"13850";13850;1
"13851";13851;1
"13852";13852;1
"13853";13853;1
"13854";13854;1
"13855";13855;1
"13856";13856;1
"13857";13857;1
"13858";13858;1
"13859";13859;1
"13860";13860;1
"13861";13861;1
"13862";13862;1
"13863";13863;2
"13864";13864;2
"13865";13865;2
"13866";13866;3
"13867";13867;1
"13868";13868;2
"13869";13869;1
"13870";13870;2
"13871";13871;2
"13872";13872;1
"13873";13873;2
"13874";13874;1
"13875";13875;1
"13876";13876;2
"13877";13877;2
"13878";13878;2
"13879";13879;1
"13880";13880;2
"13881";13881;2
"13882";13882;2
"13883";13883;1
"13884";13884;1
"13885";13885;2
"13886";13886;2
"13887";13887;2
"13888";13888;2
"13889";13889;2
"13890";13890;2
"13891";13891;2
"13892";13892;2
"13893";13893;2
"13894";13894;2
"13895";13895;2
"13896";13896;1
"13897";13897;2
"13898";13898;1
"13899";13899;1
"13900";13900;1
"13901";13901;3
"13902";13902;3
"13903";13903;1
"13904";13904;2
"13905";13905;2
"13906";13906;1
"13907";13907;3
"13908";13908;1
"13909";13909;1
"13910";13910;1
"13911";13911;2
"13912";13912;1
"13913";13913;1
"13914";13914;2
"13915";13915;1
"13916";13916;1
"13917";13917;1
"13918";13918;1
"13919";13919;1
"13920";13920;2
"13921";13921;1
"13922";13922;1
"13923";13923;1
"13924";13924;1
"13925";13925;1
"13926";13926;1
"13927";13927;1
"13928";13928;1
"13929";13929;1
"13930";13930;2
"13931";13931;1
"13932";13932;1
"13933";13933;3
"13934";13934;1
"13935";13935;1
"13936";13936;1
"13937";13937;1
"13938";13938;1
"13939";13939;3
"13940";13940;1
"13941";13941;3
"13942";13942;1
"13943";13943;1
"13944";13944;2
"13945";13945;1
"13946";13946;1
"13947";13947;3
"13948";13948;1
"13949";13949;3
"13950";13950;1
"13951";13951;1
"13952";13952;1
"13953";13953;2
"13954";13954;1
"13955";13955;1
"13956";13956;1
"13957";13957;3
"13958";13958;3
"13959";13959;2
"13960";13960;2
"13961";13961;1
"13962";13962;2
"13963";13963;1
"13964";13964;2
"13965";13965;2
"13966";13966;1
"13967";13967;1
"13968";13968;2
"13969";13969;1
"13970";13970;1
"13971";13971;1
"13972";13972;2
"13973";13973;2
"13974";13974;1
"13975";13975;1
"13976";13976;1
"13977";13977;1
"13978";13978;1
"13979";13979;1
"13980";13980;3
"13981";13981;1
"13982";13982;2
"13983";13983;1
"13984";13984;1
"13985";13985;1
"13986";13986;1
"13987";13987;1
"13988";13988;1
"13989";13989;1
"13990";13990;1
"13991";13991;1
"13992";13992;1
"13993";13993;1
"13994";13994;1
"13995";13995;2
"13996";13996;3
"13997";13997;3
"13998";13998;1
"13999";13999;1
"14000";14000;1
"14001";14001;1
"14002";14002;2
"14003";14003;2
"14004";14004;1
"14005";14005;2
"14006";14006;1
"14007";14007;2
"14008";14008;1
"14009";14009;2
"14010";14010;2
"14011";14011;2
"14012";14012;1
"14013";14013;2
"14014";14014;1
"14015";14015;1
"14016";14016;1
"14017";14017;1
"14018";14018;1
"14019";14019;1
"14020";14020;1
"14021";14021;2
"14022";14022;2
"14023";14023;2
"14024";14024;1
"14025";14025;2
"14026";14026;2
"14027";14027;2
"14028";14028;1
"14029";14029;1
"14030";14030;2
"14031";14031;1
"14032";14032;1
"14033";14033;1
"14034";14034;1
"14035";14035;1
"14036";14036;1
"14037";14037;1
"14038";14038;1
"14039";14039;1
"14040";14040;1
"14041";14041;1
"14042";14042;1
"14043";14043;1
"14044";14044;1
"14045";14045;1
"14046";14046;1
"14047";14047;2
"14048";14048;1
"14049";14049;1
"14050";14050;1
"14051";14051;1
"14052";14052;1
"14053";14053;1
"14054";14054;1
"14055";14055;1
"14056";14056;1
"14057";14057;2
"14058";14058;2
"14059";14059;3
"14060";14060;3
"14061";14061;3
"14062";14062;3
"14063";14063;3
"14064";14064;3
"14065";14065;3
"14066";14066;3
"14067";14067;3
"14068";14068;3
"14069";14069;2
"14070";14070;3
"14071";14071;3
"14072";14072;3
"14073";14073;3
"14074";14074;3
"14075";14075;3
"14076";14076;1
"14077";14077;3
"14078";14078;3
"14079";14079;3
"14080";14080;2
"14081";14081;3
"14082";14082;3
"14083";14083;3
"14084";14084;3
"14085";14085;3
"14086";14086;3
"14087";14087;3
"14088";14088;3
"14089";14089;3
"14090";14090;2
"14091";14091;2
"14092";14092;1
"14093";14093;3
"14094";14094;3
"14095";14095;3
"14096";14096;3
"14097";14097;3
"14098";14098;1
"14099";14099;1
"14100";14100;3
"14101";14101;1
"14102";14102;1
"14103";14103;2
"14104";14104;2
"14105";14105;1
"14106";14106;2
"14107";14107;2
"14108";14108;1
"14109";14109;1
"14110";14110;2
"14111";14111;2
"14112";14112;2
"14113";14113;2
"14114";14114;2
"14115";14115;2
"14116";14116;1
"14117";14117;1
"14118";14118;1
"14119";14119;1
"14120";14120;1
"14121";14121;1
"14122";14122;2
"14123";14123;3
"14124";14124;2
"14125";14125;2
"14126";14126;1
"14127";14127;1
"14128";14128;1
"14129";14129;1
"14130";14130;3
"14131";14131;2
"14132";14132;1
"14133";14133;3
"14134";14134;1
"14135";14135;3
"14136";14136;3
"14137";14137;3
"14138";14138;3
"14139";14139;3
"14140";14140;3
"14141";14141;1
"14142";14142;1
"14143";14143;2
"14144";14144;2
"14145";14145;3
"14146";14146;3
"14147";14147;1
"14148";14148;1
"14149";14149;1
"14150";14150;2
"14151";14151;1
"14152";14152;1
"14153";14153;1
"14154";14154;3
"14155";14155;1
"14156";14156;1
"14157";14157;3
"14158";14158;1
"14159";14159;2
"14160";14160;1
"14161";14161;1
"14162";14162;3
"14163";14163;1
"14164";14164;1
"14165";14165;1
"14166";14166;1
"14167";14167;1
"14168";14168;1
"14169";14169;1
"14170";14170;1
"14171";14171;2
"14172";14172;3
"14173";14173;2
"14174";14174;1
"14175";14175;1
"14176";14176;2
"14177";14177;1
"14178";14178;1
"14179";14179;1
"14180";14180;1
"14181";14181;1
"14182";14182;1
"14183";14183;1
"14184";14184;1
"14185";14185;1
"14186";14186;1
"14187";14187;1
"14188";14188;3
"14189";14189;3
"14190";14190;3
"14191";14191;3
"14192";14192;3
"14193";14193;3
"14194";14194;1
"14195";14195;3
"14196";14196;1
"14197";14197;1
"14198";14198;1
"14199";14199;1
"14200";14200;1
"14201";14201;1
"14202";14202;3
"14203";14203;1
"14204";14204;1
"14205";14205;3
"14206";14206;1
"14207";14207;2
"14208";14208;3
"14209";14209;3
"14210";14210;1
"14211";14211;1
"14212";14212;3
"14213";14213;3
"14214";14214;3
"14215";14215;1
"14216";14216;1
"14217";14217;3
"14218";14218;3
"14219";14219;3
"14220";14220;2
"14221";14221;3
"14222";14222;3
"14223";14223;2
"14224";14224;1
"14225";14225;3
"14226";14226;1
"14227";14227;3
"14228";14228;1
"14229";14229;3
"14230";14230;3
"14231";14231;1
"14232";14232;1
"14233";14233;3
"14234";14234;1
"14235";14235;2
"14236";14236;1
"14237";14237;1
"14238";14238;1
"14239";14239;1
"14240";14240;3
"14241";14241;1
"14242";14242;1
"14243";14243;1
"14244";14244;3
"14245";14245;1
"14246";14246;1
"14247";14247;1
"14248";14248;1
"14249";14249;3
"14250";14250;3
"14251";14251;3
"14252";14252;3
"14253";14253;1
"14254";14254;2
"14255";14255;3
"14256";14256;3
"14257";14257;3
"14258";14258;2
"14259";14259;3
"14260";14260;3
"14261";14261;3
"14262";14262;3
"14263";14263;1
"14264";14264;3
"14265";14265;3
"14266";14266;3
"14267";14267;3
"14268";14268;3
"14269";14269;3
"14270";14270;2
"14271";14271;3
"14272";14272;3
"14273";14273;3
"14274";14274;3
"14275";14275;3
"14276";14276;1
"14277";14277;3
"14278";14278;2
"14279";14279;3
"14280";14280;3
"14281";14281;1
"14282";14282;3
"14283";14283;2
"14284";14284;2
"14285";14285;2
"14286";14286;1
"14287";14287;1
"14288";14288;1
"14289";14289;1
"14290";14290;2
"14291";14291;2
"14292";14292;1
"14293";14293;1
"14294";14294;1
"14295";14295;2
"14296";14296;1
"14297";14297;2
"14298";14298;1
"14299";14299;1
"14300";14300;2
"14301";14301;3
"14302";14302;2
"14303";14303;2
"14304";14304;1
"14305";14305;1
"14306";14306;2
"14307";14307;2
"14308";14308;1
"14309";14309;2
"14310";14310;1
"14311";14311;2
"14312";14312;1
"14313";14313;1
"14314";14314;1
"14315";14315;1
"14316";14316;1
"14317";14317;1
"14318";14318;2
"14319";14319;1
"14320";14320;1
"14321";14321;1
"14322";14322;1
"14323";14323;1
"14324";14324;1
"14325";14325;1
"14326";14326;1
"14327";14327;1
"14328";14328;1
"14329";14329;1
"14330";14330;1
"14331";14331;1
"14332";14332;1
"14333";14333;1
"14334";14334;1
"14335";14335;1
"14336";14336;1
"14337";14337;1
"14338";14338;1
"14339";14339;1
"14340";14340;1
"14341";14341;1
"14342";14342;1
"14343";14343;1
"14344";14344;1
"14345";14345;1
"14346";14346;1
"14347";14347;1
"14348";14348;1
"14349";14349;1
"14350";14350;1
"14351";14351;1
"14352";14352;1
"14353";14353;2
"14354";14354;1
"14355";14355;1
"14356";14356;1
"14357";14357;1
"14358";14358;2
"14359";14359;1
"14360";14360;1
"14361";14361;1
"14362";14362;1
"14363";14363;1
"14364";14364;1
"14365";14365;1
"14366";14366;1
"14367";14367;1
"14368";14368;1
"14369";14369;1
"14370";14370;1
"14371";14371;1
"14372";14372;1
"14373";14373;1
"14374";14374;1
"14375";14375;1
"14376";14376;1
"14377";14377;1
"14378";14378;1
"14379";14379;1
"14380";14380;1
"14381";14381;1
"14382";14382;1
"14383";14383;1
"14384";14384;1
"14385";14385;1
"14386";14386;1
"14387";14387;1
"14388";14388;1
"14389";14389;1
"14390";14390;1
"14391";14391;1
"14392";14392;1
"14393";14393;1
"14394";14394;1
"14395";14395;1
"14396";14396;1
"14397";14397;1
"14398";14398;1
"14399";14399;1
"14400";14400;2
"14401";14401;1
"14402";14402;1
"14403";14403;1
"14404";14404;1
"14405";14405;1
"14406";14406;1
"14407";14407;1
"14408";14408;1
"14409";14409;3
"14410";14410;3
"14411";14411;1
"14412";14412;1
"14413";14413;1
"14414";14414;1
"14415";14415;1
"14416";14416;1
"14417";14417;1
"14418";14418;1
"14419";14419;1
"14420";14420;3
"14421";14421;1
"14422";14422;1
"14423";14423;1
"14424";14424;3
"14425";14425;1
"14426";14426;1
"14427";14427;1
"14428";14428;1
"14429";14429;1
"14430";14430;1
"14431";14431;1
"14432";14432;1
"14433";14433;1
"14434";14434;1
"14435";14435;1
"14436";14436;1
"14437";14437;1
"14438";14438;1
"14439";14439;1
"14440";14440;1
"14441";14441;1
"14442";14442;2
"14443";14443;1
"14444";14444;3
"14445";14445;3
"14446";14446;1
"14447";14447;3
"14448";14448;1
"14449";14449;1
"14450";14450;1
"14451";14451;2
"14452";14452;1
"14453";14453;1
"14454";14454;3
"14455";14455;1
"14456";14456;2
"14457";14457;2
"14458";14458;2
"14459";14459;2
"14460";14460;2
"14461";14461;3
"14462";14462;2
"14463";14463;2
"14464";14464;2
"14465";14465;3
"14466";14466;3
"14467";14467;3
"14468";14468;3
"14469";14469;3
"14470";14470;2
"14471";14471;2
"14472";14472;2
"14473";14473;3
"14474";14474;2
"14475";14475;2
"14476";14476;3
"14477";14477;3
"14478";14478;3
"14479";14479;3
"14480";14480;2
"14481";14481;2
"14482";14482;3
"14483";14483;2
"14484";14484;2
"14485";14485;3
"14486";14486;3
"14487";14487;1
"14488";14488;3
"14489";14489;3
"14490";14490;2
"14491";14491;2
"14492";14492;3
"14493";14493;3
"14494";14494;3
"14495";14495;3
"14496";14496;1
"14497";14497;3
"14498";14498;3
"14499";14499;3
"14500";14500;3
"14501";14501;3
"14502";14502;3
"14503";14503;3
"14504";14504;3
"14505";14505;3
"14506";14506;3
"14507";14507;2
"14508";14508;3
"14509";14509;3
"14510";14510;3
"14511";14511;3
"14512";14512;3
"14513";14513;3
"14514";14514;2
"14515";14515;3
"14516";14516;3
"14517";14517;3
"14518";14518;3
"14519";14519;3
"14520";14520;0
"14521";14521;3
"14522";14522;3
"14523";14523;3
"14524";14524;3
"14525";14525;3
"14526";14526;3
"14527";14527;3
"14528";14528;3
"14529";14529;3
"14530";14530;3
"14531";14531;1
"14532";14532;3
"14533";14533;3
"14534";14534;3
"14535";14535;3
"14536";14536;3
"14537";14537;3
"14538";14538;3
"14539";14539;3
"14540";14540;3
"14541";14541;3
"14542";14542;1
"14543";14543;3
"14544";14544;3
"14545";14545;3
"14546";14546;2
"14547";14547;3
"14548";14548;3
"14549";14549;2
"14550";14550;3
"14551";14551;3
"14552";14552;2
"14553";14553;2
"14554";14554;3
"14555";14555;3
"14556";14556;3
"14557";14557;2
"14558";14558;3
"14559";14559;3
"14560";14560;3
"14561";14561;3
"14562";14562;2
"14563";14563;2
"14564";14564;2
"14565";14565;2
"14566";14566;2
"14567";14567;2
"14568";14568;2
"14569";14569;1
"14570";14570;2
"14571";14571;2
"14572";14572;2
"14573";14573;1
"14574";14574;1
"14575";14575;1
"14576";14576;1
"14577";14577;1
"14578";14578;2
"14579";14579;2
"14580";14580;2
"14581";14581;1
"14582";14582;2
"14583";14583;1
"14584";14584;3
"14585";14585;2
"14586";14586;2
"14587";14587;1
"14588";14588;3
"14589";14589;2
"14590";14590;1
"14591";14591;2
"14592";14592;1
"14593";14593;1
"14594";14594;2
"14595";14595;1
"14596";14596;1
"14597";14597;3
"14598";14598;3
"14599";14599;1
"14600";14600;1
"14601";14601;3
"14602";14602;1
"14603";14603;1
"14604";14604;3
"14605";14605;1
"14606";14606;3
"14607";14607;2
"14608";14608;2
"14609";14609;2
"14610";14610;1
"14611";14611;2
"14612";14612;2
"14613";14613;2
"14614";14614;1
"14615";14615;3
"14616";14616;2
"14617";14617;3
"14618";14618;2
"14619";14619;2
"14620";14620;2
"14621";14621;3
"14622";14622;2
"14623";14623;3
"14624";14624;1
"14625";14625;2
"14626";14626;2
"14627";14627;2
"14628";14628;2
"14629";14629;2
"14630";14630;2
"14631";14631;2
"14632";14632;2
"14633";14633;2
"14634";14634;2
"14635";14635;1
"14636";14636;2
"14637";14637;1
"14638";14638;2
"14639";14639;2
"14640";14640;1
"14641";14641;3
"14642";14642;2
"14643";14643;2
"14644";14644;2
"14645";14645;2
"14646";14646;2
"14647";14647;2
"14648";14648;2
"14649";14649;2
"14650";14650;2
"14651";14651;2
"14652";14652;2
"14653";14653;2
"14654";14654;3
"14655";14655;2
"14656";14656;2
"14657";14657;1
"14658";14658;2
"14659";14659;2
"14660";14660;2
"14661";14661;3
"14662";14662;2
"14663";14663;2
"14664";14664;3
"14665";14665;3
"14666";14666;2
"14667";14667;2
"14668";14668;2
"14669";14669;3
"14670";14670;2
"14671";14671;3
"14672";14672;3
"14673";14673;3
"14674";14674;3
"14675";14675;3
"14676";14676;2
"14677";14677;2
"14678";14678;1
"14679";14679;1
"14680";14680;2
"14681";14681;2
"14682";14682;2
"14683";14683;2
"14684";14684;1
"14685";14685;2
"14686";14686;2
"14687";14687;2
"14688";14688;3
"14689";14689;2
"14690";14690;2
"14691";14691;2
"14692";14692;2
"14693";14693;3
"14694";14694;3
"14695";14695;3
"14696";14696;2
"14697";14697;3
"14698";14698;3
"14699";14699;2
"14700";14700;2
"14701";14701;2
"14702";14702;2
"14703";14703;2
"14704";14704;3
"14705";14705;2
"14706";14706;3
"14707";14707;2
"14708";14708;2
"14709";14709;2
"14710";14710;1
"14711";14711;2
"14712";14712;3
"14713";14713;2
"14714";14714;3
"14715";14715;3
"14716";14716;3
"14717";14717;3
"14718";14718;3
"14719";14719;1
"14720";14720;3
"14721";14721;2
"14722";14722;3
"14723";14723;3
"14724";14724;2
"14725";14725;1
"14726";14726;3
"14727";14727;3
"14728";14728;2
"14729";14729;3
"14730";14730;3
"14731";14731;3
"14732";14732;3
"14733";14733;3
"14734";14734;3
"14735";14735;3
"14736";14736;1
"14737";14737;3
"14738";14738;3
"14739";14739;3
"14740";14740;3
"14741";14741;2
"14742";14742;3
"14743";14743;2
"14744";14744;3
"14745";14745;2
"14746";14746;3
"14747";14747;3
"14748";14748;2
"14749";14749;3
"14750";14750;3
"14751";14751;1
"14752";14752;3
"14753";14753;3
"14754";14754;2
"14755";14755;1
"14756";14756;3
"14757";14757;3
"14758";14758;3
"14759";14759;3
"14760";14760;3
"14761";14761;3
"14762";14762;3
"14763";14763;3
"14764";14764;3
"14765";14765;3
"14766";14766;3
"14767";14767;3
"14768";14768;3
"14769";14769;1
"14770";14770;3
"14771";14771;1
"14772";14772;3
"14773";14773;1
"14774";14774;3
"14775";14775;3
"14776";14776;0
"14777";14777;3
"14778";14778;3
"14779";14779;3
"14780";14780;3
"14781";14781;3
"14782";14782;3
"14783";14783;3
"14784";14784;1
"14785";14785;2
"14786";14786;1
"14787";14787;1
"14788";14788;2
"14789";14789;3
"14790";14790;3
"14791";14791;1
"14792";14792;3
"14793";14793;3
"14794";14794;2
"14795";14795;2
"14796";14796;1
"14797";14797;3
"14798";14798;1
"14799";14799;3
"14800";14800;1
"14801";14801;1
"14802";14802;1
"14803";14803;2
"14804";14804;3
"14805";14805;1
"14806";14806;2
"14807";14807;1
"14808";14808;3
"14809";14809;2
"14810";14810;2
"14811";14811;2
"14812";14812;3
"14813";14813;3
"14814";14814;3
"14815";14815;1
"14816";14816;3
"14817";14817;1
"14818";14818;1
"14819";14819;3
"14820";14820;3
"14821";14821;2
"14822";14822;3
"14823";14823;2
"14824";14824;3
"14825";14825;3
"14826";14826;3
"14827";14827;2
"14828";14828;3
"14829";14829;3
"14830";14830;3
"14831";14831;3
"14832";14832;3
"14833";14833;2
"14834";14834;3
"14835";14835;3
"14836";14836;3
"14837";14837;3
"14838";14838;3
"14839";14839;3
"14840";14840;3
"14841";14841;3
"14842";14842;3
"14843";14843;3
"14844";14844;3
"14845";14845;3
"14846";14846;3
"14847";14847;1
"14848";14848;3
"14849";14849;3
"14850";14850;2
"14851";14851;3
"14852";14852;3
"14853";14853;2
"14854";14854;2
"14855";14855;3
"14856";14856;3
"14857";14857;3
"14858";14858;2
"14859";14859;3
"14860";14860;3
"14861";14861;3
"14862";14862;3
"14863";14863;3
"14864";14864;2
"14865";14865;2
"14866";14866;2
"14867";14867;3
"14868";14868;3
"14869";14869;2
"14870";14870;2
"14871";14871;3
"14872";14872;3
"14873";14873;1
"14874";14874;3
"14875";14875;2
"14876";14876;3
"14877";14877;3
"14878";14878;2
"14879";14879;3
"14880";14880;1
"14881";14881;3
"14882";14882;3
"14883";14883;1
"14884";14884;3
"14885";14885;3
"14886";14886;3
"14887";14887;3
"14888";14888;1
"14889";14889;3
"14890";14890;1
"14891";14891;3
"14892";14892;1
"14893";14893;2
"14894";14894;2
"14895";14895;1
"14896";14896;2
"14897";14897;1
"14898";14898;1
"14899";14899;1
"14900";14900;1
"14901";14901;3
"14902";14902;3
"14903";14903;3
"14904";14904;3
"14905";14905;3
"14906";14906;3
"14907";14907;3
"14908";14908;3
"14909";14909;3
"14910";14910;3
"14911";14911;3
"14912";14912;3
"14913";14913;3
"14914";14914;3
"14915";14915;3
"14916";14916;3
"14917";14917;3
"14918";14918;3
"14919";14919;2
"14920";14920;3
"14921";14921;3
"14922";14922;3
"14923";14923;3
"14924";14924;1
"14925";14925;1
"14926";14926;3
"14927";14927;3
"14928";14928;3
"14929";14929;1
"14930";14930;3
"14931";14931;3
"14932";14932;3
"14933";14933;1
"14934";14934;2
"14935";14935;3
"14936";14936;1
"14937";14937;1
"14938";14938;1
"14939";14939;3
"14940";14940;1
"14941";14941;1
"14942";14942;3
"14943";14943;3
"14944";14944;2
"14945";14945;3
"14946";14946;3
"14947";14947;3
"14948";14948;3
"14949";14949;3
"14950";14950;3
"14951";14951;3
"14952";14952;3
"14953";14953;2
"14954";14954;3
"14955";14955;2
"14956";14956;3
"14957";14957;2
"14958";14958;2
"14959";14959;1
"14960";14960;3
"14961";14961;1
"14962";14962;1
"14963";14963;3
"14964";14964;3
"14965";14965;1
"14966";14966;3
"14967";14967;3
"14968";14968;3
"14969";14969;1
"14970";14970;3
"14971";14971;2
"14972";14972;2
"14973";14973;3
"14974";14974;3
"14975";14975;1
"14976";14976;3
"14977";14977;3
"14978";14978;3
"14979";14979;3
"14980";14980;3
"14981";14981;3
"14982";14982;3
"14983";14983;1
"14984";14984;3
"14985";14985;1
"14986";14986;1
"14987";14987;3
"14988";14988;1
"14989";14989;1
"14990";14990;2
"14991";14991;3
"14992";14992;2
"14993";14993;1
"14994";14994;1
"14995";14995;1
"14996";14996;3
"14997";14997;2
"14998";14998;3
"14999";14999;2
"15000";15000;2
"15001";15001;1
"15002";15002;2
"15003";15003;1
"15004";15004;1
"15005";15005;2
"15006";15006;2
"15007";15007;3
"15008";15008;2
"15009";15009;1
"15010";15010;1
"15011";15011;3
"15012";15012;3
"15013";15013;1
"15014";15014;1
"15015";15015;3
"15016";15016;1
"15017";15017;1
"15018";15018;3
"15019";15019;3
"15020";15020;3
"15021";15021;1
"15022";15022;3
"15023";15023;1
"15024";15024;1
"15025";15025;1
"15026";15026;3
"15027";15027;1
"15028";15028;3
"15029";15029;1
"15030";15030;2
"15031";15031;3
"15032";15032;1
"15033";15033;1
"15034";15034;1
"15035";15035;1
"15036";15036;1
"15037";15037;1
"15038";15038;1
"15039";15039;1
"15040";15040;3
"15041";15041;1
"15042";15042;1
"15043";15043;1
"15044";15044;1
"15045";15045;3
"15046";15046;3
"15047";15047;1
"15048";15048;1
"15049";15049;1
"15050";15050;1
"15051";15051;2
"15052";15052;3
"15053";15053;1
"15054";15054;2
"15055";15055;2
"15056";15056;2
"15057";15057;3
"15058";15058;3
"15059";15059;3
"15060";15060;1
"15061";15061;2
"15062";15062;1
"15063";15063;3
"15064";15064;3
"15065";15065;1
"15066";15066;2
"15067";15067;1
"15068";15068;1
"15069";15069;1
"15070";15070;1
"15071";15071;2
"15072";15072;1
"15073";15073;1
"15074";15074;2
"15075";15075;3
"15076";15076;1
"15077";15077;1
"15078";15078;1
"15079";15079;2
"15080";15080;2
"15081";15081;3
"15082";15082;3
"15083";15083;2
"15084";15084;1
"15085";15085;3
"15086";15086;3
"15087";15087;3
"15088";15088;3
"15089";15089;1
"15090";15090;3
"15091";15091;1
"15092";15092;1
"15093";15093;1
"15094";15094;3
"15095";15095;1
"15096";15096;1
"15097";15097;3
"15098";15098;3
"15099";15099;1
"15100";15100;1
"15101";15101;1
"15102";15102;3
"15103";15103;3
"15104";15104;1
"15105";15105;2
"15106";15106;3
"15107";15107;3
"15108";15108;3
"15109";15109;3
"15110";15110;3
"15111";15111;1
"15112";15112;1
"15113";15113;1
"15114";15114;1
"15115";15115;1
"15116";15116;2
"15117";15117;1
"15118";15118;1
"15119";15119;1
"15120";15120;1
"15121";15121;1
"15122";15122;1
"15123";15123;1
"15124";15124;1
"15125";15125;1
"15126";15126;1
"15127";15127;3
"15128";15128;1
"15129";15129;1
"15130";15130;3
"15131";15131;3
"15132";15132;1
"15133";15133;1
"15134";15134;1
"15135";15135;2
"15136";15136;1
"15137";15137;3
"15138";15138;1
"15139";15139;1
"15140";15140;1
"15141";15141;1
"15142";15142;3
"15143";15143;1
"15144";15144;2
"15145";15145;2
"15146";15146;2
"15147";15147;3
"15148";15148;3
"15149";15149;1
"15150";15150;1
"15151";15151;1
"15152";15152;3
"15153";15153;3
"15154";15154;1
"15155";15155;3
"15156";15156;1
"15157";15157;1
"15158";15158;3
"15159";15159;1
"15160";15160;2
"15161";15161;3
"15162";15162;3
"15163";15163;3
"15164";15164;1
"15165";15165;1
"15166";15166;3
"15167";15167;2
"15168";15168;2
"15169";15169;2
"15170";15170;3
"15171";15171;2
"15172";15172;2
"15173";15173;2
"15174";15174;2
"15175";15175;2
"15176";15176;2
"15177";15177;3
"15178";15178;1
"15179";15179;2
"15180";15180;1
"15181";15181;2
"15182";15182;2
"15183";15183;1
"15184";15184;2
"15185";15185;2
"15186";15186;1
"15187";15187;1
"15188";15188;1
"15189";15189;2
"15190";15190;2
"15191";15191;1
"15192";15192;3
"15193";15193;0
"15194";15194;2
"15195";15195;3
"15196";15196;3
"15197";15197;1
"15198";15198;1
"15199";15199;0
"15200";15200;1
"15201";15201;3
"15202";15202;2
"15203";15203;2
"15204";15204;1
"15205";15205;1
"15206";15206;1
"15207";15207;3
"15208";15208;3
"15209";15209;2
"15210";15210;2
"15211";15211;2
"15212";15212;1
"15213";15213;2
"15214";15214;1
"15215";15215;1
"15216";15216;1
"15217";15217;1
"15218";15218;1
"15219";15219;1
"15220";15220;1
"15221";15221;1
"15222";15222;1
"15223";15223;1
"15224";15224;1
"15225";15225;3
"15226";15226;2
"15227";15227;3
"15228";15228;1
"15229";15229;1
"15230";15230;1
"15231";15231;1
"15232";15232;1
"15233";15233;1
"15234";15234;1
"15235";15235;1
"15236";15236;1
"15237";15237;1
"15238";15238;2
"15239";15239;2
"15240";15240;1
"15241";15241;3
"15242";15242;2
"15243";15243;3
"15244";15244;3
"15245";15245;2
"15246";15246;3
"15247";15247;3
"15248";15248;1
"15249";15249;2
"15250";15250;2
"15251";15251;2
"15252";15252;1
"15253";15253;2
"15254";15254;3
"15255";15255;2
"15256";15256;3
"15257";15257;2
"15258";15258;2
"15259";15259;3
"15260";15260;3
"15261";15261;3
"15262";15262;3
"15263";15263;3
"15264";15264;2
"15265";15265;3
"15266";15266;3
"15267";15267;3
"15268";15268;3
"15269";15269;2
"15270";15270;2
"15271";15271;2
"15272";15272;3
"15273";15273;3
"15274";15274;2
"15275";15275;3
"15276";15276;2
"15277";15277;2
"15278";15278;3
"15279";15279;2
"15280";15280;3
"15281";15281;1
"15282";15282;3
"15283";15283;3
"15284";15284;2
"15285";15285;3
"15286";15286;2
"15287";15287;1
"15288";15288;3
"15289";15289;3
"15290";15290;3
"15291";15291;3
"15292";15292;2
"15293";15293;3
"15294";15294;2
"15295";15295;3
"15296";15296;2
"15297";15297;1
"15298";15298;3
"15299";15299;3
"15300";15300;2
"15301";15301;1
"15302";15302;3
"15303";15303;3
"15304";15304;2
"15305";15305;1
"15306";15306;3
"15307";15307;0
"15308";15308;3
"15309";15309;2
"15310";15310;2
"15311";15311;3
"15312";15312;3
"15313";15313;3
"15314";15314;3
"15315";15315;3
"15316";15316;3
"15317";15317;1
"15318";15318;1
"15319";15319;2
"15320";15320;3
"15321";15321;1
"15322";15322;3
"15323";15323;3
"15324";15324;1
"15325";15325;2
"15326";15326;3
"15327";15327;3
"15328";15328;2
"15329";15329;2
"15330";15330;2
"15331";15331;3
"15332";15332;3
"15333";15333;3
"15334";15334;2
"15335";15335;2
"15336";15336;2
"15337";15337;1
"15338";15338;3
"15339";15339;2
"15340";15340;2
"15341";15341;1
"15342";15342;2
"15343";15343;2
"15344";15344;2
"15345";15345;2
"15346";15346;2
"15347";15347;2
"15348";15348;1
"15349";15349;3
"15350";15350;2
"15351";15351;2
"15352";15352;2
"15353";15353;3
"15354";15354;1
"15355";15355;3
"15356";15356;1
"15357";15357;3
"15358";15358;1
"15359";15359;1
"15360";15360;3
"15361";15361;3
"15362";15362;1
"15363";15363;1
"15364";15364;2
"15365";15365;3
"15366";15366;2
"15367";15367;2
"15368";15368;1
"15369";15369;1
"15370";15370;2
"15371";15371;1
"15372";15372;1
"15373";15373;1
"15374";15374;1
"15375";15375;1
"15376";15376;2
"15377";15377;1
"15378";15378;2
"15379";15379;2
"15380";15380;2
"15381";15381;1
"15382";15382;1
"15383";15383;2
"15384";15384;1
"15385";15385;1
"15386";15386;1
"15387";15387;1
"15388";15388;2
"15389";15389;1
"15390";15390;1
"15391";15391;1
"15392";15392;1
"15393";15393;2
"15394";15394;1
"15395";15395;2
"15396";15396;2
"15397";15397;1
"15398";15398;1
"15399";15399;1
"15400";15400;2
"15401";15401;3
"15402";15402;1
"15403";15403;2
"15404";15404;2
"15405";15405;1
"15406";15406;2
"15407";15407;1
"15408";15408;1
"15409";15409;1
"15410";15410;2
"15411";15411;1
"15412";15412;2
"15413";15413;3
"15414";15414;1
"15415";15415;1
"15416";15416;2
"15417";15417;2
"15418";15418;2
"15419";15419;1
"15420";15420;1
"15421";15421;2
"15422";15422;2
"15423";15423;1
"15424";15424;2
"15425";15425;1
"15426";15426;1
"15427";15427;2
"15428";15428;1
"15429";15429;2
"15430";15430;2
"15431";15431;1
"15432";15432;2
"15433";15433;1
"15434";15434;2
"15435";15435;2
"15436";15436;1
"15437";15437;2
"15438";15438;1
"15439";15439;1
"15440";15440;1
"15441";15441;1
"15442";15442;1
"15443";15443;1
"15444";15444;2
"15445";15445;2
"15446";15446;1
"15447";15447;1
"15448";15448;1
"15449";15449;2
"15450";15450;1
"15451";15451;2
"15452";15452;1
"15453";15453;1
"15454";15454;1
"15455";15455;1
"15456";15456;1
"15457";15457;1
"15458";15458;1
"15459";15459;1
"15460";15460;1
"15461";15461;1
"15462";15462;1
"15463";15463;1
"15464";15464;1
"15465";15465;1
"15466";15466;1
"15467";15467;1
"15468";15468;1
"15469";15469;1
"15470";15470;1
"15471";15471;3
"15472";15472;1
"15473";15473;1
"15474";15474;1
"15475";15475;1
"15476";15476;0
"15477";15477;1
"15478";15478;1
"15479";15479;1
"15480";15480;1
"15481";15481;1
"15482";15482;1
"15483";15483;1
"15484";15484;1
"15485";15485;1
"15486";15486;1
"15487";15487;1
"15488";15488;1
"15489";15489;1
"15490";15490;1
"15491";15491;1
"15492";15492;1
"15493";15493;1
"15494";15494;1
"15495";15495;1
"15496";15496;1
"15497";15497;1
"15498";15498;2
"15499";15499;2
"15500";15500;1
"15501";15501;2
"15502";15502;1
"15503";15503;1
"15504";15504;1
"15505";15505;1
"15506";15506;1
"15507";15507;2
"15508";15508;1
"15509";15509;1
"15510";15510;1
"15511";15511;1
"15512";15512;1
"15513";15513;1
"15514";15514;0
"15515";15515;1
"15516";15516;1
"15517";15517;1
"15518";15518;1
"15519";15519;1
"15520";15520;1
"15521";15521;1
"15522";15522;1
"15523";15523;2
"15524";15524;1
"15525";15525;1
"15526";15526;1
"15527";15527;1
"15528";15528;2
"15529";15529;1
"15530";15530;1
"15531";15531;1
"15532";15532;1
"15533";15533;1
"15534";15534;1
"15535";15535;1
"15536";15536;1
"15537";15537;1
"15538";15538;1
"15539";15539;1
"15540";15540;1
"15541";15541;1
"15542";15542;1
"15543";15543;1
"15544";15544;1
"15545";15545;1
"15546";15546;1
"15547";15547;3
"15548";15548;2
"15549";15549;2
"15550";15550;2
"15551";15551;2
"15552";15552;3
"15553";15553;1
"15554";15554;2
"15555";15555;1
"15556";15556;2
"15557";15557;1
"15558";15558;1
"15559";15559;2
"15560";15560;1
"15561";15561;2
"15562";15562;1
"15563";15563;1
"15564";15564;2
"15565";15565;1
"15566";15566;2
"15567";15567;1
"15568";15568;1
"15569";15569;0
"15570";15570;1
"15571";15571;2
"15572";15572;1
"15573";15573;1
"15574";15574;1
"15575";15575;2
"15576";15576;1
"15577";15577;3
"15578";15578;1
"15579";15579;1
"15580";15580;2
"15581";15581;1
"15582";15582;1
"15583";15583;2
"15584";15584;2
"15585";15585;1
"15586";15586;1
"15587";15587;1
"15588";15588;2
"15589";15589;3
"15590";15590;3
"15591";15591;1
"15592";15592;1
"15593";15593;1
"15594";15594;1
"15595";15595;1
"15596";15596;1
"15597";15597;2
"15598";15598;2
"15599";15599;1
"15600";15600;1
"15601";15601;1
"15602";15602;1
"15603";15603;2
"15604";15604;1
"15605";15605;1
"15606";15606;1
"15607";15607;1
"15608";15608;3
"15609";15609;1
"15610";15610;1
"15611";15611;1
"15612";15612;1
"15613";15613;1
"15614";15614;1
"15615";15615;1
"15616";15616;1
"15617";15617;1
"15618";15618;1
"15619";15619;1
"15620";15620;1
"15621";15621;1
"15622";15622;1
"15623";15623;1
"15624";15624;1
"15625";15625;1
"15626";15626;1
"15627";15627;1
"15628";15628;1
"15629";15629;1
"15630";15630;1
"15631";15631;1
"15632";15632;1
"15633";15633;1
"15634";15634;1
"15635";15635;1
"15636";15636;1
"15637";15637;1
"15638";15638;1
"15639";15639;1
"15640";15640;1
"15641";15641;1
"15642";15642;1
"15643";15643;2
"15644";15644;1
"15645";15645;1
"15646";15646;1
"15647";15647;1
"15648";15648;1
"15649";15649;1
"15650";15650;3
"15651";15651;1
"15652";15652;1
"15653";15653;1
"15654";15654;1
"15655";15655;1
"15656";15656;1
"15657";15657;1
"15658";15658;1
"15659";15659;2
"15660";15660;0
"15661";15661;1
"15662";15662;1
"15663";15663;1
"15664";15664;1
"15665";15665;0
"15666";15666;1
"15667";15667;1
"15668";15668;1
"15669";15669;1
"15670";15670;1
"15671";15671;1
"15672";15672;2
"15673";15673;1
"15674";15674;1
"15675";15675;1
"15676";15676;1
"15677";15677;1
"15678";15678;1
"15679";15679;2
"15680";15680;2
"15681";15681;1
"15682";15682;1
"15683";15683;2
"15684";15684;1
"15685";15685;2
"15686";15686;1
"15687";15687;1
"15688";15688;1
"15689";15689;1
"15690";15690;1
"15691";15691;3
"15692";15692;1
"15693";15693;1
"15694";15694;1
"15695";15695;1
"15696";15696;1
"15697";15697;1
"15698";15698;1
"15699";15699;2
"15700";15700;1
"15701";15701;1
"15702";15702;1
"15703";15703;2
"15704";15704;1
"15705";15705;2
"15706";15706;2
"15707";15707;2
"15708";15708;1
"15709";15709;1
"15710";15710;1
"15711";15711;2
"15712";15712;2
"15713";15713;2
"15714";15714;2
"15715";15715;1
"15716";15716;2
"15717";15717;1
"15718";15718;1
"15719";15719;1
"15720";15720;3
"15721";15721;1
"15722";15722;1
"15723";15723;3
"15724";15724;1
"15725";15725;1
"15726";15726;1
"15727";15727;1
"15728";15728;1
"15729";15729;1
"15730";15730;1
"15731";15731;3
"15732";15732;3
"15733";15733;3
"15734";15734;2
"15735";15735;3
"15736";15736;2
"15737";15737;3
"15738";15738;2
"15739";15739;3
"15740";15740;3
"15741";15741;1
"15742";15742;1
"15743";15743;1
"15744";15744;1
"15745";15745;1
"15746";15746;1
"15747";15747;1
"15748";15748;1
"15749";15749;1
"15750";15750;1
"15751";15751;1
"15752";15752;1
"15753";15753;1
"15754";15754;1
"15755";15755;1
"15756";15756;1
"15757";15757;1
"15758";15758;1
"15759";15759;1
"15760";15760;1
"15761";15761;1
"15762";15762;1
"15763";15763;1
"15764";15764;1
"15765";15765;2
"15766";15766;2
"15767";15767;2
"15768";15768;1
"15769";15769;2
"15770";15770;2
"15771";15771;2
"15772";15772;2
"15773";15773;3
"15774";15774;1
"15775";15775;1
"15776";15776;2
"15777";15777;2
"15778";15778;2
"15779";15779;2
"15780";15780;0
"15781";15781;1
"15782";15782;1
"15783";15783;2
"15784";15784;3
"15785";15785;2
"15786";15786;1
"15787";15787;1
"15788";15788;1
"15789";15789;2
"15790";15790;1
"15791";15791;1
"15792";15792;1
"15793";15793;1
"15794";15794;1
"15795";15795;1
"15796";15796;1
"15797";15797;1
"15798";15798;1
"15799";15799;3
"15800";15800;1
"15801";15801;1
"15802";15802;1
"15803";15803;1
"15804";15804;1
"15805";15805;1
"15806";15806;1
"15807";15807;1
"15808";15808;1
"15809";15809;1
"15810";15810;1
"15811";15811;1
"15812";15812;1
"15813";15813;1
"15814";15814;1
"15815";15815;1
"15816";15816;1
"15817";15817;1
"15818";15818;1
"15819";15819;2
"15820";15820;1
"15821";15821;1
"15822";15822;1
"15823";15823;1
"15824";15824;1
"15825";15825;1
"15826";15826;1
"15827";15827;1
"15828";15828;1
"15829";15829;1
"15830";15830;1
"15831";15831;1
"15832";15832;1
"15833";15833;1
"15834";15834;1
"15835";15835;1
"15836";15836;1
"15837";15837;1
"15838";15838;1
"15839";15839;1
"15840";15840;1
"15841";15841;1
"15842";15842;1
"15843";15843;1
"15844";15844;1
"15845";15845;1
"15846";15846;1
"15847";15847;3
"15848";15848;2
"15849";15849;1
"15850";15850;1
"15851";15851;1
"15852";15852;3
"15853";15853;1
"15854";15854;3
"15855";15855;1
"15856";15856;1
"15857";15857;1
"15858";15858;1
"15859";15859;1
"15860";15860;1
"15861";15861;1
"15862";15862;1
"15863";15863;2
"15864";15864;1
"15865";15865;1
"15866";15866;1
"15867";15867;1
"15868";15868;1
"15869";15869;1
"15870";15870;1
"15871";15871;1
"15872";15872;1
"15873";15873;1
"15874";15874;1
"15875";15875;1
"15876";15876;1
"15877";15877;1
"15878";15878;1
"15879";15879;1
"15880";15880;1
"15881";15881;1
"15882";15882;1
"15883";15883;1
"15884";15884;1
"15885";15885;1
"15886";15886;1
"15887";15887;1
"15888";15888;1
"15889";15889;1
"15890";15890;3
"15891";15891;3
"15892";15892;3
"15893";15893;1
"15894";15894;3
"15895";15895;3
"15896";15896;3
"15897";15897;3
"15898";15898;3
"15899";15899;3
"15900";15900;3
"15901";15901;3
"15902";15902;1
"15903";15903;3
"15904";15904;1
"15905";15905;1
"15906";15906;1
"15907";15907;0
"15908";15908;1
"15909";15909;0
"15910";15910;1
"15911";15911;1
"15912";15912;0
"15913";15913;1
"15914";15914;1
"15915";15915;1
"15916";15916;1
"15917";15917;1
"15918";15918;1
"15919";15919;1
"15920";15920;1
"15921";15921;1
"15922";15922;1
"15923";15923;1
"15924";15924;1
"15925";15925;1
"15926";15926;1
"15927";15927;1
"15928";15928;1
"15929";15929;1
"15930";15930;1
"15931";15931;1
"15932";15932;1
"15933";15933;1
"15934";15934;1
"15935";15935;1
"15936";15936;2
"15937";15937;1
"15938";15938;1
"15939";15939;1
"15940";15940;1
"15941";15941;1
"15942";15942;1
"15943";15943;1
"15944";15944;1
"15945";15945;1
"15946";15946;1
"15947";15947;1
"15948";15948;1
"15949";15949;3
"15950";15950;3
"15951";15951;1
"15952";15952;2
"15953";15953;1
"15954";15954;1
"15955";15955;3
"15956";15956;1
"15957";15957;3
"15958";15958;3
"15959";15959;3
"15960";15960;3
"15961";15961;1
"15962";15962;1
"15963";15963;1
"15964";15964;2
"15965";15965;1
"15966";15966;1
"15967";15967;1
"15968";15968;2
"15969";15969;2
"15970";15970;1
"15971";15971;2
"15972";15972;3
"15973";15973;1
"15974";15974;1
"15975";15975;3
"15976";15976;2
"15977";15977;2
"15978";15978;1
"15979";15979;1
"15980";15980;1
"15981";15981;2
"15982";15982;1
"15983";15983;1
"15984";15984;1
"15985";15985;1
"15986";15986;1
"15987";15987;1
"15988";15988;2
"15989";15989;1
"15990";15990;2
"15991";15991;2
"15992";15992;3
"15993";15993;3
"15994";15994;3
"15995";15995;3
"15996";15996;1
"15997";15997;3
"15998";15998;3
"15999";15999;1
"16000";16000;3
"16001";16001;3
"16002";16002;2
"16003";16003;2
"16004";16004;3
"16005";16005;3
"16006";16006;3
"16007";16007;3
"16008";16008;3
"16009";16009;3
"16010";16010;3
"16011";16011;3
"16012";16012;3
"16013";16013;2
"16014";16014;3
"16015";16015;3
"16016";16016;3
"16017";16017;3
"16018";16018;3
"16019";16019;1
"16020";16020;1
"16021";16021;3
"16022";16022;3
"16023";16023;3
"16024";16024;3
"16025";16025;1
"16026";16026;1
"16027";16027;3
"16028";16028;3
"16029";16029;3
"16030";16030;3
"16031";16031;3
"16032";16032;1
"16033";16033;3
"16034";16034;3
"16035";16035;1
"16036";16036;3
"16037";16037;3
"16038";16038;3
"16039";16039;3
"16040";16040;3
"16041";16041;3
"16042";16042;3
"16043";16043;3
"16044";16044;3
"16045";16045;3
"16046";16046;3
"16047";16047;3
"16048";16048;3
"16049";16049;3
"16050";16050;3
"16051";16051;3
"16052";16052;3
"16053";16053;3
"16054";16054;2
"16055";16055;3
"16056";16056;3
"16057";16057;3
"16058";16058;1
"16059";16059;1
"16060";16060;3
"16061";16061;3
"16062";16062;3
"16063";16063;2
"16064";16064;3
"16065";16065;3
"16066";16066;3
"16067";16067;3
"16068";16068;3
"16069";16069;3
"16070";16070;1
"16071";16071;3
"16072";16072;3
"16073";16073;2
"16074";16074;3
"16075";16075;3
"16076";16076;3
"16077";16077;1
"16078";16078;1
"16079";16079;3
"16080";16080;2
"16081";16081;3
"16082";16082;1
"16083";16083;1
"16084";16084;3
"16085";16085;3
"16086";16086;3
"16087";16087;3
"16088";16088;3
"16089";16089;3
"16090";16090;3
"16091";16091;3
"16092";16092;3
"16093";16093;3
"16094";16094;3
"16095";16095;2
"16096";16096;2
"16097";16097;3
"16098";16098;3
"16099";16099;3
"16100";16100;3
"16101";16101;2
"16102";16102;2
"16103";16103;2
"16104";16104;2
"16105";16105;2
"16106";16106;2
"16107";16107;3
"16108";16108;3
"16109";16109;3
"16110";16110;3
"16111";16111;3
"16112";16112;3
"16113";16113;2
"16114";16114;2
"16115";16115;3
"16116";16116;2
"16117";16117;3
"16118";16118;2
"16119";16119;3
"16120";16120;3
"16121";16121;3
"16122";16122;3
"16123";16123;1
"16124";16124;3
"16125";16125;3
"16126";16126;3
"16127";16127;3
"16128";16128;3
"16129";16129;3
"16130";16130;1
"16131";16131;1
"16132";16132;2
"16133";16133;2
"16134";16134;2
"16135";16135;2
"16136";16136;1
"16137";16137;1
"16138";16138;1
"16139";16139;1
"16140";16140;2
"16141";16141;2
"16142";16142;1
"16143";16143;1
"16144";16144;1
"16145";16145;1
"16146";16146;2
"16147";16147;1
"16148";16148;1
"16149";16149;1
"16150";16150;1
"16151";16151;1
"16152";16152;3
"16153";16153;1
"16154";16154;1
"16155";16155;1
"16156";16156;1
"16157";16157;1
"16158";16158;1
"16159";16159;1
"16160";16160;1
"16161";16161;1
"16162";16162;1
"16163";16163;1
"16164";16164;1
"16165";16165;1
"16166";16166;1
"16167";16167;1
"16168";16168;1
"16169";16169;1
"16170";16170;1
"16171";16171;1
"16172";16172;1
"16173";16173;1
"16174";16174;1
"16175";16175;1
"16176";16176;1
"16177";16177;1
"16178";16178;1
"16179";16179;1
"16180";16180;1
"16181";16181;1
"16182";16182;1
"16183";16183;1
"16184";16184;1
"16185";16185;1
"16186";16186;1
"16187";16187;2
"16188";16188;3
"16189";16189;1
"16190";16190;3
"16191";16191;3
"16192";16192;3
"16193";16193;2
"16194";16194;1
"16195";16195;1
"16196";16196;2
"16197";16197;2
"16198";16198;1
"16199";16199;2
"16200";16200;2
"16201";16201;2
"16202";16202;2
"16203";16203;1
"16204";16204;2
"16205";16205;2
"16206";16206;2
"16207";16207;2
"16208";16208;2
"16209";16209;2
"16210";16210;2
"16211";16211;1
"16212";16212;2
"16213";16213;2
"16214";16214;2
"16215";16215;1
"16216";16216;1
"16217";16217;1
"16218";16218;3
"16219";16219;2
"16220";16220;2
"16221";16221;3
"16222";16222;1
"16223";16223;2
"16224";16224;2
"16225";16225;3
"16226";16226;2
"16227";16227;2
"16228";16228;2
"16229";16229;2
"16230";16230;2
"16231";16231;2
"16232";16232;2
"16233";16233;1
"16234";16234;2
"16235";16235;2
"16236";16236;2
"16237";16237;2
"16238";16238;1
"16239";16239;1
"16240";16240;2
"16241";16241;2
"16242";16242;2
"16243";16243;2
"16244";16244;2
"16245";16245;2
"16246";16246;1
"16247";16247;1
"16248";16248;1
"16249";16249;2
"16250";16250;1
"16251";16251;1
"16252";16252;2
"16253";16253;2
"16254";16254;2
"16255";16255;2
"16256";16256;2
"16257";16257;1
"16258";16258;2
"16259";16259;3
"16260";16260;1
"16261";16261;1
"16262";16262;2
"16263";16263;3
"16264";16264;2
"16265";16265;2
"16266";16266;2
"16267";16267;2
"16268";16268;2
"16269";16269;2
"16270";16270;2
"16271";16271;2
"16272";16272;1
"16273";16273;2
"16274";16274;2
"16275";16275;2
"16276";16276;2
"16277";16277;2
"16278";16278;2
"16279";16279;2
"16280";16280;2
"16281";16281;2
"16282";16282;2
"16283";16283;3
"16284";16284;2
"16285";16285;2
"16286";16286;1
"16287";16287;1
"16288";16288;3
"16289";16289;3
"16290";16290;3
"16291";16291;2
"16292";16292;3
"16293";16293;2
"16294";16294;2
"16295";16295;2
"16296";16296;3
"16297";16297;3
"16298";16298;2
"16299";16299;2
"16300";16300;3
"16301";16301;1
"16302";16302;1
"16303";16303;2
"16304";16304;1
"16305";16305;2
"16306";16306;1
"16307";16307;1
"16308";16308;1
"16309";16309;1
"16310";16310;3
"16311";16311;1
"16312";16312;3
"16313";16313;2
"16314";16314;1
"16315";16315;1
"16316";16316;1
"16317";16317;3
"16318";16318;3
"16319";16319;2
"16320";16320;1
"16321";16321;1
"16322";16322;1
"16323";16323;1
"16324";16324;1
"16325";16325;1
"16326";16326;3
"16327";16327;1
"16328";16328;2
"16329";16329;3
"16330";16330;2
"16331";16331;1
"16332";16332;1
"16333";16333;2
"16334";16334;2
"16335";16335;1
"16336";16336;1
"16337";16337;1
"16338";16338;1
"16339";16339;1
"16340";16340;1
"16341";16341;1
"16342";16342;1
"16343";16343;2
"16344";16344;1
"16345";16345;1
"16346";16346;1
"16347";16347;2
"16348";16348;2
"16349";16349;2
"16350";16350;2
"16351";16351;2
"16352";16352;2
"16353";16353;2
"16354";16354;2
"16355";16355;2
"16356";16356;2
"16357";16357;2
"16358";16358;3
"16359";16359;3
"16360";16360;2
"16361";16361;1
"16362";16362;2
"16363";16363;1
"16364";16364;1
"16365";16365;1
"16366";16366;3
"16367";16367;3
"16368";16368;3
"16369";16369;1
"16370";16370;1
"16371";16371;1
"16372";16372;1
"16373";16373;1
"16374";16374;1
"16375";16375;2
"16376";16376;2
"16377";16377;1
"16378";16378;1
"16379";16379;1
"16380";16380;1
"16381";16381;1
"16382";16382;1
"16383";16383;1
"16384";16384;1
"16385";16385;1
"16386";16386;1
"16387";16387;1
"16388";16388;1
"16389";16389;1
"16390";16390;1
"16391";16391;1
"16392";16392;1
"16393";16393;1
"16394";16394;2
"16395";16395;1
"16396";16396;1
"16397";16397;2
"16398";16398;2
"16399";16399;1
"16400";16400;3
"16401";16401;3
"16402";16402;2
"16403";16403;2
"16404";16404;1
"16405";16405;2
"16406";16406;2
"16407";16407;1
"16408";16408;1
"16409";16409;1
"16410";16410;2
"16411";16411;2
"16412";16412;2
"16413";16413;1
"16414";16414;2
"16415";16415;1
"16416";16416;2
"16417";16417;3
"16418";16418;1
"16419";16419;1
"16420";16420;2
"16421";16421;2
"16422";16422;2
"16423";16423;2
"16424";16424;2
"16425";16425;2
"16426";16426;2
"16427";16427;2
"16428";16428;2
"16429";16429;1
"16430";16430;1
"16431";16431;1
"16432";16432;3
"16433";16433;3
"16434";16434;3
"16435";16435;3
"16436";16436;3
"16437";16437;2
"16438";16438;2
"16439";16439;2
"16440";16440;1
"16441";16441;1
"16442";16442;3
"16443";16443;3
"16444";16444;2
"16445";16445;2
"16446";16446;3
"16447";16447;3
"16448";16448;3
"16449";16449;3
"16450";16450;2
"16451";16451;3
"16452";16452;3
"16453";16453;3
"16454";16454;1
"16455";16455;1
"16456";16456;3
"16457";16457;3
"16458";16458;3
"16459";16459;1
"16460";16460;1
"16461";16461;1
"16462";16462;1
"16463";16463;2
"16464";16464;1
"16465";16465;2
"16466";16466;1
"16467";16467;1
"16468";16468;3
"16469";16469;2
"16470";16470;2
"16471";16471;2
"16472";16472;2
"16473";16473;2
"16474";16474;1
"16475";16475;1
"16476";16476;2
"16477";16477;1
"16478";16478;1
"16479";16479;1
"16480";16480;1
"16481";16481;1
"16482";16482;1
"16483";16483;1
"16484";16484;1
"16485";16485;1
"16486";16486;1
"16487";16487;1
"16488";16488;1
"16489";16489;1
"16490";16490;1
"16491";16491;1
"16492";16492;1
"16493";16493;1
"16494";16494;2
"16495";16495;1
"16496";16496;1
"16497";16497;1
"16498";16498;1
"16499";16499;1
"16500";16500;1
"16501";16501;1
"16502";16502;1
"16503";16503;1
"16504";16504;1
"16505";16505;1
"16506";16506;1
"16507";16507;1
"16508";16508;1
"16509";16509;1
"16510";16510;1
"16511";16511;1
"16512";16512;1
"16513";16513;1
"16514";16514;1
"16515";16515;1
"16516";16516;1
"16517";16517;1
"16518";16518;1
"16519";16519;1
"16520";16520;1
"16521";16521;1
"16522";16522;1
"16523";16523;1
"16524";16524;1
"16525";16525;1
"16526";16526;1
"16527";16527;1
"16528";16528;1
"16529";16529;1
"16530";16530;1
"16531";16531;1
"16532";16532;1
"16533";16533;1
"16534";16534;1
"16535";16535;1
"16536";16536;1
"16537";16537;1
"16538";16538;1
"16539";16539;1
"16540";16540;1
"16541";16541;1
"16542";16542;1
"16543";16543;1
"16544";16544;1
"16545";16545;1
"16546";16546;1
"16547";16547;1
"16548";16548;1
"16549";16549;1
"16550";16550;1
"16551";16551;1
"16552";16552;1
"16553";16553;1
"16554";16554;1
"16555";16555;1
"16556";16556;1
"16557";16557;1
"16558";16558;1
"16559";16559;1
"16560";16560;1
"16561";16561;1
"16562";16562;1
"16563";16563;1
"16564";16564;1
"16565";16565;1
"16566";16566;1
"16567";16567;1
"16568";16568;1
"16569";16569;1
"16570";16570;1
"16571";16571;1
"16572";16572;1
"16573";16573;1
"16574";16574;1
"16575";16575;1
"16576";16576;1
"16577";16577;1
"16578";16578;1
"16579";16579;1
"16580";16580;1
"16581";16581;1
"16582";16582;1
"16583";16583;1
"16584";16584;1
"16585";16585;1
"16586";16586;1
"16587";16587;1
"16588";16588;1
"16589";16589;1
"16590";16590;1
"16591";16591;2
"16592";16592;1
"16593";16593;1
"16594";16594;1
"16595";16595;1
"16596";16596;1
"16597";16597;1
"16598";16598;1
"16599";16599;1
"16600";16600;1
"16601";16601;1
"16602";16602;1
"16603";16603;1
"16604";16604;1
"16605";16605;1
"16606";16606;1
"16607";16607;1
"16608";16608;1
"16609";16609;1
"16610";16610;1
"16611";16611;1
"16612";16612;1
"16613";16613;2
"16614";16614;2
"16615";16615;1
"16616";16616;1
"16617";16617;1
"16618";16618;1
"16619";16619;3
"16620";16620;1
"16621";16621;1
"16622";16622;1
"16623";16623;1
"16624";16624;1
"16625";16625;1
"16626";16626;1
"16627";16627;1
"16628";16628;1
"16629";16629;1
"16630";16630;1
"16631";16631;1
"16632";16632;1
"16633";16633;1
"16634";16634;1
"16635";16635;2
"16636";16636;3
"16637";16637;3
"16638";16638;3
"16639";16639;2
"16640";16640;3
"16641";16641;2
"16642";16642;2
"16643";16643;2
"16644";16644;3
"16645";16645;2
"16646";16646;3
"16647";16647;2
"16648";16648;2
"16649";16649;1
"16650";16650;1
"16651";16651;2
"16652";16652;2
"16653";16653;1
"16654";16654;1
"16655";16655;1
"16656";16656;1
"16657";16657;1
"16658";16658;1
"16659";16659;1
"16660";16660;1
"16661";16661;3
"16662";16662;1
"16663";16663;1
"16664";16664;1
"16665";16665;1
"16666";16666;1
"16667";16667;3
"16668";16668;1
"16669";16669;3
"16670";16670;1
"16671";16671;3
"16672";16672;3
"16673";16673;3
"16674";16674;1
"16675";16675;1
"16676";16676;1
"16677";16677;1
"16678";16678;1
"16679";16679;1
"16680";16680;1
"16681";16681;3
"16682";16682;1
"16683";16683;3
"16684";16684;3
"16685";16685;3
"16686";16686;3
"16687";16687;3
"16688";16688;3
"16689";16689;3
"16690";16690;3
"16691";16691;3
"16692";16692;3
"16693";16693;3
"16694";16694;3
"16695";16695;3
"16696";16696;3
"16697";16697;1
"16698";16698;1
"16699";16699;1
"16700";16700;1
"16701";16701;3
"16702";16702;3
"16703";16703;3
"16704";16704;1
"16705";16705;3
"16706";16706;3
"16707";16707;3
"16708";16708;3
"16709";16709;3
"16710";16710;3
"16711";16711;3
"16712";16712;3
"16713";16713;3
"16714";16714;3
"16715";16715;3
"16716";16716;3
"16717";16717;3
"16718";16718;3
"16719";16719;3
"16720";16720;3
"16721";16721;3
"16722";16722;3
"16723";16723;3
"16724";16724;3
"16725";16725;1
"16726";16726;3
"16727";16727;3
"16728";16728;3
"16729";16729;3
"16730";16730;3
"16731";16731;1
"16732";16732;3
"16733";16733;3
"16734";16734;3
"16735";16735;3
"16736";16736;3
"16737";16737;3
"16738";16738;3
"16739";16739;3
"16740";16740;3
"16741";16741;3
"16742";16742;3
"16743";16743;3
"16744";16744;3
"16745";16745;2
"16746";16746;2
"16747";16747;3
"16748";16748;3
"16749";16749;3
"16750";16750;3
"16751";16751;3
"16752";16752;1
"16753";16753;3
"16754";16754;3
"16755";16755;3
"16756";16756;3
"16757";16757;3
"16758";16758;3
"16759";16759;1
"16760";16760;3
"16761";16761;1
"16762";16762;1
"16763";16763;3
"16764";16764;3
"16765";16765;3
"16766";16766;3
"16767";16767;1
"16768";16768;1
"16769";16769;1
"16770";16770;1
"16771";16771;1
"16772";16772;1
"16773";16773;3
"16774";16774;3
"16775";16775;3
"16776";16776;1
"16777";16777;3
"16778";16778;1
"16779";16779;1
"16780";16780;3
"16781";16781;2
"16782";16782;1
"16783";16783;1
"16784";16784;1
"16785";16785;3
"16786";16786;1
"16787";16787;1
"16788";16788;1
"16789";16789;3
"16790";16790;3
"16791";16791;3
"16792";16792;1
"16793";16793;1
"16794";16794;1
"16795";16795;1
"16796";16796;3
"16797";16797;3
"16798";16798;1
"16799";16799;1
"16800";16800;1
"16801";16801;1
"16802";16802;2
"16803";16803;1
"16804";16804;2
"16805";16805;1
"16806";16806;1
"16807";16807;3
"16808";16808;3
"16809";16809;2
"16810";16810;3
"16811";16811;3
"16812";16812;3
"16813";16813;3
"16814";16814;3
"16815";16815;3
"16816";16816;1
"16817";16817;3
"16818";16818;1
"16819";16819;3
"16820";16820;3
"16821";16821;2
"16822";16822;1
"16823";16823;3
"16824";16824;1
"16825";16825;1
"16826";16826;1
"16827";16827;2
"16828";16828;3
"16829";16829;2
"16830";16830;2
"16831";16831;3
"16832";16832;2
"16833";16833;2
"16834";16834;3
"16835";16835;3
"16836";16836;2
"16837";16837;2
"16838";16838;1
"16839";16839;2
"16840";16840;1
"16841";16841;1
"16842";16842;1
"16843";16843;1
"16844";16844;1
"16845";16845;1
"16846";16846;3
"16847";16847;1
"16848";16848;3
"16849";16849;3
"16850";16850;3
"16851";16851;2
"16852";16852;1
"16853";16853;2
"16854";16854;3
"16855";16855;3
"16856";16856;3
"16857";16857;3
"16858";16858;2
"16859";16859;3
"16860";16860;3
"16861";16861;1
"16862";16862;1
"16863";16863;3
"16864";16864;3
"16865";16865;3
"16866";16866;2
"16867";16867;3
"16868";16868;1
"16869";16869;1
"16870";16870;1
"16871";16871;1
"16872";16872;1
"16873";16873;1
"16874";16874;1
"16875";16875;1
"16876";16876;1
"16877";16877;1
"16878";16878;1
"16879";16879;1
"16880";16880;1
"16881";16881;1
"16882";16882;1
"16883";16883;1
"16884";16884;1
"16885";16885;1
"16886";16886;1
"16887";16887;1
"16888";16888;1
"16889";16889;1
"16890";16890;1
"16891";16891;1
"16892";16892;3
"16893";16893;1
"16894";16894;1
"16895";16895;3
"16896";16896;3
"16897";16897;3
"16898";16898;1
"16899";16899;1
"16900";16900;1
"16901";16901;1
"16902";16902;1
"16903";16903;1
"16904";16904;1
"16905";16905;1
"16906";16906;1
"16907";16907;3
"16908";16908;1
"16909";16909;1
"16910";16910;1
"16911";16911;3
"16912";16912;2
"16913";16913;2
"16914";16914;1
"16915";16915;1
"16916";16916;3
"16917";16917;3
"16918";16918;3
"16919";16919;3
"16920";16920;3
"16921";16921;3
"16922";16922;3
"16923";16923;3
"16924";16924;3
"16925";16925;3
"16926";16926;3
"16927";16927;3
"16928";16928;3
"16929";16929;3
"16930";16930;3
"16931";16931;3
"16932";16932;3
"16933";16933;0
"16934";16934;3
"16935";16935;3
"16936";16936;2
"16937";16937;3
"16938";16938;3
"16939";16939;3
"16940";16940;3
"16941";16941;1
"16942";16942;3
"16943";16943;2
"16944";16944;3
"16945";16945;3
"16946";16946;2
"16947";16947;3
"16948";16948;3
"16949";16949;2
"16950";16950;2
"16951";16951;2
"16952";16952;3
"16953";16953;1
"16954";16954;2
"16955";16955;3
"16956";16956;3
"16957";16957;2
"16958";16958;2
"16959";16959;2
"16960";16960;2
"16961";16961;2
"16962";16962;2
"16963";16963;2
"16964";16964;2
"16965";16965;3
"16966";16966;3
"16967";16967;3
"16968";16968;2
"16969";16969;2
"16970";16970;2
"16971";16971;2
"16972";16972;2
"16973";16973;2
"16974";16974;2
"16975";16975;2
"16976";16976;1
"16977";16977;1
"16978";16978;1
"16979";16979;2
"16980";16980;2
"16981";16981;2
"16982";16982;2
"16983";16983;2
"16984";16984;1
"16985";16985;1
"16986";16986;0
"16987";16987;3
"16988";16988;2
"16989";16989;2
"16990";16990;3
"16991";16991;2
"16992";16992;2
"16993";16993;2
"16994";16994;2
"16995";16995;3
"16996";16996;3
"16997";16997;3
"16998";16998;2
"16999";16999;2
"17000";17000;3
"17001";17001;1
"17002";17002;1
"17003";17003;1
"17004";17004;3
"17005";17005;2
"17006";17006;1
"17007";17007;1
"17008";17008;3
"17009";17009;2
"17010";17010;2
"17011";17011;2
"17012";17012;2
"17013";17013;2
"17014";17014;2
"17015";17015;2
"17016";17016;2
"17017";17017;2
"17018";17018;3
"17019";17019;3
"17020";17020;2
"17021";17021;3
"17022";17022;2
"17023";17023;2
"17024";17024;3
"17025";17025;2
"17026";17026;2
"17027";17027;2
"17028";17028;2
"17029";17029;2
"17030";17030;1
"17031";17031;1
"17032";17032;1
"17033";17033;1
"17034";17034;1
"17035";17035;2
"17036";17036;1
"17037";17037;1
"17038";17038;2
"17039";17039;1
"17040";17040;1
"17041";17041;2
"17042";17042;1
"17043";17043;2
"17044";17044;2
"17045";17045;1
"17046";17046;1
"17047";17047;1
"17048";17048;1
"17049";17049;1
"17050";17050;1
"17051";17051;1
"17052";17052;1
"17053";17053;1
"17054";17054;2
"17055";17055;1
"17056";17056;1
"17057";17057;2
"17058";17058;2
"17059";17059;2
"17060";17060;1
"17061";17061;2
"17062";17062;1
"17063";17063;1
"17064";17064;1
"17065";17065;1
"17066";17066;1
"17067";17067;1
"17068";17068;1
"17069";17069;1
"17070";17070;1
"17071";17071;1
"17072";17072;1
"17073";17073;1
"17074";17074;1
"17075";17075;1
"17076";17076;1
"17077";17077;1
"17078";17078;2
"17079";17079;3
"17080";17080;1
"17081";17081;1
"17082";17082;2
"17083";17083;1
"17084";17084;1
"17085";17085;1
"17086";17086;1
"17087";17087;1
"17088";17088;1
"17089";17089;1
"17090";17090;1
"17091";17091;1
"17092";17092;1
"17093";17093;1
"17094";17094;1
"17095";17095;1
"17096";17096;1
"17097";17097;1
"17098";17098;1
"17099";17099;1
"17100";17100;1
"17101";17101;1
"17102";17102;1
"17103";17103;2
"17104";17104;1
"17105";17105;1
"17106";17106;1
"17107";17107;1
"17108";17108;1
"17109";17109;1
"17110";17110;1
"17111";17111;1
"17112";17112;1
"17113";17113;1
"17114";17114;1
"17115";17115;2
"17116";17116;1
"17117";17117;2
"17118";17118;1
"17119";17119;1
"17120";17120;1
"17121";17121;1
"17122";17122;1
"17123";17123;1
"17124";17124;1
"17125";17125;1
"17126";17126;1
"17127";17127;1
"17128";17128;1
"17129";17129;3
"17130";17130;1
"17131";17131;1
"17132";17132;2
"17133";17133;1
"17134";17134;2
"17135";17135;1
"17136";17136;1
"17137";17137;2
"17138";17138;1
"17139";17139;1
"17140";17140;1
"17141";17141;1
"17142";17142;2
"17143";17143;2
"17144";17144;2
"17145";17145;1
"17146";17146;2
"17147";17147;2
"17148";17148;2
"17149";17149;3
"17150";17150;0
"17151";17151;2
"17152";17152;2
"17153";17153;1
"17154";17154;1
"17155";17155;3
"17156";17156;2
"17157";17157;3
"17158";17158;2
"17159";17159;2
"17160";17160;1
"17161";17161;1
"17162";17162;1
"17163";17163;1
"17164";17164;1
"17165";17165;3
"17166";17166;1
"17167";17167;1
"17168";17168;1
"17169";17169;3
"17170";17170;1
"17171";17171;1
"17172";17172;1
"17173";17173;1
"17174";17174;1
"17175";17175;2
"17176";17176;1
"17177";17177;1
"17178";17178;1
"17179";17179;1
"17180";17180;1
"17181";17181;1
"17182";17182;1
"17183";17183;2
"17184";17184;2
"17185";17185;2
"17186";17186;2
"17187";17187;1
"17188";17188;1
"17189";17189;1
"17190";17190;1
"17191";17191;1
"17192";17192;1
"17193";17193;1
"17194";17194;1
"17195";17195;1
"17196";17196;1
"17197";17197;1
"17198";17198;1
"17199";17199;2
"17200";17200;0
"17201";17201;1
"17202";17202;2
"17203";17203;1
"17204";17204;2
"17205";17205;1
"17206";17206;1
"17207";17207;1
"17208";17208;1
"17209";17209;1
"17210";17210;1
"17211";17211;1
"17212";17212;1
"17213";17213;1
"17214";17214;2
"17215";17215;1
"17216";17216;1
"17217";17217;1
"17218";17218;1
"17219";17219;1
"17220";17220;1
"17221";17221;1
"17222";17222;1
"17223";17223;2
"17224";17224;1
"17225";17225;1
"17226";17226;1
"17227";17227;1
"17228";17228;1
"17229";17229;1
"17230";17230;1
"17231";17231;1
"17232";17232;2
"17233";17233;1
"17234";17234;2
"17235";17235;1
"17236";17236;1
"17237";17237;1
"17238";17238;2
"17239";17239;2
"17240";17240;2
"17241";17241;2
"17242";17242;2
"17243";17243;3
"17244";17244;1
"17245";17245;1
"17246";17246;2
"17247";17247;1
"17248";17248;1
"17249";17249;1
"17250";17250;1
"17251";17251;1
"17252";17252;1
"17253";17253;1
"17254";17254;1
"17255";17255;2
"17256";17256;1
"17257";17257;1
"17258";17258;1
"17259";17259;1
"17260";17260;1
"17261";17261;2
"17262";17262;1
"17263";17263;1
"17264";17264;2
"17265";17265;1
"17266";17266;1
"17267";17267;1
"17268";17268;2
"17269";17269;2
"17270";17270;1
"17271";17271;1
"17272";17272;2
"17273";17273;2
"17274";17274;2
"17275";17275;2
"17276";17276;2
"17277";17277;1
"17278";17278;2
"17279";17279;3
"17280";17280;2
"17281";17281;2
"17282";17282;2
"17283";17283;3
"17284";17284;2
"17285";17285;1
"17286";17286;1
"17287";17287;1
"17288";17288;1
"17289";17289;1
"17290";17290;1
"17291";17291;2
"17292";17292;1
"17293";17293;1
"17294";17294;1
"17295";17295;2
"17296";17296;2
"17297";17297;2
"17298";17298;1
"17299";17299;1
"17300";17300;1
"17301";17301;1
"17302";17302;1
"17303";17303;2
"17304";17304;1
"17305";17305;1
"17306";17306;1
"17307";17307;2
"17308";17308;2
"17309";17309;3
"17310";17310;2
"17311";17311;2
"17312";17312;2
"17313";17313;2
"17314";17314;1
"17315";17315;2
"17316";17316;2
"17317";17317;1
"17318";17318;1
"17319";17319;2
"17320";17320;1
"17321";17321;1
"17322";17322;1
"17323";17323;1
"17324";17324;1
"17325";17325;1
"17326";17326;1
"17327";17327;1
"17328";17328;1
"17329";17329;1
"17330";17330;1
"17331";17331;1
"17332";17332;1
"17333";17333;1
"17334";17334;1
"17335";17335;1
"17336";17336;1
"17337";17337;1
"17338";17338;1
"17339";17339;1
"17340";17340;1
"17341";17341;1
"17342";17342;1
"17343";17343;1
"17344";17344;1
"17345";17345;2
"17346";17346;3
"17347";17347;1
"17348";17348;1
"17349";17349;1
"17350";17350;1
"17351";17351;1
"17352";17352;1
"17353";17353;1
"17354";17354;1
"17355";17355;1
"17356";17356;1
"17357";17357;2
"17358";17358;1
"17359";17359;1
"17360";17360;1
"17361";17361;1
"17362";17362;1
"17363";17363;1
"17364";17364;1
"17365";17365;1
"17366";17366;1
"17367";17367;1
"17368";17368;1
"17369";17369;1
"17370";17370;1
"17371";17371;1
"17372";17372;1
"17373";17373;1
"17374";17374;1
"17375";17375;3
"17376";17376;2
"17377";17377;2
"17378";17378;1
"17379";17379;1
"17380";17380;1
"17381";17381;1
"17382";17382;3
"17383";17383;1
"17384";17384;1
"17385";17385;1
"17386";17386;1
"17387";17387;1
"17388";17388;1
"17389";17389;1
"17390";17390;1
"17391";17391;1
"17392";17392;1
"17393";17393;1
"17394";17394;2
"17395";17395;1
"17396";17396;3
"17397";17397;1
"17398";17398;1
"17399";17399;1
"17400";17400;1
"17401";17401;1
"17402";17402;1
"17403";17403;1
"17404";17404;1
"17405";17405;1
"17406";17406;1
"17407";17407;3
"17408";17408;1
"17409";17409;1
"17410";17410;1
"17411";17411;1
"17412";17412;1
"17413";17413;1
"17414";17414;1
"17415";17415;1
"17416";17416;2
"17417";17417;1
"17418";17418;1
"17419";17419;1
"17420";17420;1
"17421";17421;1
"17422";17422;1
"17423";17423;1
"17424";17424;1
"17425";17425;1
"17426";17426;1
"17427";17427;1
"17428";17428;1
"17429";17429;1
"17430";17430;1
"17431";17431;1
"17432";17432;1
"17433";17433;1
"17434";17434;1
"17435";17435;2
"17436";17436;1
"17437";17437;1
"17438";17438;1
"17439";17439;1
"17440";17440;1
"17441";17441;1
"17442";17442;1
"17443";17443;1
"17444";17444;2
"17445";17445;1
"17446";17446;2
"17447";17447;2
"17448";17448;2
"17449";17449;1
"17450";17450;1
"17451";17451;1
"17452";17452;1
"17453";17453;2
"17454";17454;1
"17455";17455;1
"17456";17456;1
"17457";17457;1
"17458";17458;1
"17459";17459;1
"17460";17460;2
"17461";17461;1
"17462";17462;2
"17463";17463;2
"17464";17464;2
"17465";17465;2
"17466";17466;1
"17467";17467;1
"17468";17468;1
"17469";17469;1
"17470";17470;1
"17471";17471;1
"17472";17472;1
"17473";17473;1
"17474";17474;2
"17475";17475;2
"17476";17476;2
"17477";17477;2
"17478";17478;2
"17479";17479;2
"17480";17480;3
"17481";17481;1
"17482";17482;1
"17483";17483;1
"17484";17484;1
"17485";17485;1
"17486";17486;1
"17487";17487;2
"17488";17488;1
"17489";17489;1
"17490";17490;1
"17491";17491;1
"17492";17492;1
"17493";17493;1
"17494";17494;1
"17495";17495;1
"17496";17496;1
"17497";17497;1
"17498";17498;1
"17499";17499;1
"17500";17500;1
"17501";17501;1
"17502";17502;1
"17503";17503;1
"17504";17504;1
"17505";17505;1
"17506";17506;1
"17507";17507;1
"17508";17508;1
"17509";17509;2
"17510";17510;2
"17511";17511;1
"17512";17512;1
"17513";17513;1
"17514";17514;2
"17515";17515;1
"17516";17516;1
"17517";17517;1
"17518";17518;1
"17519";17519;2
"17520";17520;1
"17521";17521;1
"17522";17522;0
"17523";17523;0
"17524";17524;1
"17525";17525;1
"17526";17526;2
"17527";17527;2
"17528";17528;2
"17529";17529;2
"17530";17530;1
"17531";17531;1
"17532";17532;1
"17533";17533;1
"17534";17534;1
"17535";17535;1
"17536";17536;1
"17537";17537;1
"17538";17538;1
"17539";17539;1
"17540";17540;1
"17541";17541;1
"17542";17542;2
"17543";17543;1
"17544";17544;1
"17545";17545;1
"17546";17546;1
"17547";17547;1
"17548";17548;1
"17549";17549;2
"17550";17550;3
"17551";17551;1
"17552";17552;1
"17553";17553;1
"17554";17554;1
"17555";17555;1
"17556";17556;3
"17557";17557;1
"17558";17558;1
"17559";17559;1
"17560";17560;1
"17561";17561;1
"17562";17562;1
"17563";17563;1
"17564";17564;1
"17565";17565;1
"17566";17566;1
"17567";17567;1
"17568";17568;1
"17569";17569;1
"17570";17570;1
"17571";17571;1
"17572";17572;1
"17573";17573;1
"17574";17574;2
"17575";17575;1
"17576";17576;2
"17577";17577;1
"17578";17578;1
"17579";17579;1
"17580";17580;1
"17581";17581;1
"17582";17582;1
"17583";17583;1
"17584";17584;2
"17585";17585;1
"17586";17586;1
"17587";17587;1
"17588";17588;1
"17589";17589;1
"17590";17590;2
"17591";17591;1
"17592";17592;1
"17593";17593;1
"17594";17594;1
"17595";17595;1
"17596";17596;1
"17597";17597;1
"17598";17598;1
"17599";17599;1
"17600";17600;1
"17601";17601;1
"17602";17602;1
"17603";17603;2
"17604";17604;1
"17605";17605;1
"17606";17606;2
"17607";17607;1
"17608";17608;1
"17609";17609;1
"17610";17610;1
"17611";17611;1
"17612";17612;1
"17613";17613;1
"17614";17614;3
"17615";17615;1
"17616";17616;1
"17617";17617;1
"17618";17618;3
"17619";17619;3
"17620";17620;1
"17621";17621;2
"17622";17622;2
"17623";17623;2
"17624";17624;1
"17625";17625;1
"17626";17626;1
"17627";17627;1
"17628";17628;2
"17629";17629;2
"17630";17630;2
"17631";17631;2
"17632";17632;1
"17633";17633;1
"17634";17634;1
"17635";17635;1
"17636";17636;1
"17637";17637;1
"17638";17638;1
"17639";17639;2
"17640";17640;1
"17641";17641;1
"17642";17642;1
"17643";17643;1
"17644";17644;2
"17645";17645;2
"17646";17646;1
"17647";17647;1
"17648";17648;1
"17649";17649;1
"17650";17650;3
"17651";17651;1
"17652";17652;1
"17653";17653;3
"17654";17654;1
"17655";17655;1
"17656";17656;1
"17657";17657;1
"17658";17658;1
"17659";17659;1
"17660";17660;1
"17661";17661;1
"17662";17662;1
"17663";17663;1
"17664";17664;1
"17665";17665;1
"17666";17666;1
"17667";17667;1
"17668";17668;1
"17669";17669;1
"17670";17670;1
"17671";17671;1
"17672";17672;1
"17673";17673;1
"17674";17674;2
"17675";17675;1
"17676";17676;1
"17677";17677;2
"17678";17678;2
"17679";17679;1
"17680";17680;1
"17681";17681;1
"17682";17682;1
"17683";17683;1
"17684";17684;1
"17685";17685;1
"17686";17686;1
"17687";17687;1
"17688";17688;1
"17689";17689;1
"17690";17690;1
"17691";17691;1
"17692";17692;1
"17693";17693;1
"17694";17694;1
"17695";17695;1
"17696";17696;1
"17697";17697;1
"17698";17698;1
"17699";17699;1
"17700";17700;1
"17701";17701;1
"17702";17702;1
"17703";17703;3
"17704";17704;1
"17705";17705;1
"17706";17706;1
"17707";17707;2
"17708";17708;1
"17709";17709;1
"17710";17710;1
"17711";17711;1
"17712";17712;1
"17713";17713;1
"17714";17714;1
"17715";17715;1
"17716";17716;1
"17717";17717;3
"17718";17718;1
"17719";17719;1
"17720";17720;1
"17721";17721;2
"17722";17722;2
"17723";17723;1
"17724";17724;1
"17725";17725;2
"17726";17726;2
"17727";17727;2
"17728";17728;2
"17729";17729;2
"17730";17730;2
"17731";17731;2
"17732";17732;2
"17733";17733;2
"17734";17734;2
"17735";17735;2
"17736";17736;2
"17737";17737;2
"17738";17738;2
"17739";17739;2
"17740";17740;1
"17741";17741;1
"17742";17742;2
"17743";17743;2
"17744";17744;2
"17745";17745;3
"17746";17746;2
"17747";17747;2
"17748";17748;2
"17749";17749;2
"17750";17750;2
"17751";17751;2
"17752";17752;1
"17753";17753;2
"17754";17754;1
"17755";17755;1
"17756";17756;1
"17757";17757;1
"17758";17758;3
"17759";17759;3
"17760";17760;2
"17761";17761;2
"17762";17762;2
"17763";17763;1
"17764";17764;1
"17765";17765;1
"17766";17766;1
"17767";17767;1
"17768";17768;1
"17769";17769;1
"17770";17770;2
"17771";17771;2
"17772";17772;1
"17773";17773;1
"17774";17774;1
"17775";17775;1
"17776";17776;1
"17777";17777;1
"17778";17778;1
"17779";17779;1
"17780";17780;1
"17781";17781;1
"17782";17782;1
"17783";17783;2
"17784";17784;1
"17785";17785;1
"17786";17786;2
"17787";17787;2
"17788";17788;2
"17789";17789;2
"17790";17790;2
"17791";17791;2
"17792";17792;1
"17793";17793;1
"17794";17794;1
"17795";17795;1
"17796";17796;2
"17797";17797;1
"17798";17798;1
"17799";17799;1
"17800";17800;1
"17801";17801;1
"17802";17802;1
"17803";17803;3
"17804";17804;1
"17805";17805;1
"17806";17806;1
"17807";17807;1
"17808";17808;1
"17809";17809;1
"17810";17810;1
"17811";17811;1
"17812";17812;1
"17813";17813;1
"17814";17814;1
"17815";17815;1
"17816";17816;1
"17817";17817;1
"17818";17818;1
"17819";17819;1
"17820";17820;1
"17821";17821;1
"17822";17822;1
"17823";17823;1
"17824";17824;1
"17825";17825;2
"17826";17826;3
"17827";17827;1
"17828";17828;1
"17829";17829;2
"17830";17830;1
"17831";17831;2
"17832";17832;2
"17833";17833;3
"17834";17834;3
"17835";17835;3
"17836";17836;1
"17837";17837;1
"17838";17838;1
"17839";17839;1
"17840";17840;1
"17841";17841;1
"17842";17842;1
"17843";17843;1
"17844";17844;1
"17845";17845;1
"17846";17846;2
"17847";17847;3
"17848";17848;1
"17849";17849;1
"17850";17850;1
"17851";17851;1
"17852";17852;1
"17853";17853;1
"17854";17854;1
"17855";17855;1
"17856";17856;1
"17857";17857;1
"17858";17858;3
"17859";17859;1
"17860";17860;3
"17861";17861;2
"17862";17862;1
"17863";17863;2
"17864";17864;1
"17865";17865;2
"17866";17866;2
"17867";17867;2
"17868";17868;2
"17869";17869;1
"17870";17870;2
"17871";17871;3
"17872";17872;3
"17873";17873;2
"17874";17874;1
"17875";17875;2
"17876";17876;2
"17877";17877;1
"17878";17878;2
"17879";17879;2
"17880";17880;2
"17881";17881;1
"17882";17882;1
"17883";17883;1
"17884";17884;1
"17885";17885;2
"17886";17886;3
"17887";17887;3
"17888";17888;3
"17889";17889;1
"17890";17890;3
"17891";17891;3
"17892";17892;3
"17893";17893;2
"17894";17894;1
"17895";17895;2
"17896";17896;1
"17897";17897;3
"17898";17898;2
"17899";17899;2
"17900";17900;2
"17901";17901;3
"17902";17902;2
"17903";17903;3
"17904";17904;3
"17905";17905;3
"17906";17906;2
"17907";17907;1
"17908";17908;1
"17909";17909;1
"17910";17910;3
"17911";17911;3
"17912";17912;1
"17913";17913;3
"17914";17914;1
"17915";17915;1
"17916";17916;3
"17917";17917;1
"17918";17918;3
"17919";17919;3
"17920";17920;2
"17921";17921;3
"17922";17922;3
"17923";17923;3
"17924";17924;3
"17925";17925;3
"17926";17926;3
"17927";17927;2
"17928";17928;3
"17929";17929;3
"17930";17930;3
"17931";17931;2
"17932";17932;3
"17933";17933;3
"17934";17934;3
"17935";17935;3
"17936";17936;3
"17937";17937;3
"17938";17938;3
"17939";17939;3
"17940";17940;2
"17941";17941;2
"17942";17942;2
"17943";17943;3
"17944";17944;3
"17945";17945;1
"17946";17946;3
"17947";17947;3
"17948";17948;3
"17949";17949;3
"17950";17950;3
"17951";17951;2
"17952";17952;2
"17953";17953;3
"17954";17954;3
"17955";17955;3
"17956";17956;3
"17957";17957;3
"17958";17958;3
"17959";17959;2
"17960";17960;3
"17961";17961;3
"17962";17962;3
"17963";17963;3
"17964";17964;1
"17965";17965;3
"17966";17966;3
"17967";17967;2
"17968";17968;2
"17969";17969;3
"17970";17970;2
"17971";17971;2
"17972";17972;3
"17973";17973;2
"17974";17974;2
"17975";17975;2
"17976";17976;3
"17977";17977;2
"17978";17978;2
"17979";17979;2
"17980";17980;2
"17981";17981;2
"17982";17982;2
"17983";17983;2
"17984";17984;2
"17985";17985;2
"17986";17986;2
"17987";17987;2
"17988";17988;2
"17989";17989;3
"17990";17990;2
"17991";17991;3
"17992";17992;1
"17993";17993;3
"17994";17994;2
"17995";17995;2
"17996";17996;2
"17997";17997;2
"17998";17998;2
"17999";17999;2
"18000";18000;2
"18001";18001;2
"18002";18002;2
"18003";18003;2
"18004";18004;3
"18005";18005;2
"18006";18006;2
"18007";18007;3
"18008";18008;3
"18009";18009;2
"18010";18010;3
"18011";18011;3
"18012";18012;1
"18013";18013;2
"18014";18014;3
"18015";18015;3
"18016";18016;3
"18017";18017;3
"18018";18018;2
"18019";18019;2
"18020";18020;2
"18021";18021;3
"18022";18022;2
"18023";18023;3
"18024";18024;2
"18025";18025;2
"18026";18026;2
"18027";18027;3
"18028";18028;1
"18029";18029;3
"18030";18030;1
"18031";18031;2
"18032";18032;1
"18033";18033;1
"18034";18034;2
"18035";18035;2
"18036";18036;3
"18037";18037;2
"18038";18038;1
"18039";18039;1
"18040";18040;1
"18041";18041;1
"18042";18042;1
"18043";18043;1
"18044";18044;1
"18045";18045;1
"18046";18046;2
"18047";18047;1
"18048";18048;1
"18049";18049;1
"18050";18050;1
"18051";18051;2
"18052";18052;1
"18053";18053;1
"18054";18054;1
"18055";18055;2
"18056";18056;1
"18057";18057;2
"18058";18058;3
"18059";18059;3
"18060";18060;3
"18061";18061;2
"18062";18062;2
"18063";18063;1
"18064";18064;1
"18065";18065;1
"18066";18066;1
"18067";18067;2
"18068";18068;1
"18069";18069;1
"18070";18070;1
"18071";18071;1
"18072";18072;2
"18073";18073;2
"18074";18074;1
"18075";18075;1
"18076";18076;1
"18077";18077;1
"18078";18078;1
"18079";18079;1
"18080";18080;1
"18081";18081;1
"18082";18082;1
"18083";18083;1
"18084";18084;2
"18085";18085;3
"18086";18086;2
"18087";18087;1
"18088";18088;3
"18089";18089;2
"18090";18090;2
"18091";18091;3
"18092";18092;3
"18093";18093;2
"18094";18094;1
"18095";18095;2
"18096";18096;1
"18097";18097;1
"18098";18098;1
"18099";18099;1
"18100";18100;1
"18101";18101;1
"18102";18102;1
"18103";18103;1
"18104";18104;1
"18105";18105;1
"18106";18106;1
"18107";18107;0
"18108";18108;1
"18109";18109;1
"18110";18110;1
"18111";18111;1
"18112";18112;1
"18113";18113;1
"18114";18114;1
"18115";18115;1
"18116";18116;1
"18117";18117;1
"18118";18118;1
"18119";18119;1
"18120";18120;2
"18121";18121;1
"18122";18122;1
"18123";18123;1
"18124";18124;1
"18125";18125;1
"18126";18126;1
"18127";18127;1
"18128";18128;1
"18129";18129;2
"18130";18130;1
"18131";18131;1
"18132";18132;1
"18133";18133;1
"18134";18134;1
"18135";18135;1
"18136";18136;1
"18137";18137;3
"18138";18138;1
"18139";18139;1
"18140";18140;1
"18141";18141;1
"18142";18142;1
"18143";18143;1
"18144";18144;1
"18145";18145;1
"18146";18146;1
"18147";18147;1
"18148";18148;1
"18149";18149;1
"18150";18150;1
"18151";18151;1
"18152";18152;1
"18153";18153;1
"18154";18154;1
"18155";18155;1
"18156";18156;1
"18157";18157;1
"18158";18158;1
"18159";18159;1
"18160";18160;1
"18161";18161;1
"18162";18162;1
"18163";18163;1
"18164";18164;1
"18165";18165;1
"18166";18166;1
"18167";18167;1
"18168";18168;1
"18169";18169;1
"18170";18170;1
"18171";18171;1
"18172";18172;1
"18173";18173;1
"18174";18174;1
"18175";18175;1
"18176";18176;1
"18177";18177;1
"18178";18178;1
"18179";18179;1
"18180";18180;1
"18181";18181;1
"18182";18182;1
"18183";18183;1
"18184";18184;1
"18185";18185;1
"18186";18186;1
"18187";18187;1
"18188";18188;1
"18189";18189;1
"18190";18190;1
"18191";18191;1
"18192";18192;1
"18193";18193;1
"18194";18194;1
"18195";18195;1
"18196";18196;1
"18197";18197;1
"18198";18198;1
"18199";18199;1
"18200";18200;1
"18201";18201;1
"18202";18202;1
"18203";18203;1
"18204";18204;2
"18205";18205;2
"18206";18206;1
"18207";18207;1
"18208";18208;2
"18209";18209;1
"18210";18210;1
"18211";18211;1
"18212";18212;1
"18213";18213;1
"18214";18214;1
"18215";18215;1
"18216";18216;1
"18217";18217;1
"18218";18218;1
"18219";18219;1
"18220";18220;1
"18221";18221;1
"18222";18222;1
"18223";18223;1
"18224";18224;1
"18225";18225;1
"18226";18226;1
"18227";18227;1
"18228";18228;2
"18229";18229;1
"18230";18230;1
"18231";18231;1
"18232";18232;1
"18233";18233;1
"18234";18234;1
"18235";18235;1
"18236";18236;1
"18237";18237;1
"18238";18238;1
"18239";18239;1
"18240";18240;1
"18241";18241;1
"18242";18242;1
"18243";18243;1
"18244";18244;1
"18245";18245;1
"18246";18246;1
"18247";18247;1
"18248";18248;1
"18249";18249;1
"18250";18250;3
"18251";18251;1
"18252";18252;1
"18253";18253;1
"18254";18254;1
"18255";18255;1
"18256";18256;1
"18257";18257;1
"18258";18258;2
"18259";18259;3
"18260";18260;1
"18261";18261;2
"18262";18262;2
"18263";18263;1
"18264";18264;2
"18265";18265;1
"18266";18266;1
"18267";18267;1
"18268";18268;1
"18269";18269;1
"18270";18270;1
"18271";18271;1
"18272";18272;1
"18273";18273;1
"18274";18274;1
"18275";18275;1
"18276";18276;1
"18277";18277;2
"18278";18278;1
"18279";18279;2
"18280";18280;1
"18281";18281;3
"18282";18282;1
"18283";18283;3
"18284";18284;1
"18285";18285;1
"18286";18286;1
"18287";18287;1
"18288";18288;1
"18289";18289;1
"18290";18290;3
"18291";18291;3
"18292";18292;1
"18293";18293;1
"18294";18294;1
"18295";18295;1
"18296";18296;2
"18297";18297;1
"18298";18298;1
"18299";18299;1
"18300";18300;1
"18301";18301;1
"18302";18302;1
"18303";18303;1
"18304";18304;1
"18305";18305;1
"18306";18306;1
"18307";18307;1
"18308";18308;1
"18309";18309;1
"18310";18310;1
"18311";18311;1
"18312";18312;1
"18313";18313;1
"18314";18314;1
"18315";18315;2
"18316";18316;1
"18317";18317;1
"18318";18318;1
"18319";18319;1
"18320";18320;2
"18321";18321;1
"18322";18322;1
"18323";18323;1
"18324";18324;2
"18325";18325;2
"18326";18326;1
"18327";18327;2
"18328";18328;3
"18329";18329;3
"18330";18330;1
"18331";18331;1
"18332";18332;1
"18333";18333;1
"18334";18334;2
"18335";18335;2
"18336";18336;1
"18337";18337;1
"18338";18338;2
"18339";18339;2
"18340";18340;2
"18341";18341;3
"18342";18342;2
"18343";18343;2
"18344";18344;2
"18345";18345;2
"18346";18346;2
"18347";18347;3
"18348";18348;3
"18349";18349;3
"18350";18350;2
"18351";18351;2
"18352";18352;2
"18353";18353;3
"18354";18354;2
"18355";18355;3
"18356";18356;3
"18357";18357;1
"18358";18358;3
"18359";18359;3
"18360";18360;3
"18361";18361;2
"18362";18362;1
"18363";18363;2
"18364";18364;2
"18365";18365;2
"18366";18366;3
"18367";18367;3
"18368";18368;1
"18369";18369;2
"18370";18370;2
"18371";18371;2
"18372";18372;2
"18373";18373;1
"18374";18374;1
"18375";18375;1
"18376";18376;1
"18377";18377;1
"18378";18378;2
"18379";18379;2
"18380";18380;3
"18381";18381;1
"18382";18382;1
"18383";18383;2
"18384";18384;2
"18385";18385;2
"18386";18386;2
"18387";18387;2
"18388";18388;2
"18389";18389;2
"18390";18390;2
"18391";18391;2
"18392";18392;1
"18393";18393;1
"18394";18394;1
"18395";18395;1
"18396";18396;1
"18397";18397;1
"18398";18398;1
"18399";18399;1
"18400";18400;1
"18401";18401;2
"18402";18402;2
"18403";18403;2
"18404";18404;2
"18405";18405;1
"18406";18406;1
"18407";18407;1
"18408";18408;1
"18409";18409;2
"18410";18410;3
"18411";18411;1
"18412";18412;1
"18413";18413;1
"18414";18414;2
"18415";18415;1
"18416";18416;2
"18417";18417;1
"18418";18418;2
"18419";18419;1
"18420";18420;1
"18421";18421;1
"18422";18422;1
"18423";18423;1
"18424";18424;1
"18425";18425;1
"18426";18426;1
"18427";18427;2
"18428";18428;2
"18429";18429;2
"18430";18430;1
"18431";18431;1
"18432";18432;2
"18433";18433;2
"18434";18434;2
"18435";18435;1
"18436";18436;1
"18437";18437;1
"18438";18438;1
"18439";18439;1
"18440";18440;1
"18441";18441;2
"18442";18442;3
"18443";18443;1
"18444";18444;1
"18445";18445;1
"18446";18446;1
"18447";18447;2
"18448";18448;2
"18449";18449;2
"18450";18450;2
"18451";18451;2
"18452";18452;1
"18453";18453;2
"18454";18454;2
"18455";18455;3
"18456";18456;1
"18457";18457;1
"18458";18458;1
"18459";18459;1
"18460";18460;1
"18461";18461;3
"18462";18462;1
"18463";18463;1
"18464";18464;1
"18465";18465;1
"18466";18466;1
"18467";18467;1
"18468";18468;1
"18469";18469;2
"18470";18470;3
"18471";18471;1
"18472";18472;1
"18473";18473;1
"18474";18474;3
"18475";18475;1
"18476";18476;3
"18477";18477;1
"18478";18478;1
"18479";18479;1
"18480";18480;1
"18481";18481;1
"18482";18482;3
"18483";18483;3
"18484";18484;2
"18485";18485;3
"18486";18486;1
"18487";18487;1
"18488";18488;1
"18489";18489;1
"18490";18490;1
"18491";18491;1
"18492";18492;1
"18493";18493;1
"18494";18494;1
"18495";18495;1
"18496";18496;1
"18497";18497;1
"18498";18498;1
"18499";18499;3
"18500";18500;1
"18501";18501;1
"18502";18502;1
"18503";18503;1
"18504";18504;1
"18505";18505;1
"18506";18506;1
"18507";18507;1
"18508";18508;1
"18509";18509;2
"18510";18510;3
"18511";18511;2
"18512";18512;3
"18513";18513;3
"18514";18514;3
"18515";18515;3
"18516";18516;3
"18517";18517;3
"18518";18518;1
"18519";18519;2
"18520";18520;3
"18521";18521;2
"18522";18522;1
"18523";18523;1
"18524";18524;1
"18525";18525;1
"18526";18526;1
"18527";18527;3
"18528";18528;3
"18529";18529;1
"18530";18530;3
"18531";18531;1
"18532";18532;1
"18533";18533;1
"18534";18534;3
"18535";18535;1
"18536";18536;1
"18537";18537;3
"18538";18538;3
"18539";18539;1
"18540";18540;3
"18541";18541;1
"18542";18542;1
"18543";18543;1
"18544";18544;1
"18545";18545;2
"18546";18546;2
"18547";18547;1
"18548";18548;3
"18549";18549;2
"18550";18550;2
"18551";18551;2
"18552";18552;2
"18553";18553;1
"18554";18554;1
"18555";18555;2
"18556";18556;1
"18557";18557;1
"18558";18558;1
"18559";18559;1
"18560";18560;1
"18561";18561;1
"18562";18562;3
"18563";18563;1
"18564";18564;1
"18565";18565;3
"18566";18566;2
"18567";18567;1
"18568";18568;1
"18569";18569;1
"18570";18570;1
"18571";18571;2
"18572";18572;1
"18573";18573;1
"18574";18574;1
"18575";18575;1
"18576";18576;2
"18577";18577;2
"18578";18578;1
"18579";18579;2
"18580";18580;2
"18581";18581;2
"18582";18582;2
"18583";18583;2
"18584";18584;2
"18585";18585;2
"18586";18586;1
"18587";18587;2
"18588";18588;1
"18589";18589;2
"18590";18590;2
"18591";18591;1
"18592";18592;1
"18593";18593;1
"18594";18594;1
"18595";18595;1
"18596";18596;1
"18597";18597;3
"18598";18598;3
"18599";18599;1
"18600";18600;3
"18601";18601;1
"18602";18602;1
"18603";18603;1
"18604";18604;1
"18605";18605;1
"18606";18606;1
"18607";18607;1
"18608";18608;3
"18609";18609;3
"18610";18610;3
"18611";18611;1
"18612";18612;1
"18613";18613;1
"18614";18614;1
"18615";18615;1
"18616";18616;1
"18617";18617;1
"18618";18618;1
"18619";18619;1
"18620";18620;1
"18621";18621;1
"18622";18622;1
"18623";18623;1
"18624";18624;3
"18625";18625;1
"18626";18626;1
"18627";18627;1
"18628";18628;1
"18629";18629;1
"18630";18630;3
"18631";18631;1
"18632";18632;1
"18633";18633;1
"18634";18634;1
"18635";18635;1
"18636";18636;1
"18637";18637;1
"18638";18638;2
"18639";18639;1
"18640";18640;1
"18641";18641;1
"18642";18642;1
"18643";18643;2
"18644";18644;3
"18645";18645;3
"18646";18646;2
"18647";18647;1
"18648";18648;2
"18649";18649;1
"18650";18650;1
"18651";18651;3
"18652";18652;2
"18653";18653;2
"18654";18654;3
"18655";18655;2
"18656";18656;2
"18657";18657;1
"18658";18658;1
"18659";18659;1
"18660";18660;1
"18661";18661;1
"18662";18662;1
"18663";18663;2
"18664";18664;3
"18665";18665;1
"18666";18666;1
"18667";18667;1
"18668";18668;1
"18669";18669;1
"18670";18670;1
"18671";18671;1
"18672";18672;1
"18673";18673;1
"18674";18674;1
"18675";18675;3
"18676";18676;2
"18677";18677;1
"18678";18678;1
"18679";18679;1
"18680";18680;1
"18681";18681;1
"18682";18682;1
"18683";18683;1
"18684";18684;1
"18685";18685;1
"18686";18686;1
"18687";18687;1
"18688";18688;1
"18689";18689;2
"18690";18690;2
"18691";18691;2
"18692";18692;3
"18693";18693;2
"18694";18694;2
"18695";18695;2
"18696";18696;2
"18697";18697;2
"18698";18698;2
"18699";18699;2
"18700";18700;0
"18701";18701;2
"18702";18702;2
"18703";18703;2
"18704";18704;3
"18705";18705;1
"18706";18706;1
"18707";18707;2
"18708";18708;1
"18709";18709;1
"18710";18710;1
"18711";18711;2
"18712";18712;2
"18713";18713;2
"18714";18714;2
"18715";18715;1
"18716";18716;1
"18717";18717;3
"18718";18718;2
"18719";18719;2
"18720";18720;3
"18721";18721;2
"18722";18722;2
"18723";18723;2
"18724";18724;3
"18725";18725;3
"18726";18726;2
"18727";18727;2
"18728";18728;3
"18729";18729;2
"18730";18730;1
"18731";18731;1
"18732";18732;2
"18733";18733;1
"18734";18734;1
"18735";18735;2
"18736";18736;2
"18737";18737;2
"18738";18738;2
"18739";18739;2
"18740";18740;2
"18741";18741;2
"18742";18742;2
"18743";18743;3
"18744";18744;2
"18745";18745;2
"18746";18746;2
"18747";18747;2
"18748";18748;3
"18749";18749;2
"18750";18750;2
"18751";18751;2
"18752";18752;2
"18753";18753;2
"18754";18754;2
"18755";18755;3
"18756";18756;2
"18757";18757;1
"18758";18758;1
"18759";18759;1
"18760";18760;2
"18761";18761;2
"18762";18762;1
"18763";18763;1
"18764";18764;2
"18765";18765;3
"18766";18766;2
"18767";18767;2
"18768";18768;1
"18769";18769;3
"18770";18770;3
"18771";18771;1
"18772";18772;2
"18773";18773;3
"18774";18774;2
"18775";18775;2
"18776";18776;2
"18777";18777;2
"18778";18778;2
"18779";18779;2
"18780";18780;3
"18781";18781;2
"18782";18782;1
"18783";18783;2
"18784";18784;2
"18785";18785;1
"18786";18786;2
"18787";18787;2
"18788";18788;1
"18789";18789;2
"18790";18790;2
"18791";18791;2
"18792";18792;2
"18793";18793;3
"18794";18794;2
"18795";18795;2
"18796";18796;2
"18797";18797;2
"18798";18798;2
"18799";18799;1
"18800";18800;1
"18801";18801;1
"18802";18802;2
"18803";18803;2
"18804";18804;2
"18805";18805;2
"18806";18806;1
"18807";18807;3
"18808";18808;2
"18809";18809;2
"18810";18810;2
"18811";18811;2
"18812";18812;2
"18813";18813;2
"18814";18814;3
"18815";18815;3
"18816";18816;2
"18817";18817;2
"18818";18818;3
"18819";18819;2
"18820";18820;2
"18821";18821;2
"18822";18822;3
"18823";18823;3
"18824";18824;2
"18825";18825;2
"18826";18826;2
"18827";18827;1
"18828";18828;2
"18829";18829;2
"18830";18830;1
"18831";18831;1
"18832";18832;1
"18833";18833;2
"18834";18834;1
"18835";18835;2
"18836";18836;2
"18837";18837;3
"18838";18838;3
"18839";18839;1
"18840";18840;2
"18841";18841;1
"18842";18842;1
"18843";18843;2
"18844";18844;1
"18845";18845;3
"18846";18846;3
"18847";18847;2
"18848";18848;2
"18849";18849;2
"18850";18850;2
"18851";18851;2
"18852";18852;2
"18853";18853;3
"18854";18854;2
"18855";18855;2
"18856";18856;2
"18857";18857;2
"18858";18858;2
"18859";18859;2
"18860";18860;2
"18861";18861;1
"18862";18862;1
"18863";18863;2
"18864";18864;2
"18865";18865;1
"18866";18866;1
"18867";18867;2
"18868";18868;2
"18869";18869;2
"18870";18870;2
"18871";18871;2
"18872";18872;1
"18873";18873;2
"18874";18874;1
"18875";18875;2
"18876";18876;2
"18877";18877;1
"18878";18878;2
"18879";18879;1
"18880";18880;1
"18881";18881;1
"18882";18882;1
"18883";18883;1
"18884";18884;1
"18885";18885;1
"18886";18886;1
"18887";18887;1
"18888";18888;1
"18889";18889;1
"18890";18890;1
"18891";18891;1
"18892";18892;2
"18893";18893;1
"18894";18894;2
"18895";18895;1
"18896";18896;1
"18897";18897;1
"18898";18898;1
"18899";18899;2
"18900";18900;1
"18901";18901;1
"18902";18902;1
"18903";18903;1
"18904";18904;2
"18905";18905;3
"18906";18906;1
"18907";18907;2
"18908";18908;1
"18909";18909;1
"18910";18910;1
"18911";18911;1
"18912";18912;1
"18913";18913;1
"18914";18914;1
"18915";18915;1
"18916";18916;1
"18917";18917;1
"18918";18918;1
"18919";18919;1
"18920";18920;1
"18921";18921;1
"18922";18922;1
"18923";18923;1
"18924";18924;1
"18925";18925;1
"18926";18926;1
"18927";18927;1
"18928";18928;1
"18929";18929;1
"18930";18930;1
"18931";18931;1
"18932";18932;1
"18933";18933;1
"18934";18934;1
"18935";18935;1
"18936";18936;1
"18937";18937;1
"18938";18938;1
"18939";18939;1
"18940";18940;1
"18941";18941;1
"18942";18942;1
"18943";18943;1
"18944";18944;1
"18945";18945;1
"18946";18946;2
"18947";18947;1
"18948";18948;3
"18949";18949;1
"18950";18950;2
"18951";18951;2
"18952";18952;2
"18953";18953;1
"18954";18954;1
"18955";18955;1
"18956";18956;1
"18957";18957;1
"18958";18958;1
"18959";18959;1
"18960";18960;1
"18961";18961;1
"18962";18962;1
"18963";18963;1
"18964";18964;1
"18965";18965;2
"18966";18966;2
"18967";18967;2
"18968";18968;2
"18969";18969;1
"18970";18970;1
"18971";18971;1
"18972";18972;1
"18973";18973;1
"18974";18974;1
"18975";18975;1
"18976";18976;1
"18977";18977;1
"18978";18978;1
"18979";18979;1
"18980";18980;1
"18981";18981;2
"18982";18982;1
"18983";18983;1
"18984";18984;1
"18985";18985;1
"18986";18986;1
"18987";18987;2
"18988";18988;1
"18989";18989;2
"18990";18990;1
"18991";18991;1
"18992";18992;1
"18993";18993;1
"18994";18994;1
"18995";18995;1
"18996";18996;1
"18997";18997;1
"18998";18998;1
"18999";18999;1
"19000";19000;1
"19001";19001;1
"19002";19002;1
"19003";19003;1
"19004";19004;1
"19005";19005;1
"19006";19006;1
"19007";19007;1
"19008";19008;1
"19009";19009;1
"19010";19010;1
"19011";19011;1
"19012";19012;1
"19013";19013;1
"19014";19014;2
"19015";19015;1
"19016";19016;1
"19017";19017;1
"19018";19018;1
"19019";19019;1
"19020";19020;1
"19021";19021;2
"19022";19022;1
"19023";19023;2
"19024";19024;2
"19025";19025;1
"19026";19026;1
"19027";19027;1
"19028";19028;2
"19029";19029;1
"19030";19030;1
"19031";19031;1
"19032";19032;1
"19033";19033;1
"19034";19034;1
"19035";19035;1
"19036";19036;1
"19037";19037;1
"19038";19038;1
"19039";19039;1
"19040";19040;1
"19041";19041;2
"19042";19042;2
"19043";19043;1
"19044";19044;2
"19045";19045;2
"19046";19046;1
"19047";19047;2
"19048";19048;2
"19049";19049;1
"19050";19050;2
"19051";19051;1
"19052";19052;1
"19053";19053;1
"19054";19054;1
"19055";19055;1
"19056";19056;1
"19057";19057;1
"19058";19058;1
"19059";19059;1
"19060";19060;1
"19061";19061;1
"19062";19062;2
"19063";19063;2
"19064";19064;1
"19065";19065;2
"19066";19066;2
"19067";19067;1
"19068";19068;2
"19069";19069;2
"19070";19070;2
"19071";19071;2
"19072";19072;2
"19073";19073;1
"19074";19074;3
"19075";19075;2
"19076";19076;1
"19077";19077;1
"19078";19078;1
"19079";19079;1
"19080";19080;1
"19081";19081;1
"19082";19082;1
"19083";19083;1
"19084";19084;1
"19085";19085;3
"19086";19086;1
"19087";19087;1
"19088";19088;2
"19089";19089;1
"19090";19090;1
"19091";19091;2
"19092";19092;2
"19093";19093;1
"19094";19094;2
"19095";19095;2
"19096";19096;2
"19097";19097;2
"19098";19098;2
"19099";19099;2
"19100";19100;2
"19101";19101;2
"19102";19102;2
"19103";19103;2
"19104";19104;2
"19105";19105;2
"19106";19106;2
"19107";19107;3
"19108";19108;2
"19109";19109;1
"19110";19110;2
"19111";19111;1
"19112";19112;1
"19113";19113;2
"19114";19114;2
"19115";19115;2
"19116";19116;2
"19117";19117;3
"19118";19118;2
"19119";19119;2
"19120";19120;1
"19121";19121;2
"19122";19122;2
"19123";19123;2
"19124";19124;2
"19125";19125;2
"19126";19126;2
"19127";19127;2
"19128";19128;2
"19129";19129;2
"19130";19130;2
"19131";19131;2
"19132";19132;3
"19133";19133;2
"19134";19134;2
"19135";19135;2
"19136";19136;3
"19137";19137;2
"19138";19138;1
"19139";19139;2
"19140";19140;2
"19141";19141;2
"19142";19142;2
"19143";19143;2
"19144";19144;2
"19145";19145;2
"19146";19146;3
"19147";19147;2
"19148";19148;2
"19149";19149;1
"19150";19150;1
"19151";19151;2
"19152";19152;2
"19153";19153;2
"19154";19154;2
"19155";19155;2
"19156";19156;1
"19157";19157;1
"19158";19158;2
"19159";19159;2
"19160";19160;2
"19161";19161;2
"19162";19162;2
"19163";19163;1
"19164";19164;2
"19165";19165;2
"19166";19166;3
"19167";19167;2
"19168";19168;2
"19169";19169;3
"19170";19170;3
"19171";19171;2
"19172";19172;3
"19173";19173;2
"19174";19174;2
"19175";19175;3
"19176";19176;1
"19177";19177;2
"19178";19178;2
"19179";19179;2
"19180";19180;2
"19181";19181;2
"19182";19182;2
"19183";19183;1
"19184";19184;3
"19185";19185;1
"19186";19186;1
"19187";19187;1
"19188";19188;1
"19189";19189;1
"19190";19190;1
"19191";19191;1
"19192";19192;2
"19193";19193;1
"19194";19194;2
"19195";19195;2
"19196";19196;2
"19197";19197;2
"19198";19198;1
"19199";19199;2
"19200";19200;2
"19201";19201;1
"19202";19202;1
"19203";19203;2
"19204";19204;2
"19205";19205;2
"19206";19206;2
"19207";19207;2
"19208";19208;2
"19209";19209;2
"19210";19210;2
"19211";19211;2
"19212";19212;2
"19213";19213;1
"19214";19214;1
"19215";19215;1
"19216";19216;2
"19217";19217;2
"19218";19218;1
"19219";19219;2
"19220";19220;2
"19221";19221;3
"19222";19222;1
"19223";19223;2
"19224";19224;2
"19225";19225;2
"19226";19226;2
"19227";19227;2
"19228";19228;2
"19229";19229;1
"19230";19230;3
"19231";19231;2
"19232";19232;3
"19233";19233;1
"19234";19234;3
"19235";19235;3
"19236";19236;3
"19237";19237;2
"19238";19238;3
"19239";19239;1
"19240";19240;2
"19241";19241;2
"19242";19242;1
"19243";19243;2
"19244";19244;2
"19245";19245;2
"19246";19246;2
"19247";19247;2
"19248";19248;2
"19249";19249;3
"19250";19250;2
"19251";19251;1
"19252";19252;2
"19253";19253;2
"19254";19254;2
"19255";19255;1
"19256";19256;2
"19257";19257;2
"19258";19258;2
"19259";19259;1
"19260";19260;1
"19261";19261;2
"19262";19262;2
"19263";19263;2
"19264";19264;2
"19265";19265;3
"19266";19266;1
"19267";19267;2
"19268";19268;1
"19269";19269;1
"19270";19270;2
"19271";19271;3
"19272";19272;2
"19273";19273;2
"19274";19274;3
"19275";19275;3
"19276";19276;3
"19277";19277;3
"19278";19278;1
"19279";19279;1
"19280";19280;2
"19281";19281;2
"19282";19282;2
"19283";19283;2
"19284";19284;1
"19285";19285;1
"19286";19286;2
"19287";19287;2
"19288";19288;1
"19289";19289;1
"19290";19290;2
"19291";19291;1
"19292";19292;1
"19293";19293;1
"19294";19294;2
"19295";19295;2
"19296";19296;2
"19297";19297;1
"19298";19298;1
"19299";19299;1
"19300";19300;1
"19301";19301;1
"19302";19302;1
"19303";19303;1
"19304";19304;1
"19305";19305;2
"19306";19306;3
"19307";19307;1
"19308";19308;1
"19309";19309;1
"19310";19310;1
"19311";19311;1
"19312";19312;1
"19313";19313;1
"19314";19314;1
"19315";19315;1
"19316";19316;2
"19317";19317;2
"19318";19318;2
"19319";19319;1
"19320";19320;2
"19321";19321;1
"19322";19322;1
"19323";19323;1
"19324";19324;1
"19325";19325;3
"19326";19326;3
"19327";19327;3
"19328";19328;3
"19329";19329;2
"19330";19330;2
"19331";19331;3
"19332";19332;3
"19333";19333;1
"19334";19334;1
"19335";19335;1
"19336";19336;1
"19337";19337;1
"19338";19338;1
"19339";19339;2
"19340";19340;1
"19341";19341;2
"19342";19342;1
"19343";19343;1
"19344";19344;2
"19345";19345;2
"19346";19346;1
"19347";19347;2
"19348";19348;1
"19349";19349;1
"19350";19350;2
"19351";19351;2
"19352";19352;1
"19353";19353;1
"19354";19354;1
"19355";19355;2
"19356";19356;2
"19357";19357;2
"19358";19358;1
"19359";19359;1
"19360";19360;2
"19361";19361;1
"19362";19362;2
"19363";19363;1
"19364";19364;1
"19365";19365;1
"19366";19366;1
"19367";19367;1
"19368";19368;1
"19369";19369;1
"19370";19370;1
"19371";19371;1
"19372";19372;1
"19373";19373;1
"19374";19374;1
"19375";19375;1
"19376";19376;1
"19377";19377;1
"19378";19378;1
"19379";19379;1
"19380";19380;1
"19381";19381;1
"19382";19382;1
"19383";19383;1
"19384";19384;1
"19385";19385;1
"19386";19386;1
"19387";19387;1
"19388";19388;1
"19389";19389;1
"19390";19390;3
"19391";19391;1
"19392";19392;1
"19393";19393;1
"19394";19394;1
"19395";19395;1
"19396";19396;1
"19397";19397;1
"19398";19398;2
"19399";19399;1
"19400";19400;1
"19401";19401;3
"19402";19402;2
"19403";19403;2
"19404";19404;1
"19405";19405;1
"19406";19406;1
"19407";19407;2
"19408";19408;1
"19409";19409;1
"19410";19410;1
"19411";19411;1
"19412";19412;1
"19413";19413;2
"19414";19414;1
"19415";19415;2
"19416";19416;2
"19417";19417;2
"19418";19418;1
"19419";19419;1
"19420";19420;1
"19421";19421;1
"19422";19422;1
"19423";19423;1
"19424";19424;1
"19425";19425;1
"19426";19426;1
"19427";19427;2
"19428";19428;1
"19429";19429;1
"19430";19430;1
"19431";19431;1
"19432";19432;1
"19433";19433;1
"19434";19434;1
"19435";19435;2
"19436";19436;1
"19437";19437;1
"19438";19438;1
"19439";19439;1
"19440";19440;1
"19441";19441;1
"19442";19442;1
"19443";19443;1
"19444";19444;3
"19445";19445;1
"19446";19446;1
"19447";19447;1
"19448";19448;1
"19449";19449;1
"19450";19450;2
"19451";19451;1
"19452";19452;1
"19453";19453;1
"19454";19454;1
"19455";19455;1
"19456";19456;1
"19457";19457;2
"19458";19458;1
"19459";19459;1
"19460";19460;3
"19461";19461;1
"19462";19462;1
"19463";19463;1
"19464";19464;1
"19465";19465;1
"19466";19466;1
"19467";19467;2
"19468";19468;2
"19469";19469;1
"19470";19470;1
"19471";19471;3
"19472";19472;1
"19473";19473;1
"19474";19474;1
"19475";19475;1
"19476";19476;1
"19477";19477;2
"19478";19478;2
"19479";19479;2
"19480";19480;1
"19481";19481;1
"19482";19482;2
"19483";19483;1
"19484";19484;2
"19485";19485;2
"19486";19486;1
"19487";19487;2
"19488";19488;2
"19489";19489;2
"19490";19490;1
"19491";19491;1
"19492";19492;2
"19493";19493;1
"19494";19494;0
"19495";19495;2
"19496";19496;1
"19497";19497;2
"19498";19498;2
"19499";19499;2
"19500";19500;1
"19501";19501;1
"19502";19502;1
"19503";19503;1
"19504";19504;1
"19505";19505;1
"19506";19506;1
"19507";19507;1
"19508";19508;1
"19509";19509;2
"19510";19510;1
"19511";19511;1
"19512";19512;1
"19513";19513;1
"19514";19514;1
"19515";19515;2
"19516";19516;1
"19517";19517;2
"19518";19518;1
"19519";19519;1
"19520";19520;1
"19521";19521;1
"19522";19522;1
"19523";19523;1
"19524";19524;1
"19525";19525;1
"19526";19526;1
"19527";19527;1
"19528";19528;1
"19529";19529;1
"19530";19530;1
"19531";19531;1
"19532";19532;1
"19533";19533;1
"19534";19534;1
"19535";19535;1
"19536";19536;2
"19537";19537;1
"19538";19538;3
"19539";19539;1
"19540";19540;1
"19541";19541;1
"19542";19542;1
"19543";19543;1
"19544";19544;1
"19545";19545;1
"19546";19546;1
"19547";19547;1
"19548";19548;1
"19549";19549;1
"19550";19550;1
"19551";19551;1
"19552";19552;1
"19553";19553;1
"19554";19554;1
"19555";19555;1
"19556";19556;1
"19557";19557;1
"19558";19558;1
"19559";19559;1
"19560";19560;1
"19561";19561;3
"19562";19562;1
"19563";19563;2
"19564";19564;1
"19565";19565;2
"19566";19566;1
"19567";19567;1
"19568";19568;1
"19569";19569;1
"19570";19570;1
"19571";19571;1
"19572";19572;1
"19573";19573;1
"19574";19574;1
"19575";19575;3
"19576";19576;3
"19577";19577;1
"19578";19578;1
"19579";19579;1
"19580";19580;1
"19581";19581;1
"19582";19582;1
"19583";19583;1
"19584";19584;1
"19585";19585;1
"19586";19586;1
"19587";19587;1
"19588";19588;1
"19589";19589;1
"19590";19590;1
"19591";19591;1
"19592";19592;1
"19593";19593;1
"19594";19594;1
"19595";19595;1
"19596";19596;1
"19597";19597;1
"19598";19598;1
"19599";19599;1
"19600";19600;1
"19601";19601;1
"19602";19602;1
"19603";19603;1
"19604";19604;3
"19605";19605;1
"19606";19606;3
"19607";19607;1
"19608";19608;1
"19609";19609;1
"19610";19610;1
"19611";19611;1
"19612";19612;3
"19613";19613;1
"19614";19614;1
"19615";19615;1
"19616";19616;1
"19617";19617;2
"19618";19618;2
"19619";19619;1
"19620";19620;3
"19621";19621;3
"19622";19622;3
"19623";19623;3
"19624";19624;3
"19625";19625;2
"19626";19626;2
"19627";19627;2
"19628";19628;2
"19629";19629;2
"19630";19630;2
"19631";19631;3
"19632";19632;3
"19633";19633;3
"19634";19634;1
"19635";19635;1
"19636";19636;3
"19637";19637;3
"19638";19638;1
"19639";19639;1
"19640";19640;1
"19641";19641;1
"19642";19642;1
"19643";19643;1
"19644";19644;1
"19645";19645;1
"19646";19646;3
"19647";19647;1
"19648";19648;1
"19649";19649;1
"19650";19650;2
"19651";19651;2
"19652";19652;1
"19653";19653;2
"19654";19654;2
"19655";19655;1
"19656";19656;2
"19657";19657;2
"19658";19658;1
"19659";19659;1
"19660";19660;1
"19661";19661;2
"19662";19662;2
"19663";19663;1
"19664";19664;2
"19665";19665;1
"19666";19666;1
"19667";19667;1
"19668";19668;1
"19669";19669;2
"19670";19670;1
"19671";19671;1
"19672";19672;1
"19673";19673;3
"19674";19674;1
"19675";19675;1
"19676";19676;1
"19677";19677;1
"19678";19678;1
"19679";19679;1
"19680";19680;3
"19681";19681;3
"19682";19682;1
"19683";19683;1
"19684";19684;1
"19685";19685;1
"19686";19686;1
"19687";19687;1
"19688";19688;1
"19689";19689;1
"19690";19690;1
"19691";19691;1
"19692";19692;1
"19693";19693;1
"19694";19694;1
"19695";19695;1
"19696";19696;1
"19697";19697;1
"19698";19698;1
"19699";19699;1
"19700";19700;1
"19701";19701;1
"19702";19702;3
"19703";19703;1
"19704";19704;1
"19705";19705;1
"19706";19706;1
"19707";19707;1
"19708";19708;1
"19709";19709;1
"19710";19710;2
"19711";19711;1
"19712";19712;1
"19713";19713;1
"19714";19714;1
"19715";19715;2
"19716";19716;1
"19717";19717;1
"19718";19718;1
"19719";19719;1
"19720";19720;1
"19721";19721;3
"19722";19722;3
"19723";19723;3
"19724";19724;1
"19725";19725;3
"19726";19726;1
"19727";19727;1
"19728";19728;1
"19729";19729;1
"19730";19730;2
"19731";19731;2
"19732";19732;1
"19733";19733;1
"19734";19734;1
"19735";19735;1
"19736";19736;2
"19737";19737;1
"19738";19738;2
"19739";19739;3
"19740";19740;3
"19741";19741;1
"19742";19742;2
"19743";19743;3
"19744";19744;2
"19745";19745;3
"19746";19746;3
"19747";19747;2
"19748";19748;1
"19749";19749;1
"19750";19750;1
"19751";19751;1
"19752";19752;2
"19753";19753;1
"19754";19754;2
"19755";19755;1
"19756";19756;3
"19757";19757;3
"19758";19758;2
"19759";19759;3
"19760";19760;3
"19761";19761;3
"19762";19762;3
"19763";19763;3
"19764";19764;2
"19765";19765;1
"19766";19766;1
"19767";19767;1
"19768";19768;1
"19769";19769;1
"19770";19770;2
"19771";19771;1
"19772";19772;1
"19773";19773;3
"19774";19774;1
"19775";19775;1
"19776";19776;1
"19777";19777;2
"19778";19778;1
"19779";19779;1
"19780";19780;1
"19781";19781;1
"19782";19782;1
"19783";19783;1
"19784";19784;1
"19785";19785;1
"19786";19786;1
"19787";19787;2
"19788";19788;2
"19789";19789;1
"19790";19790;3
"19791";19791;2
"19792";19792;3
"19793";19793;2
"19794";19794;1
"19795";19795;1
"19796";19796;1
"19797";19797;1
"19798";19798;2
"19799";19799;1
"19800";19800;2
"19801";19801;1
"19802";19802;2
"19803";19803;2
"19804";19804;1
"19805";19805;1
"19806";19806;1
"19807";19807;1
"19808";19808;2
"19809";19809;1
"19810";19810;1
"19811";19811;3
"19812";19812;1
"19813";19813;2
"19814";19814;1
"19815";19815;2
"19816";19816;2
"19817";19817;2
"19818";19818;2
"19819";19819;2
"19820";19820;1
"19821";19821;1
"19822";19822;1
"19823";19823;1
"19824";19824;2
"19825";19825;2
"19826";19826;1
"19827";19827;3
"19828";19828;1
"19829";19829;1
"19830";19830;1
"19831";19831;1
"19832";19832;1
"19833";19833;1
"19834";19834;2
"19835";19835;1
"19836";19836;2
"19837";19837;2
"19838";19838;2
"19839";19839;2
"19840";19840;2
"19841";19841;3
"19842";19842;1
"19843";19843;2
"19844";19844;2
"19845";19845;2
"19846";19846;1
"19847";19847;2
"19848";19848;1
"19849";19849;2
"19850";19850;1
"19851";19851;1
"19852";19852;2
"19853";19853;1
"19854";19854;1
"19855";19855;2
"19856";19856;1
"19857";19857;1
"19858";19858;1
"19859";19859;1
"19860";19860;2
"19861";19861;1
"19862";19862;2
"19863";19863;2
"19864";19864;2
"19865";19865;2
"19866";19866;1
"19867";19867;2
"19868";19868;2
"19869";19869;1
"19870";19870;1
"19871";19871;3
"19872";19872;2
"19873";19873;2
"19874";19874;1
"19875";19875;1
"19876";19876;2
"19877";19877;2
"19878";19878;1
"19879";19879;1
"19880";19880;2
"19881";19881;1
"19882";19882;1
"19883";19883;2
"19884";19884;2
"19885";19885;1
"19886";19886;1
"19887";19887;1
"19888";19888;1
"19889";19889;1
"19890";19890;1
"19891";19891;1
"19892";19892;3
"19893";19893;1
"19894";19894;1
"19895";19895;3
"19896";19896;1
"19897";19897;1
"19898";19898;2
"19899";19899;2
"19900";19900;1
"19901";19901;1
"19902";19902;1
"19903";19903;1
"19904";19904;1
"19905";19905;1
"19906";19906;1
"19907";19907;2
"19908";19908;1
"19909";19909;1
"19910";19910;1
"19911";19911;1
"19912";19912;1
"19913";19913;1
"19914";19914;1
"19915";19915;1
"19916";19916;2
"19917";19917;2
"19918";19918;1
"19919";19919;1
"19920";19920;1
"19921";19921;1
"19922";19922;2
"19923";19923;2
"19924";19924;2
"19925";19925;3
"19926";19926;3
"19927";19927;3
"19928";19928;2
"19929";19929;1
"19930";19930;1
"19931";19931;1
"19932";19932;1
"19933";19933;1
"19934";19934;2
"19935";19935;1
"19936";19936;1
"19937";19937;2
"19938";19938;2
"19939";19939;1
"19940";19940;1
"19941";19941;1
"19942";19942;1
"19943";19943;1
"19944";19944;1
"19945";19945;1
"19946";19946;2
"19947";19947;1
"19948";19948;1
"19949";19949;1
"19950";19950;1
"19951";19951;1
"19952";19952;2
"19953";19953;2
"19954";19954;1
"19955";19955;1
"19956";19956;1
"19957";19957;1
"19958";19958;2
"19959";19959;3
"19960";19960;3
"19961";19961;2
"19962";19962;3
"19963";19963;1
"19964";19964;1
"19965";19965;1
"19966";19966;1
"19967";19967;1
"19968";19968;1
"19969";19969;1
"19970";19970;1
"19971";19971;1
"19972";19972;1
"19973";19973;1
"19974";19974;1
"19975";19975;1
"19976";19976;2
"19977";19977;1
"19978";19978;2
"19979";19979;1
"19980";19980;1
"19981";19981;1
"19982";19982;2
"19983";19983;2
"19984";19984;3
"19985";19985;3
"19986";19986;2
"19987";19987;2
"19988";19988;2
"19989";19989;2
"19990";19990;1
"19991";19991;3
"19992";19992;2
"19993";19993;2
"19994";19994;2
"19995";19995;3
"19996";19996;2
"19997";19997;2
"19998";19998;2
"19999";19999;2
"20000";20000;2
"20001";20001;2
"20002";20002;2
"20003";20003;1
"20004";20004;3
"20005";20005;2
"20006";20006;2
"20007";20007;2
"20008";20008;3
"20009";20009;3
"20010";20010;3
"20011";20011;2
"20012";20012;2
"20013";20013;1
"20014";20014;3
"20015";20015;1
"20016";20016;1
"20017";20017;1
"20018";20018;2
"20019";20019;2
"20020";20020;3
"20021";20021;3
"20022";20022;3
"20023";20023;2
"20024";20024;2
"20025";20025;3
"20026";20026;1
"20027";20027;2
"20028";20028;3
"20029";20029;3
"20030";20030;2
"20031";20031;3
"20032";20032;2
"20033";20033;2
"20034";20034;1
"20035";20035;2
"20036";20036;2
"20037";20037;2
"20038";20038;3
"20039";20039;2
"20040";20040;2
"20041";20041;2
"20042";20042;2
"20043";20043;2
"20044";20044;2
"20045";20045;3
"20046";20046;2
"20047";20047;2
"20048";20048;3
"20049";20049;1
"20050";20050;1
"20051";20051;2
"20052";20052;1
"20053";20053;1
"20054";20054;2
"20055";20055;2
"20056";20056;2
"20057";20057;1
"20058";20058;1
"20059";20059;1
"20060";20060;1
"20061";20061;2
"20062";20062;1
"20063";20063;2
"20064";20064;1
"20065";20065;2
"20066";20066;2
"20067";20067;1
"20068";20068;3
"20069";20069;3
"20070";20070;1
"20071";20071;1
"20072";20072;1
"20073";20073;1
"20074";20074;1
"20075";20075;1
"20076";20076;1
"20077";20077;2
"20078";20078;2
"20079";20079;1
"20080";20080;1
"20081";20081;1
"20082";20082;1
"20083";20083;1
"20084";20084;1
"20085";20085;1
"20086";20086;1
"20087";20087;1
"20088";20088;1
"20089";20089;2
"20090";20090;1
"20091";20091;1
"20092";20092;2
"20093";20093;1
"20094";20094;1
"20095";20095;1
"20096";20096;1
"20097";20097;1
"20098";20098;1
"20099";20099;1
"20100";20100;1
"20101";20101;2
"20102";20102;3
"20103";20103;1
"20104";20104;3
"20105";20105;3
"20106";20106;3
"20107";20107;1
"20108";20108;3
"20109";20109;2
"20110";20110;2
"20111";20111;3
"20112";20112;3
"20113";20113;3
"20114";20114;3
"20115";20115;3
"20116";20116;3
"20117";20117;2
"20118";20118;3
"20119";20119;2
"20120";20120;3
"20121";20121;3
"20122";20122;3
"20123";20123;3
"20124";20124;3
"20125";20125;2
"20126";20126;1
"20127";20127;2
"20128";20128;3
"20129";20129;3
"20130";20130;3
"20131";20131;1
"20132";20132;2
"20133";20133;3
"20134";20134;3
"20135";20135;3
"20136";20136;1
"20137";20137;3
"20138";20138;1
"20139";20139;1
"20140";20140;1
"20141";20141;1
"20142";20142;3
"20143";20143;1
"20144";20144;3
"20145";20145;3
"20146";20146;3
"20147";20147;3
"20148";20148;3
"20149";20149;3
"20150";20150;3
"20151";20151;3
"20152";20152;3
"20153";20153;3
"20154";20154;3
"20155";20155;3
"20156";20156;3
"20157";20157;1
"20158";20158;3
"20159";20159;3
"20160";20160;3
"20161";20161;1
"20162";20162;1
"20163";20163;3
"20164";20164;2
"20165";20165;3
"20166";20166;2
"20167";20167;2
"20168";20168;3
"20169";20169;2
"20170";20170;2
"20171";20171;3
"20172";20172;3
"20173";20173;2
"20174";20174;2
"20175";20175;2
"20176";20176;3
"20177";20177;3
"20178";20178;3
"20179";20179;1
"20180";20180;1
"20181";20181;2
"20182";20182;3
"20183";20183;3
"20184";20184;3
"20185";20185;3
"20186";20186;3
"20187";20187;3
"20188";20188;3
"20189";20189;3
"20190";20190;3
"20191";20191;3
"20192";20192;2
"20193";20193;3
"20194";20194;3
"20195";20195;2
"20196";20196;3
"20197";20197;3
"20198";20198;3
"20199";20199;3
"20200";20200;3
"20201";20201;2
"20202";20202;3
"20203";20203;3
"20204";20204;1
"20205";20205;3
"20206";20206;3
"20207";20207;1
"20208";20208;3
"20209";20209;2
"20210";20210;3
"20211";20211;3
"20212";20212;3
"20213";20213;3
"20214";20214;3
"20215";20215;3
"20216";20216;3
"20217";20217;3
"20218";20218;1
"20219";20219;3
"20220";20220;3
"20221";20221;3
"20222";20222;3
"20223";20223;3
"20224";20224;3
"20225";20225;3
"20226";20226;3
"20227";20227;3
"20228";20228;3
"20229";20229;2
"20230";20230;3
"20231";20231;3
"20232";20232;3
"20233";20233;3
"20234";20234;3
"20235";20235;3
"20236";20236;3
"20237";20237;2
"20238";20238;3
"20239";20239;3
"20240";20240;3
"20241";20241;3
"20242";20242;2
"20243";20243;3
"20244";20244;3
"20245";20245;3
"20246";20246;2
"20247";20247;3
"20248";20248;2
"20249";20249;2
"20250";20250;2
"20251";20251;2
"20252";20252;2
"20253";20253;2
"20254";20254;2
"20255";20255;3
"20256";20256;2
"20257";20257;3
"20258";20258;3
"20259";20259;2
"20260";20260;2
"20261";20261;2
"20262";20262;2
"20263";20263;2
"20264";20264;2
"20265";20265;2
"20266";20266;2
"20267";20267;2
"20268";20268;2
"20269";20269;2
"20270";20270;2
"20271";20271;1
"20272";20272;1
"20273";20273;3
"20274";20274;2
"20275";20275;1
"20276";20276;2
"20277";20277;3
"20278";20278;2
"20279";20279;1
"20280";20280;3
"20281";20281;3
"20282";20282;3
"20283";20283;3
"20284";20284;3
"20285";20285;3
"20286";20286;3
"20287";20287;3
"20288";20288;3
"20289";20289;3
"20290";20290;3
"20291";20291;3
"20292";20292;3
"20293";20293;3
"20294";20294;2
"20295";20295;3
"20296";20296;3
"20297";20297;2
"20298";20298;2
"20299";20299;2
"20300";20300;3
"20301";20301;2
"20302";20302;2
"20303";20303;2
"20304";20304;2
"20305";20305;2
"20306";20306;3
"20307";20307;2
"20308";20308;2
"20309";20309;2
"20310";20310;2
"20311";20311;2
"20312";20312;2
"20313";20313;2
"20314";20314;3
"20315";20315;2
"20316";20316;1
"20317";20317;1
"20318";20318;1
"20319";20319;2
"20320";20320;2
"20321";20321;1
"20322";20322;2
"20323";20323;2
"20324";20324;1
"20325";20325;2
"20326";20326;1
"20327";20327;2
"20328";20328;1
"20329";20329;2
"20330";20330;2
"20331";20331;2
"20332";20332;2
"20333";20333;2
"20334";20334;1
"20335";20335;2
"20336";20336;3
"20337";20337;2
"20338";20338;2
"20339";20339;2
"20340";20340;1
"20341";20341;2
"20342";20342;1
"20343";20343;2
"20344";20344;1
"20345";20345;1
"20346";20346;1
"20347";20347;1
"20348";20348;1
"20349";20349;1
"20350";20350;1
"20351";20351;1
"20352";20352;1
"20353";20353;3
"20354";20354;1
"20355";20355;1
"20356";20356;1
"20357";20357;1
"20358";20358;1
"20359";20359;1
"20360";20360;1
"20361";20361;1
"20362";20362;1
"20363";20363;1
"20364";20364;1
"20365";20365;1
"20366";20366;3
"20367";20367;1
"20368";20368;1
"20369";20369;1
"20370";20370;2
"20371";20371;1
"20372";20372;1
"20373";20373;1
"20374";20374;1
"20375";20375;3
"20376";20376;1
"20377";20377;1
"20378";20378;1
"20379";20379;1
"20380";20380;1
"20381";20381;1
"20382";20382;1
"20383";20383;1
"20384";20384;1
"20385";20385;1
"20386";20386;1
"20387";20387;2
"20388";20388;1
"20389";20389;1
"20390";20390;1
"20391";20391;1
"20392";20392;1
"20393";20393;1
"20394";20394;2
"20395";20395;1
"20396";20396;1
"20397";20397;1
"20398";20398;1
"20399";20399;1
"20400";20400;2
"20401";20401;1
"20402";20402;1
"20403";20403;1
"20404";20404;1
"20405";20405;1
"20406";20406;1
"20407";20407;2
"20408";20408;1
"20409";20409;2
"20410";20410;1
"20411";20411;2
"20412";20412;2
"20413";20413;1
"20414";20414;1
"20415";20415;1
"20416";20416;1
"20417";20417;1
"20418";20418;1
"20419";20419;1
"20420";20420;1
"20421";20421;1
"20422";20422;1
"20423";20423;1
"20424";20424;1
"20425";20425;1
"20426";20426;1
"20427";20427;1
"20428";20428;1
"20429";20429;1
"20430";20430;2
"20431";20431;1
"20432";20432;1
"20433";20433;1
"20434";20434;1
"20435";20435;1
"20436";20436;1
"20437";20437;1
"20438";20438;2
"20439";20439;1
"20440";20440;1
"20441";20441;1
"20442";20442;1
"20443";20443;1
"20444";20444;2
"20445";20445;1
"20446";20446;1
"20447";20447;1
"20448";20448;1
"20449";20449;2
"20450";20450;1
"20451";20451;1
"20452";20452;1
"20453";20453;1
"20454";20454;1
"20455";20455;1
"20456";20456;1
"20457";20457;1
"20458";20458;1
"20459";20459;1
"20460";20460;2
"20461";20461;1
"20462";20462;1
"20463";20463;2
"20464";20464;2
"20465";20465;1
"20466";20466;1
"20467";20467;1
"20468";20468;1
"20469";20469;1
"20470";20470;1
"20471";20471;1
"20472";20472;1
"20473";20473;1
"20474";20474;1
"20475";20475;1
"20476";20476;1
"20477";20477;1
"20478";20478;1
"20479";20479;1
"20480";20480;1
"20481";20481;1
"20482";20482;1
"20483";20483;2
"20484";20484;1
"20485";20485;1
"20486";20486;1
"20487";20487;1
"20488";20488;1
"20489";20489;1
"20490";20490;1
"20491";20491;1
"20492";20492;1
"20493";20493;1
"20494";20494;2
"20495";20495;1
"20496";20496;1
"20497";20497;1
"20498";20498;3
"20499";20499;2
"20500";20500;1
"20501";20501;1
"20502";20502;2
"20503";20503;1
"20504";20504;3
"20505";20505;2
"20506";20506;1
"20507";20507;1
"20508";20508;1
"20509";20509;1
"20510";20510;1
"20511";20511;1
"20512";20512;1
"20513";20513;2
"20514";20514;2
"20515";20515;2
"20516";20516;2
"20517";20517;3
"20518";20518;3
"20519";20519;2
"20520";20520;2
"20521";20521;2
"20522";20522;3
"20523";20523;3
"20524";20524;3
"20525";20525;3
"20526";20526;3
"20527";20527;3
"20528";20528;3
"20529";20529;3
"20530";20530;3
"20531";20531;3
"20532";20532;1
"20533";20533;3
"20534";20534;1
"20535";20535;1
"20536";20536;1
"20537";20537;3
"20538";20538;1
"20539";20539;0
"20540";20540;1
"20541";20541;1
"20542";20542;1
"20543";20543;1
"20544";20544;1
"20545";20545;3
"20546";20546;2
"20547";20547;1
"20548";20548;1
"20549";20549;1
"20550";20550;1
"20551";20551;1
"20552";20552;1
"20553";20553;1
"20554";20554;1
"20555";20555;1
"20556";20556;1
"20557";20557;1
"20558";20558;1
"20559";20559;1
"20560";20560;1
"20561";20561;3
"20562";20562;1
"20563";20563;1
"20564";20564;3
"20565";20565;1
"20566";20566;1
"20567";20567;3
"20568";20568;3
"20569";20569;2
"20570";20570;3
"20571";20571;1
"20572";20572;3
"20573";20573;1
"20574";20574;3
"20575";20575;1
"20576";20576;1
"20577";20577;3
"20578";20578;3
"20579";20579;3
"20580";20580;3
"20581";20581;1
"20582";20582;3
"20583";20583;1
"20584";20584;1
"20585";20585;1
"20586";20586;1
"20587";20587;1
"20588";20588;1
"20589";20589;1
"20590";20590;2
"20591";20591;1
"20592";20592;3
"20593";20593;3
"20594";20594;3
"20595";20595;1
"20596";20596;1
"20597";20597;1
"20598";20598;1
"20599";20599;1
"20600";20600;1
"20601";20601;1
"20602";20602;3
"20603";20603;1
"20604";20604;1
"20605";20605;1
"20606";20606;1
"20607";20607;1
"20608";20608;1
"20609";20609;3
"20610";20610;3
"20611";20611;3
"20612";20612;3
"20613";20613;3
"20614";20614;1
"20615";20615;3
"20616";20616;3
"20617";20617;1
"20618";20618;1
"20619";20619;1
"20620";20620;1
"20621";20621;3
"20622";20622;3
"20623";20623;3
"20624";20624;3
"20625";20625;1
"20626";20626;3
"20627";20627;3
"20628";20628;3
"20629";20629;2
"20630";20630;3
"20631";20631;1
"20632";20632;3
"20633";20633;1
"20634";20634;3
"20635";20635;1
"20636";20636;3
"20637";20637;3
"20638";20638;2
"20639";20639;3
"20640";20640;3
"20641";20641;3
"20642";20642;1
"20643";20643;3
"20644";20644;1
"20645";20645;1
"20646";20646;1
"20647";20647;1
"20648";20648;1
"20649";20649;1
"20650";20650;1
"20651";20651;1
"20652";20652;1
"20653";20653;1
"20654";20654;1
"20655";20655;1
"20656";20656;1
"20657";20657;3
"20658";20658;1
"20659";20659;1
"20660";20660;1
"20661";20661;2
"20662";20662;1
"20663";20663;1
"20664";20664;1
"20665";20665;1
"20666";20666;1
"20667";20667;1
"20668";20668;2
"20669";20669;2
"20670";20670;3
"20671";20671;1
"20672";20672;1
"20673";20673;1
"20674";20674;1
"20675";20675;3
"20676";20676;2
"20677";20677;3
"20678";20678;3
"20679";20679;3
"20680";20680;3
"20681";20681;3
"20682";20682;3
"20683";20683;3
"20684";20684;3
"20685";20685;2
"20686";20686;3
"20687";20687;3
"20688";20688;3
"20689";20689;3
"20690";20690;3
"20691";20691;3
"20692";20692;1
"20693";20693;3
"20694";20694;2
"20695";20695;2
"20696";20696;1
"20697";20697;3
"20698";20698;3
"20699";20699;2
"20700";20700;3
"20701";20701;3
"20702";20702;1
"20703";20703;3
"20704";20704;2
"20705";20705;3
"20706";20706;3
"20707";20707;3
"20708";20708;1
"20709";20709;3
"20710";20710;1
"20711";20711;1
"20712";20712;1
"20713";20713;1
"20714";20714;1
"20715";20715;2
"20716";20716;2
"20717";20717;3
"20718";20718;3
"20719";20719;1
"20720";20720;1
"20721";20721;1
"20722";20722;3
"20723";20723;3
"20724";20724;3
"20725";20725;3
"20726";20726;3
"20727";20727;3
"20728";20728;3
"20729";20729;2
"20730";20730;3
"20731";20731;3
"20732";20732;3
"20733";20733;3
"20734";20734;2
"20735";20735;1
"20736";20736;3
"20737";20737;3
"20738";20738;3
"20739";20739;3
"20740";20740;3
"20741";20741;3
"20742";20742;2
"20743";20743;2
"20744";20744;1
"20745";20745;2
"20746";20746;1
"20747";20747;3
"20748";20748;3
"20749";20749;2
"20750";20750;3
"20751";20751;1
"20752";20752;1
"20753";20753;3
"20754";20754;1
"20755";20755;3
"20756";20756;1
"20757";20757;3
"20758";20758;1
"20759";20759;2
"20760";20760;1
"20761";20761;3
"20762";20762;2
"20763";20763;2
"20764";20764;3
"20765";20765;3
"20766";20766;3
"20767";20767;3
"20768";20768;1
"20769";20769;3
"20770";20770;3
"20771";20771;1
"20772";20772;3
"20773";20773;1
"20774";20774;3
"20775";20775;3
"20776";20776;3
"20777";20777;3
"20778";20778;3
"20779";20779;3
"20780";20780;1
"20781";20781;1
"20782";20782;3
"20783";20783;2
"20784";20784;2
"20785";20785;3
"20786";20786;3
"20787";20787;3
"20788";20788;3
"20789";20789;3
"20790";20790;3
"20791";20791;3
"20792";20792;3
"20793";20793;3
"20794";20794;2
"20795";20795;1
"20796";20796;1
"20797";20797;3
"20798";20798;3
"20799";20799;3
"20800";20800;1
"20801";20801;3
"20802";20802;3
"20803";20803;3
"20804";20804;1
"20805";20805;3
"20806";20806;2
"20807";20807;3
"20808";20808;3
"20809";20809;3
"20810";20810;3
"20811";20811;3
"20812";20812;2
"20813";20813;3
"20814";20814;1
"20815";20815;3
"20816";20816;3
"20817";20817;3
"20818";20818;3
"20819";20819;3
"20820";20820;3
"20821";20821;2
"20822";20822;3
"20823";20823;3
"20824";20824;3
"20825";20825;3
"20826";20826;3
"20827";20827;3
"20828";20828;2
"20829";20829;3
"20830";20830;3
"20831";20831;3
"20832";20832;3
"20833";20833;3
"20834";20834;3
"20835";20835;3
"20836";20836;3
"20837";20837;2
"20838";20838;3
"20839";20839;3
"20840";20840;3
"20841";20841;2
"20842";20842;3
"20843";20843;1
"20844";20844;3
"20845";20845;3
"20846";20846;2
"20847";20847;3
"20848";20848;2
"20849";20849;3
"20850";20850;3
"20851";20851;3
"20852";20852;3
"20853";20853;3
"20854";20854;3
"20855";20855;3
"20856";20856;3
"20857";20857;1
"20858";20858;2
"20859";20859;1
"20860";20860;3
"20861";20861;3
"20862";20862;3
"20863";20863;2
"20864";20864;1
"20865";20865;3
"20866";20866;2
"20867";20867;2
"20868";20868;3
"20869";20869;2
"20870";20870;3
"20871";20871;2
"20872";20872;3
"20873";20873;2
"20874";20874;2
"20875";20875;3
"20876";20876;1
"20877";20877;3
"20878";20878;3
"20879";20879;2
"20880";20880;1
"20881";20881;1
"20882";20882;2
"20883";20883;2
"20884";20884;1
"20885";20885;0
"20886";20886;1
"20887";20887;1
"20888";20888;1
"20889";20889;1
"20890";20890;1
"20891";20891;1
"20892";20892;1
"20893";20893;1
"20894";20894;1
"20895";20895;1
"20896";20896;1
"20897";20897;1
"20898";20898;3
"20899";20899;1
"20900";20900;2
"20901";20901;1
"20902";20902;1
"20903";20903;1
"20904";20904;1
"20905";20905;1
"20906";20906;1
"20907";20907;1
"20908";20908;1
"20909";20909;1
"20910";20910;1
"20911";20911;3
"20912";20912;3
"20913";20913;3
"20914";20914;1
"20915";20915;1
"20916";20916;1
"20917";20917;3
"20918";20918;2
"20919";20919;1
"20920";20920;1
"20921";20921;3
"20922";20922;1
"20923";20923;1
"20924";20924;3
"20925";20925;1
"20926";20926;3
"20927";20927;1
"20928";20928;2
"20929";20929;2
"20930";20930;1
"20931";20931;1
"20932";20932;1
"20933";20933;1
"20934";20934;1
"20935";20935;1
"20936";20936;1
"20937";20937;1
"20938";20938;2
"20939";20939;2
"20940";20940;1
"20941";20941;1
"20942";20942;1
"20943";20943;1
"20944";20944;1
"20945";20945;1
"20946";20946;1
"20947";20947;1
"20948";20948;1
"20949";20949;2
"20950";20950;1
"20951";20951;1
"20952";20952;3
"20953";20953;1
"20954";20954;1
"20955";20955;1
"20956";20956;1
"20957";20957;1
"20958";20958;1
"20959";20959;1
"20960";20960;2
"20961";20961;2
"20962";20962;2
"20963";20963;1
"20964";20964;1
"20965";20965;1
"20966";20966;1
"20967";20967;1
"20968";20968;1
"20969";20969;1
"20970";20970;1
"20971";20971;2
"20972";20972;2
"20973";20973;1
"20974";20974;1
"20975";20975;1
"20976";20976;1
"20977";20977;1
"20978";20978;1
"20979";20979;1
"20980";20980;1
"20981";20981;1
"20982";20982;1
"20983";20983;3
"20984";20984;2
"20985";20985;1
"20986";20986;1
"20987";20987;1
"20988";20988;1
"20989";20989;1
"20990";20990;1
"20991";20991;1
"20992";20992;1
"20993";20993;1
"20994";20994;1
"20995";20995;1
"20996";20996;1
"20997";20997;2
"20998";20998;2
"20999";20999;2
"21000";21000;3
"21001";21001;2
"21002";21002;2
"21003";21003;2
"21004";21004;2
"21005";21005;2
"21006";21006;2
"21007";21007;2
"21008";21008;0
"21009";21009;2
"21010";21010;2
"21011";21011;2
"21012";21012;3
"21013";21013;1
"21014";21014;1
"21015";21015;1
"21016";21016;1
"21017";21017;2
"21018";21018;1
"21019";21019;1
"21020";21020;1
"21021";21021;1
"21022";21022;1
"21023";21023;2
"21024";21024;1
"21025";21025;1
"21026";21026;3
"21027";21027;1
"21028";21028;1
"21029";21029;1
"21030";21030;2
"21031";21031;1
"21032";21032;1
"21033";21033;2
"21034";21034;1
"21035";21035;1
"21036";21036;1
"21037";21037;1
"21038";21038;1
"21039";21039;1
"21040";21040;1
"21041";21041;1
"21042";21042;1
"21043";21043;1
"21044";21044;1
"21045";21045;1
"21046";21046;1
"21047";21047;1
"21048";21048;1
"21049";21049;1
"21050";21050;1
"21051";21051;1
"21052";21052;1
"21053";21053;1
"21054";21054;1
"21055";21055;1
"21056";21056;2
"21057";21057;1
"21058";21058;2
"21059";21059;1
"21060";21060;2
"21061";21061;1
"21062";21062;1
"21063";21063;1
"21064";21064;1
"21065";21065;1
"21066";21066;1
"21067";21067;1
"21068";21068;1
"21069";21069;1
"21070";21070;1
"21071";21071;1
"21072";21072;2
"21073";21073;1
"21074";21074;1
"21075";21075;1
"21076";21076;1
"21077";21077;1
"21078";21078;1
"21079";21079;2
"21080";21080;2
"21081";21081;1
"21082";21082;2
"21083";21083;2
"21084";21084;3
"21085";21085;1
"21086";21086;2
"21087";21087;1
"21088";21088;1
"21089";21089;1
"21090";21090;1
"21091";21091;1
"21092";21092;2
"21093";21093;2
"21094";21094;1
"21095";21095;2
"21096";21096;2
"21097";21097;1
"21098";21098;2
"21099";21099;2
"21100";21100;2
"21101";21101;2
"21102";21102;2
"21103";21103;2
"21104";21104;2
"21105";21105;3
"21106";21106;1
"21107";21107;2
"21108";21108;2
"21109";21109;2
"21110";21110;2
"21111";21111;1
"21112";21112;1
"21113";21113;1
"21114";21114;2
"21115";21115;2
"21116";21116;1
"21117";21117;2
"21118";21118;1
"21119";21119;1
"21120";21120;1
"21121";21121;1
"21122";21122;1
"21123";21123;1
"21124";21124;1
"21125";21125;1
"21126";21126;2
"21127";21127;1
"21128";21128;1
"21129";21129;1
"21130";21130;1
"21131";21131;1
"21132";21132;1
"21133";21133;1
"21134";21134;1
"21135";21135;2
"21136";21136;1
"21137";21137;1
"21138";21138;1
"21139";21139;1
"21140";21140;1
"21141";21141;1
"21142";21142;1
"21143";21143;1
"21144";21144;1
"21145";21145;2
"21146";21146;1
"21147";21147;1
"21148";21148;1
"21149";21149;1
"21150";21150;1
"21151";21151;1
"21152";21152;1
"21153";21153;1
"21154";21154;1
"21155";21155;1
"21156";21156;1
"21157";21157;1
"21158";21158;1
"21159";21159;1
"21160";21160;1
"21161";21161;1
"21162";21162;1
"21163";21163;1
"21164";21164;1
"21165";21165;1
"21166";21166;1
"21167";21167;1
"21168";21168;1
"21169";21169;1
"21170";21170;2
"21171";21171;2
"21172";21172;2
"21173";21173;2
"21174";21174;2
"21175";21175;2
"21176";21176;2
"21177";21177;2
"21178";21178;1
"21179";21179;1
"21180";21180;2
"21181";21181;2
"21182";21182;2
"21183";21183;1
"21184";21184;1
"21185";21185;1
"21186";21186;2
"21187";21187;1
"21188";21188;1
"21189";21189;1
"21190";21190;1
"21191";21191;2
"21192";21192;1
"21193";21193;2
"21194";21194;2
"21195";21195;2
"21196";21196;1
"21197";21197;2
"21198";21198;1
"21199";21199;1
"21200";21200;1
"21201";21201;1
"21202";21202;1
"21203";21203;1
"21204";21204;1
"21205";21205;1
"21206";21206;1
"21207";21207;1
"21208";21208;1
"21209";21209;1
"21210";21210;1
"21211";21211;1
"21212";21212;1
"21213";21213;1
"21214";21214;1
"21215";21215;1
"21216";21216;1
"21217";21217;1
"21218";21218;2
"21219";21219;1
"21220";21220;1
"21221";21221;1
"21222";21222;1
"21223";21223;1
"21224";21224;1
"21225";21225;1
"21226";21226;1
"21227";21227;1
"21228";21228;1
"21229";21229;1
"21230";21230;1
"21231";21231;1
"21232";21232;2
"21233";21233;1
"21234";21234;3
"21235";21235;1
"21236";21236;1
"21237";21237;1
"21238";21238;1
"21239";21239;1
"21240";21240;1
"21241";21241;1
"21242";21242;1
"21243";21243;1
"21244";21244;3
"21245";21245;1
"21246";21246;1
"21247";21247;1
"21248";21248;1
"21249";21249;1
"21250";21250;1
"21251";21251;1
"21252";21252;1
"21253";21253;1
"21254";21254;1
"21255";21255;1
"21256";21256;1
"21257";21257;1
"21258";21258;1
"21259";21259;1
"21260";21260;1
"21261";21261;1
"21262";21262;1
"21263";21263;1
"21264";21264;1
"21265";21265;1
"21266";21266;1
"21267";21267;3
"21268";21268;2
"21269";21269;1
"21270";21270;1
"21271";21271;1
"21272";21272;1
"21273";21273;1
"21274";21274;1
"21275";21275;1
"21276";21276;1
"21277";21277;2
"21278";21278;1
"21279";21279;1
"21280";21280;1
"21281";21281;1
"21282";21282;1
"21283";21283;2
"21284";21284;3
"21285";21285;2
"21286";21286;1
"21287";21287;2
"21288";21288;1
"21289";21289;2
"21290";21290;1
"21291";21291;1
"21292";21292;1
"21293";21293;2
"21294";21294;1
"21295";21295;2
"21296";21296;2
"21297";21297;2
"21298";21298;1
"21299";21299;3
"21300";21300;2
"21301";21301;2
"21302";21302;2
"21303";21303;1
"21304";21304;1
"21305";21305;1
"21306";21306;1
"21307";21307;2
"21308";21308;1
"21309";21309;1
"21310";21310;1
"21311";21311;2
"21312";21312;2
"21313";21313;2
"21314";21314;2
"21315";21315;2
"21316";21316;2
"21317";21317;2
"21318";21318;1
"21319";21319;1
"21320";21320;1
"21321";21321;1
"21322";21322;1
"21323";21323;2
"21324";21324;2
"21325";21325;2
"21326";21326;3
"21327";21327;1
"21328";21328;1
"21329";21329;3
"21330";21330;3
"21331";21331;3
"21332";21332;2
"21333";21333;2
"21334";21334;3
"21335";21335;2
"21336";21336;3
"21337";21337;1
"21338";21338;1
"21339";21339;2
"21340";21340;2
"21341";21341;2
"21342";21342;3
"21343";21343;3
"21344";21344;3
"21345";21345;1
"21346";21346;3
"21347";21347;1
"21348";21348;3
"21349";21349;1
"21350";21350;1
"21351";21351;1
"21352";21352;1
"21353";21353;3
"21354";21354;1
"21355";21355;1
"21356";21356;1
"21357";21357;3
"21358";21358;1
"21359";21359;1
"21360";21360;1
"21361";21361;1
"21362";21362;3
"21363";21363;1
"21364";21364;1
"21365";21365;1
"21366";21366;1
"21367";21367;1
"21368";21368;3
"21369";21369;3
"21370";21370;3
"21371";21371;3
"21372";21372;3
"21373";21373;2
"21374";21374;1
"21375";21375;1
"21376";21376;1
"21377";21377;2
"21378";21378;1
"21379";21379;2
"21380";21380;1
"21381";21381;3
"21382";21382;3
"21383";21383;1
"21384";21384;1
"21385";21385;3
"21386";21386;2
"21387";21387;1
"21388";21388;3
"21389";21389;1
"21390";21390;1
"21391";21391;1
"21392";21392;1
"21393";21393;1
"21394";21394;1
"21395";21395;1
"21396";21396;3
"21397";21397;1
"21398";21398;3
"21399";21399;3
"21400";21400;1
"21401";21401;1
"21402";21402;1
"21403";21403;1
"21404";21404;1
"21405";21405;3
"21406";21406;3
"21407";21407;1
"21408";21408;1
"21409";21409;1
"21410";21410;1
"21411";21411;3
"21412";21412;3
"21413";21413;1
"21414";21414;1
"21415";21415;1
"21416";21416;1
"21417";21417;1
"21418";21418;3
"21419";21419;1
"21420";21420;3
"21421";21421;1
"21422";21422;1
"21423";21423;1
"21424";21424;3
"21425";21425;3
"21426";21426;3
"21427";21427;3
"21428";21428;3
"21429";21429;3
"21430";21430;3
"21431";21431;2
"21432";21432;3
"21433";21433;1
"21434";21434;2
"21435";21435;1
"21436";21436;1
"21437";21437;2
"21438";21438;1
"21439";21439;3
"21440";21440;1
"21441";21441;1
"21442";21442;1
"21443";21443;1
"21444";21444;3
"21445";21445;1
"21446";21446;2
"21447";21447;1
"21448";21448;1
"21449";21449;1
"21450";21450;1
"21451";21451;1
"21452";21452;1
"21453";21453;1
"21454";21454;3
"21455";21455;3
"21456";21456;3
"21457";21457;3
"21458";21458;3
"21459";21459;3
"21460";21460;3
"21461";21461;1
"21462";21462;3
"21463";21463;1
"21464";21464;3
"21465";21465;3
"21466";21466;1
"21467";21467;1
"21468";21468;1
"21469";21469;3
"21470";21470;3
"21471";21471;3
"21472";21472;3
"21473";21473;1
"21474";21474;1
"21475";21475;1
"21476";21476;1
"21477";21477;1
"21478";21478;3
"21479";21479;3
"21480";21480;3
"21481";21481;1
"21482";21482;3
"21483";21483;3
"21484";21484;3
"21485";21485;3
"21486";21486;3
"21487";21487;2
"21488";21488;3
"21489";21489;3
"21490";21490;3
"21491";21491;1
"21492";21492;1
"21493";21493;3
"21494";21494;3
"21495";21495;1
"21496";21496;1
"21497";21497;3
"21498";21498;3
"21499";21499;1
"21500";21500;2
"21501";21501;1
"21502";21502;2
"21503";21503;1
"21504";21504;1
"21505";21505;1
"21506";21506;3
"21507";21507;1
"21508";21508;1
"21509";21509;1
"21510";21510;1
"21511";21511;1
"21512";21512;1
"21513";21513;1
"21514";21514;3
"21515";21515;1
"21516";21516;1
"21517";21517;3
"21518";21518;1
"21519";21519;1
"21520";21520;1
"21521";21521;3
"21522";21522;1
"21523";21523;3
"21524";21524;2
"21525";21525;1
"21526";21526;1
"21527";21527;1
"21528";21528;3
"21529";21529;3
"21530";21530;3
"21531";21531;2
"21532";21532;3
"21533";21533;1
"21534";21534;1
"21535";21535;3
"21536";21536;1
"21537";21537;1
"21538";21538;3
"21539";21539;3
"21540";21540;1
"21541";21541;1
"21542";21542;1
"21543";21543;1
"21544";21544;1
"21545";21545;1
"21546";21546;3
"21547";21547;1
"21548";21548;1
"21549";21549;3
"21550";21550;3
"21551";21551;3
"21552";21552;3
"21553";21553;1
"21554";21554;1
"21555";21555;1
"21556";21556;1
"21557";21557;2
"21558";21558;2
"21559";21559;3
"21560";21560;3
"21561";21561;1
"21562";21562;3
"21563";21563;2
"21564";21564;1
"21565";21565;2
"21566";21566;3
"21567";21567;3
"21568";21568;3
"21569";21569;3
"21570";21570;3
"21571";21571;3
"21572";21572;2
"21573";21573;3
"21574";21574;3
"21575";21575;3
"21576";21576;3
"21577";21577;3
"21578";21578;3
"21579";21579;2
"21580";21580;3
"21581";21581;3
"21582";21582;3
"21583";21583;3
"21584";21584;3
"21585";21585;0
"21586";21586;3
"21587";21587;3
"21588";21588;3
"21589";21589;3
"21590";21590;3
"21591";21591;3
"21592";21592;3
"21593";21593;3
"21594";21594;3
"21595";21595;3
"21596";21596;1
"21597";21597;3
"21598";21598;3
"21599";21599;3
"21600";21600;3
"21601";21601;3
"21602";21602;3
"21603";21603;3
"21604";21604;3
"21605";21605;3
"21606";21606;3
"21607";21607;1
"21608";21608;3
"21609";21609;3
"21610";21610;3
"21611";21611;2
"21612";21612;3
"21613";21613;3
"21614";21614;2
"21615";21615;3
"21616";21616;3
"21617";21617;2
"21618";21618;2
"21619";21619;3
"21620";21620;3
"21621";21621;3
"21622";21622;3
"21623";21623;2
"21624";21624;2
"21625";21625;2
"21626";21626;3
"21627";21627;3
"21628";21628;3
"21629";21629;2
"21630";21630;2
"21631";21631;2
"21632";21632;2
"21633";21633;2
"21634";21634;3
"21635";21635;2
"21636";21636;2
"21637";21637;2
"21638";21638;3
"21639";21639;3
"21640";21640;1
"21641";21641;3
"21642";21642;3
"21643";21643;1
"21644";21644;3
"21645";21645;1
"21646";21646;1
"21647";21647;2
"21648";21648;2
"21649";21649;2
"21650";21650;2
"21651";21651;2
"21652";21652;1
"21653";21653;2
"21654";21654;2
"21655";21655;1
"21656";21656;2
"21657";21657;2
"21658";21658;3
"21659";21659;2
"21660";21660;2
"21661";21661;2
"21662";21662;2
"21663";21663;1
"21664";21664;1
"21665";21665;2
"21666";21666;3
"21667";21667;2
"21668";21668;1
"21669";21669;3
"21670";21670;3
"21671";21671;1
"21672";21672;1
"21673";21673;1
"21674";21674;1
"21675";21675;2
"21676";21676;3
"21677";21677;1
"21678";21678;1
"21679";21679;1
"21680";21680;1
"21681";21681;1
"21682";21682;2
"21683";21683;2
"21684";21684;1
"21685";21685;2
"21686";21686;1
"21687";21687;1
"21688";21688;1
"21689";21689;1
"21690";21690;1
"21691";21691;1
"21692";21692;1
"21693";21693;2
"21694";21694;2
"21695";21695;2
"21696";21696;1
"21697";21697;2
"21698";21698;1
"21699";21699;2
"21700";21700;1
"21701";21701;1
"21702";21702;1
"21703";21703;1
"21704";21704;1
"21705";21705;1
"21706";21706;1
"21707";21707;1
"21708";21708;1
"21709";21709;1
"21710";21710;1
"21711";21711;1
"21712";21712;1
"21713";21713;2
"21714";21714;1
"21715";21715;1
"21716";21716;1
"21717";21717;1
"21718";21718;1
"21719";21719;1
"21720";21720;1
"21721";21721;1
"21722";21722;1
"21723";21723;1
"21724";21724;1
"21725";21725;2
"21726";21726;1
"21727";21727;1
"21728";21728;2
"21729";21729;2
"21730";21730;1
"21731";21731;2
"21732";21732;2
"21733";21733;2
"21734";21734;1
"21735";21735;1
"21736";21736;2
"21737";21737;2
"21738";21738;2
"21739";21739;2
"21740";21740;1
"21741";21741;1
"21742";21742;1
"21743";21743;2
"21744";21744;2
"21745";21745;2
"21746";21746;2
"21747";21747;1
"21748";21748;1
"21749";21749;2
"21750";21750;1
"21751";21751;1
"21752";21752;2
"21753";21753;1
"21754";21754;1
"21755";21755;1
"21756";21756;2
"21757";21757;1
"21758";21758;2
"21759";21759;2
"21760";21760;2
"21761";21761;1
"21762";21762;1
"21763";21763;1
"21764";21764;1
"21765";21765;1
"21766";21766;1
"21767";21767;1
"21768";21768;1
"21769";21769;3
"21770";21770;1
"21771";21771;1
"21772";21772;1
"21773";21773;1
"21774";21774;1
"21775";21775;2
"21776";21776;1
"21777";21777;2
"21778";21778;2
"21779";21779;2
"21780";21780;1
"21781";21781;1
"21782";21782;2
"21783";21783;1
"21784";21784;1
"21785";21785;2
"21786";21786;2
"21787";21787;2
"21788";21788;2
"21789";21789;2
"21790";21790;2
"21791";21791;2
"21792";21792;1
"21793";21793;1
"21794";21794;2
"21795";21795;2
"21796";21796;1
"21797";21797;2
"21798";21798;2
"21799";21799;2
"21800";21800;1
"21801";21801;2
"21802";21802;2
"21803";21803;1
"21804";21804;3
"21805";21805;2
"21806";21806;1
"21807";21807;1
"21808";21808;3
"21809";21809;2
"21810";21810;1
"21811";21811;1
"21812";21812;1
"21813";21813;2
"21814";21814;1
"21815";21815;1
"21816";21816;2
"21817";21817;2
"21818";21818;2
"21819";21819;1
"21820";21820;1
"21821";21821;2
"21822";21822;1
"21823";21823;2
"21824";21824;1
"21825";21825;3
"21826";21826;3
"21827";21827;3
"21828";21828;2
"21829";21829;2
"21830";21830;2
"21831";21831;2
"21832";21832;2
"21833";21833;2
"21834";21834;2
"21835";21835;2
"21836";21836;1
"21837";21837;2
"21838";21838;2
"21839";21839;1
"21840";21840;3
"21841";21841;3
"21842";21842;2
"21843";21843;2
"21844";21844;3
"21845";21845;3
"21846";21846;3
"21847";21847;3
"21848";21848;2
"21849";21849;2
"21850";21850;2
"21851";21851;3
"21852";21852;3
"21853";21853;3
"21854";21854;3
"21855";21855;2
"21856";21856;1
"21857";21857;1
"21858";21858;1
"21859";21859;3
"21860";21860;3
"21861";21861;1
"21862";21862;3
"21863";21863;1
"21864";21864;1
"21865";21865;3
"21866";21866;1
"21867";21867;1
"21868";21868;1
"21869";21869;3
"21870";21870;1
"21871";21871;1
"21872";21872;1
"21873";21873;1
"21874";21874;3
"21875";21875;2
"21876";21876;1
"21877";21877;1
"21878";21878;3
"21879";21879;3
"21880";21880;3
"21881";21881;3
"21882";21882;2
"21883";21883;3
"21884";21884;2
"21885";21885;1
"21886";21886;3
"21887";21887;3
"21888";21888;2
"21889";21889;3
"21890";21890;3
"21891";21891;1
"21892";21892;3
"21893";21893;2
"21894";21894;3
"21895";21895;1
"21896";21896;1
"21897";21897;3
"21898";21898;3
"21899";21899;2
"21900";21900;3
"21901";21901;2
"21902";21902;2
"21903";21903;2
"21904";21904;3
"21905";21905;2
"21906";21906;2
"21907";21907;3
"21908";21908;2
"21909";21909;1
"21910";21910;3
"21911";21911;1
"21912";21912;1
"21913";21913;2
"21914";21914;1
"21915";21915;1
"21916";21916;2
"21917";21917;1
"21918";21918;2
"21919";21919;2
"21920";21920;1
"21921";21921;2
"21922";21922;2
"21923";21923;3
"21924";21924;2
"21925";21925;2
"21926";21926;3
"21927";21927;2
"21928";21928;3
"21929";21929;3
"21930";21930;3
"21931";21931;2
"21932";21932;2
"21933";21933;2
"21934";21934;2
"21935";21935;2
"21936";21936;2
"21937";21937;2
"21938";21938;2
"21939";21939;3
"21940";21940;2
"21941";21941;3
"21942";21942;2
"21943";21943;3
"21944";21944;2
"21945";21945;2
"21946";21946;2
"21947";21947;2
"21948";21948;2
"21949";21949;3
"21950";21950;3
"21951";21951;2
"21952";21952;3
"21953";21953;3
"21954";21954;2
"21955";21955;2
"21956";21956;3
"21957";21957;3
"21958";21958;3
"21959";21959;2
"21960";21960;3
"21961";21961;3
"21962";21962;3
"21963";21963;3
"21964";21964;3
"21965";21965;3
"21966";21966;3
"21967";21967;3
"21968";21968;1
"21969";21969;3
"21970";21970;3
"21971";21971;3
"21972";21972;3
"21973";21973;3
"21974";21974;3
"21975";21975;3
"21976";21976;3
"21977";21977;3
"21978";21978;3
"21979";21979;3
"21980";21980;3
"21981";21981;3
"21982";21982;3
"21983";21983;3
"21984";21984;2
"21985";21985;3
"21986";21986;3
"21987";21987;1
"21988";21988;3
"21989";21989;3
"21990";21990;2
"21991";21991;2
"21992";21992;3
"21993";21993;1
"21994";21994;2
"21995";21995;2
"21996";21996;2
"21997";21997;2
"21998";21998;3
"21999";21999;3
"22000";22000;3
"22001";22001;2
"22002";22002;3
"22003";22003;3
"22004";22004;3
"22005";22005;3
"22006";22006;1
"22007";22007;1
"22008";22008;1
"22009";22009;3
"22010";22010;2
"22011";22011;3
"22012";22012;1
"22013";22013;2
"22014";22014;1
"22015";22015;1
"22016";22016;1
"22017";22017;1
"22018";22018;2
"22019";22019;2
"22020";22020;1
"22021";22021;1
"22022";22022;1
"22023";22023;2
"22024";22024;1
"22025";22025;3
"22026";22026;3
"22027";22027;2
"22028";22028;2
"22029";22029;3
"22030";22030;2
"22031";22031;2
"22032";22032;3
"22033";22033;3
"22034";22034;3
"22035";22035;3
"22036";22036;3
"22037";22037;2
"22038";22038;2
"22039";22039;2
"22040";22040;2
"22041";22041;2
"22042";22042;2
"22043";22043;2
"22044";22044;2
"22045";22045;2
"22046";22046;2
"22047";22047;1
"22048";22048;2
"22049";22049;2
"22050";22050;2
"22051";22051;2
"22052";22052;2
"22053";22053;2
"22054";22054;2
"22055";22055;2
"22056";22056;3
"22057";22057;2
"22058";22058;1
"22059";22059;2
"22060";22060;1
"22061";22061;2
"22062";22062;2
"22063";22063;2
"22064";22064;2
"22065";22065;2
"22066";22066;1
"22067";22067;3
"22068";22068;1
"22069";22069;2
"22070";22070;2
"22071";22071;1
"22072";22072;1
"22073";22073;2
"22074";22074;1
"22075";22075;2
"22076";22076;2
"22077";22077;2
"22078";22078;1
"22079";22079;2
"22080";22080;2
"22081";22081;1
"22082";22082;2
"22083";22083;2
"22084";22084;2
"22085";22085;2
"22086";22086;2
"22087";22087;2
"22088";22088;1
"22089";22089;2
"22090";22090;3
"22091";22091;1
"22092";22092;2
"22093";22093;3
"22094";22094;1
"22095";22095;1
"22096";22096;3
"22097";22097;2
"22098";22098;2
"22099";22099;2
"22100";22100;2
"22101";22101;2
"22102";22102;1
"22103";22103;2
"22104";22104;3
"22105";22105;2
"22106";22106;2
"22107";22107;2
"22108";22108;1
"22109";22109;1
"22110";22110;2
"22111";22111;2
"22112";22112;2
"22113";22113;2
"22114";22114;2
"22115";22115;2
"22116";22116;2
"22117";22117;2
"22118";22118;2
"22119";22119;2
"22120";22120;2
"22121";22121;2
"22122";22122;2
"22123";22123;2
"22124";22124;2
"22125";22125;2
"22126";22126;2
"22127";22127;2
"22128";22128;2
"22129";22129;2
"22130";22130;3
"22131";22131;2
"22132";22132;2
"22133";22133;2
"22134";22134;2
"22135";22135;2
"22136";22136;3
"22137";22137;1
"22138";22138;1
"22139";22139;1
"22140";22140;3
"22141";22141;2
"22142";22142;2
"22143";22143;1
"22144";22144;1
"22145";22145;2
"22146";22146;2
"22147";22147;2
"22148";22148;2
"22149";22149;2
"22150";22150;2
"22151";22151;2
"22152";22152;2
"22153";22153;2
"22154";22154;2
"22155";22155;2
"22156";22156;1
"22157";22157;2
"22158";22158;1
"22159";22159;2
"22160";22160;1
"22161";22161;2
"22162";22162;2
"22163";22163;2
"22164";22164;1
"22165";22165;1
"22166";22166;1
"22167";22167;1
"22168";22168;3
"22169";22169;2
"22170";22170;1
"22171";22171;2
"22172";22172;2
"22173";22173;2
"22174";22174;2
"22175";22175;2
"22176";22176;3
"22177";22177;2
"22178";22178;1
"22179";22179;3
"22180";22180;1
"22181";22181;1
"22182";22182;2
"22183";22183;2
"22184";22184;2
"22185";22185;2
"22186";22186;2
"22187";22187;2
"22188";22188;2
"22189";22189;1
"22190";22190;2
"22191";22191;2
"22192";22192;2
"22193";22193;3
"22194";22194;3
"22195";22195;2
"22196";22196;2
"22197";22197;2
"22198";22198;2
"22199";22199;2
"22200";22200;2
"22201";22201;2
"22202";22202;2
"22203";22203;2
"22204";22204;1
"22205";22205;2
"22206";22206;2
"22207";22207;2
"22208";22208;1
"22209";22209;2
"22210";22210;2
"22211";22211;1
"22212";22212;2
"22213";22213;2
"22214";22214;2
"22215";22215;2
"22216";22216;2
"22217";22217;2
"22218";22218;2
"22219";22219;2
"22220";22220;2
"22221";22221;2
"22222";22222;3
"22223";22223;3
"22224";22224;2
"22225";22225;3
"22226";22226;2
"22227";22227;1
"22228";22228;2
"22229";22229;2
"22230";22230;3
"22231";22231;2
"22232";22232;1
"22233";22233;1
"22234";22234;2
"22235";22235;2
"22236";22236;2
"22237";22237;2
"22238";22238;1
"22239";22239;3
"22240";22240;2
"22241";22241;2
"22242";22242;2
"22243";22243;2
"22244";22244;2
"22245";22245;2
"22246";22246;2
"22247";22247;2
"22248";22248;2
"22249";22249;2
"22250";22250;2
"22251";22251;2
"22252";22252;2
"22253";22253;2
"22254";22254;2
"22255";22255;2
"22256";22256;2
"22257";22257;2
"22258";22258;2
"22259";22259;2
"22260";22260;2
"22261";22261;1
"22262";22262;2
"22263";22263;3
"22264";22264;2
"22265";22265;2
"22266";22266;2
"22267";22267;1
"22268";22268;2
"22269";22269;3
"22270";22270;2
"22271";22271;2
"22272";22272;3
"22273";22273;2
"22274";22274;2
"22275";22275;3
"22276";22276;3
"22277";22277;2
"22278";22278;3
"22279";22279;3
"22280";22280;3
"22281";22281;1
"22282";22282;2
"22283";22283;2
"22284";22284;2
"22285";22285;2
"22286";22286;2
"22287";22287;3
"22288";22288;3
"22289";22289;3
"22290";22290;3
"22291";22291;2
"22292";22292;1
"22293";22293;3
"22294";22294;2
"22295";22295;2
"22296";22296;2
"22297";22297;2
"22298";22298;2
"22299";22299;2
"22300";22300;3
"22301";22301;2
"22302";22302;2
"22303";22303;2
"22304";22304;3
"22305";22305;3
"22306";22306;3
"22307";22307;1
"22308";22308;3
"22309";22309;3
"22310";22310;3
"22311";22311;2
"22312";22312;2
"22313";22313;3
"22314";22314;2
"22315";22315;3
"22316";22316;1
"22317";22317;2
"22318";22318;2
"22319";22319;2
"22320";22320;2
"22321";22321;2
"22322";22322;3
"22323";22323;3
"22324";22324;2
"22325";22325;2
"22326";22326;2
"22327";22327;3
"22328";22328;2
"22329";22329;3
"22330";22330;2
"22331";22331;3
"22332";22332;3
"22333";22333;1
"22334";22334;2
"22335";22335;2
"22336";22336;2
"22337";22337;2
"22338";22338;2
"22339";22339;2
"22340";22340;0
"22341";22341;3
"22342";22342;2
"22343";22343;2
"22344";22344;2
"22345";22345;2
"22346";22346;2
"22347";22347;2
"22348";22348;3
"22349";22349;3
"22350";22350;1
"22351";22351;2
"22352";22352;3
"22353";22353;2
"22354";22354;2
"22355";22355;2
"22356";22356;2
"22357";22357;2
"22358";22358;1
"22359";22359;1
"22360";22360;3
"22361";22361;2
"22362";22362;2
"22363";22363;2
"22364";22364;2
"22365";22365;3
"22366";22366;1
"22367";22367;1
"22368";22368;1
"22369";22369;2
"22370";22370;2
"22371";22371;2
"22372";22372;2
"22373";22373;1
"22374";22374;2
"22375";22375;1
"22376";22376;1
"22377";22377;2
"22378";22378;1
"22379";22379;2
"22380";22380;2
"22381";22381;2
"22382";22382;1
"22383";22383;2
"22384";22384;2
"22385";22385;3
"22386";22386;3
"22387";22387;3
"22388";22388;3
"22389";22389;2
"22390";22390;2
"22391";22391;1
"22392";22392;1
"22393";22393;1
"22394";22394;2
"22395";22395;3
"22396";22396;3
"22397";22397;3
"22398";22398;2
"22399";22399;2
"22400";22400;1
"22401";22401;2
"22402";22402;1
"22403";22403;2
"22404";22404;2
"22405";22405;2
"22406";22406;2
"22407";22407;2
"22408";22408;2
"22409";22409;3
"22410";22410;2
"22411";22411;2
"22412";22412;2
"22413";22413;2
"22414";22414;3
"22415";22415;3
"22416";22416;3
"22417";22417;3
"22418";22418;3
"22419";22419;3
"22420";22420;3
"22421";22421;3
"22422";22422;2
"22423";22423;2
"22424";22424;1
"22425";22425;1
"22426";22426;2
"22427";22427;1
"22428";22428;1
"22429";22429;1
"22430";22430;1
"22431";22431;1
"22432";22432;1
"22433";22433;3
"22434";22434;3
"22435";22435;1
"22436";22436;1
"22437";22437;3
"22438";22438;3
"22439";22439;1
"22440";22440;1
"22441";22441;1
"22442";22442;1
"22443";22443;1
"22444";22444;1
"22445";22445;1
"22446";22446;1
"22447";22447;1
"22448";22448;1
"22449";22449;1
"22450";22450;1
"22451";22451;2
"22452";22452;3
"22453";22453;1
"22454";22454;1
"22455";22455;1
"22456";22456;1
"22457";22457;1
"22458";22458;1
"22459";22459;1
"22460";22460;1
"22461";22461;1
"22462";22462;1
"22463";22463;1
"22464";22464;1
"22465";22465;1
"22466";22466;1
"22467";22467;1
"22468";22468;1
"22469";22469;1
"22470";22470;1
"22471";22471;1
"22472";22472;1
"22473";22473;1
"22474";22474;1
"22475";22475;1
"22476";22476;1
"22477";22477;1
"22478";22478;1
"22479";22479;1
"22480";22480;1
"22481";22481;1
"22482";22482;1
"22483";22483;1
"22484";22484;1
"22485";22485;1
"22486";22486;1
"22487";22487;1
"22488";22488;1
"22489";22489;1
"22490";22490;1
"22491";22491;1
"22492";22492;1
"22493";22493;1
"22494";22494;1
"22495";22495;1
"22496";22496;1
"22497";22497;1
"22498";22498;1
"22499";22499;3
"22500";22500;1
"22501";22501;1
"22502";22502;1
"22503";22503;1
"22504";22504;2
"22505";22505;1
"22506";22506;1
"22507";22507;1
"22508";22508;1
"22509";22509;1
"22510";22510;1
"22511";22511;1
"22512";22512;1
"22513";22513;1
"22514";22514;1
"22515";22515;3
"22516";22516;1
"22517";22517;1
"22518";22518;1
"22519";22519;1
"22520";22520;1
"22521";22521;1
"22522";22522;1
"22523";22523;1
"22524";22524;1
"22525";22525;1
"22526";22526;1
"22527";22527;2
"22528";22528;2
"22529";22529;2
"22530";22530;1
"22531";22531;2
"22532";22532;1
"22533";22533;2
"22534";22534;3
"22535";22535;1
"22536";22536;1
"22537";22537;1
"22538";22538;3
"22539";22539;1
"22540";22540;2
"22541";22541;1
"22542";22542;2
"22543";22543;3
"22544";22544;2
"22545";22545;2
"22546";22546;2
"22547";22547;1
"22548";22548;2
"22549";22549;2
"22550";22550;3
"22551";22551;2
"22552";22552;2
"22553";22553;1
"22554";22554;3
"22555";22555;2
"22556";22556;1
"22557";22557;2
"22558";22558;2
"22559";22559;3
"22560";22560;1
"22561";22561;3
"22562";22562;3
"22563";22563;1
"22564";22564;2
"22565";22565;1
"22566";22566;1
"22567";22567;3
"22568";22568;2
"22569";22569;3
"22570";22570;1
"22571";22571;2
"22572";22572;2
"22573";22573;2
"22574";22574;2
"22575";22575;2
"22576";22576;2
"22577";22577;1
"22578";22578;2
"22579";22579;2
"22580";22580;2
"22581";22581;1
"22582";22582;1
"22583";22583;1
"22584";22584;1
"22585";22585;2
"22586";22586;2
"22587";22587;2
"22588";22588;2
"22589";22589;1
"22590";22590;2
"22591";22591;3
"22592";22592;3
"22593";22593;2
"22594";22594;2
"22595";22595;1
"22596";22596;2
"22597";22597;2
"22598";22598;1
"22599";22599;2
"22600";22600;3
"22601";22601;3
"22602";22602;2
"22603";22603;2
"22604";22604;2
"22605";22605;2
"22606";22606;2
"22607";22607;3
"22608";22608;3
"22609";22609;2
"22610";22610;2
"22611";22611;3
"22612";22612;3
"22613";22613;1
"22614";22614;2
"22615";22615;1
"22616";22616;1
"22617";22617;1
"22618";22618;1
"22619";22619;3
"22620";22620;3
"22621";22621;2
"22622";22622;2
"22623";22623;2
"22624";22624;1
"22625";22625;2
"22626";22626;2
"22627";22627;2
"22628";22628;3
"22629";22629;2
"22630";22630;3
"22631";22631;3
"22632";22632;3
"22633";22633;3
"22634";22634;3
"22635";22635;3
"22636";22636;2
"22637";22637;2
"22638";22638;3
"22639";22639;2
"22640";22640;3
"22641";22641;3
"22642";22642;3
"22643";22643;3
"22644";22644;3
"22645";22645;3
"22646";22646;3
"22647";22647;1
"22648";22648;3
"22649";22649;2
"22650";22650;3
"22651";22651;3
"22652";22652;2
"22653";22653;3
"22654";22654;3
"22655";22655;3
"22656";22656;3
"22657";22657;2
"22658";22658;3
"22659";22659;3
"22660";22660;1
"22661";22661;3
"22662";22662;3
"22663";22663;3
"22664";22664;3
"22665";22665;2
"22666";22666;3
"22667";22667;3
"22668";22668;3
"22669";22669;3
"22670";22670;3
"22671";22671;3
"22672";22672;2
"22673";22673;2
"22674";22674;3
"22675";22675;3
"22676";22676;2
"22677";22677;2
"22678";22678;2
"22679";22679;3
"22680";22680;3
"22681";22681;2
"22682";22682;3
"22683";22683;3
"22684";22684;3
"22685";22685;3
"22686";22686;3
"22687";22687;3
"22688";22688;3
"22689";22689;3
"22690";22690;3
"22691";22691;3
"22692";22692;3
"22693";22693;2
"22694";22694;3
"22695";22695;3
"22696";22696;3
"22697";22697;2
"22698";22698;2
"22699";22699;2
"22700";22700;3
"22701";22701;3
"22702";22702;3
"22703";22703;3
"22704";22704;3
"22705";22705;3
"22706";22706;3
"22707";22707;3
"22708";22708;3
"22709";22709;3
"22710";22710;2
"22711";22711;3
"22712";22712;3
"22713";22713;2
"22714";22714;3
"22715";22715;3
"22716";22716;3
"22717";22717;2
"22718";22718;2
"22719";22719;2
"22720";22720;2
"22721";22721;2
"22722";22722;3
"22723";22723;2
"22724";22724;2
"22725";22725;2
"22726";22726;2
"22727";22727;3
"22728";22728;3
"22729";22729;2
"22730";22730;2
"22731";22731;3
"22732";22732;3
"22733";22733;3
"22734";22734;3
"22735";22735;3
"22736";22736;3
"22737";22737;3
"22738";22738;3
"22739";22739;3
"22740";22740;2
"22741";22741;2
"22742";22742;3
"22743";22743;2
"22744";22744;2
"22745";22745;2
"22746";22746;3
"22747";22747;3
"22748";22748;3
"22749";22749;3
"22750";22750;3
"22751";22751;2
"22752";22752;3
"22753";22753;3
"22754";22754;3
"22755";22755;2
"22756";22756;3
"22757";22757;2
"22758";22758;3
"22759";22759;3
"22760";22760;3
"22761";22761;2
"22762";22762;2
"22763";22763;1
"22764";22764;3
"22765";22765;2
"22766";22766;2
"22767";22767;2
"22768";22768;2
"22769";22769;2
"22770";22770;2
"22771";22771;2
"22772";22772;2
"22773";22773;2
"22774";22774;2
"22775";22775;3
"22776";22776;2
"22777";22777;2
"22778";22778;2
"22779";22779;2
"22780";22780;1
"22781";22781;2
"22782";22782;2
"22783";22783;2
"22784";22784;2
"22785";22785;2
"22786";22786;1
"22787";22787;1
"22788";22788;2
"22789";22789;2
"22790";22790;2
"22791";22791;2
"22792";22792;2
"22793";22793;2
"22794";22794;2
"22795";22795;2
"22796";22796;2
"22797";22797;2
"22798";22798;2
"22799";22799;2
"22800";22800;3
"22801";22801;2
"22802";22802;2
"22803";22803;1
"22804";22804;1
"22805";22805;1
"22806";22806;1
"22807";22807;1
"22808";22808;2
"22809";22809;2
"22810";22810;3
"22811";22811;1
"22812";22812;1
"22813";22813;2
"22814";22814;2
"22815";22815;2
"22816";22816;2
"22817";22817;2
"22818";22818;2
"22819";22819;2
"22820";22820;2
"22821";22821;2
"22822";22822;1
"22823";22823;1
"22824";22824;1
"22825";22825;3
"22826";22826;1
"22827";22827;2
"22828";22828;2
"22829";22829;2
"22830";22830;3
"22831";22831;3
"22832";22832;2
"22833";22833;2
"22834";22834;2
"22835";22835;3
"22836";22836;2
"22837";22837;2
"22838";22838;3
"22839";22839;1
"22840";22840;1
"22841";22841;2
"22842";22842;1
"22843";22843;2
"22844";22844;1
"22845";22845;1
"22846";22846;3
"22847";22847;1
"22848";22848;3
"22849";22849;2
"22850";22850;2
"22851";22851;1
"22852";22852;2
"22853";22853;1
"22854";22854;2
"22855";22855;1
"22856";22856;3
"22857";22857;2
"22858";22858;1
"22859";22859;2
"22860";22860;1
"22861";22861;1
"22862";22862;3
"22863";22863;2
"22864";22864;1
"22865";22865;2
"22866";22866;2
"22867";22867;1
"22868";22868;2
"22869";22869;1
"22870";22870;1
"22871";22871;2
"22872";22872;1
"22873";22873;1
"22874";22874;2
"22875";22875;2
"22876";22876;2
"22877";22877;1
"22878";22878;2
"22879";22879;2
"22880";22880;2
"22881";22881;2
"22882";22882;2
"22883";22883;2
"22884";22884;1
"22885";22885;2
"22886";22886;2
"22887";22887;2
"22888";22888;2
"22889";22889;2
"22890";22890;1
"22891";22891;2
"22892";22892;1
"22893";22893;1
"22894";22894;1
"22895";22895;1
"22896";22896;1
"22897";22897;2
"22898";22898;1
"22899";22899;1
"22900";22900;1
"22901";22901;1
"22902";22902;1
"22903";22903;2
"22904";22904;1
"22905";22905;1
"22906";22906;1
"22907";22907;1
"22908";22908;1
"22909";22909;1
"22910";22910;1
"22911";22911;1
"22912";22912;1
"22913";22913;1
"22914";22914;1
"22915";22915;1
"22916";22916;1
"22917";22917;2
"22918";22918;2
"22919";22919;1
"22920";22920;3
"22921";22921;1
"22922";22922;1
"22923";22923;1
"22924";22924;1
"22925";22925;1
"22926";22926;1
"22927";22927;1
"22928";22928;1
"22929";22929;1
"22930";22930;2
"22931";22931;1
"22932";22932;2
"22933";22933;2
"22934";22934;2
"22935";22935;2
"22936";22936;2
"22937";22937;2
"22938";22938;1
"22939";22939;3
"22940";22940;3
"22941";22941;2
"22942";22942;2
"22943";22943;2
"22944";22944;2
"22945";22945;2
"22946";22946;2
"22947";22947;2
"22948";22948;2
"22949";22949;1
"22950";22950;1
"22951";22951;2
"22952";22952;2
"22953";22953;1
"22954";22954;1
"22955";22955;1
"22956";22956;1
"22957";22957;1
"22958";22958;2
"22959";22959;1
"22960";22960;2
"22961";22961;2
"22962";22962;2
"22963";22963;2
"22964";22964;1
"22965";22965;1
"22966";22966;2
"22967";22967;1
"22968";22968;1
"22969";22969;1
"22970";22970;1
"22971";22971;1
"22972";22972;1
"22973";22973;1
"22974";22974;2
"22975";22975;1
"22976";22976;1
"22977";22977;1
"22978";22978;1
"22979";22979;1
"22980";22980;1
"22981";22981;1
"22982";22982;1
"22983";22983;1
"22984";22984;1
"22985";22985;1
"22986";22986;1
"22987";22987;2
"22988";22988;1
"22989";22989;1
"22990";22990;1
"22991";22991;1
"22992";22992;1
"22993";22993;2
"22994";22994;1
"22995";22995;1
"22996";22996;1
"22997";22997;3
"22998";22998;1
"22999";22999;1
"23000";23000;1
"23001";23001;1
"23002";23002;1
"23003";23003;1
"23004";23004;1
"23005";23005;2
"23006";23006;1
"23007";23007;1
"23008";23008;1
"23009";23009;1
"23010";23010;1
"23011";23011;1
"23012";23012;1
"23013";23013;1
"23014";23014;1
"23015";23015;1
"23016";23016;1
"23017";23017;3
"23018";23018;1
"23019";23019;1
"23020";23020;1
"23021";23021;1
"23022";23022;1
"23023";23023;1
"23024";23024;1
"23025";23025;1
"23026";23026;1
"23027";23027;1
"23028";23028;1
"23029";23029;1
"23030";23030;1
"23031";23031;1
"23032";23032;1
"23033";23033;1
"23034";23034;1
"23035";23035;2
"23036";23036;2
"23037";23037;1
"23038";23038;1
"23039";23039;1
"23040";23040;1
"23041";23041;1
"23042";23042;1
"23043";23043;1
"23044";23044;1
"23045";23045;1
"23046";23046;2
"23047";23047;1
"23048";23048;1
"23049";23049;1
"23050";23050;2
"23051";23051;2
"23052";23052;1
"23053";23053;1
"23054";23054;2
"23055";23055;2
"23056";23056;2
"23057";23057;2
"23058";23058;1
"23059";23059;1
"23060";23060;2
"23061";23061;1
"23062";23062;1
"23063";23063;2
"23064";23064;2
"23065";23065;1
"23066";23066;1
"23067";23067;2
"23068";23068;1
"23069";23069;2
"23070";23070;1
"23071";23071;1
"23072";23072;1
"23073";23073;1
"23074";23074;1
"23075";23075;1
"23076";23076;1
"23077";23077;1
"23078";23078;1
"23079";23079;1
"23080";23080;1
"23081";23081;2
"23082";23082;1
"23083";23083;1
"23084";23084;1
"23085";23085;1
"23086";23086;1
"23087";23087;1
"23088";23088;1
"23089";23089;1
"23090";23090;1
"23091";23091;1
"23092";23092;2
"23093";23093;1
"23094";23094;1
"23095";23095;1
"23096";23096;1
"23097";23097;1
"23098";23098;1
"23099";23099;1
"23100";23100;1
"23101";23101;1
"23102";23102;1
"23103";23103;1
"23104";23104;1
"23105";23105;1
"23106";23106;1
"23107";23107;1
"23108";23108;1
"23109";23109;1
"23110";23110;1
"23111";23111;1
"23112";23112;1
"23113";23113;1
"23114";23114;1
"23115";23115;1
"23116";23116;1
"23117";23117;1
"23118";23118;1
"23119";23119;1
"23120";23120;1
"23121";23121;1
"23122";23122;1
"23123";23123;1
"23124";23124;2
"23125";23125;3
"23126";23126;2
"23127";23127;1
"23128";23128;1
"23129";23129;1
"23130";23130;1
"23131";23131;1
"23132";23132;1
"23133";23133;2
"23134";23134;1
"23135";23135;2
"23136";23136;2
"23137";23137;1
"23138";23138;2
"23139";23139;2
"23140";23140;3
"23141";23141;2
"23142";23142;1
"23143";23143;3
"23144";23144;2
"23145";23145;2
"23146";23146;2
"23147";23147;1
"23148";23148;1
"23149";23149;1
"23150";23150;2
"23151";23151;1
"23152";23152;1
"23153";23153;1
"23154";23154;1
"23155";23155;1
"23156";23156;1
"23157";23157;1
"23158";23158;3
"23159";23159;1
"23160";23160;1
"23161";23161;3
"23162";23162;3
"23163";23163;1
"23164";23164;1
"23165";23165;1
"23166";23166;3
"23167";23167;1
"23168";23168;2
"23169";23169;1
"23170";23170;3
"23171";23171;1
"23172";23172;1
"23173";23173;2
"23174";23174;2
"23175";23175;2
"23176";23176;1
"23177";23177;2
"23178";23178;2
"23179";23179;2
"23180";23180;2
"23181";23181;2
"23182";23182;1
"23183";23183;2
"23184";23184;2
"23185";23185;2
"23186";23186;1
"23187";23187;2
"23188";23188;2
"23189";23189;1
"23190";23190;2
"23191";23191;2
"23192";23192;2
"23193";23193;1
"23194";23194;1
"23195";23195;1
"23196";23196;2
"23197";23197;1
"23198";23198;1
"23199";23199;1
"23200";23200;2
"23201";23201;2
"23202";23202;2
"23203";23203;2
"23204";23204;2
"23205";23205;1
"23206";23206;1
"23207";23207;1
"23208";23208;1
"23209";23209;1
"23210";23210;2
"23211";23211;3
"23212";23212;1
"23213";23213;2
"23214";23214;1
"23215";23215;2
"23216";23216;2
"23217";23217;2
"23218";23218;2
"23219";23219;1
"23220";23220;1
"23221";23221;3
"23222";23222;2
"23223";23223;2
"23224";23224;3
"23225";23225;3
"23226";23226;2
"23227";23227;1
"23228";23228;3
"23229";23229;3
"23230";23230;1
"23231";23231;1
"23232";23232;2
"23233";23233;1
"23234";23234;1
"23235";23235;1
"23236";23236;1
"23237";23237;1
"23238";23238;1
"23239";23239;1
"23240";23240;1
"23241";23241;2
"23242";23242;1
"23243";23243;1
"23244";23244;1
"23245";23245;1
"23246";23246;1
"23247";23247;1
"23248";23248;1
"23249";23249;1
"23250";23250;1
"23251";23251;1
"23252";23252;1
"23253";23253;1
"23254";23254;1
"23255";23255;1
"23256";23256;1
"23257";23257;1
"23258";23258;1
"23259";23259;1
"23260";23260;1
"23261";23261;1
"23262";23262;1
"23263";23263;1
"23264";23264;2
"23265";23265;2
"23266";23266;2
"23267";23267;1
"23268";23268;1
"23269";23269;1
"23270";23270;2
"23271";23271;1
"23272";23272;1
"23273";23273;1
"23274";23274;1
"23275";23275;1
"23276";23276;2
"23277";23277;2
"23278";23278;1
"23279";23279;1
"23280";23280;1
"23281";23281;1
"23282";23282;3
"23283";23283;2
"23284";23284;1
"23285";23285;1
"23286";23286;1
"23287";23287;1
"23288";23288;2
"23289";23289;1
"23290";23290;1
"23291";23291;1
"23292";23292;2
"23293";23293;3
"23294";23294;1
"23295";23295;1
"23296";23296;1
"23297";23297;1
"23298";23298;1
"23299";23299;2
"23300";23300;1
"23301";23301;1
"23302";23302;1
"23303";23303;1
"23304";23304;1
"23305";23305;1
"23306";23306;1
"23307";23307;1
"23308";23308;1
"23309";23309;1
"23310";23310;1
"23311";23311;1
"23312";23312;1
"23313";23313;1
"23314";23314;1
"23315";23315;1
"23316";23316;1
"23317";23317;1
"23318";23318;1
"23319";23319;1
"23320";23320;1
"23321";23321;1
"23322";23322;1
"23323";23323;1
"23324";23324;3
"23325";23325;1
"23326";23326;1
"23327";23327;1
"23328";23328;1
"23329";23329;1
"23330";23330;1
"23331";23331;1
"23332";23332;1
"23333";23333;1
"23334";23334;1
"23335";23335;1
"23336";23336;1
"23337";23337;1
"23338";23338;1
"23339";23339;1
"23340";23340;1
"23341";23341;1
"23342";23342;1
"23343";23343;1
"23344";23344;1
"23345";23345;2
"23346";23346;2
"23347";23347;1
"23348";23348;1
"23349";23349;1
"23350";23350;2
"23351";23351;1
"23352";23352;1
"23353";23353;1
"23354";23354;2
"23355";23355;1
"23356";23356;2
"23357";23357;2
"23358";23358;1
"23359";23359;1
"23360";23360;1
"23361";23361;2
"23362";23362;2
"23363";23363;2
"23364";23364;2
"23365";23365;1
"23366";23366;1
"23367";23367;1
"23368";23368;1
"23369";23369;1
"23370";23370;1
"23371";23371;1
"23372";23372;1
"23373";23373;2
"23374";23374;1
"23375";23375;1
"23376";23376;1
"23377";23377;2
"23378";23378;2
"23379";23379;2
"23380";23380;2
"23381";23381;2
"23382";23382;1
"23383";23383;2
"23384";23384;1
"23385";23385;1
"23386";23386;1
"23387";23387;1
"23388";23388;2
"23389";23389;2
"23390";23390;2
"23391";23391;2
"23392";23392;1
"23393";23393;2
"23394";23394;2
"23395";23395;2
"23396";23396;1
"23397";23397;2
"23398";23398;1
"23399";23399;1
"23400";23400;1
"23401";23401;1
"23402";23402;2
"23403";23403;2
"23404";23404;2
"23405";23405;1
"23406";23406;1
"23407";23407;2
"23408";23408;1
"23409";23409;1
"23410";23410;1
"23411";23411;1
"23412";23412;1
"23413";23413;1
"23414";23414;1
"23415";23415;1
"23416";23416;2
"23417";23417;1
"23418";23418;2
"23419";23419;2
"23420";23420;1
"23421";23421;2
"23422";23422;3
"23423";23423;3
"23424";23424;3
"23425";23425;3
"23426";23426;3
"23427";23427;1
"23428";23428;1
"23429";23429;1
"23430";23430;1
"23431";23431;2
"23432";23432;2
"23433";23433;1
"23434";23434;1
"23435";23435;1
"23436";23436;1
"23437";23437;1
"23438";23438;1
"23439";23439;1
"23440";23440;1
"23441";23441;1
"23442";23442;1
"23443";23443;3
"23444";23444;1
"23445";23445;1
"23446";23446;3
"23447";23447;3
"23448";23448;1
"23449";23449;1
"23450";23450;1
"23451";23451;2
"23452";23452;1
"23453";23453;3
"23454";23454;1
"23455";23455;1
"23456";23456;1
"23457";23457;1
"23458";23458;3
"23459";23459;1
"23460";23460;3
"23461";23461;3
"23462";23462;1
"23463";23463;1
"23464";23464;3
"23465";23465;2
"23466";23466;2
"23467";23467;2
"23468";23468;3
"23469";23469;2
"23470";23470;2
"23471";23471;2
"23472";23472;2
"23473";23473;2
"23474";23474;2
"23475";23475;3
"23476";23476;1
"23477";23477;2
"23478";23478;1
"23479";23479;2
"23480";23480;3
"23481";23481;2
"23482";23482;2
"23483";23483;1
"23484";23484;1
"23485";23485;1
"23486";23486;2
"23487";23487;2
"23488";23488;1
"23489";23489;3
"23490";23490;0
"23491";23491;2
"23492";23492;3
"23493";23493;1
"23494";23494;1
"23495";23495;0
"23496";23496;3
"23497";23497;1
"23498";23498;3
"23499";23499;2
"23500";23500;2
"23501";23501;1
"23502";23502;1
"23503";23503;1
"23504";23504;3
"23505";23505;3
"23506";23506;2
"23507";23507;2
"23508";23508;2
"23509";23509;1
"23510";23510;2
"23511";23511;1
"23512";23512;1
"23513";23513;1
"23514";23514;1
"23515";23515;1
"23516";23516;1
"23517";23517;1
"23518";23518;1
"23519";23519;1
"23520";23520;1
"23521";23521;1
"23522";23522;3
"23523";23523;2
"23524";23524;3
"23525";23525;1
"23526";23526;1
"23527";23527;1
"23528";23528;1
"23529";23529;1
"23530";23530;1
"23531";23531;1
"23532";23532;1
"23533";23533;1
"23534";23534;1
"23535";23535;2
"23536";23536;2
"23537";23537;3
"23538";23538;3
"23539";23539;2
"23540";23540;3
"23541";23541;3
"23542";23542;3
"23543";23543;3
"23544";23544;3
"23545";23545;2
"23546";23546;3
"23547";23547;3
"23548";23548;3
"23549";23549;3
"23550";23550;3
"23551";23551;3
"23552";23552;2
"23553";23553;2
"23554";23554;2
"23555";23555;2
"23556";23556;1
"23557";23557;2
"23558";23558;1
"23559";23559;2
"23560";23560;3
"23561";23561;2
"23562";23562;3
"23563";23563;3
"23564";23564;1
"23565";23565;3
"23566";23566;3
"23567";23567;3
"23568";23568;1
"23569";23569;1
"23570";23570;3
"23571";23571;1
"23572";23572;1
"23573";23573;3
"23574";23574;3
"23575";23575;3
"23576";23576;1
"23577";23577;1
"23578";23578;2
"23579";23579;3
"23580";23580;3
"23581";23581;3
"23582";23582;3
"23583";23583;3
"23584";23584;3
"23585";23585;2
"23586";23586;3
"23587";23587;1
"23588";23588;3
"23589";23589;1
"23590";23590;2
"23591";23591;3
"23592";23592;3
"23593";23593;2
"23594";23594;1
"23595";23595;2
"23596";23596;3
"23597";23597;3
"23598";23598;3
"23599";23599;1
"23600";23600;3
"23601";23601;2
"23602";23602;2
"23603";23603;3
"23604";23604;3
"23605";23605;2
"23606";23606;3
"23607";23607;3
"23608";23608;3
"23609";23609;3
"23610";23610;3
"23611";23611;3
"23612";23612;3
"23613";23613;3
"23614";23614;3
"23615";23615;3
"23616";23616;3
"23617";23617;3
"23618";23618;1
"23619";23619;3
"23620";23620;3
"23621";23621;1
"23622";23622;3
"23623";23623;3
"23624";23624;2
"23625";23625;3
"23626";23626;3
"23627";23627;3
"23628";23628;3
"23629";23629;3
"23630";23630;3
"23631";23631;1
"23632";23632;3
"23633";23633;1
"23634";23634;3
"23635";23635;1
"23636";23636;3
"23637";23637;3
"23638";23638;3
"23639";23639;3
"23640";23640;3
"23641";23641;3
"23642";23642;2
"23643";23643;2
"23644";23644;3
"23645";23645;3
"23646";23646;3
"23647";23647;2
"23648";23648;3
"23649";23649;3
"23650";23650;3
"23651";23651;3
"23652";23652;1
"23653";23653;3
"23654";23654;3
"23655";23655;1
"23656";23656;3
"23657";23657;2
"23658";23658;1
"23659";23659;1
"23660";23660;1
"23661";23661;1
"23662";23662;2
"23663";23663;3
"23664";23664;1
"23665";23665;2
"23666";23666;3
"23667";23667;3
"23668";23668;2
"23669";23669;3
"23670";23670;3
"23671";23671;2
"23672";23672;1
"23673";23673;2
"23674";23674;2
"23675";23675;2
"23676";23676;2
"23677";23677;3
"23678";23678;2
"23679";23679;2
"23680";23680;2
"23681";23681;2
"23682";23682;1
"23683";23683;3
"23684";23684;1
"23685";23685;1
"23686";23686;1
"23687";23687;1
"23688";23688;1
"23689";23689;1
"23690";23690;1
"23691";23691;3
"23692";23692;1
"23693";23693;3
"23694";23694;3
"23695";23695;1
"23696";23696;1
"23697";23697;1
"23698";23698;1
"23699";23699;1
"23700";23700;1
"23701";23701;1
"23702";23702;1
"23703";23703;1
"23704";23704;1
"23705";23705;1
"23706";23706;1
"23707";23707;1
"23708";23708;3
"23709";23709;1
"23710";23710;1
"23711";23711;1
"23712";23712;1
"23713";23713;2
"23714";23714;1
"23715";23715;1
"23716";23716;1
"23717";23717;1
"23718";23718;1
"23719";23719;2
"23720";23720;2
"23721";23721;1
"23722";23722;2
"23723";23723;1
"23724";23724;1
"23725";23725;3
"23726";23726;3
"23727";23727;2
"23728";23728;3
"23729";23729;3
"23730";23730;1
"23731";23731;2
"23732";23732;1
"23733";23733;1
"23734";23734;1
"23735";23735;1
"23736";23736;1
"23737";23737;3
"23738";23738;1
"23739";23739;1
"23740";23740;1
"23741";23741;1
"23742";23742;1
"23743";23743;3
"23744";23744;3
"23745";23745;2
"23746";23746;1
"23747";23747;2
"23748";23748;1
"23749";23749;1
"23750";23750;2
"23751";23751;3
"23752";23752;1
"23753";23753;2
"23754";23754;2
"23755";23755;2
"23756";23756;2
"23757";23757;1
"23758";23758;3
"23759";23759;3
"23760";23760;3
"23761";23761;2
"23762";23762;3
"23763";23763;3
"23764";23764;2
"23765";23765;3
"23766";23766;3
"23767";23767;3
"23768";23768;3
"23769";23769;2
"23770";23770;1
"23771";23771;1
"23772";23772;2
"23773";23773;3
"23774";23774;1
"23775";23775;1
"23776";23776;1
"23777";23777;1
"23778";23778;3
"23779";23779;2
"23780";23780;1
"23781";23781;3
"23782";23782;3
"23783";23783;1
"23784";23784;3
"23785";23785;3
"23786";23786;3
"23787";23787;3
"23788";23788;1
"23789";23789;3
"23790";23790;3
"23791";23791;3
"23792";23792;3
"23793";23793;3
"23794";23794;3
"23795";23795;3
"23796";23796;2
"23797";23797;3
"23798";23798;3
"23799";23799;3
"23800";23800;3
"23801";23801;1
"23802";23802;1
"23803";23803;1
"23804";23804;3
"23805";23805;0
"23806";23806;3
"23807";23807;3
"23808";23808;2
"23809";23809;1
"23810";23810;1
"23811";23811;3
"23812";23812;3
"23813";23813;3
"23814";23814;3
"23815";23815;3
"23816";23816;3
"23817";23817;3
"23818";23818;2
"23819";23819;1
"23820";23820;3
"23821";23821;3
"23822";23822;2
"23823";23823;3
"23824";23824;3
"23825";23825;1
"23826";23826;1
"23827";23827;1
"23828";23828;3
"23829";23829;3
"23830";23830;3
"23831";23831;3
"23832";23832;1
"23833";23833;3
"23834";23834;1
"23835";23835;1
"23836";23836;1
"23837";23837;1
"23838";23838;1
"23839";23839;1
"23840";23840;3
"23841";23841;3
"23842";23842;3
"23843";23843;3
"23844";23844;3
"23845";23845;1
"23846";23846;1
"23847";23847;3
"23848";23848;3
"23849";23849;1
"23850";23850;3
"23851";23851;3
"23852";23852;3
"23853";23853;3
"23854";23854;3
"23855";23855;1
"23856";23856;3
"23857";23857;3
"23858";23858;1
"23859";23859;3
"23860";23860;1
"23861";23861;2
"23862";23862;2
"23863";23863;3
"23864";23864;3
"23865";23865;3
"23866";23866;1
"23867";23867;3
"23868";23868;3
"23869";23869;3
"23870";23870;3
"23871";23871;1
"23872";23872;3
"23873";23873;3
"23874";23874;2
"23875";23875;3
"23876";23876;3
"23877";23877;1
"23878";23878;3
"23879";23879;3
"23880";23880;3
"23881";23881;3
"23882";23882;3
"23883";23883;3
"23884";23884;3
"23885";23885;0
"23886";23886;3
"23887";23887;3
"23888";23888;1
"23889";23889;3
"23890";23890;3
"23891";23891;2
"23892";23892;1
"23893";23893;3
"23894";23894;3
"23895";23895;1
"23896";23896;3
"23897";23897;3
"23898";23898;2
"23899";23899;1
"23900";23900;2
"23901";23901;2
"23902";23902;2
"23903";23903;2
"23904";23904;2
"23905";23905;2
"23906";23906;2
"23907";23907;2
"23908";23908;1
"23909";23909;2
"23910";23910;2
"23911";23911;2
"23912";23912;2
"23913";23913;2
"23914";23914;1
"23915";23915;2
"23916";23916;2
"23917";23917;2
"23918";23918;3
"23919";23919;1
"23920";23920;2
"23921";23921;2
"23922";23922;2
"23923";23923;2
"23924";23924;2
"23925";23925;2
"23926";23926;2
"23927";23927;2
"23928";23928;2
"23929";23929;1
"23930";23930;1
"23931";23931;1
"23932";23932;1
"23933";23933;1
"23934";23934;2
"23935";23935;1
"23936";23936;2
"23937";23937;2
"23938";23938;2
"23939";23939;3
"23940";23940;2
"23941";23941;2
"23942";23942;1
"23943";23943;2
"23944";23944;2
"23945";23945;3
"23946";23946;2
"23947";23947;2
"23948";23948;2
"23949";23949;2
"23950";23950;2
"23951";23951;2
"23952";23952;2
"23953";23953;3
"23954";23954;2
"23955";23955;2
"23956";23956;2
"23957";23957;1
"23958";23958;2
"23959";23959;2
"23960";23960;2
"23961";23961;2
"23962";23962;2
"23963";23963;2
"23964";23964;2
"23965";23965;1
"23966";23966;3
"23967";23967;3
"23968";23968;1
"23969";23969;2
"23970";23970;2
"23971";23971;2
"23972";23972;2
"23973";23973;2
"23974";23974;2
"23975";23975;3
"23976";23976;2
"23977";23977;2
"23978";23978;2
"23979";23979;2
"23980";23980;2
"23981";23981;3
"23982";23982;2
"23983";23983;3
"23984";23984;1
"23985";23985;2
"23986";23986;2
"23987";23987;2
"23988";23988;3
"23989";23989;2
"23990";23990;2
"23991";23991;2
"23992";23992;2
"23993";23993;3
"23994";23994;1
"23995";23995;3
"23996";23996;2
"23997";23997;2
"23998";23998;3
"23999";23999;2
"24000";24000;2
"24001";24001;2
"24002";24002;1
"24003";24003;3
"24004";24004;1
"24005";24005;1
"24006";24006;3
"24007";24007;3
"24008";24008;1
"24009";24009;2
"24010";24010;1
"24011";24011;1
"24012";24012;2
"24013";24013;2
"24014";24014;3
"24015";24015;3
"24016";24016;3
"24017";24017;2
"24018";24018;3
"24019";24019;1
"24020";24020;3
"24021";24021;1
"24022";24022;3
"24023";24023;3
"24024";24024;3
"24025";24025;3
"24026";24026;3
"24027";24027;1
"24028";24028;2
"24029";24029;3
"24030";24030;1
"24031";24031;1
"24032";24032;3
"24033";24033;3
"24034";24034;2
"24035";24035;3
"24036";24036;3
"24037";24037;3
"24038";24038;3
"24039";24039;3
"24040";24040;1
"24041";24041;1
"24042";24042;1
"24043";24043;1
"24044";24044;1
"24045";24045;1
"24046";24046;1
"24047";24047;3
"24048";24048;3
"24049";24049;3
"24050";24050;1
"24051";24051;1
"24052";24052;1
"24053";24053;3
"24054";24054;2
"24055";24055;3
"24056";24056;3
"24057";24057;3
"24058";24058;3
"24059";24059;3
"24060";24060;1
"24061";24061;1
"24062";24062;1
"24063";24063;1
"24064";24064;1
"24065";24065;2
"24066";24066;1
"24067";24067;3
"24068";24068;3
"24069";24069;1
"24070";24070;1
"24071";24071;2
"24072";24072;2
"24073";24073;3
"24074";24074;3
"24075";24075;3
"24076";24076;2
"24077";24077;2
"24078";24078;2
"24079";24079;2
"24080";24080;1
"24081";24081;1
"24082";24082;3
"24083";24083;2
"24084";24084;2
"24085";24085;3
"24086";24086;2
"24087";24087;2
"24088";24088;2
"24089";24089;2
"24090";24090;3
"24091";24091;3
"24092";24092;2
"24093";24093;3
"24094";24094;3
"24095";24095;3
"24096";24096;2
"24097";24097;1
"24098";24098;3
"24099";24099;3
"24100";24100;3
"24101";24101;1
"24102";24102;1
"24103";24103;3
"24104";24104;1
"24105";24105;1
"24106";24106;3
"24107";24107;3
"24108";24108;3
"24109";24109;3
"24110";24110;3
"24111";24111;3
"24112";24112;3
"24113";24113;3
"24114";24114;3
"24115";24115;3
"24116";24116;3
"24117";24117;3
"24118";24118;3
"24119";24119;2
"24120";24120;3
"24121";24121;3
"24122";24122;1
"24123";24123;3
"24124";24124;3
"24125";24125;3
"24126";24126;2
"24127";24127;1
"24128";24128;1
"24129";24129;1
"24130";24130;1
"24131";24131;2
"24132";24132;2
"24133";24133;1
"24134";24134;2
"24135";24135;1
"24136";24136;2
"24137";24137;2
"24138";24138;1
"24139";24139;1
"24140";24140;1
"24141";24141;1
"24142";24142;1
"24143";24143;1
"24144";24144;1
"24145";24145;1
"24146";24146;1
"24147";24147;1
"24148";24148;1
"24149";24149;1
"24150";24150;1
"24151";24151;1
"24152";24152;1
"24153";24153;1
"24154";24154;1
"24155";24155;1
"24156";24156;3
"24157";24157;3
"24158";24158;1
"24159";24159;1
"24160";24160;1
"24161";24161;1
"24162";24162;1
"24163";24163;1
"24164";24164;1
"24165";24165;1
"24166";24166;1
"24167";24167;1
"24168";24168;1
"24169";24169;1
"24170";24170;1
"24171";24171;2
"24172";24172;1
"24173";24173;1
"24174";24174;1
"24175";24175;1
"24176";24176;1
"24177";24177;1
"24178";24178;1
"24179";24179;1
"24180";24180;1
"24181";24181;1
"24182";24182;1
"24183";24183;1
"24184";24184;1
"24185";24185;1
"24186";24186;1
"24187";24187;1
"24188";24188;1
"24189";24189;1
"24190";24190;2
"24191";24191;1
"24192";24192;1
"24193";24193;1
"24194";24194;1
"24195";24195;1
"24196";24196;1
"24197";24197;1
"24198";24198;1
"24199";24199;1
"24200";24200;1
"24201";24201;1
"24202";24202;1
"24203";24203;1
"24204";24204;1
"24205";24205;1
"24206";24206;1
"24207";24207;1
"24208";24208;1
"24209";24209;1
"24210";24210;1
"24211";24211;2
"24212";24212;1
"24213";24213;1
"24214";24214;1
"24215";24215;1
"24216";24216;2
"24217";24217;1
"24218";24218;1
"24219";24219;1
"24220";24220;1
"24221";24221;1
"24222";24222;1
"24223";24223;1
"24224";24224;1
"24225";24225;1
"24226";24226;1
"24227";24227;1
"24228";24228;1
"24229";24229;1
"24230";24230;1
"24231";24231;1
"24232";24232;1
"24233";24233;1
"24234";24234;1
"24235";24235;1
"24236";24236;1
"24237";24237;1
"24238";24238;1
"24239";24239;1
"24240";24240;1
"24241";24241;1
"24242";24242;1
"24243";24243;1
"24244";24244;1
"24245";24245;1
"24246";24246;1
"24247";24247;1
"24248";24248;1
"24249";24249;1
"24250";24250;1
"24251";24251;1
"24252";24252;1
"24253";24253;1
"24254";24254;3
"24255";24255;1
"24256";24256;1
"24257";24257;1
"24258";24258;1
"24259";24259;1
"24260";24260;1
"24261";24261;1
"24262";24262;1
"24263";24263;1
"24264";24264;1
"24265";24265;1
"24266";24266;1
"24267";24267;1
"24268";24268;2
"24269";24269;1
"24270";24270;1
"24271";24271;3
"24272";24272;3
"24273";24273;1
"24274";24274;3
"24275";24275;3
"24276";24276;3
"24277";24277;2
"24278";24278;3
"24279";24279;3
"24280";24280;2
"24281";24281;2
"24282";24282;3
"24283";24283;1
"24284";24284;1
"24285";24285;1
"24286";24286;1
"24287";24287;2
"24288";24288;1
"24289";24289;2
"24290";24290;1
"24291";24291;1
"24292";24292;1
"24293";24293;1
"24294";24294;1
"24295";24295;1
"24296";24296;1
"24297";24297;1
"24298";24298;1
"24299";24299;1
"24300";24300;1
"24301";24301;1
"24302";24302;1
"24303";24303;1
"24304";24304;1
"24305";24305;1
"24306";24306;1
"24307";24307;1
"24308";24308;1
"24309";24309;1
"24310";24310;1
"24311";24311;1
"24312";24312;1
"24313";24313;3
"24314";24314;1
"24315";24315;1
"24316";24316;1
"24317";24317;1
"24318";24318;1
"24319";24319;1
"24320";24320;1
"24321";24321;1
"24322";24322;1
"24323";24323;3
"24324";24324;1
"24325";24325;1
"24326";24326;1
"24327";24327;1
"24328";24328;1
"24329";24329;1
"24330";24330;1
"24331";24331;1
"24332";24332;1
"24333";24333;1
"24334";24334;1
"24335";24335;1
"24336";24336;1
"24337";24337;2
"24338";24338;2
"24339";24339;1
"24340";24340;1
"24341";24341;1
"24342";24342;1
"24343";24343;1
"24344";24344;1
"24345";24345;3
"24346";24346;2
"24347";24347;3
"24348";24348;2
"24349";24349;3
"24350";24350;1
"24351";24351;1
"24352";24352;1
"24353";24353;1
"24354";24354;3
"24355";24355;3
"24356";24356;1
"24357";24357;1
"24358";24358;1
"24359";24359;1
"24360";24360;1
"24361";24361;1
"24362";24362;1
"24363";24363;1
"24364";24364;2
"24365";24365;2
"24366";24366;1
"24367";24367;3
"24368";24368;3
"24369";24369;3
"24370";24370;3
"24371";24371;3
"24372";24372;1
"24373";24373;3
"24374";24374;3
"24375";24375;1
"24376";24376;1
"24377";24377;1
"24378";24378;1
"24379";24379;1
"24380";24380;1
"24381";24381;1
"24382";24382;2
"24383";24383;1
"24384";24384;1
"24385";24385;1
"24386";24386;1
"24387";24387;1
"24388";24388;1
"24389";24389;1
"24390";24390;1
"24391";24391;1
"24392";24392;1
"24393";24393;1
"24394";24394;3
"24395";24395;1
"24396";24396;1
"24397";24397;1
"24398";24398;1
"24399";24399;2
"24400";24400;1
"24401";24401;2
"24402";24402;1
"24403";24403;1
"24404";24404;1
"24405";24405;1
"24406";24406;1
"24407";24407;1
"24408";24408;1
"24409";24409;1
"24410";24410;1
"24411";24411;1
"24412";24412;1
"24413";24413;1
"24414";24414;1
"24415";24415;1
"24416";24416;1
"24417";24417;1
"24418";24418;1
"24419";24419;1
"24420";24420;1
"24421";24421;1
"24422";24422;1
"24423";24423;1
"24424";24424;1
"24425";24425;1
"24426";24426;1
"24427";24427;1
"24428";24428;3
"24429";24429;1
"24430";24430;1
"24431";24431;1
"24432";24432;1
"24433";24433;1
"24434";24434;1
"24435";24435;2
"24436";24436;2
"24437";24437;1
"24438";24438;3
"24439";24439;2
"24440";24440;2
"24441";24441;1
"24442";24442;1
"24443";24443;0
"24444";24444;1
"24445";24445;1
"24446";24446;1
"24447";24447;1
"24448";24448;1
"24449";24449;1
"24450";24450;1
"24451";24451;1
"24452";24452;3
"24453";24453;3
"24454";24454;1
"24455";24455;1
"24456";24456;1
"24457";24457;3
"24458";24458;1
"24459";24459;1
"24460";24460;1
"24461";24461;1
"24462";24462;1
"24463";24463;1
"24464";24464;3
"24465";24465;1
"24466";24466;1
"24467";24467;1
"24468";24468;1
"24469";24469;1
"24470";24470;1
"24471";24471;1
"24472";24472;1
"24473";24473;1
"24474";24474;1
"24475";24475;1
"24476";24476;1
"24477";24477;1
"24478";24478;1
"24479";24479;1
"24480";24480;1
"24481";24481;1
"24482";24482;1
"24483";24483;1
"24484";24484;1
"24485";24485;1
"24486";24486;3
"24487";24487;1
"24488";24488;1
"24489";24489;1
"24490";24490;1
"24491";24491;1
"24492";24492;1
"24493";24493;1
"24494";24494;1
"24495";24495;1
"24496";24496;1
"24497";24497;1
"24498";24498;1
"24499";24499;0
"24500";24500;1
"24501";24501;1
"24502";24502;1
"24503";24503;1
"24504";24504;1
"24505";24505;1
"24506";24506;1
"24507";24507;1
"24508";24508;1
"24509";24509;1
"24510";24510;1
"24511";24511;1
"24512";24512;1
"24513";24513;1
"24514";24514;1
"24515";24515;1
"24516";24516;1
"24517";24517;1
"24518";24518;1
"24519";24519;1
"24520";24520;1
"24521";24521;1
"24522";24522;1
"24523";24523;1
"24524";24524;1
"24525";24525;1
"24526";24526;1
"24527";24527;1
"24528";24528;1
"24529";24529;1
"24530";24530;1
"24531";24531;1
"24532";24532;1
"24533";24533;1
"24534";24534;1
"24535";24535;1
"24536";24536;1
"24537";24537;1
"24538";24538;1
"24539";24539;1
"24540";24540;1
"24541";24541;1
"24542";24542;1
"24543";24543;1
"24544";24544;1
"24545";24545;1
"24546";24546;1
"24547";24547;1
"24548";24548;3
"24549";24549;1
"24550";24550;3
"24551";24551;1
"24552";24552;1
"24553";24553;1
"24554";24554;3
"24555";24555;3
"24556";24556;3
"24557";24557;3
"24558";24558;3
"24559";24559;3
"24560";24560;3
"24561";24561;2
"24562";24562;2
"24563";24563;3
"24564";24564;2
"24565";24565;3
"24566";24566;1
"24567";24567;2
"24568";24568;1
"24569";24569;1
"24570";24570;1
"24571";24571;3
"24572";24572;1
"24573";24573;1
"24574";24574;1
"24575";24575;2
"24576";24576;1
"24577";24577;1
"24578";24578;1
"24579";24579;1
"24580";24580;1
"24581";24581;1
"24582";24582;2
"24583";24583;2
"24584";24584;2
"24585";24585;1
"24586";24586;1
"24587";24587;1
"24588";24588;2
"24589";24589;2
"24590";24590;2
"24591";24591;2
"24592";24592;2
"24593";24593;2
"24594";24594;3
"24595";24595;1
"24596";24596;3
"24597";24597;1
"24598";24598;1
"24599";24599;1
"24600";24600;3
"24601";24601;3
"24602";24602;3
"24603";24603;3
"24604";24604;3
"24605";24605;3
"24606";24606;3
"24607";24607;2
"24608";24608;2
"24609";24609;3
"24610";24610;2
"24611";24611;3
"24612";24612;1
"24613";24613;2
"24614";24614;1
"24615";24615;1
"24616";24616;1
"24617";24617;1
"24618";24618;1
"24619";24619;1
"24620";24620;1
"24621";24621;2
"24622";24622;1
"24623";24623;1
"24624";24624;1
"24625";24625;1
"24626";24626;1
"24627";24627;1
"24628";24628;1
"24629";24629;1
"24630";24630;2
"24631";24631;1
"24632";24632;1
"24633";24633;1
"24634";24634;1
"24635";24635;1
"24636";24636;1
"24637";24637;1
"24638";24638;1
"24639";24639;1
"24640";24640;1
"24641";24641;1
"24642";24642;1
"24643";24643;1
"24644";24644;1
"24645";24645;1
"24646";24646;1
"24647";24647;1
"24648";24648;1
"24649";24649;1
"24650";24650;1
"24651";24651;1
"24652";24652;1
"24653";24653;1
"24654";24654;1
"24655";24655;1
"24656";24656;1
"24657";24657;1
"24658";24658;2
"24659";24659;1
"24660";24660;1
"24661";24661;1
"24662";24662;1
"24663";24663;1
"24664";24664;1
"24665";24665;1
"24666";24666;1
"24667";24667;1
"24668";24668;1
"24669";24669;3
"24670";24670;1
"24671";24671;1
"24672";24672;2
"24673";24673;2
"24674";24674;1
"24675";24675;1
"24676";24676;1
"24677";24677;1
"24678";24678;1
"24679";24679;1
"24680";24680;1
"24681";24681;3
"24682";24682;1
"24683";24683;1
"24684";24684;1
"24685";24685;2
"24686";24686;2
"24687";24687;1
"24688";24688;1
"24689";24689;1
"24690";24690;1
"24691";24691;1
"24692";24692;1
"24693";24693;1
"24694";24694;1
"24695";24695;1
"24696";24696;1
"24697";24697;1
"24698";24698;2
"24699";24699;1
"24700";24700;1
"24701";24701;1
"24702";24702;1
"24703";24703;1
"24704";24704;1
"24705";24705;1
"24706";24706;1
"24707";24707;1
"24708";24708;1
"24709";24709;1
"24710";24710;1
"24711";24711;1
"24712";24712;1
"24713";24713;1
"24714";24714;1
"24715";24715;1
"24716";24716;1
"24717";24717;3
"24718";24718;1
"24719";24719;2
"24720";24720;1
"24721";24721;1
"24722";24722;2
"24723";24723;3
"24724";24724;1
"24725";24725;1
"24726";24726;1
"24727";24727;1
"24728";24728;1
"24729";24729;1
"24730";24730;1
"24731";24731;1
"24732";24732;1
"24733";24733;2
"24734";24734;2
"24735";24735;1
"24736";24736;1
"24737";24737;1
"24738";24738;1
"24739";24739;2
"24740";24740;1
"24741";24741;1
"24742";24742;1
"24743";24743;1
"24744";24744;1
"24745";24745;1
"24746";24746;1
"24747";24747;1
"24748";24748;1
"24749";24749;1
"24750";24750;2
"24751";24751;3
"24752";24752;1
"24753";24753;1
"24754";24754;1
"24755";24755;1
"24756";24756;2
"24757";24757;1
"24758";24758;1
"24759";24759;1
"24760";24760;1
"24761";24761;1
"24762";24762;2
"24763";24763;2
"24764";24764;2
"24765";24765;1
"24766";24766;2
"24767";24767;3
"24768";24768;3
"24769";24769;1
"24770";24770;2
"24771";24771;2
"24772";24772;2
"24773";24773;2
"24774";24774;1
"24775";24775;1
"24776";24776;1
"24777";24777;1
"24778";24778;2
"24779";24779;1
"24780";24780;1
"24781";24781;1
"24782";24782;1
"24783";24783;1
"24784";24784;2
"24785";24785;1
"24786";24786;1
"24787";24787;1
"24788";24788;1
"24789";24789;1
"24790";24790;1
"24791";24791;1
"24792";24792;1
"24793";24793;2
"24794";24794;1
"24795";24795;1
"24796";24796;1
"24797";24797;1
"24798";24798;1
"24799";24799;1
"24800";24800;1
"24801";24801;2
"24802";24802;1
"24803";24803;1
"24804";24804;1
"24805";24805;1
"24806";24806;1
"24807";24807;2
"24808";24808;2
"24809";24809;2
"24810";24810;1
"24811";24811;2
"24812";24812;2
"24813";24813;2
"24814";24814;3
"24815";24815;2
"24816";24816;2
"24817";24817;1
"24818";24818;2
"24819";24819;1
"24820";24820;2
"24821";24821;1
"24822";24822;3
"24823";24823;2
"24824";24824;3
"24825";24825;2
"24826";24826;2
"24827";24827;2
"24828";24828;1
"24829";24829;1
"24830";24830;1
"24831";24831;1
"24832";24832;3
"24833";24833;1
"24834";24834;3
"24835";24835;1
"24836";24836;3
"24837";24837;3
"24838";24838;1
"24839";24839;3
"24840";24840;3
"24841";24841;3
"24842";24842;3
"24843";24843;3
"24844";24844;3
"24845";24845;2
"24846";24846;1
"24847";24847;3
"24848";24848;2
"24849";24849;3
"24850";24850;1
"24851";24851;1
"24852";24852;1
"24853";24853;3
"24854";24854;1
"24855";24855;1
"24856";24856;1
"24857";24857;1
"24858";24858;1
"24859";24859;1
"24860";24860;1
"24861";24861;1
"24862";24862;3
"24863";24863;1
"24864";24864;1
"24865";24865;1
"24866";24866;1
"24867";24867;1
"24868";24868;1
"24869";24869;1
"24870";24870;1
"24871";24871;1
"24872";24872;1
"24873";24873;1
"24874";24874;1
"24875";24875;1
"24876";24876;1
"24877";24877;1
"24878";24878;1
"24879";24879;1
"24880";24880;1
"24881";24881;1
"24882";24882;1
"24883";24883;1
"24884";24884;1
"24885";24885;1
"24886";24886;1
"24887";24887;1
"24888";24888;1
"24889";24889;2
"24890";24890;1
"24891";24891;1
"24892";24892;3
"24893";24893;1
"24894";24894;1
"24895";24895;1
"24896";24896;1
"24897";24897;1
"24898";24898;1
"24899";24899;1
"24900";24900;1
"24901";24901;2
"24902";24902;1
"24903";24903;1
"24904";24904;1
"24905";24905;1
"24906";24906;3
"24907";24907;1
"24908";24908;3
"24909";24909;1
"24910";24910;1
"24911";24911;1
"24912";24912;1
"24913";24913;1
"24914";24914;1
"24915";24915;1
"24916";24916;3
"24917";24917;3
"24918";24918;3
"24919";24919;2
"24920";24920;3
"24921";24921;2
"24922";24922;3
"24923";24923;1
"24924";24924;3
"24925";24925;3
"24926";24926;3
"24927";24927;3
"24928";24928;3
"24929";24929;1
"24930";24930;3
"24931";24931;3
"24932";24932;3
"24933";24933;2
"24934";24934;2
"24935";24935;2
"24936";24936;3
"24937";24937;1
"24938";24938;2
"24939";24939;2
"24940";24940;2
"24941";24941;2
"24942";24942;3
"24943";24943;2
"24944";24944;2
"24945";24945;2
"24946";24946;3
"24947";24947;3
"24948";24948;3
"24949";24949;3
"24950";24950;3
"24951";24951;3
"24952";24952;3
"24953";24953;3
"24954";24954;3
"24955";24955;1
"24956";24956;3
"24957";24957;3
"24958";24958;2
"24959";24959;1
"24960";24960;3
"24961";24961;3
"24962";24962;3
"24963";24963;3
"24964";24964;3
"24965";24965;3
"24966";24966;3
"24967";24967;3
"24968";24968;3
"24969";24969;3
"24970";24970;3
"24971";24971;3
"24972";24972;3
"24973";24973;3
"24974";24974;3
"24975";24975;3
"24976";24976;3
"24977";24977;3
"24978";24978;3
"24979";24979;3
"24980";24980;3
"24981";24981;3
"24982";24982;3
"24983";24983;3
"24984";24984;3
"24985";24985;3
"24986";24986;3
"24987";24987;2
"24988";24988;2
"24989";24989;2
"24990";24990;2
"24991";24991;1
"24992";24992;1
"24993";24993;3
"24994";24994;1
"24995";24995;3
"24996";24996;3
"24997";24997;3
"24998";24998;3
"24999";24999;3
"25000";25000;3
"25001";25001;3
"25002";25002;3
"25003";25003;3
"25004";25004;1
"25005";25005;3
"25006";25006;3
"25007";25007;3
"25008";25008;3
"25009";25009;1
"25010";25010;3
"25011";25011;1
"25012";25012;1
"25013";25013;1
"25014";25014;3
"25015";25015;3
"25016";25016;3
"25017";25017;3
"25018";25018;1
"25019";25019;3
"25020";25020;3
"25021";25021;3
"25022";25022;3
"25023";25023;3
"25024";25024;3
"25025";25025;1
"25026";25026;3
"25027";25027;3
"25028";25028;3
"25029";25029;3
"25030";25030;3
"25031";25031;3
"25032";25032;1
"25033";25033;1
"25034";25034;3
"25035";25035;0
"25036";25036;3
"25037";25037;3
"25038";25038;3
"25039";25039;3
"25040";25040;3
"25041";25041;1
"25042";25042;2
"25043";25043;2
"25044";25044;3
"25045";25045;3
"25046";25046;3
"25047";25047;2
"25048";25048;1
"25049";25049;1
"25050";25050;3
"25051";25051;3
"25052";25052;3
"25053";25053;3
"25054";25054;3
"25055";25055;3
"25056";25056;3
"25057";25057;2
"25058";25058;2
"25059";25059;3
"25060";25060;2
"25061";25061;3
"25062";25062;3
"25063";25063;3
"25064";25064;3
"25065";25065;3
"25066";25066;3
"25067";25067;3
"25068";25068;0
"25069";25069;3
"25070";25070;3
"25071";25071;3
"25072";25072;3
"25073";25073;3
"25074";25074;3
"25075";25075;3
"25076";25076;3
"25077";25077;3
"25078";25078;3
"25079";25079;3
"25080";25080;1
"25081";25081;1
"25082";25082;1
"25083";25083;3
"25084";25084;1
"25085";25085;3
"25086";25086;3
"25087";25087;1
"25088";25088;3
"25089";25089;1
"25090";25090;3
"25091";25091;3
"25092";25092;3
"25093";25093;3
"25094";25094;3
"25095";25095;2
"25096";25096;3
"25097";25097;1
"25098";25098;2
"25099";25099;3
"25100";25100;1
"25101";25101;3
"25102";25102;1
"25103";25103;3
"25104";25104;1
"25105";25105;3
"25106";25106;3
"25107";25107;1
"25108";25108;3
"25109";25109;3
"25110";25110;3
"25111";25111;2
"25112";25112;2
"25113";25113;2
"25114";25114;1
"25115";25115;3
"25116";25116;3
"25117";25117;3
"25118";25118;1
"25119";25119;1
"25120";25120;3
"25121";25121;3
"25122";25122;3
"25123";25123;3
"25124";25124;3
"25125";25125;3
"25126";25126;3
"25127";25127;3
"25128";25128;1
"25129";25129;1
"25130";25130;3
"25131";25131;3
"25132";25132;1
"25133";25133;3
"25134";25134;1
"25135";25135;3
"25136";25136;1
"25137";25137;2
"25138";25138;3
"25139";25139;3
"25140";25140;2
"25141";25141;3
"25142";25142;3
"25143";25143;3
"25144";25144;3
"25145";25145;2
"25146";25146;2
"25147";25147;3
"25148";25148;3
"25149";25149;2
"25150";25150;3
"25151";25151;1
"25152";25152;3
"25153";25153;3
"25154";25154;3
"25155";25155;2
"25156";25156;2
"25157";25157;3
"25158";25158;2
"25159";25159;3
"25160";25160;2
"25161";25161;3
"25162";25162;2
"25163";25163;1
"25164";25164;1
"25165";25165;1
"25166";25166;1
"25167";25167;1
"25168";25168;1
"25169";25169;3
"25170";25170;2
"25171";25171;3
"25172";25172;3
"25173";25173;1
"25174";25174;2
"25175";25175;2
"25176";25176;3
"25177";25177;3
"25178";25178;3
"25179";25179;3
"25180";25180;1
"25181";25181;2
"25182";25182;2
"25183";25183;3
"25184";25184;1
"25185";25185;1
"25186";25186;2
"25187";25187;1
"25188";25188;3
"25189";25189;2
"25190";25190;3
"25191";25191;3
"25192";25192;1
"25193";25193;1
"25194";25194;1
"25195";25195;1
"25196";25196;1
"25197";25197;1
"25198";25198;1
"25199";25199;1
"25200";25200;3
"25201";25201;3
"25202";25202;2
"25203";25203;2
"25204";25204;2
"25205";25205;1
"25206";25206;1
"25207";25207;1
"25208";25208;1
"25209";25209;1
"25210";25210;3
"25211";25211;3
"25212";25212;3
"25213";25213;1
"25214";25214;1
"25215";25215;1
"25216";25216;3
"25217";25217;1
"25218";25218;2
"25219";25219;1
"25220";25220;1
"25221";25221;1
"25222";25222;1
"25223";25223;1
"25224";25224;1
"25225";25225;1
"25226";25226;1
"25227";25227;1
"25228";25228;1
"25229";25229;1
"25230";25230;3
"25231";25231;1
"25232";25232;1
"25233";25233;1
"25234";25234;1
"25235";25235;1
"25236";25236;1
"25237";25237;1
"25238";25238;1
"25239";25239;1
"25240";25240;1
"25241";25241;1
"25242";25242;1
"25243";25243;1
"25244";25244;1
"25245";25245;1
"25246";25246;1
"25247";25247;1
"25248";25248;1
"25249";25249;3
"25250";25250;1
"25251";25251;1
"25252";25252;1
"25253";25253;1
"25254";25254;1
"25255";25255;3
"25256";25256;1
"25257";25257;1
"25258";25258;1
"25259";25259;1
"25260";25260;3
"25261";25261;1
"25262";25262;1
"25263";25263;1
"25264";25264;3
"25265";25265;2
"25266";25266;1
"25267";25267;1
"25268";25268;1
"25269";25269;1
"25270";25270;1
"25271";25271;3
"25272";25272;1
"25273";25273;2
"25274";25274;2
"25275";25275;3
"25276";25276;1
"25277";25277;1
"25278";25278;1
"25279";25279;1
"25280";25280;1
"25281";25281;1
"25282";25282;1
"25283";25283;1
"25284";25284;1
"25285";25285;1
"25286";25286;1
"25287";25287;2
"25288";25288;1
"25289";25289;1
"25290";25290;1
"25291";25291;1
"25292";25292;2
"25293";25293;1
"25294";25294;1
"25295";25295;1
"25296";25296;2
"25297";25297;1
"25298";25298;1
"25299";25299;1
"25300";25300;2
"25301";25301;2
"25302";25302;1
"25303";25303;2
"25304";25304;2
"25305";25305;1
"25306";25306;1
"25307";25307;1
"25308";25308;2
"25309";25309;1
"25310";25310;1
"25311";25311;1
"25312";25312;1
"25313";25313;1
"25314";25314;1
"25315";25315;1
"25316";25316;3
"25317";25317;2
"25318";25318;2
"25319";25319;3
"25320";25320;3
"25321";25321;3
"25322";25322;3
"25323";25323;1
"25324";25324;2
"25325";25325;3
"25326";25326;2
"25327";25327;2
"25328";25328;3
"25329";25329;3
"25330";25330;2
"25331";25331;3
"25332";25332;3
"25333";25333;3
"25334";25334;2
"25335";25335;2
"25336";25336;2
"25337";25337;1
"25338";25338;2
"25339";25339;1
"25340";25340;2
"25341";25341;2
"25342";25342;3
"25343";25343;3
"25344";25344;1
"25345";25345;3
"25346";25346;3
"25347";25347;1
"25348";25348;1
"25349";25349;1
"25350";25350;1
"25351";25351;1
"25352";25352;1
"25353";25353;3
"25354";25354;3
"25355";25355;3
"25356";25356;1
"25357";25357;1
"25358";25358;1
"25359";25359;1
"25360";25360;1
"25361";25361;1
"25362";25362;3
"25363";25363;3
"25364";25364;3
"25365";25365;1
"25366";25366;1
"25367";25367;1
"25368";25368;1
"25369";25369;3
"25370";25370;3
"25371";25371;1
"25372";25372;3
"25373";25373;3
"25374";25374;1
"25375";25375;1
"25376";25376;1
"25377";25377;1
"25378";25378;3
"25379";25379;1
"25380";25380;1
"25381";25381;1
"25382";25382;1
"25383";25383;1
"25384";25384;3
"25385";25385;1
"25386";25386;1
"25387";25387;1
"25388";25388;1
"25389";25389;1
"25390";25390;1
"25391";25391;1
"25392";25392;1
"25393";25393;3
"25394";25394;1
"25395";25395;1
"25396";25396;1
"25397";25397;3
"25398";25398;3
"25399";25399;1
"25400";25400;3
"25401";25401;1
"25402";25402;1
"25403";25403;1
"25404";25404;1
"25405";25405;1
"25406";25406;2
"25407";25407;1
"25408";25408;1
"25409";25409;1
"25410";25410;1
"25411";25411;1
"25412";25412;2
"25413";25413;1
"25414";25414;1
"25415";25415;2
"25416";25416;3
"25417";25417;1
"25418";25418;3
"25419";25419;1
"25420";25420;1
"25421";25421;1
"25422";25422;1
"25423";25423;3
"25424";25424;3
"25425";25425;1
"25426";25426;3
"25427";25427;3
"25428";25428;1
"25429";25429;1
"25430";25430;1
"25431";25431;1
"25432";25432;3
"25433";25433;1
"25434";25434;1
"25435";25435;1
"25436";25436;1
"25437";25437;1
"25438";25438;3
"25439";25439;1
"25440";25440;1
"25441";25441;1
"25442";25442;1
"25443";25443;1
"25444";25444;1
"25445";25445;1
"25446";25446;1
"25447";25447;3
"25448";25448;1
"25449";25449;1
"25450";25450;1
"25451";25451;3
"25452";25452;3
"25453";25453;1
"25454";25454;3
"25455";25455;1
"25456";25456;1
"25457";25457;1
"25458";25458;1
"25459";25459;1
"25460";25460;1
"25461";25461;1
"25462";25462;1
"25463";25463;1
"25464";25464;1
"25465";25465;1
"25466";25466;2
"25467";25467;2
"25468";25468;2
"25469";25469;2
"25470";25470;2
"25471";25471;3
"25472";25472;2
"25473";25473;1
"25474";25474;1
"25475";25475;1
"25476";25476;1
"25477";25477;1
"25478";25478;1
"25479";25479;1
"25480";25480;1
"25481";25481;1
"25482";25482;1
"25483";25483;1
"25484";25484;2
"25485";25485;1
"25486";25486;1
"25487";25487;2
"25488";25488;3
"25489";25489;1
"25490";25490;3
"25491";25491;1
"25492";25492;1
"25493";25493;1
"25494";25494;2
"25495";25495;2
"25496";25496;1
"25497";25497;1
"25498";25498;1
"25499";25499;2
"25500";25500;1
"25501";25501;1
"25502";25502;1
"25503";25503;1
"25504";25504;3
"25505";25505;2
"25506";25506;2
"25507";25507;2
"25508";25508;3
"25509";25509;2
"25510";25510;2
"25511";25511;3
"25512";25512;2
"25513";25513;2
"25514";25514;3
"25515";25515;1
"25516";25516;1
"25517";25517;1
"25518";25518;1
"25519";25519;3
"25520";25520;3
"25521";25521;2
"25522";25522;2
"25523";25523;2
"25524";25524;2
"25525";25525;2
"25526";25526;2
"25527";25527;3
"25528";25528;2
"25529";25529;2
"25530";25530;2
"25531";25531;3
"25532";25532;3
"25533";25533;3
"25534";25534;3
"25535";25535;3
"25536";25536;2
"25537";25537;2
"25538";25538;1
"25539";25539;2
"25540";25540;2
"25541";25541;2
"25542";25542;2
"25543";25543;2
"25544";25544;2
"25545";25545;1
"25546";25546;3
"25547";25547;3
"25548";25548;3
"25549";25549;3
"25550";25550;3
"25551";25551;1
"25552";25552;1
"25553";25553;1
"25554";25554;1
"25555";25555;1
"25556";25556;1
"25557";25557;3
"25558";25558;1
"25559";25559;2
"25560";25560;1
"25561";25561;1
"25562";25562;3
"25563";25563;1
"25564";25564;1
"25565";25565;1
"25566";25566;1
"25567";25567;1
"25568";25568;1
"25569";25569;3
"25570";25570;3
"25571";25571;1
"25572";25572;2
"25573";25573;3
"25574";25574;3
"25575";25575;3
"25576";25576;3
"25577";25577;3
"25578";25578;3
"25579";25579;1
"25580";25580;1
"25581";25581;3
"25582";25582;2
"25583";25583;3
"25584";25584;3
"25585";25585;3
"25586";25586;2
"25587";25587;3
"25588";25588;3
"25589";25589;2
"25590";25590;3
"25591";25591;2
"25592";25592;2
"25593";25593;2
"25594";25594;2
"25595";25595;2
"25596";25596;1
"25597";25597;2
"25598";25598;2
"25599";25599;3
"25600";25600;0
"25601";25601;1
"25602";25602;3
"25603";25603;3
"25604";25604;2
"25605";25605;1
"25606";25606;1
"25607";25607;1
"25608";25608;1
"25609";25609;1
"25610";25610;2
"25611";25611;1
"25612";25612;1
"25613";25613;1
"25614";25614;1
"25615";25615;1
"25616";25616;1
"25617";25617;2
"25618";25618;2
"25619";25619;3
"25620";25620;3
"25621";25621;3
"25622";25622;3
"25623";25623;1
"25624";25624;1
"25625";25625;1
"25626";25626;1
"25627";25627;1
"25628";25628;1
"25629";25629;1
"25630";25630;1
"25631";25631;1
"25632";25632;1
"25633";25633;1
"25634";25634;3
"25635";25635;3
"25636";25636;1
"25637";25637;3
"25638";25638;3
"25639";25639;3
"25640";25640;3
"25641";25641;2
"25642";25642;1
"25643";25643;2
"25644";25644;3
"25645";25645;3
"25646";25646;2
"25647";25647;2
"25648";25648;2
"25649";25649;2
"25650";25650;2
"25651";25651;3
"25652";25652;3
"25653";25653;1
"25654";25654;3
"25655";25655;3
"25656";25656;3
"25657";25657;3
"25658";25658;3
"25659";25659;3
"25660";25660;1
"25661";25661;1
"25662";25662;1
"25663";25663;1
"25664";25664;2
"25665";25665;1
"25666";25666;2
"25667";25667;1
"25668";25668;2
"25669";25669;2
"25670";25670;2
"25671";25671;1
"25672";25672;1
"25673";25673;1
"25674";25674;1
"25675";25675;1
"25676";25676;1
"25677";25677;1
"25678";25678;3
"25679";25679;2
"25680";25680;1
"25681";25681;3
"25682";25682;1
"25683";25683;3
"25684";25684;1
"25685";25685;3
"25686";25686;1
"25687";25687;2
"25688";25688;3
"25689";25689;2
"25690";25690;3
"25691";25691;3
"25692";25692;3
"25693";25693;2
"25694";25694;3
"25695";25695;2
"25696";25696;2
"25697";25697;3
"25698";25698;1
"25699";25699;1
"25700";25700;2
"25701";25701;2
"25702";25702;1
"25703";25703;1
"25704";25704;1
"25705";25705;2
"25706";25706;2
"25707";25707;2
"25708";25708;2
"25709";25709;2
"25710";25710;3
"25711";25711;2
"25712";25712;3
"25713";25713;2
"25714";25714;2
"25715";25715;2
"25716";25716;2
"25717";25717;2
"25718";25718;3
"25719";25719;2
"25720";25720;2
"25721";25721;3
"25722";25722;2
"25723";25723;1
"25724";25724;1
"25725";25725;3
"25726";25726;2
"25727";25727;3
"25728";25728;3
"25729";25729;3
"25730";25730;1
"25731";25731;3
"25732";25732;3
"25733";25733;3
"25734";25734;2
"25735";25735;3
"25736";25736;3
"25737";25737;3
"25738";25738;3
"25739";25739;2
"25740";25740;2
"25741";25741;2
"25742";25742;1
"25743";25743;2
"25744";25744;2
"25745";25745;2
"25746";25746;3
"25747";25747;3
"25748";25748;2
"25749";25749;3
"25750";25750;3
"25751";25751;1
"25752";25752;2
"25753";25753;3
"25754";25754;3
"25755";25755;2
"25756";25756;1
"25757";25757;2
"25758";25758;2
"25759";25759;2
"25760";25760;2
"25761";25761;2
"25762";25762;2
"25763";25763;2
"25764";25764;2
"25765";25765;2
"25766";25766;2
"25767";25767;1
"25768";25768;2
"25769";25769;2
"25770";25770;2
"25771";25771;2
"25772";25772;1
"25773";25773;1
"25774";25774;1
"25775";25775;1
"25776";25776;1
"25777";25777;1
"25778";25778;1
"25779";25779;1
"25780";25780;1
"25781";25781;1
"25782";25782;1
"25783";25783;1
"25784";25784;1
"25785";25785;1
"25786";25786;1
"25787";25787;1
"25788";25788;1
"25789";25789;1
"25790";25790;1
"25791";25791;1
"25792";25792;1
"25793";25793;1
"25794";25794;1
"25795";25795;1
"25796";25796;1
"25797";25797;3
"25798";25798;1
"25799";25799;1
"25800";25800;2
"25801";25801;3
"25802";25802;1
"25803";25803;1
"25804";25804;1
"25805";25805;1
"25806";25806;1
"25807";25807;1
"25808";25808;1
"25809";25809;1
"25810";25810;1
"25811";25811;1
"25812";25812;1
"25813";25813;2
"25814";25814;2
"25815";25815;1
"25816";25816;1
"25817";25817;1
"25818";25818;2
"25819";25819;1
"25820";25820;1
"25821";25821;1
"25822";25822;2
"25823";25823;1
"25824";25824;3
"25825";25825;3
"25826";25826;1
"25827";25827;1
"25828";25828;3
"25829";25829;1
"25830";25830;2
"25831";25831;1
"25832";25832;2
"25833";25833;2
"25834";25834;2
"25835";25835;2
"25836";25836;2
"25837";25837;2
"25838";25838;3
"25839";25839;2
"25840";25840;2
"25841";25841;3
"25842";25842;3
"25843";25843;2
"25844";25844;2
"25845";25845;2
"25846";25846;2
"25847";25847;2
"25848";25848;2
"25849";25849;1
"25850";25850;3
"25851";25851;2
"25852";25852;1
"25853";25853;1
"25854";25854;2
"25855";25855;3
"25856";25856;3
"25857";25857;2
"25858";25858;2
"25859";25859;2
"25860";25860;3
"25861";25861;3
"25862";25862;3
"25863";25863;3
"25864";25864;2
"25865";25865;3
"25866";25866;3
"25867";25867;3
"25868";25868;2
"25869";25869;2
"25870";25870;2
"25871";25871;2
"25872";25872;2
"25873";25873;2
"25874";25874;3
"25875";25875;1
"25876";25876;3
"25877";25877;3
"25878";25878;3
"25879";25879;3
"25880";25880;1
"25881";25881;2
"25882";25882;3
"25883";25883;3
"25884";25884;2
"25885";25885;3
"25886";25886;1
"25887";25887;1
"25888";25888;3
"25889";25889;3
"25890";25890;2
"25891";25891;2
"25892";25892;1
"25893";25893;2
"25894";25894;2
"25895";25895;3
"25896";25896;3
"25897";25897;3
"25898";25898;3
"25899";25899;3
"25900";25900;3
"25901";25901;3
"25902";25902;1
"25903";25903;3
"25904";25904;3
"25905";25905;2
"25906";25906;2
"25907";25907;2
"25908";25908;2
"25909";25909;2
"25910";25910;2
"25911";25911;2
"25912";25912;2
"25913";25913;2
"25914";25914;1
"25915";25915;2
"25916";25916;2
"25917";25917;2
"25918";25918;2
"25919";25919;2
"25920";25920;2
"25921";25921;2
"25922";25922;2
"25923";25923;3
"25924";25924;3
"25925";25925;1
"25926";25926;2
"25927";25927;2
"25928";25928;2
"25929";25929;3
"25930";25930;1
"25931";25931;1
"25932";25932;2
"25933";25933;2
"25934";25934;2
"25935";25935;2
"25936";25936;2
"25937";25937;2
"25938";25938;2
"25939";25939;2
"25940";25940;2
"25941";25941;2
"25942";25942;2
"25943";25943;1
"25944";25944;2
"25945";25945;2
"25946";25946;1
"25947";25947;3
"25948";25948;2
"25949";25949;1
"25950";25950;2
"25951";25951;2
"25952";25952;2
"25953";25953;2
"25954";25954;2
"25955";25955;2
"25956";25956;2
"25957";25957;2
"25958";25958;2
"25959";25959;2
"25960";25960;2
"25961";25961;2
"25962";25962;2
"25963";25963;2
"25964";25964;2
"25965";25965;2
"25966";25966;2
"25967";25967;2
"25968";25968;2
"25969";25969;2
"25970";25970;2
"25971";25971;2
"25972";25972;2
"25973";25973;2
"25974";25974;2
"25975";25975;2
"25976";25976;2
"25977";25977;2
"25978";25978;2
"25979";25979;3
"25980";25980;2
"25981";25981;2
"25982";25982;3
"25983";25983;2
"25984";25984;2
"25985";25985;3
"25986";25986;2
"25987";25987;2
"25988";25988;2
"25989";25989;2
"25990";25990;2
"25991";25991;2
"25992";25992;2
"25993";25993;2
"25994";25994;2
"25995";25995;2
"25996";25996;2
"25997";25997;2
"25998";25998;1
"25999";25999;2
"26000";26000;2
"26001";26001;3
"26002";26002;2
"26003";26003;2
"26004";26004;2
"26005";26005;2
"26006";26006;3
"26007";26007;2
"26008";26008;2
"26009";26009;2
"26010";26010;2
"26011";26011;2
"26012";26012;2
"26013";26013;2
"26014";26014;2
"26015";26015;2
"26016";26016;2
"26017";26017;2
"26018";26018;2
"26019";26019;2
"26020";26020;2
"26021";26021;2
"26022";26022;2
"26023";26023;2
"26024";26024;2
"26025";26025;2
"26026";26026;2
"26027";26027;2
"26028";26028;3
"26029";26029;2
"26030";26030;2
"26031";26031;2
"26032";26032;1
"26033";26033;2
"26034";26034;2
"26035";26035;2
"26036";26036;2
"26037";26037;2
"26038";26038;2
"26039";26039;2
"26040";26040;3
"26041";26041;2
"26042";26042;2
"26043";26043;2
"26044";26044;3
"26045";26045;2
"26046";26046;2
"26047";26047;2
"26048";26048;2
"26049";26049;1
"26050";26050;2
"26051";26051;2
"26052";26052;3
"26053";26053;3
"26054";26054;3
"26055";26055;3
"26056";26056;3
"26057";26057;2
"26058";26058;2
"26059";26059;2
"26060";26060;3
"26061";26061;2
"26062";26062;3
"26063";26063;3
"26064";26064;2
"26065";26065;2
"26066";26066;2
"26067";26067;3
"26068";26068;2
"26069";26069;2
"26070";26070;3
"26071";26071;2
"26072";26072;3
"26073";26073;2
"26074";26074;2
"26075";26075;2
"26076";26076;3
"26077";26077;2
"26078";26078;2
"26079";26079;2
"26080";26080;2
"26081";26081;2
"26082";26082;2
"26083";26083;2
"26084";26084;1
"26085";26085;2
"26086";26086;2
"26087";26087;2
"26088";26088;2
"26089";26089;3
"26090";26090;2
"26091";26091;2
"26092";26092;2
"26093";26093;2
"26094";26094;2
"26095";26095;3
"26096";26096;2
"26097";26097;3
"26098";26098;2
"26099";26099;2
"26100";26100;2
"26101";26101;2
"26102";26102;2
"26103";26103;2
"26104";26104;2
"26105";26105;2
"26106";26106;1
"26107";26107;2
"26108";26108;1
"26109";26109;1
"26110";26110;3
"26111";26111;1
"26112";26112;1
"26113";26113;1
"26114";26114;1
"26115";26115;1
"26116";26116;2
"26117";26117;1
"26118";26118;1
"26119";26119;3
"26120";26120;3
"26121";26121;3
"26122";26122;2
"26123";26123;2
"26124";26124;1
"26125";26125;1
"26126";26126;1
"26127";26127;1
"26128";26128;1
"26129";26129;1
"26130";26130;1
"26131";26131;1
"26132";26132;1
"26133";26133;1
"26134";26134;1
"26135";26135;1
"26136";26136;2
"26137";26137;1
"26138";26138;1
"26139";26139;1
"26140";26140;1
"26141";26141;1
"26142";26142;1
"26143";26143;1
"26144";26144;1
"26145";26145;1
"26146";26146;1
"26147";26147;1
"26148";26148;1
"26149";26149;1
"26150";26150;1
"26151";26151;1
"26152";26152;1
"26153";26153;1
"26154";26154;1
"26155";26155;1
"26156";26156;1
"26157";26157;1
"26158";26158;1
"26159";26159;1
"26160";26160;2
"26161";26161;1
"26162";26162;1
"26163";26163;1
"26164";26164;1
"26165";26165;1
"26166";26166;1
"26167";26167;3
"26168";26168;3
"26169";26169;3
"26170";26170;3
"26171";26171;1
"26172";26172;1
"26173";26173;1
"26174";26174;1
"26175";26175;1
"26176";26176;1
"26177";26177;1
"26178";26178;2
"26179";26179;1
"26180";26180;3
"26181";26181;1
"26182";26182;1
"26183";26183;3
"26184";26184;1
"26185";26185;1
"26186";26186;1
"26187";26187;1
"26188";26188;1
"26189";26189;1
"26190";26190;1
"26191";26191;1
"26192";26192;1
"26193";26193;2
"26194";26194;1
"26195";26195;1
"26196";26196;1
"26197";26197;2
"26198";26198;2
"26199";26199;1
"26200";26200;1
"26201";26201;2
"26202";26202;1
"26203";26203;1
"26204";26204;1
"26205";26205;1
"26206";26206;1
"26207";26207;1
"26208";26208;1
"26209";26209;1
"26210";26210;1
"26211";26211;1
"26212";26212;1
"26213";26213;1
"26214";26214;1
"26215";26215;1
"26216";26216;1
"26217";26217;1
"26218";26218;1
"26219";26219;1
"26220";26220;1
"26221";26221;1
"26222";26222;1
"26223";26223;1
"26224";26224;1
"26225";26225;3
"26226";26226;3
"26227";26227;2
"26228";26228;1
"26229";26229;1
"26230";26230;3
"26231";26231;1
"26232";26232;3
"26233";26233;3
"26234";26234;1
"26235";26235;3
"26236";26236;2
"26237";26237;1
"26238";26238;1
"26239";26239;1
"26240";26240;1
"26241";26241;2
"26242";26242;3
"26243";26243;1
"26244";26244;1
"26245";26245;1
"26246";26246;1
"26247";26247;2
"26248";26248;2
"26249";26249;2
"26250";26250;2
"26251";26251;2
"26252";26252;1
"26253";26253;1
"26254";26254;1
"26255";26255;2
"26256";26256;1
"26257";26257;1
"26258";26258;1
"26259";26259;1
"26260";26260;2
"26261";26261;1
"26262";26262;1
"26263";26263;1
"26264";26264;1
"26265";26265;1
"26266";26266;1
"26267";26267;1
"26268";26268;1
"26269";26269;1
"26270";26270;1
"26271";26271;1
"26272";26272;3
"26273";26273;2
"26274";26274;2
"26275";26275;1
"26276";26276;1
"26277";26277;1
"26278";26278;1
"26279";26279;2
"26280";26280;1
"26281";26281;1
"26282";26282;1
"26283";26283;1
"26284";26284;1
"26285";26285;1
"26286";26286;2
"26287";26287;1
"26288";26288;2
"26289";26289;2
"26290";26290;2
"26291";26291;2
"26292";26292;1
"26293";26293;1
"26294";26294;1
"26295";26295;1
"26296";26296;1
"26297";26297;1
"26298";26298;1
"26299";26299;1
"26300";26300;1
"26301";26301;1
"26302";26302;1
"26303";26303;1
"26304";26304;1
"26305";26305;1
"26306";26306;1
"26307";26307;1
"26308";26308;1
"26309";26309;2
"26310";26310;1
"26311";26311;1
"26312";26312;2
"26313";26313;2
"26314";26314;1
"26315";26315;1
"26316";26316;1
"26317";26317;1
"26318";26318;2
"26319";26319;1
"26320";26320;1
"26321";26321;1
"26322";26322;2
"26323";26323;2
"26324";26324;1
"26325";26325;1
"26326";26326;1
"26327";26327;1
"26328";26328;1
"26329";26329;2
"26330";26330;3
"26331";26331;1
"26332";26332;1
"26333";26333;3
"26334";26334;1
"26335";26335;1
"26336";26336;1
"26337";26337;1
"26338";26338;1
"26339";26339;1
"26340";26340;1
"26341";26341;1
"26342";26342;1
"26343";26343;1
"26344";26344;3
"26345";26345;1
"26346";26346;1
"26347";26347;1
"26348";26348;1
"26349";26349;1
"26350";26350;2
"26351";26351;1
"26352";26352;2
"26353";26353;2
"26354";26354;1
"26355";26355;3
"26356";26356;2
"26357";26357;2
"26358";26358;1
"26359";26359;1
"26360";26360;1
"26361";26361;3
"26362";26362;2
"26363";26363;2
"26364";26364;2
"26365";26365;1
"26366";26366;1
"26367";26367;1
"26368";26368;1
"26369";26369;1
"26370";26370;1
"26371";26371;1
"26372";26372;1
"26373";26373;1
"26374";26374;1
"26375";26375;3
"26376";26376;1
"26377";26377;1
"26378";26378;2
"26379";26379;1
"26380";26380;1
"26381";26381;3
"26382";26382;3
"26383";26383;3
"26384";26384;2
"26385";26385;3
"26386";26386;1
"26387";26387;2
"26388";26388;3
"26389";26389;3
"26390";26390;2
"26391";26391;3
"26392";26392;3
"26393";26393;1
"26394";26394;1
"26395";26395;1
"26396";26396;1
"26397";26397;2
"26398";26398;1
"26399";26399;2
"26400";26400;1
"26401";26401;1
"26402";26402;1
"26403";26403;1
"26404";26404;1
"26405";26405;1
"26406";26406;1
"26407";26407;1
"26408";26408;1
"26409";26409;1
"26410";26410;1
"26411";26411;1
"26412";26412;1
"26413";26413;1
"26414";26414;1
"26415";26415;1
"26416";26416;1
"26417";26417;1
"26418";26418;3
"26419";26419;2
"26420";26420;1
"26421";26421;2
"26422";26422;2
"26423";26423;2
"26424";26424;2
"26425";26425;2
"26426";26426;2
"26427";26427;1
"26428";26428;2
"26429";26429;2
"26430";26430;1
"26431";26431;2
"26432";26432;2
"26433";26433;2
"26434";26434;2
"26435";26435;1
"26436";26436;1
"26437";26437;2
"26438";26438;1
"26439";26439;1
"26440";26440;1
"26441";26441;1
"26442";26442;1
"26443";26443;1
"26444";26444;1
"26445";26445;1
"26446";26446;1
"26447";26447;1
"26448";26448;1
"26449";26449;2
"26450";26450;1
"26451";26451;2
"26452";26452;2
"26453";26453;1
"26454";26454;2
"26455";26455;2
"26456";26456;2
"26457";26457;2
"26458";26458;2
"26459";26459;1
"26460";26460;3
"26461";26461;2
"26462";26462;1
"26463";26463;1
"26464";26464;1
"26465";26465;1
"26466";26466;1
"26467";26467;1
"26468";26468;2
"26469";26469;1
"26470";26470;1
"26471";26471;3
"26472";26472;1
"26473";26473;1
"26474";26474;1
"26475";26475;1
"26476";26476;1
"26477";26477;1
"26478";26478;2
"26479";26479;2
"26480";26480;2
"26481";26481;2
"26482";26482;2
"26483";26483;2
"26484";26484;2
"26485";26485;2
"26486";26486;1
"26487";26487;2
"26488";26488;1
"26489";26489;1
"26490";26490;2
"26491";26491;2
"26492";26492;1
"26493";26493;2
"26494";26494;2
"26495";26495;2
"26496";26496;1
"26497";26497;2
"26498";26498;1
"26499";26499;1
"26500";26500;1
"26501";26501;1
"26502";26502;1
"26503";26503;1
"26504";26504;1
"26505";26505;1
"26506";26506;1
"26507";26507;1
"26508";26508;2
"26509";26509;1
"26510";26510;1
"26511";26511;1
"26512";26512;2
"26513";26513;1
"26514";26514;3
"26515";26515;1
"26516";26516;1
"26517";26517;1
"26518";26518;2
"26519";26519;2
"26520";26520;2
"26521";26521;2
"26522";26522;1
"26523";26523;1
"26524";26524;1
"26525";26525;1
"26526";26526;2
"26527";26527;2
"26528";26528;2
"26529";26529;2
"26530";26530;2
"26531";26531;2
"26532";26532;2
"26533";26533;2
"26534";26534;2
"26535";26535;2
"26536";26536;1
"26537";26537;2
"26538";26538;2
"26539";26539;2
"26540";26540;2
"26541";26541;1
"26542";26542;2
"26543";26543;2
"26544";26544;2
"26545";26545;2
"26546";26546;2
"26547";26547;2
"26548";26548;2
"26549";26549;2
"26550";26550;2
"26551";26551;1
"26552";26552;2
"26553";26553;2
"26554";26554;1
"26555";26555;2
"26556";26556;2
"26557";26557;1
"26558";26558;2
"26559";26559;2
"26560";26560;2
"26561";26561;2
"26562";26562;1
"26563";26563;2
"26564";26564;2
"26565";26565;2
"26566";26566;1
"26567";26567;2
"26568";26568;1
"26569";26569;2
"26570";26570;1
"26571";26571;2
"26572";26572;2
"26573";26573;1
"26574";26574;2
"26575";26575;2
"26576";26576;1
"26577";26577;2
"26578";26578;2
"26579";26579;2
"26580";26580;2
"26581";26581;2
"26582";26582;3
"26583";26583;2
"26584";26584;2
"26585";26585;2
"26586";26586;2
"26587";26587;2
"26588";26588;2
"26589";26589;2
"26590";26590;2
"26591";26591;2
"26592";26592;2
"26593";26593;2
"26594";26594;1
"26595";26595;2
"26596";26596;1
"26597";26597;2
"26598";26598;3
"26599";26599;1
"26600";26600;2
"26601";26601;1
"26602";26602;2
"26603";26603;2
"26604";26604;2
"26605";26605;2
"26606";26606;2
"26607";26607;1
"26608";26608;2
"26609";26609;2
"26610";26610;3
"26611";26611;2
"26612";26612;1
"26613";26613;1
"26614";26614;2
"26615";26615;2
"26616";26616;1
"26617";26617;2
"26618";26618;2
"26619";26619;2
"26620";26620;2
"26621";26621;1
"26622";26622;1
"26623";26623;2
"26624";26624;2
"26625";26625;2
"26626";26626;2
"26627";26627;2
"26628";26628;2
"26629";26629;1
"26630";26630;1
"26631";26631;2
"26632";26632;1
"26633";26633;2
"26634";26634;2
"26635";26635;2
"26636";26636;2
"26637";26637;2
"26638";26638;1
"26639";26639;2
"26640";26640;1
"26641";26641;2
"26642";26642;2
"26643";26643;2
"26644";26644;1
"26645";26645;2
"26646";26646;2
"26647";26647;2
"26648";26648;2
"26649";26649;3
"26650";26650;1
"26651";26651;1
"26652";26652;1
"26653";26653;1
"26654";26654;2
"26655";26655;1
"26656";26656;2
"26657";26657;2
"26658";26658;1
"26659";26659;2
"26660";26660;1
"26661";26661;2
"26662";26662;2
"26663";26663;1
"26664";26664;2
"26665";26665;2
"26666";26666;3
"26667";26667;1
"26668";26668;2
"26669";26669;2
"26670";26670;3
"26671";26671;2
"26672";26672;2
"26673";26673;2
"26674";26674;1
"26675";26675;1
"26676";26676;2
"26677";26677;1
"26678";26678;1
"26679";26679;1
"26680";26680;2
"26681";26681;1
"26682";26682;1
"26683";26683;1
"26684";26684;2
"26685";26685;2
"26686";26686;2
"26687";26687;2
"26688";26688;2
"26689";26689;2
"26690";26690;3
"26691";26691;3
"26692";26692;1
"26693";26693;2
"26694";26694;0
"26695";26695;2
"26696";26696;2
"26697";26697;3
"26698";26698;3
"26699";26699;3
"26700";26700;2
"26701";26701;2
"26702";26702;2
"26703";26703;2
"26704";26704;2
"26705";26705;2
"26706";26706;2
"26707";26707;2
"26708";26708;2
"26709";26709;2
"26710";26710;3
"26711";26711;1
"26712";26712;1
"26713";26713;2
"26714";26714;2
"26715";26715;2
"26716";26716;2
"26717";26717;2
"26718";26718;2
"26719";26719;2
"26720";26720;2
"26721";26721;2
"26722";26722;2
"26723";26723;2
"26724";26724;2
"26725";26725;3
"26726";26726;3
"26727";26727;3
"26728";26728;3
"26729";26729;2
"26730";26730;3
"26731";26731;2
"26732";26732;2
"26733";26733;2
"26734";26734;2
"26735";26735;3
"26736";26736;2
"26737";26737;2
"26738";26738;2
"26739";26739;2
"26740";26740;2
"26741";26741;2
"26742";26742;2
"26743";26743;2
"26744";26744;2
"26745";26745;2
"26746";26746;2
"26747";26747;1
"26748";26748;2
"26749";26749;2
"26750";26750;1
"26751";26751;2
"26752";26752;3
"26753";26753;2
"26754";26754;2
"26755";26755;2
"26756";26756;2
"26757";26757;2
"26758";26758;1
"26759";26759;3
"26760";26760;2
"26761";26761;2
"26762";26762;2
"26763";26763;2
"26764";26764;2
"26765";26765;1
"26766";26766;1
"26767";26767;2
"26768";26768;2
"26769";26769;1
"26770";26770;2
"26771";26771;2
"26772";26772;1
"26773";26773;1
"26774";26774;1
"26775";26775;1
"26776";26776;1
"26777";26777;1
"26778";26778;1
"26779";26779;1
"26780";26780;1
"26781";26781;1
"26782";26782;1
"26783";26783;1
"26784";26784;1
"26785";26785;1
"26786";26786;1
"26787";26787;1
"26788";26788;1
"26789";26789;1
"26790";26790;1
"26791";26791;1
"26792";26792;1
"26793";26793;1
"26794";26794;1
"26795";26795;1
"26796";26796;1
"26797";26797;1
"26798";26798;1
"26799";26799;1
"26800";26800;2
"26801";26801;1
"26802";26802;1
"26803";26803;1
"26804";26804;1
"26805";26805;1
"26806";26806;1
"26807";26807;2
"26808";26808;2
"26809";26809;1
"26810";26810;3
"26811";26811;1
"26812";26812;1
"26813";26813;1
"26814";26814;3
"26815";26815;1
"26816";26816;1
"26817";26817;1
"26818";26818;1
"26819";26819;1
"26820";26820;3
"26821";26821;1
"26822";26822;1
"26823";26823;1
"26824";26824;1
"26825";26825;1
"26826";26826;1
"26827";26827;2
"26828";26828;2
"26829";26829;2
"26830";26830;2
"26831";26831;2
"26832";26832;3
"26833";26833;3
"26834";26834;1
"26835";26835;2
"26836";26836;2
"26837";26837;3
"26838";26838;1
"26839";26839;1
"26840";26840;1
"26841";26841;2
"26842";26842;1
"26843";26843;2
"26844";26844;1
"26845";26845;1
"26846";26846;2
"26847";26847;1
"26848";26848;2
"26849";26849;1
"26850";26850;1
"26851";26851;2
"26852";26852;1
"26853";26853;1
"26854";26854;2
"26855";26855;1
"26856";26856;2
"26857";26857;1
"26858";26858;1
"26859";26859;1
"26860";26860;1
"26861";26861;1
"26862";26862;2
"26863";26863;1
"26864";26864;2
"26865";26865;1
"26866";26866;1
"26867";26867;2
"26868";26868;1
"26869";26869;1
"26870";26870;1
"26871";26871;1
"26872";26872;1
"26873";26873;2
"26874";26874;1
"26875";26875;1
"26876";26876;3
"26877";26877;1
"26878";26878;1
"26879";26879;1
"26880";26880;2
"26881";26881;1
"26882";26882;1
"26883";26883;2
"26884";26884;1
"26885";26885;1
"26886";26886;1
"26887";26887;1
"26888";26888;1
"26889";26889;1
"26890";26890;1
"26891";26891;1
"26892";26892;1
"26893";26893;1
"26894";26894;1
"26895";26895;1
"26896";26896;1
"26897";26897;1
"26898";26898;1
"26899";26899;1
"26900";26900;1
"26901";26901;1
"26902";26902;1
"26903";26903;1
"26904";26904;1
"26905";26905;1
"26906";26906;2
"26907";26907;2
"26908";26908;1
"26909";26909;2
"26910";26910;2
"26911";26911;1
"26912";26912;2
"26913";26913;1
"26914";26914;2
"26915";26915;1
"26916";26916;1
"26917";26917;2
"26918";26918;1
"26919";26919;2
"26920";26920;2
"26921";26921;3
"26922";26922;1
"26923";26923;1
"26924";26924;1
"26925";26925;1
"26926";26926;3
"26927";26927;3
"26928";26928;2
"26929";26929;2
"26930";26930;2
"26931";26931;3
"26932";26932;1
"26933";26933;2
"26934";26934;2
"26935";26935;1
"26936";26936;3
"26937";26937;1
"26938";26938;3
"26939";26939;2
"26940";26940;2
"26941";26941;2
"26942";26942;2
"26943";26943;1
"26944";26944;1
"26945";26945;2
"26946";26946;2
"26947";26947;2
"26948";26948;2
"26949";26949;1
"26950";26950;1
"26951";26951;2
"26952";26952;1
"26953";26953;2
"26954";26954;1
"26955";26955;2
"26956";26956;1
"26957";26957;1
"26958";26958;1
"26959";26959;1
"26960";26960;1
"26961";26961;1
"26962";26962;1
"26963";26963;1
"26964";26964;1
"26965";26965;1
"26966";26966;1
"26967";26967;1
"26968";26968;1
"26969";26969;1
"26970";26970;1
"26971";26971;1
"26972";26972;1
"26973";26973;1
"26974";26974;1
"26975";26975;1
"26976";26976;1
"26977";26977;1
"26978";26978;1
"26979";26979;1
"26980";26980;1
"26981";26981;1
"26982";26982;1
"26983";26983;1
"26984";26984;1
"26985";26985;1
"26986";26986;1
"26987";26987;1
"26988";26988;1
"26989";26989;1
"26990";26990;1
"26991";26991;1
"26992";26992;1
"26993";26993;1
"26994";26994;3
"26995";26995;1
"26996";26996;1
"26997";26997;1
"26998";26998;1
"26999";26999;1
"27000";27000;1
"27001";27001;1
"27002";27002;1
"27003";27003;1
"27004";27004;1
"27005";27005;1
"27006";27006;2
"27007";27007;1
"27008";27008;2
"27009";27009;2
"27010";27010;1
"27011";27011;1
"27012";27012;1
"27013";27013;1
"27014";27014;1
"27015";27015;1
"27016";27016;1
"27017";27017;1
"27018";27018;1
"27019";27019;1
"27020";27020;1
"27021";27021;1
"27022";27022;1
"27023";27023;1
"27024";27024;1
"27025";27025;1
"27026";27026;1
"27027";27027;2
"27028";27028;2
"27029";27029;1
"27030";27030;2
"27031";27031;1
"27032";27032;1
"27033";27033;2
"27034";27034;1
"27035";27035;1
"27036";27036;1
"27037";27037;1
"27038";27038;1
"27039";27039;1
"27040";27040;1
"27041";27041;1
"27042";27042;2
"27043";27043;2
"27044";27044;2
"27045";27045;2
"27046";27046;1
"27047";27047;2
"27048";27048;2
"27049";27049;2
"27050";27050;2
"27051";27051;2
"27052";27052;2
"27053";27053;2
"27054";27054;1
"27055";27055;2
"27056";27056;2
"27057";27057;2
"27058";27058;2
"27059";27059;2
"27060";27060;2
"27061";27061;2
"27062";27062;1
"27063";27063;1
"27064";27064;1
"27065";27065;1
"27066";27066;1
"27067";27067;1
"27068";27068;1
"27069";27069;1
"27070";27070;1
"27071";27071;2
"27072";27072;1
"27073";27073;2
"27074";27074;2
"27075";27075;1
"27076";27076;2
"27077";27077;3
"27078";27078;3
"27079";27079;2
"27080";27080;1
"27081";27081;2
"27082";27082;3
"27083";27083;3
"27084";27084;3
"27085";27085;2
"27086";27086;2
"27087";27087;3
"27088";27088;2
"27089";27089;2
"27090";27090;2
"27091";27091;2
"27092";27092;3
"27093";27093;2
"27094";27094;2
"27095";27095;2
"27096";27096;3
"27097";27097;2
"27098";27098;3
"27099";27099;3
"27100";27100;3
"27101";27101;3
"27102";27102;3
"27103";27103;2
"27104";27104;3
"27105";27105;3
"27106";27106;3
"27107";27107;3
"27108";27108;3
"27109";27109;3
"27110";27110;3
"27111";27111;3
"27112";27112;3
"27113";27113;3
"27114";27114;3
"27115";27115;3
"27116";27116;3
"27117";27117;3
"27118";27118;3
"27119";27119;3
"27120";27120;3
"27121";27121;3
"27122";27122;3
"27123";27123;3
"27124";27124;3
"27125";27125;3
"27126";27126;3
"27127";27127;3
"27128";27128;2
"27129";27129;3
"27130";27130;1
"27131";27131;3
"27132";27132;3
"27133";27133;1
"27134";27134;1
"27135";27135;3
"27136";27136;3
"27137";27137;3
"27138";27138;2
"27139";27139;3
"27140";27140;3
"27141";27141;3
"27142";27142;3
"27143";27143;3
"27144";27144;3
"27145";27145;3
"27146";27146;3
"27147";27147;3
"27148";27148;3
"27149";27149;1
"27150";27150;3
"27151";27151;3
"27152";27152;3
"27153";27153;3
"27154";27154;2
"27155";27155;2
"27156";27156;3
"27157";27157;3
"27158";27158;3
"27159";27159;3
"27160";27160;3
"27161";27161;2
"27162";27162;3
"27163";27163;2
"27164";27164;3
"27165";27165;3
"27166";27166;3
"27167";27167;3
"27168";27168;2
"27169";27169;2
"27170";27170;3
"27171";27171;2
"27172";27172;3
"27173";27173;3
"27174";27174;3
"27175";27175;2
"27176";27176;3
"27177";27177;3
"27178";27178;3
"27179";27179;2
"27180";27180;2
"27181";27181;3
"27182";27182;2
"27183";27183;3
"27184";27184;3
"27185";27185;3
"27186";27186;3
"27187";27187;3
"27188";27188;3
"27189";27189;2
"27190";27190;3
"27191";27191;3
"27192";27192;3
"27193";27193;3
"27194";27194;2
"27195";27195;3
"27196";27196;3
"27197";27197;3
"27198";27198;3
"27199";27199;3
"27200";27200;3
"27201";27201;3
"27202";27202;1
"27203";27203;3
"27204";27204;3
"27205";27205;3
"27206";27206;3
"27207";27207;3
"27208";27208;3
"27209";27209;3
"27210";27210;3
"27211";27211;3
"27212";27212;3
"27213";27213;3
"27214";27214;3
"27215";27215;3
"27216";27216;3
"27217";27217;3
"27218";27218;2
"27219";27219;3
"27220";27220;1
"27221";27221;3
"27222";27222;3
"27223";27223;3
"27224";27224;2
"27225";27225;3
"27226";27226;3
"27227";27227;2
"27228";27228;3
"27229";27229;3
"27230";27230;3
"27231";27231;3
"27232";27232;3
"27233";27233;2
"27234";27234;3
"27235";27235;3
"27236";27236;3
"27237";27237;3
"27238";27238;3
"27239";27239;3
"27240";27240;3
"27241";27241;3
"27242";27242;1
"27243";27243;3
"27244";27244;3
"27245";27245;3
"27246";27246;3
"27247";27247;2
"27248";27248;3
"27249";27249;3
"27250";27250;3
"27251";27251;1
"27252";27252;0
"27253";27253;3
"27254";27254;3
"27255";27255;2
"27256";27256;3
"27257";27257;1
"27258";27258;3
"27259";27259;2
"27260";27260;1
"27261";27261;3
"27262";27262;2
"27263";27263;1
"27264";27264;1
"27265";27265;1
"27266";27266;1
"27267";27267;3
"27268";27268;3
"27269";27269;3
"27270";27270;1
"27271";27271;1
"27272";27272;2
"27273";27273;2
"27274";27274;1
"27275";27275;3
"27276";27276;2
"27277";27277;1
"27278";27278;2
"27279";27279;1
"27280";27280;3
"27281";27281;3
"27282";27282;3
"27283";27283;3
"27284";27284;2
"27285";27285;3
"27286";27286;1
"27287";27287;3
"27288";27288;2
"27289";27289;1
"27290";27290;1
"27291";27291;2
"27292";27292;2
"27293";27293;1
"27294";27294;1
"27295";27295;1
"27296";27296;1
"27297";27297;3
"27298";27298;3
"27299";27299;3
"27300";27300;3
"27301";27301;3
"27302";27302;3
"27303";27303;3
"27304";27304;3
"27305";27305;3
"27306";27306;3
"27307";27307;1
"27308";27308;3
"27309";27309;3
"27310";27310;3
"27311";27311;2
"27312";27312;3
"27313";27313;3
"27314";27314;2
"27315";27315;3
"27316";27316;1
"27317";27317;3
"27318";27318;3
"27319";27319;3
"27320";27320;2
"27321";27321;3
"27322";27322;3
"27323";27323;3
"27324";27324;0
"27325";27325;2
"27326";27326;2
"27327";27327;2
"27328";27328;3
"27329";27329;2
"27330";27330;2
"27331";27331;2
"27332";27332;2
"27333";27333;3
"27334";27334;3
"27335";27335;3
"27336";27336;3
"27337";27337;3
"27338";27338;1
"27339";27339;1
"27340";27340;1
"27341";27341;1
"27342";27342;2
"27343";27343;1
"27344";27344;1
"27345";27345;1
"27346";27346;3
"27347";27347;3
"27348";27348;3
"27349";27349;1
"27350";27350;1
"27351";27351;1
"27352";27352;1
"27353";27353;1
"27354";27354;1
"27355";27355;3
"27356";27356;3
"27357";27357;3
"27358";27358;2
"27359";27359;1
"27360";27360;3
"27361";27361;1
"27362";27362;3
"27363";27363;1
"27364";27364;1
"27365";27365;1
"27366";27366;3
"27367";27367;2
"27368";27368;1
"27369";27369;3
"27370";27370;3
"27371";27371;1
"27372";27372;2
"27373";27373;1
"27374";27374;1
"27375";27375;1
"27376";27376;1
"27377";27377;1
"27378";27378;3
"27379";27379;1
"27380";27380;3
"27381";27381;3
"27382";27382;3
"27383";27383;1
"27384";27384;1
"27385";27385;1
"27386";27386;1
"27387";27387;3
"27388";27388;1
"27389";27389;3
"27390";27390;3
"27391";27391;3
"27392";27392;3
"27393";27393;3
"27394";27394;3
"27395";27395;3
"27396";27396;3
"27397";27397;3
"27398";27398;2
"27399";27399;3
"27400";27400;3
"27401";27401;3
"27402";27402;3
"27403";27403;3
"27404";27404;3
"27405";27405;3
"27406";27406;3
"27407";27407;3
"27408";27408;3
"27409";27409;2
"27410";27410;2
"27411";27411;2
"27412";27412;3
"27413";27413;2
"27414";27414;2
"27415";27415;2
"27416";27416;3
"27417";27417;3
"27418";27418;3
"27419";27419;3
"27420";27420;3
"27421";27421;2
"27422";27422;2
"27423";27423;3
"27424";27424;3
"27425";27425;2
"27426";27426;3
"27427";27427;3
"27428";27428;3
"27429";27429;3
"27430";27430;2
"27431";27431;2
"27432";27432;2
"27433";27433;3
"27434";27434;2
"27435";27435;2
"27436";27436;3
"27437";27437;2
"27438";27438;1
"27439";27439;3
"27440";27440;3
"27441";27441;2
"27442";27442;3
"27443";27443;3
"27444";27444;3
"27445";27445;3
"27446";27446;3
"27447";27447;1
"27448";27448;3
"27449";27449;3
"27450";27450;3
"27451";27451;3
"27452";27452;3
"27453";27453;3
"27454";27454;3
"27455";27455;3
"27456";27456;1
"27457";27457;3
"27458";27458;3
"27459";27459;3
"27460";27460;2
"27461";27461;3
"27462";27462;3
"27463";27463;2
"27464";27464;3
"27465";27465;3
"27466";27466;2
"27467";27467;2
"27468";27468;3
"27469";27469;3
"27470";27470;3
"27471";27471;3
"27472";27472;3
"27473";27473;3
"27474";27474;3
"27475";27475;3
"27476";27476;3
"27477";27477;3
"27478";27478;3
"27479";27479;3
"27480";27480;1
"27481";27481;1
"27482";27482;1
"27483";27483;1
"27484";27484;1
"27485";27485;3
"27486";27486;1
"27487";27487;3
"27488";27488;3
"27489";27489;3
"27490";27490;2
"27491";27491;2
"27492";27492;1
"27493";27493;3
"27494";27494;2
"27495";27495;1
"27496";27496;3
"27497";27497;3
"27498";27498;2
"27499";27499;3
"27500";27500;1
"27501";27501;2
"27502";27502;2
"27503";27503;2
"27504";27504;3
"27505";27505;3
"27506";27506;3
"27507";27507;3
"27508";27508;3
"27509";27509;3
"27510";27510;2
"27511";27511;2
"27512";27512;1
"27513";27513;2
"27514";27514;1
"27515";27515;2
"27516";27516;3
"27517";27517;2
"27518";27518;1
"27519";27519;2
"27520";27520;2
"27521";27521;1
"27522";27522;2
"27523";27523;2
"27524";27524;2
"27525";27525;2
"27526";27526;2
"27527";27527;2
"27528";27528;2
"27529";27529;2
"27530";27530;2
"27531";27531;2
"27532";27532;2
"27533";27533;2
"27534";27534;2
"27535";27535;2
"27536";27536;3
"27537";27537;3
"27538";27538;3
"27539";27539;3
"27540";27540;3
"27541";27541;2
"27542";27542;2
"27543";27543;2
"27544";27544;1
"27545";27545;1
"27546";27546;1
"27547";27547;1
"27548";27548;2
"27549";27549;2
"27550";27550;1
"27551";27551;3
"27552";27552;3
"27553";27553;1
"27554";27554;2
"27555";27555;3
"27556";27556;1
"27557";27557;1
"27558";27558;1
"27559";27559;3
"27560";27560;3
"27561";27561;1
"27562";27562;3
"27563";27563;3
"27564";27564;1
"27565";27565;1
"27566";27566;1
"27567";27567;1
"27568";27568;3
"27569";27569;1
"27570";27570;1
"27571";27571;1
"27572";27572;1
"27573";27573;1
"27574";27574;3
"27575";27575;1
"27576";27576;3
"27577";27577;1
"27578";27578;1
"27579";27579;1
"27580";27580;1
"27581";27581;1
"27582";27582;1
"27583";27583;3
"27584";27584;1
"27585";27585;1
"27586";27586;1
"27587";27587;3
"27588";27588;3
"27589";27589;1
"27590";27590;3
"27591";27591;1
"27592";27592;1
"27593";27593;1
"27594";27594;1
"27595";27595;1
"27596";27596;1
"27597";27597;1
"27598";27598;1
"27599";27599;2
"27600";27600;2
"27601";27601;2
"27602";27602;2
"27603";27603;2
"27604";27604;3
"27605";27605;3
"27606";27606;1
"27607";27607;1
"27608";27608;1
"27609";27609;1
"27610";27610;1
"27611";27611;1
"27612";27612;2
"27613";27613;1
"27614";27614;1
"27615";27615;1
"27616";27616;1
"27617";27617;1
"27618";27618;2
"27619";27619;1
"27620";27620;1
"27621";27621;2
"27622";27622;2
"27623";27623;1
"27624";27624;1
"27625";27625;3
"27626";27626;3
"27627";27627;3
"27628";27628;2
"27629";27629;3
"27630";27630;3
"27631";27631;3
"27632";27632;1
"27633";27633;2
"27634";27634;1
"27635";27635;1
"27636";27636;1
"27637";27637;1
"27638";27638;1
"27639";27639;1
"27640";27640;2
"27641";27641;1
"27642";27642;1
"27643";27643;1
"27644";27644;3
"27645";27645;3
"27646";27646;1
"27647";27647;3
"27648";27648;1
"27649";27649;1
"27650";27650;1
"27651";27651;3
"27652";27652;3
"27653";27653;3
"27654";27654;3
"27655";27655;3
"27656";27656;3
"27657";27657;3
"27658";27658;3
"27659";27659;1
"27660";27660;3
"27661";27661;3
"27662";27662;1
"27663";27663;1
"27664";27664;1
"27665";27665;3
"27666";27666;1
"27667";27667;1
"27668";27668;3
"27669";27669;2
"27670";27670;3
"27671";27671;3
"27672";27672;1
"27673";27673;1
"27674";27674;1
"27675";27675;1
"27676";27676;1
"27677";27677;3
"27678";27678;3
"27679";27679;3
"27680";27680;2
"27681";27681;1
"27682";27682;1
"27683";27683;2
"27684";27684;1
"27685";27685;3
"27686";27686;2
"27687";27687;3
"27688";27688;1
"27689";27689;1
"27690";27690;3
"27691";27691;1
"27692";27692;1
"27693";27693;1
"27694";27694;3
"27695";27695;1
"27696";27696;1
"27697";27697;2
"27698";27698;2
"27699";27699;2
"27700";27700;3
"27701";27701;2
"27702";27702;2
"27703";27703;2
"27704";27704;3
"27705";27705;1
"27706";27706;3
"27707";27707;1
"27708";27708;1
"27709";27709;1
"27710";27710;1
"27711";27711;3
"27712";27712;2
"27713";27713;3
"27714";27714;3
"27715";27715;3
"27716";27716;3
"27717";27717;2
"27718";27718;2
"27719";27719;2
"27720";27720;3
"27721";27721;3
"27722";27722;3
"27723";27723;3
"27724";27724;3
"27725";27725;3
"27726";27726;3
"27727";27727;3
"27728";27728;2
"27729";27729;3
"27730";27730;3
"27731";27731;3
"27732";27732;3
"27733";27733;2
"27734";27734;1
"27735";27735;1
"27736";27736;2
"27737";27737;2
"27738";27738;3
"27739";27739;2
"27740";27740;2
"27741";27741;2
"27742";27742;2
"27743";27743;2
"27744";27744;3
"27745";27745;2
"27746";27746;2
"27747";27747;1
"27748";27748;1
"27749";27749;3
"27750";27750;3
"27751";27751;3
"27752";27752;3
"27753";27753;3
"27754";27754;3
"27755";27755;3
"27756";27756;1
"27757";27757;3
"27758";27758;1
"27759";27759;3
"27760";27760;3
"27761";27761;3
"27762";27762;1
"27763";27763;2
"27764";27764;1
"27765";27765;1
"27766";27766;3
"27767";27767;2
"27768";27768;1
"27769";27769;3
"27770";27770;1
"27771";27771;2
"27772";27772;3
"27773";27773;3
"27774";27774;2
"27775";27775;2
"27776";27776;2
"27777";27777;3
"27778";27778;3
"27779";27779;2
"27780";27780;1
"27781";27781;1
"27782";27782;1
"27783";27783;2
"27784";27784;2
"27785";27785;2
"27786";27786;2
"27787";27787;2
"27788";27788;2
"27789";27789;2
"27790";27790;2
"27791";27791;2
"27792";27792;2
"27793";27793;2
"27794";27794;3
"27795";27795;2
"27796";27796;2
"27797";27797;2
"27798";27798;2
"27799";27799;2
"27800";27800;2
"27801";27801;2
"27802";27802;2
"27803";27803;1
"27804";27804;1
"27805";27805;1
"27806";27806;2
"27807";27807;1
"27808";27808;1
"27809";27809;1
"27810";27810;1
"27811";27811;1
"27812";27812;1
"27813";27813;1
"27814";27814;3
"27815";27815;2
"27816";27816;1
"27817";27817;2
"27818";27818;3
"27819";27819;2
"27820";27820;3
"27821";27821;1
"27822";27822;2
"27823";27823;2
"27824";27824;1
"27825";27825;1
"27826";27826;2
"27827";27827;2
"27828";27828;2
"27829";27829;2
"27830";27830;2
"27831";27831;1
"27832";27832;1
"27833";27833;1
"27834";27834;2
"27835";27835;1
"27836";27836;1
"27837";27837;2
"27838";27838;1
"27839";27839;1
"27840";27840;1
"27841";27841;1
"27842";27842;1
"27843";27843;2
"27844";27844;1
"27845";27845;1
"27846";27846;1
"27847";27847;1
"27848";27848;3
"27849";27849;1
"27850";27850;1
"27851";27851;1
"27852";27852;1
"27853";27853;1
"27854";27854;3
"27855";27855;3
"27856";27856;3
"27857";27857;1
"27858";27858;1
"27859";27859;1
"27860";27860;1
"27861";27861;1
"27862";27862;1
"27863";27863;1
"27864";27864;1
"27865";27865;1
"27866";27866;1
"27867";27867;2
"27868";27868;1
"27869";27869;1
"27870";27870;1
"27871";27871;1
"27872";27872;1
"27873";27873;1
"27874";27874;1
"27875";27875;1
"27876";27876;1
"27877";27877;2
"27878";27878;1
"27879";27879;1
"27880";27880;2
"27881";27881;1
"27882";27882;1
"27883";27883;1
"27884";27884;1
"27885";27885;1
"27886";27886;1
"27887";27887;1
"27888";27888;1
"27889";27889;2
"27890";27890;2
"27891";27891;2
"27892";27892;2
"27893";27893;3
"27894";27894;3
"27895";27895;1
"27896";27896;1
"27897";27897;1
"27898";27898;3
"27899";27899;1
"27900";27900;2
"27901";27901;3
"27902";27902;3
"27903";27903;2
"27904";27904;2
"27905";27905;1
"27906";27906;1
"27907";27907;2
"27908";27908;2
"27909";27909;2
"27910";27910;2
"27911";27911;2
"27912";27912;2
"27913";27913;2
"27914";27914;2
"27915";27915;2
"27916";27916;2
"27917";27917;3
"27918";27918;3
"27919";27919;2
"27920";27920;1
"27921";27921;1
"27922";27922;3
"27923";27923;2
"27924";27924;1
"27925";27925;1
"27926";27926;3
"27927";27927;3
"27928";27928;2
"27929";27929;3
"27930";27930;2
"27931";27931;3
"27932";27932;1
"27933";27933;1
"27934";27934;3
"27935";27935;2
"27936";27936;1
"27937";27937;2
"27938";27938;2
"27939";27939;1
"27940";27940;1
"27941";27941;1
"27942";27942;1
"27943";27943;1
"27944";27944;1
"27945";27945;1
"27946";27946;1
"27947";27947;1
"27948";27948;1
"27949";27949;1
"27950";27950;1
"27951";27951;1
"27952";27952;1
"27953";27953;1
"27954";27954;1
"27955";27955;1
"27956";27956;1
"27957";27957;1
"27958";27958;1
"27959";27959;1
"27960";27960;1
"27961";27961;1
"27962";27962;1
"27963";27963;1
"27964";27964;1
"27965";27965;1
"27966";27966;1
"27967";27967;1
"27968";27968;1
"27969";27969;1
"27970";27970;3
"27971";27971;1
"27972";27972;1
"27973";27973;1
"27974";27974;1
"27975";27975;1
"27976";27976;1
"27977";27977;1
"27978";27978;1
"27979";27979;1
"27980";27980;1
"27981";27981;1
"27982";27982;1
"27983";27983;1
"27984";27984;1
"27985";27985;1
"27986";27986;2
"27987";27987;1
"27988";27988;1
"27989";27989;1
"27990";27990;1
"27991";27991;1
"27992";27992;1
"27993";27993;1
"27994";27994;1
"27995";27995;1
"27996";27996;1
"27997";27997;1
"27998";27998;1
"27999";27999;1
"28000";28000;1
"28001";28001;1
"28002";28002;1
"28003";28003;1
"28004";28004;1
"28005";28005;1
"28006";28006;1
"28007";28007;1
"28008";28008;1
"28009";28009;1
"28010";28010;1
"28011";28011;2
"28012";28012;1
"28013";28013;1
"28014";28014;1
"28015";28015;1
"28016";28016;1
"28017";28017;1
"28018";28018;1
"28019";28019;1
"28020";28020;1
"28021";28021;1
"28022";28022;2
"28023";28023;1
"28024";28024;1
"28025";28025;1
"28026";28026;3
"28027";28027;2
"28028";28028;1
"28029";28029;2
"28030";28030;2
"28031";28031;3
"28032";28032;3
"28033";28033;1
"28034";28034;1
"28035";28035;1
"28036";28036;3
"28037";28037;1
"28038";28038;1
"28039";28039;1
"28040";28040;1
"28041";28041;1
"28042";28042;1
"28043";28043;1
"28044";28044;1
"28045";28045;1
"28046";28046;1
"28047";28047;1
"28048";28048;1
"28049";28049;1
"28050";28050;1
"28051";28051;1
"28052";28052;3
"28053";28053;1
"28054";28054;1
"28055";28055;3
"28056";28056;1
"28057";28057;1
"28058";28058;1
"28059";28059;1
"28060";28060;1
"28061";28061;1
"28062";28062;1
"28063";28063;2
"28064";28064;1
"28065";28065;3
"28066";28066;3
"28067";28067;1
"28068";28068;1
"28069";28069;2
"28070";28070;2
"28071";28071;3
"28072";28072;1
"28073";28073;3
"28074";28074;1
"28075";28075;1
"28076";28076;2
"28077";28077;1
"28078";28078;1
"28079";28079;1
"28080";28080;1
"28081";28081;1
"28082";28082;2
"28083";28083;2
"28084";28084;1
"28085";28085;1
"28086";28086;1
"28087";28087;1
"28088";28088;1
"28089";28089;1
"28090";28090;2
"28091";28091;1
"28092";28092;1
"28093";28093;1
"28094";28094;1
"28095";28095;1
"28096";28096;2
"28097";28097;1
"28098";28098;2
"28099";28099;2
"28100";28100;1
"28101";28101;1
"28102";28102;2
"28103";28103;1
"28104";28104;1
"28105";28105;1
"28106";28106;2
"28107";28107;1
"28108";28108;1
"28109";28109;2
"28110";28110;1
"28111";28111;1
"28112";28112;1
"28113";28113;3
"28114";28114;3
"28115";28115;3
"28116";28116;3
"28117";28117;2
"28118";28118;1
"28119";28119;1
"28120";28120;1
"28121";28121;3
"28122";28122;3
"28123";28123;1
"28124";28124;1
"28125";28125;1
"28126";28126;1
"28127";28127;3
"28128";28128;1
"28129";28129;3
"28130";28130;1
"28131";28131;3
"28132";28132;2
"28133";28133;3
"28134";28134;1
"28135";28135;3
"28136";28136;3
"28137";28137;3
"28138";28138;2
"28139";28139;1
"28140";28140;3
"28141";28141;2
"28142";28142;2
"28143";28143;1
"28144";28144;1
"28145";28145;1
"28146";28146;1
"28147";28147;1
"28148";28148;1
"28149";28149;1
"28150";28150;1
"28151";28151;1
"28152";28152;1
"28153";28153;1
"28154";28154;1
"28155";28155;1
"28156";28156;1
"28157";28157;3
"28158";28158;1
"28159";28159;1
"28160";28160;3
"28161";28161;3
"28162";28162;1
"28163";28163;1
"28164";28164;1
"28165";28165;1
"28166";28166;1
"28167";28167;1
"28168";28168;1
"28169";28169;2
"28170";28170;2
"28171";28171;2
"28172";28172;1
"28173";28173;1
"28174";28174;1
"28175";28175;1
"28176";28176;1
"28177";28177;1
"28178";28178;1
"28179";28179;1
"28180";28180;1
"28181";28181;1
"28182";28182;1
"28183";28183;1
"28184";28184;1
"28185";28185;1
"28186";28186;1
"28187";28187;2
"28188";28188;2
"28189";28189;1
"28190";28190;1
"28191";28191;3
"28192";28192;2
"28193";28193;2
"28194";28194;2
"28195";28195;3
"28196";28196;3
"28197";28197;1
"28198";28198;2
"28199";28199;1
"28200";28200;2
"28201";28201;1
"28202";28202;3
"28203";28203;1
"28204";28204;2
"28205";28205;2
"28206";28206;3
"28207";28207;2
"28208";28208;1
"28209";28209;3
"28210";28210;2
"28211";28211;1
"28212";28212;1
"28213";28213;2
"28214";28214;2
"28215";28215;2
"28216";28216;3
"28217";28217;1
"28218";28218;1
"28219";28219;2
"28220";28220;2
"28221";28221;1
"28222";28222;2
"28223";28223;2
"28224";28224;1
"28225";28225;2
"28226";28226;2
"28227";28227;1
"28228";28228;2
"28229";28229;1
"28230";28230;2
"28231";28231;2
"28232";28232;2
"28233";28233;3
"28234";28234;2
"28235";28235;1
"28236";28236;1
"28237";28237;1
"28238";28238;1
"28239";28239;3
"28240";28240;1
"28241";28241;1
"28242";28242;1
"28243";28243;1
"28244";28244;1
"28245";28245;1
"28246";28246;1
"28247";28247;1
"28248";28248;1
"28249";28249;1
"28250";28250;1
"28251";28251;1
"28252";28252;3
"28253";28253;1
"28254";28254;1
"28255";28255;1
"28256";28256;1
"28257";28257;1
"28258";28258;1
"28259";28259;1
"28260";28260;1
"28261";28261;2
"28262";28262;1
"28263";28263;1
"28264";28264;1
"28265";28265;2
"28266";28266;2
"28267";28267;2
"28268";28268;2
"28269";28269;2
"28270";28270;3
"28271";28271;2
"28272";28272;2
"28273";28273;2
"28274";28274;2
"28275";28275;2
"28276";28276;3
"28277";28277;3
"28278";28278;2
"28279";28279;3
"28280";28280;2
"28281";28281;2
"28282";28282;3
"28283";28283;3
"28284";28284;1
"28285";28285;2
"28286";28286;2
"28287";28287;2
"28288";28288;1
"28289";28289;2
"28290";28290;2
"28291";28291;3
"28292";28292;3
"28293";28293;2
"28294";28294;2
"28295";28295;1
"28296";28296;2
"28297";28297;2
"28298";28298;1
"28299";28299;2
"28300";28300;2
"28301";28301;2
"28302";28302;2
"28303";28303;2
"28304";28304;2
"28305";28305;1
"28306";28306;1
"28307";28307;2
"28308";28308;1
"28309";28309;2
"28310";28310;1
"28311";28311;2
"28312";28312;2
"28313";28313;1
"28314";28314;2
"28315";28315;2
"28316";28316;2
"28317";28317;3
"28318";28318;1
"28319";28319;1
"28320";28320;1
"28321";28321;1
"28322";28322;1
"28323";28323;1
"28324";28324;3
"28325";28325;1
"28326";28326;3
"28327";28327;2
"28328";28328;1
"28329";28329;1
"28330";28330;2
"28331";28331;1
"28332";28332;1
"28333";28333;3
"28334";28334;2
"28335";28335;1
"28336";28336;1
"28337";28337;1
"28338";28338;3
"28339";28339;1
"28340";28340;2
"28341";28341;2
"28342";28342;1
"28343";28343;2
"28344";28344;2
"28345";28345;2
"28346";28346;2
"28347";28347;3
"28348";28348;2
"28349";28349;2
"28350";28350;2
"28351";28351;2
"28352";28352;2
"28353";28353;2
"28354";28354;2
"28355";28355;2
"28356";28356;2
"28357";28357;2
"28358";28358;2
"28359";28359;2
"28360";28360;2
"28361";28361;2
"28362";28362;2
"28363";28363;2
"28364";28364;2
"28365";28365;2
"28366";28366;3
"28367";28367;2
"28368";28368;1
"28369";28369;2
"28370";28370;3
"28371";28371;3
"28372";28372;1
"28373";28373;2
"28374";28374;3
"28375";28375;1
"28376";28376;2
"28377";28377;1
"28378";28378;1
"28379";28379;1
"28380";28380;1
"28381";28381;1
"28382";28382;1
"28383";28383;1
"28384";28384;1
"28385";28385;2
"28386";28386;1
"28387";28387;1
"28388";28388;3
"28389";28389;2
"28390";28390;1
"28391";28391;3
"28392";28392;2
"28393";28393;1
"28394";28394;1
"28395";28395;3
"28396";28396;1
"28397";28397;2
"28398";28398;2
"28399";28399;2
"28400";28400;1
"28401";28401;1
"28402";28402;1
"28403";28403;1
"28404";28404;2
"28405";28405;1
"28406";28406;2
"28407";28407;2
"28408";28408;1
"28409";28409;1
"28410";28410;1
"28411";28411;1
"28412";28412;1
"28413";28413;1
"28414";28414;1
"28415";28415;1
"28416";28416;1
"28417";28417;1
"28418";28418;2
"28419";28419;1
"28420";28420;1
"28421";28421;2
"28422";28422;1
"28423";28423;1
"28424";28424;2
"28425";28425;1
"28426";28426;1
"28427";28427;1
"28428";28428;1
"28429";28429;1
"28430";28430;2
"28431";28431;1
"28432";28432;2
"28433";28433;2
"28434";28434;1
"28435";28435;1
"28436";28436;1
"28437";28437;1
"28438";28438;1
"28439";28439;1
"28440";28440;1
"28441";28441;1
"28442";28442;2
"28443";28443;2
"28444";28444;3
"28445";28445;3
"28446";28446;3
"28447";28447;2
"28448";28448;1
"28449";28449;1
"28450";28450;1
"28451";28451;1
"28452";28452;1
"28453";28453;1
"28454";28454;1
"28455";28455;2
"28456";28456;1
"28457";28457;1
"28458";28458;1
"28459";28459;2
"28460";28460;1
"28461";28461;2
"28462";28462;1
"28463";28463;1
"28464";28464;1
"28465";28465;1
"28466";28466;1
"28467";28467;1
"28468";28468;1
"28469";28469;1
"28470";28470;1
"28471";28471;1
"28472";28472;1
"28473";28473;1
"28474";28474;1
"28475";28475;1
"28476";28476;1
"28477";28477;1
"28478";28478;1
"28479";28479;1
"28480";28480;1
"28481";28481;1
"28482";28482;1
"28483";28483;1
"28484";28484;1
"28485";28485;1
"28486";28486;1
"28487";28487;1
"28488";28488;1
"28489";28489;1
"28490";28490;1
"28491";28491;2
"28492";28492;2
"28493";28493;2
"28494";28494;1
"28495";28495;2
"28496";28496;3
"28497";28497;1
"28498";28498;2
"28499";28499;2
"28500";28500;2
"28501";28501;2
"28502";28502;2
"28503";28503;1
"28504";28504;1
"28505";28505;1
"28506";28506;1
"28507";28507;2
"28508";28508;1
"28509";28509;2
"28510";28510;2
"28511";28511;1
"28512";28512;1
"28513";28513;1
"28514";28514;1
"28515";28515;1
"28516";28516;1
"28517";28517;2
"28518";28518;1
"28519";28519;2
"28520";28520;1
"28521";28521;1
"28522";28522;2
"28523";28523;2
"28524";28524;2
"28525";28525;2
"28526";28526;1
"28527";28527;2
"28528";28528;1
"28529";28529;1
"28530";28530;2
"28531";28531;2
"28532";28532;2
"28533";28533;1
"28534";28534;1
"28535";28535;1
"28536";28536;1
"28537";28537;2
"28538";28538;2
"28539";28539;1
"28540";28540;1
"28541";28541;1
"28542";28542;1
"28543";28543;1
"28544";28544;2
"28545";28545;1
"28546";28546;1
"28547";28547;1
"28548";28548;2
"28549";28549;1
"28550";28550;1
"28551";28551;1
"28552";28552;1
"28553";28553;1
"28554";28554;1
"28555";28555;1
"28556";28556;1
"28557";28557;1
"28558";28558;1
"28559";28559;1
"28560";28560;1
"28561";28561;1
"28562";28562;1
"28563";28563;1
"28564";28564;1
"28565";28565;1
"28566";28566;1
"28567";28567;1
"28568";28568;1
"28569";28569;1
"28570";28570;1
"28571";28571;1
"28572";28572;1
"28573";28573;1
"28574";28574;1
"28575";28575;1
"28576";28576;1
"28577";28577;1
"28578";28578;1
"28579";28579;1
"28580";28580;1
"28581";28581;1
"28582";28582;1
"28583";28583;1
"28584";28584;1
"28585";28585;1
"28586";28586;1
"28587";28587;1
"28588";28588;1
"28589";28589;1
"28590";28590;1
"28591";28591;1
"28592";28592;1
"28593";28593;1
"28594";28594;1
"28595";28595;1
"28596";28596;1
"28597";28597;1
"28598";28598;1
"28599";28599;1
"28600";28600;1
"28601";28601;1
"28602";28602;1
"28603";28603;1
"28604";28604;1
"28605";28605;1
"28606";28606;1
"28607";28607;1
"28608";28608;1
"28609";28609;1
"28610";28610;1
"28611";28611;1
"28612";28612;1
"28613";28613;1
"28614";28614;1
"28615";28615;3
"28616";28616;1
"28617";28617;1
"28618";28618;1
"28619";28619;1
"28620";28620;1
"28621";28621;1
"28622";28622;1
"28623";28623;1
"28624";28624;2
"28625";28625;1
"28626";28626;1
"28627";28627;1
"28628";28628;1
"28629";28629;1
"28630";28630;1
"28631";28631;1
"28632";28632;1
"28633";28633;1
"28634";28634;1
"28635";28635;1
"28636";28636;1
"28637";28637;1
"28638";28638;1
"28639";28639;1
"28640";28640;1
"28641";28641;1
"28642";28642;1
"28643";28643;1
"28644";28644;1
"28645";28645;1
"28646";28646;1
"28647";28647;1
"28648";28648;1
"28649";28649;1
"28650";28650;1
"28651";28651;1
"28652";28652;1
"28653";28653;1
"28654";28654;1
"28655";28655;1
"28656";28656;1
"28657";28657;1
"28658";28658;1
"28659";28659;1
"28660";28660;1
"28661";28661;1
"28662";28662;1
"28663";28663;1
"28664";28664;1
"28665";28665;1
"28666";28666;1
"28667";28667;2
"28668";28668;1
"28669";28669;1
"28670";28670;1
"28671";28671;1
"28672";28672;1
"28673";28673;1
"28674";28674;1
"28675";28675;1
"28676";28676;1
"28677";28677;1
"28678";28678;2
"28679";28679;2
"28680";28680;2
"28681";28681;1
"28682";28682;1
"28683";28683;2
"28684";28684;2
"28685";28685;1
"28686";28686;1
"28687";28687;2
"28688";28688;2
"28689";28689;1
"28690";28690;1
"28691";28691;1
"28692";28692;2
"28693";28693;1
"28694";28694;1
"28695";28695;2
"28696";28696;2
"28697";28697;2
"28698";28698;2
"28699";28699;2
"28700";28700;2
"28701";28701;2
"28702";28702;2
"28703";28703;2
"28704";28704;1
"28705";28705;1
"28706";28706;1
"28707";28707;1
"28708";28708;3
"28709";28709;1
"28710";28710;2
"28711";28711;1
"28712";28712;2
"28713";28713;2
"28714";28714;3
"28715";28715;2
"28716";28716;2
"28717";28717;1
"28718";28718;1
"28719";28719;1
"28720";28720;2
"28721";28721;2
"28722";28722;2
"28723";28723;1
"28724";28724;3
"28725";28725;3
"28726";28726;3
"28727";28727;3
"28728";28728;1
"28729";28729;2
"28730";28730;2
"28731";28731;1
"28732";28732;3
"28733";28733;2
"28734";28734;3
"28735";28735;2
"28736";28736;2
"28737";28737;3
"28738";28738;2
"28739";28739;2
"28740";28740;3
"28741";28741;2
"28742";28742;2
"28743";28743;3
"28744";28744;3
"28745";28745;3
"28746";28746;3
"28747";28747;3
"28748";28748;2
"28749";28749;2
"28750";28750;2
"28751";28751;2
"28752";28752;2
"28753";28753;1
"28754";28754;1
"28755";28755;2
"28756";28756;2
"28757";28757;1
"28758";28758;1
"28759";28759;2
"28760";28760;3
"28761";28761;2
"28762";28762;2
"28763";28763;1
"28764";28764;2
"28765";28765;3
"28766";28766;2
"28767";28767;2
"28768";28768;2
"28769";28769;1
"28770";28770;1
"28771";28771;3
"28772";28772;1
"28773";28773;3
"28774";28774;2
"28775";28775;3
"28776";28776;1
"28777";28777;1
"28778";28778;2
"28779";28779;3
"28780";28780;3
"28781";28781;2
"28782";28782;1
"28783";28783;2
"28784";28784;3
"28785";28785;3
"28786";28786;1
"28787";28787;1
"28788";28788;1
"28789";28789;3
"28790";28790;3
"28791";28791;2
"28792";28792;2
"28793";28793;2
"28794";28794;1
"28795";28795;2
"28796";28796;2
"28797";28797;1
"28798";28798;2
"28799";28799;1
"28800";28800;1
"28801";28801;2
"28802";28802;2
"28803";28803;2
"28804";28804;1
"28805";28805;1
"28806";28806;1
"28807";28807;2
"28808";28808;2
"28809";28809;2
"28810";28810;2
"28811";28811;2
"28812";28812;2
"28813";28813;2
"28814";28814;2
"28815";28815;3
"28816";28816;3
"28817";28817;3
"28818";28818;3
"28819";28819;3
"28820";28820;2
"28821";28821;2
"28822";28822;3
"28823";28823;1
"28824";28824;3
"28825";28825;2
"28826";28826;1
"28827";28827;1
"28828";28828;1
"28829";28829;1
"28830";28830;2
"28831";28831;1
"28832";28832;1
"28833";28833;2
"28834";28834;2
"28835";28835;2
"28836";28836;1
"28837";28837;1
"28838";28838;1
"28839";28839;2
"28840";28840;1
"28841";28841;1
"28842";28842;2
"28843";28843;1
"28844";28844;1
"28845";28845;3
"28846";28846;2
"28847";28847;2
"28848";28848;3
"28849";28849;1
"28850";28850;1
"28851";28851;3
"28852";28852;1
"28853";28853;3
"28854";28854;3
"28855";28855;2
"28856";28856;2
"28857";28857;2
"28858";28858;2
"28859";28859;2
"28860";28860;2
"28861";28861;3
"28862";28862;2
"28863";28863;1
"28864";28864;3
"28865";28865;3
"28866";28866;2
"28867";28867;3
"28868";28868;2
"28869";28869;1
"28870";28870;2
"28871";28871;1
"28872";28872;2
"28873";28873;3
"28874";28874;2
"28875";28875;2
"28876";28876;2
"28877";28877;2
"28878";28878;2
"28879";28879;1
"28880";28880;2
"28881";28881;2
"28882";28882;3
"28883";28883;2
"28884";28884;1
"28885";28885;2
"28886";28886;1
"28887";28887;2
"28888";28888;1
"28889";28889;2
"28890";28890;1
"28891";28891;1
"28892";28892;1
"28893";28893;1
"28894";28894;1
"28895";28895;3
"28896";28896;3
"28897";28897;1
"28898";28898;1
"28899";28899;3
"28900";28900;1
"28901";28901;1
"28902";28902;2
"28903";28903;1
"28904";28904;1
"28905";28905;1
"28906";28906;1
"28907";28907;1
"28908";28908;1
"28909";28909;1
"28910";28910;1
"28911";28911;1
"28912";28912;2
"28913";28913;1
"28914";28914;2
"28915";28915;1
"28916";28916;1
"28917";28917;1
"28918";28918;1
"28919";28919;1
"28920";28920;1
"28921";28921;1
"28922";28922;1
"28923";28923;1
"28924";28924;1
"28925";28925;2
"28926";28926;2
"28927";28927;1
"28928";28928;1
"28929";28929;1
"28930";28930;1
"28931";28931;2
"28932";28932;3
"28933";28933;2
"28934";28934;2
"28935";28935;3
"28936";28936;3
"28937";28937;3
"28938";28938;3
"28939";28939;3
"28940";28940;2
"28941";28941;2
"28942";28942;3
"28943";28943;2
"28944";28944;2
"28945";28945;2
"28946";28946;2
"28947";28947;3
"28948";28948;3
"28949";28949;3
"28950";28950;2
"28951";28951;2
"28952";28952;2
"28953";28953;3
"28954";28954;3
"28955";28955;3
"28956";28956;3
"28957";28957;3
"28958";28958;1
"28959";28959;3
"28960";28960;2
"28961";28961;3
"28962";28962;2
"28963";28963;3
"28964";28964;3
"28965";28965;3
"28966";28966;3
"28967";28967;3
"28968";28968;1
"28969";28969;2
"28970";28970;3
"28971";28971;1
"28972";28972;1
"28973";28973;3
"28974";28974;1
"28975";28975;3
"28976";28976;1
"28977";28977;3
"28978";28978;3
"28979";28979;3
"28980";28980;3
"28981";28981;3
"28982";28982;3
"28983";28983;3
"28984";28984;3
"28985";28985;3
"28986";28986;1
"28987";28987;1
"28988";28988;1
"28989";28989;3
"28990";28990;1
"28991";28991;3
"28992";28992;3
"28993";28993;2
"28994";28994;2
"28995";28995;1
"28996";28996;1
"28997";28997;1
"28998";28998;1
"28999";28999;1
"29000";29000;1
"29001";29001;2
"29002";29002;2
"29003";29003;1
"29004";29004;1
"29005";29005;1
"29006";29006;1
"29007";29007;2
"29008";29008;1
"29009";29009;2
"29010";29010;1
"29011";29011;1
"29012";29012;1
"29013";29013;3
"29014";29014;3
"29015";29015;1
"29016";29016;1
"29017";29017;1
"29018";29018;2
"29019";29019;3
"29020";29020;1
"29021";29021;2
"29022";29022;3
"29023";29023;1
"29024";29024;1
"29025";29025;1
"29026";29026;1
"29027";29027;2
"29028";29028;2
"29029";29029;2
"29030";29030;1
"29031";29031;2
"29032";29032;3
"29033";29033;2
"29034";29034;3
"29035";29035;3
"29036";29036;2
"29037";29037;2
"29038";29038;1
"29039";29039;2
"29040";29040;1
"29041";29041;3
"29042";29042;3
"29043";29043;1
"29044";29044;1
"29045";29045;1
"29046";29046;2
"29047";29047;1
"29048";29048;1
"29049";29049;1
"29050";29050;1
"29051";29051;1
"29052";29052;1
"29053";29053;2
"29054";29054;3
"29055";29055;3
"29056";29056;1
"29057";29057;1
"29058";29058;1
"29059";29059;2
"29060";29060;2
"29061";29061;3
"29062";29062;2
"29063";29063;3
"29064";29064;2
"29065";29065;1
"29066";29066;1
"29067";29067;2
"29068";29068;1
"29069";29069;1
"29070";29070;2
"29071";29071;2
"29072";29072;2
"29073";29073;3
"29074";29074;2
"29075";29075;2
"29076";29076;2
"29077";29077;2
"29078";29078;2
"29079";29079;1
"29080";29080;2
"29081";29081;3
"29082";29082;2
"29083";29083;3
"29084";29084;1
"29085";29085;3
"29086";29086;2
"29087";29087;2
"29088";29088;2
"29089";29089;2
"29090";29090;1
"29091";29091;3
"29092";29092;3
"29093";29093;3
"29094";29094;2
"29095";29095;3
"29096";29096;1
"29097";29097;1
"29098";29098;1
"29099";29099;1
"29100";29100;1
"29101";29101;1
"29102";29102;1
"29103";29103;2
"29104";29104;1
"29105";29105;1
"29106";29106;2
"29107";29107;1
"29108";29108;1
"29109";29109;1
"29110";29110;2
"29111";29111;2
"29112";29112;1
"29113";29113;1
"29114";29114;1
"29115";29115;1
"29116";29116;3
"29117";29117;1
"29118";29118;1
"29119";29119;3
"29120";29120;3
"29121";29121;3
"29122";29122;1
"29123";29123;1
"29124";29124;1
"29125";29125;3
"29126";29126;1
"29127";29127;3
"29128";29128;2
"29129";29129;1
"29130";29130;3
"29131";29131;3
"29132";29132;2
"29133";29133;2
"29134";29134;2
"29135";29135;2
"29136";29136;2
"29137";29137;2
"29138";29138;2
"29139";29139;2
"29140";29140;3
"29141";29141;2
"29142";29142;2
"29143";29143;2
"29144";29144;3
"29145";29145;3
"29146";29146;2
"29147";29147;2
"29148";29148;3
"29149";29149;2
"29150";29150;1
"29151";29151;2
"29152";29152;2
"29153";29153;2
"29154";29154;3
"29155";29155;3
"29156";29156;2
"29157";29157;1
"29158";29158;1
"29159";29159;1
"29160";29160;2
"29161";29161;2
"29162";29162;1
"29163";29163;2
"29164";29164;2
"29165";29165;2
"29166";29166;2
"29167";29167;2
"29168";29168;2
"29169";29169;1
"29170";29170;1
"29171";29171;2
"29172";29172;1
"29173";29173;1
"29174";29174;1
"29175";29175;1
"29176";29176;1
"29177";29177;1
"29178";29178;3
"29179";29179;1
"29180";29180;2
"29181";29181;1
"29182";29182;3
"29183";29183;1
"29184";29184;1
"29185";29185;1
"29186";29186;1
"29187";29187;1
"29188";29188;1
"29189";29189;1
"29190";29190;3
"29191";29191;1
"29192";29192;2
"29193";29193;2
"29194";29194;2
"29195";29195;3
"29196";29196;2
"29197";29197;2
"29198";29198;1
"29199";29199;2
"29200";29200;1
"29201";29201;2
"29202";29202;2
"29203";29203;2
"29204";29204;2
"29205";29205;3
"29206";29206;3
"29207";29207;1
"29208";29208;1
"29209";29209;1
"29210";29210;3
"29211";29211;2
"29212";29212;3
"29213";29213;3
"29214";29214;1
"29215";29215;3
"29216";29216;3
"29217";29217;3
"29218";29218;3
"29219";29219;3
"29220";29220;2
"29221";29221;2
"29222";29222;1
"29223";29223;3
"29224";29224;3
"29225";29225;3
"29226";29226;3
"29227";29227;3
"29228";29228;3
"29229";29229;1
"29230";29230;1
"29231";29231;1
"29232";29232;3
"29233";29233;3
"29234";29234;1
"29235";29235;1
"29236";29236;3
"29237";29237;3
"29238";29238;2
"29239";29239;1
"29240";29240;1
"29241";29241;1
"29242";29242;2
"29243";29243;1
"29244";29244;1
"29245";29245;2
"29246";29246;2
"29247";29247;1
"29248";29248;0
"29249";29249;0
"29250";29250;2
"29251";29251;2
"29252";29252;3
"29253";29253;3
"29254";29254;1
"29255";29255;2
"29256";29256;3
"29257";29257;1
"29258";29258;2
"29259";29259;2
"29260";29260;1
"29261";29261;2
"29262";29262;2
"29263";29263;2
"29264";29264;1
"29265";29265;2
"29266";29266;1
"29267";29267;1
"29268";29268;1
"29269";29269;1
"29270";29270;2
"29271";29271;2
"29272";29272;2
"29273";29273;0
"29274";29274;0
"29275";29275;0
"29276";29276;0
"29277";29277;3
"29278";29278;1
"29279";29279;2
"29280";29280;1
"29281";29281;0
"29282";29282;0
"29283";29283;0
"29284";29284;1
"29285";29285;1
"29286";29286;1
"29287";29287;1
"29288";29288;1
"29289";29289;2
"29290";29290;1
"29291";29291;3
"29292";29292;1
"29293";29293;1
"29294";29294;1
"29295";29295;1
"29296";29296;1
"29297";29297;1
"29298";29298;2
"29299";29299;1
"29300";29300;3
"29301";29301;1
"29302";29302;2
"29303";29303;1
"29304";29304;1
"29305";29305;2
"29306";29306;3
"29307";29307;2
"29308";29308;2
"29309";29309;3
"29310";29310;1
"29311";29311;3
"29312";29312;3
"29313";29313;3
"29314";29314;3
"29315";29315;1
"29316";29316;1
"29317";29317;1
"29318";29318;3
"29319";29319;3
"29320";29320;3
"29321";29321;1
"29322";29322;1
"29323";29323;3
"29324";29324;2
"29325";29325;1
"29326";29326;1
"29327";29327;1
"29328";29328;1
"29329";29329;1
"29330";29330;3
"29331";29331;3
"29332";29332;1
"29333";29333;1
"29334";29334;3
"29335";29335;1
"29336";29336;2
"29337";29337;1
"29338";29338;3
"29339";29339;3
"29340";29340;3
"29341";29341;1
"29342";29342;3
"29343";29343;1
"29344";29344;1
"29345";29345;0
"29346";29346;3
"29347";29347;3
"29348";29348;3
"29349";29349;3
"29350";29350;2
"29351";29351;3
"29352";29352;1
"29353";29353;1
"29354";29354;3
"29355";29355;3
"29356";29356;3
"29357";29357;3
"29358";29358;1
"29359";29359;3
"29360";29360;3
"29361";29361;3
"29362";29362;3
"29363";29363;3
"29364";29364;1
"29365";29365;3
"29366";29366;1
"29367";29367;2
"29368";29368;3
"29369";29369;1
"29370";29370;1
"29371";29371;2
"29372";29372;3
"29373";29373;1
"29374";29374;2
"29375";29375;3
"29376";29376;1
"29377";29377;1
"29378";29378;1
"29379";29379;1
"29380";29380;3
"29381";29381;1
"29382";29382;2
"29383";29383;1
"29384";29384;1
"29385";29385;1
"29386";29386;2
"29387";29387;1
"29388";29388;1
"29389";29389;1
"29390";29390;1
"29391";29391;1
"29392";29392;2
"29393";29393;2
"29394";29394;2
"29395";29395;1
"29396";29396;1
"29397";29397;2
"29398";29398;2
"29399";29399;2
"29400";29400;2
"29401";29401;3
"29402";29402;2
"29403";29403;2
"29404";29404;3
"29405";29405;2
"29406";29406;1
"29407";29407;1
"29408";29408;2
"29409";29409;2
"29410";29410;3
"29411";29411;2
"29412";29412;2
"29413";29413;1
"29414";29414;1
"29415";29415;1
"29416";29416;1
"29417";29417;2
"29418";29418;2
"29419";29419;2
"29420";29420;1
"29421";29421;1
"29422";29422;1
"29423";29423;1
"29424";29424;1
"29425";29425;2
"29426";29426;2
"29427";29427;1
"29428";29428;2
"29429";29429;2
"29430";29430;3
"29431";29431;3
"29432";29432;1
"29433";29433;1
"29434";29434;3
"29435";29435;3
"29436";29436;1
"29437";29437;1
"29438";29438;1
"29439";29439;3
"29440";29440;3
"29441";29441;0
"29442";29442;3
"29443";29443;1
"29444";29444;3
"29445";29445;3
"29446";29446;1
"29447";29447;1
"29448";29448;1
"29449";29449;1
"29450";29450;3
"29451";29451;3
"29452";29452;3
"29453";29453;3
"29454";29454;3
"29455";29455;1
"29456";29456;3
"29457";29457;3
"29458";29458;3
"29459";29459;1
"29460";29460;1
"29461";29461;1
"29462";29462;2
"29463";29463;2
"29464";29464;2
"29465";29465;2
"29466";29466;3
"29467";29467;2
"29468";29468;2
"29469";29469;2
"29470";29470;2
"29471";29471;2
"29472";29472;1
"29473";29473;1
"29474";29474;1
"29475";29475;1
"29476";29476;1
"29477";29477;2
"29478";29478;2
"29479";29479;2
"29480";29480;1
"29481";29481;1
"29482";29482;2
"29483";29483;1
"29484";29484;2
"29485";29485;1
"29486";29486;2
"29487";29487;2
"29488";29488;1
"29489";29489;2
"29490";29490;1
"29491";29491;1
"29492";29492;1
"29493";29493;1
"29494";29494;1
"29495";29495;1
"29496";29496;2
"29497";29497;2
"29498";29498;1
"29499";29499;1
"29500";29500;1
"29501";29501;1
"29502";29502;1
"29503";29503;1
"29504";29504;1
"29505";29505;1
"29506";29506;3
"29507";29507;1
"29508";29508;1
"29509";29509;1
"29510";29510;1
"29511";29511;1
"29512";29512;1
"29513";29513;1
"29514";29514;1
"29515";29515;2
"29516";29516;1
"29517";29517;1
"29518";29518;1
"29519";29519;1
"29520";29520;1
"29521";29521;2
"29522";29522;1
"29523";29523;1
"29524";29524;1
"29525";29525;1
"29526";29526;0
"29527";29527;3
"29528";29528;2
"29529";29529;1
"29530";29530;2
"29531";29531;1
"29532";29532;1
"29533";29533;2
"29534";29534;2
"29535";29535;1
"29536";29536;1
"29537";29537;3
"29538";29538;1
"29539";29539;1
"29540";29540;2
"29541";29541;1
"29542";29542;1
"29543";29543;1
"29544";29544;1
"29545";29545;1
"29546";29546;2
"29547";29547;2
"29548";29548;1
"29549";29549;2
"29550";29550;1
"29551";29551;3
"29552";29552;1
"29553";29553;3
"29554";29554;1
"29555";29555;2
"29556";29556;1
"29557";29557;1
"29558";29558;1
"29559";29559;2
"29560";29560;1
"29561";29561;1
"29562";29562;1
"29563";29563;1
"29564";29564;1
"29565";29565;1
"29566";29566;2
"29567";29567;1
"29568";29568;1
"29569";29569;1
"29570";29570;2
"29571";29571;2
"29572";29572;1
"29573";29573;1
"29574";29574;1
"29575";29575;1
"29576";29576;1
"29577";29577;1
"29578";29578;1
"29579";29579;1
"29580";29580;1
"29581";29581;1
"29582";29582;1
"29583";29583;1
"29584";29584;2
"29585";29585;2
"29586";29586;1
"29587";29587;2
"29588";29588;1
"29589";29589;1
"29590";29590;1
"29591";29591;1
"29592";29592;1
"29593";29593;1
"29594";29594;1
"29595";29595;1
"29596";29596;1
"29597";29597;1
"29598";29598;1
"29599";29599;1
"29600";29600;3
"29601";29601;1
"29602";29602;1
"29603";29603;1
"29604";29604;1
"29605";29605;1
"29606";29606;1
"29607";29607;1
"29608";29608;1
"29609";29609;1
"29610";29610;1
"29611";29611;2
"29612";29612;1
"29613";29613;1
"29614";29614;1
"29615";29615;1
"29616";29616;1
"29617";29617;2
"29618";29618;1
"29619";29619;1
"29620";29620;1
"29621";29621;2
"29622";29622;3
"29623";29623;3
"29624";29624;2
"29625";29625;2
"29626";29626;2
"29627";29627;2
"29628";29628;3
"29629";29629;2
"29630";29630;2
"29631";29631;1
"29632";29632;1
"29633";29633;3
"29634";29634;1
"29635";29635;2
"29636";29636;2
"29637";29637;2
"29638";29638;2
"29639";29639;2
"29640";29640;1
"29641";29641;2
"29642";29642;2
"29643";29643;1
"29644";29644;2
"29645";29645;3
"29646";29646;3
"29647";29647;3
"29648";29648;3
"29649";29649;3
"29650";29650;2
"29651";29651;3
"29652";29652;3
"29653";29653;2
"29654";29654;2
"29655";29655;3
"29656";29656;2
"29657";29657;3
"29658";29658;3
"29659";29659;3
"29660";29660;2
"29661";29661;3
"29662";29662;3
"29663";29663;2
"29664";29664;3
"29665";29665;3
"29666";29666;3
"29667";29667;2
"29668";29668;3
"29669";29669;3
"29670";29670;3
"29671";29671;3
"29672";29672;1
"29673";29673;1
"29674";29674;2
"29675";29675;2
"29676";29676;2
"29677";29677;1
"29678";29678;3
"29679";29679;2
"29680";29680;3
"29681";29681;3
"29682";29682;2
"29683";29683;3
"29684";29684;3
"29685";29685;2
"29686";29686;1
"29687";29687;2
"29688";29688;2
"29689";29689;2
"29690";29690;1
"29691";29691;2
"29692";29692;1
"29693";29693;2
"29694";29694;1
"29695";29695;1
"29696";29696;2
"29697";29697;2
"29698";29698;1
"29699";29699;1
"29700";29700;1
"29701";29701;1
"29702";29702;1
"29703";29703;1
"29704";29704;1
"29705";29705;1
"29706";29706;1
"29707";29707;2
"29708";29708;1
"29709";29709;1
"29710";29710;2
"29711";29711;1
"29712";29712;1
"29713";29713;1
"29714";29714;1
"29715";29715;2
"29716";29716;1
"29717";29717;1
"29718";29718;1
"29719";29719;3
"29720";29720;1
"29721";29721;2
"29722";29722;2
"29723";29723;1
"29724";29724;3
"29725";29725;1
"29726";29726;2
"29727";29727;1
"29728";29728;1
"29729";29729;1
"29730";29730;2
"29731";29731;2
"29732";29732;1
"29733";29733;1
"29734";29734;1
"29735";29735;2
"29736";29736;2
"29737";29737;1
"29738";29738;1
"29739";29739;1
"29740";29740;2
"29741";29741;1
"29742";29742;2
"29743";29743;1
"29744";29744;1
"29745";29745;1
"29746";29746;1
"29747";29747;2
"29748";29748;2
"29749";29749;1
"29750";29750;2
"29751";29751;2
"29752";29752;1
"29753";29753;1
"29754";29754;1
"29755";29755;1
"29756";29756;1
"29757";29757;1
"29758";29758;2
"29759";29759;2
"29760";29760;1
"29761";29761;1
"29762";29762;1
"29763";29763;2
"29764";29764;2
"29765";29765;2
"29766";29766;2
"29767";29767;1
"29768";29768;2
"29769";29769;1
"29770";29770;2
"29771";29771;1
"29772";29772;2
"29773";29773;2
"29774";29774;2
"29775";29775;2
"29776";29776;2
"29777";29777;2
"29778";29778;2
"29779";29779;1
"29780";29780;1
"29781";29781;1
"29782";29782;1
"29783";29783;2
"29784";29784;2
"29785";29785;2
"29786";29786;2
"29787";29787;2
"29788";29788;1
"29789";29789;1
"29790";29790;1
"29791";29791;2
"29792";29792;1
"29793";29793;1
"29794";29794;1
"29795";29795;1
"29796";29796;2
"29797";29797;1
"29798";29798;1
"29799";29799;1
"29800";29800;1
"29801";29801;2
"29802";29802;1
"29803";29803;1
"29804";29804;1
"29805";29805;1
"29806";29806;1
"29807";29807;1
"29808";29808;1
"29809";29809;1
"29810";29810;1
"29811";29811;1
"29812";29812;1
"29813";29813;1
"29814";29814;1
"29815";29815;1
"29816";29816;1
"29817";29817;1
"29818";29818;1
"29819";29819;1
"29820";29820;1
"29821";29821;1
"29822";29822;1
"29823";29823;1
"29824";29824;1
"29825";29825;1
"29826";29826;1
"29827";29827;1
"29828";29828;1
"29829";29829;1
"29830";29830;1
"29831";29831;1
"29832";29832;1
"29833";29833;1
"29834";29834;1
"29835";29835;1
"29836";29836;1
"29837";29837;1
"29838";29838;1
"29839";29839;1
"29840";29840;1
"29841";29841;1
"29842";29842;1
"29843";29843;1
"29844";29844;1
"29845";29845;1
"29846";29846;1
"29847";29847;1
"29848";29848;1
"29849";29849;1
"29850";29850;1
"29851";29851;1
"29852";29852;1
"29853";29853;1
"29854";29854;1
"29855";29855;1
"29856";29856;1
"29857";29857;2
"29858";29858;1
"29859";29859;1
"29860";29860;1
"29861";29861;3
"29862";29862;1
"29863";29863;1
"29864";29864;1
"29865";29865;1
"29866";29866;1
"29867";29867;1
"29868";29868;2
"29869";29869;1
"29870";29870;1
"29871";29871;1
"29872";29872;3
"29873";29873;1
"29874";29874;1
"29875";29875;1
"29876";29876;1
"29877";29877;1
"29878";29878;1
"29879";29879;1
"29880";29880;1
"29881";29881;1
"29882";29882;1
"29883";29883;1
"29884";29884;2
"29885";29885;1
"29886";29886;1
"29887";29887;1
"29888";29888;1
"29889";29889;1
"29890";29890;1
"29891";29891;1
"29892";29892;1
"29893";29893;1
"29894";29894;1
"29895";29895;1
"29896";29896;1
"29897";29897;1
"29898";29898;1
"29899";29899;1
"29900";29900;1
"29901";29901;1
"29902";29902;1
"29903";29903;1
"29904";29904;1
"29905";29905;1
"29906";29906;1
"29907";29907;1
"29908";29908;1
"29909";29909;3
"29910";29910;1
"29911";29911;1
"29912";29912;1
"29913";29913;1
"29914";29914;1
"29915";29915;2
"29916";29916;2
"29917";29917;2
"29918";29918;1
"29919";29919;1
"29920";29920;1
"29921";29921;1
"29922";29922;1
"29923";29923;1
"29924";29924;3
"29925";29925;1
"29926";29926;1
"29927";29927;1
"29928";29928;1
"29929";29929;1
"29930";29930;1
"29931";29931;2
"29932";29932;1
"29933";29933;1
"29934";29934;1
"29935";29935;1
"29936";29936;1
"29937";29937;2
"29938";29938;1
"29939";29939;1
"29940";29940;1
"29941";29941;1
"29942";29942;2
"29943";29943;1
"29944";29944;1
"29945";29945;1
"29946";29946;1
"29947";29947;1
"29948";29948;1
"29949";29949;1
"29950";29950;1
"29951";29951;1
"29952";29952;1
"29953";29953;2
"29954";29954;1
"29955";29955;1
"29956";29956;3
"29957";29957;3
"29958";29958;1
"29959";29959;1
"29960";29960;1
"29961";29961;1
"29962";29962;1
"29963";29963;1
"29964";29964;1
"29965";29965;2
"29966";29966;2
"29967";29967;2
"29968";29968;3
"29969";29969;2
"29970";29970;3
"29971";29971;3
"29972";29972;3
"29973";29973;3
"29974";29974;3
"29975";29975;2
"29976";29976;3
"29977";29977;2
"29978";29978;2
"29979";29979;1
"29980";29980;1
"29981";29981;3
"29982";29982;2
"29983";29983;3
"29984";29984;1
"29985";29985;1
"29986";29986;1
"29987";29987;1
"29988";29988;3
"29989";29989;1
"29990";29990;1
"29991";29991;1
"29992";29992;2
"29993";29993;3
"29994";29994;3
"29995";29995;1
"29996";29996;1
"29997";29997;1
"29998";29998;1
"29999";29999;1
"30000";30000;2
"30001";30001;1
"30002";30002;1
"30003";30003;2
"30004";30004;1
"30005";30005;2
"30006";30006;2
"30007";30007;1
"30008";30008;2
"30009";30009;2
"30010";30010;1
"30011";30011;3
"30012";30012;3
"30013";30013;2
"30014";30014;3
"30015";30015;3
"30016";30016;3
"30017";30017;2
"30018";30018;3
"30019";30019;2
"30020";30020;2
"30021";30021;2
"30022";30022;1
"30023";30023;3
"30024";30024;3
"30025";30025;3
"30026";30026;2
"30027";30027;3
"30028";30028;3
"30029";30029;3
"30030";30030;1
"30031";30031;1
"30032";30032;2
"30033";30033;3
"30034";30034;3
"30035";30035;1
"30036";30036;3
"30037";30037;3
"30038";30038;3
"30039";30039;3
"30040";30040;3
"30041";30041;3
"30042";30042;3
"30043";30043;3
"30044";30044;2
"30045";30045;3
"30046";30046;2
"30047";30047;1
"30048";30048;1
"30049";30049;3
"30050";30050;1
"30051";30051;1
"30052";30052;3
"30053";30053;1
"30054";30054;2
"30055";30055;2
"30056";30056;3
"30057";30057;3
"30058";30058;1
"30059";30059;1
"30060";30060;1
"30061";30061;1
"30062";30062;1
"30063";30063;1
"30064";30064;1
"30065";30065;3
"30066";30066;3
"30067";30067;2
"30068";30068;1
"30069";30069;3
"30070";30070;1
"30071";30071;3
"30072";30072;3
"30073";30073;3
"30074";30074;1
"30075";30075;3
"30076";30076;1
"30077";30077;2
"30078";30078;3
"30079";30079;3
"30080";30080;1
"30081";30081;1
"30082";30082;1
"30083";30083;3
"30084";30084;1
"30085";30085;3
"30086";30086;3
"30087";30087;1
"30088";30088;1
"30089";30089;2
"30090";30090;1
"30091";30091;1
"30092";30092;3
"30093";30093;1
"30094";30094;1
"30095";30095;1
"30096";30096;1
"30097";30097;3
"30098";30098;3
"30099";30099;1
"30100";30100;1
"30101";30101;1
"30102";30102;3
"30103";30103;2
"30104";30104;3
"30105";30105;1
"30106";30106;1
"30107";30107;3
"30108";30108;1
"30109";30109;2
"30110";30110;2
"30111";30111;1
"30112";30112;3
"30113";30113;1
"30114";30114;2
"30115";30115;2
"30116";30116;3
"30117";30117;2
"30118";30118;3
"30119";30119;3
"30120";30120;3
"30121";30121;3
"30122";30122;3
"30123";30123;3
"30124";30124;3
"30125";30125;2
"30126";30126;3
"30127";30127;3
"30128";30128;3
"30129";30129;3
"30130";30130;3
"30131";30131;3
"30132";30132;1
"30133";30133;3
"30134";30134;3
"30135";30135;3
"30136";30136;3
"30137";30137;3
"30138";30138;3
"30139";30139;3
"30140";30140;3
"30141";30141;2
"30142";30142;3
"30143";30143;3
"30144";30144;3
"30145";30145;3
"30146";30146;1
"30147";30147;1
"30148";30148;3
"30149";30149;2
"30150";30150;3
"30151";30151;3
"30152";30152;3
"30153";30153;2
"30154";30154;3
"30155";30155;1
"30156";30156;2
"30157";30157;1
"30158";30158;1
"30159";30159;3
"30160";30160;1
"30161";30161;3
"30162";30162;2
"30163";30163;3
"30164";30164;2
"30165";30165;3
"30166";30166;2
"30167";30167;2
"30168";30168;2
"30169";30169;1
"30170";30170;3
"30171";30171;3
"30172";30172;3
"30173";30173;3
"30174";30174;3
"30175";30175;3
"30176";30176;3
"30177";30177;3
"30178";30178;1
"30179";30179;2
"30180";30180;1
"30181";30181;2
"30182";30182;1
"30183";30183;1
"30184";30184;1
"30185";30185;3
"30186";30186;1
"30187";30187;1
"30188";30188;1
"30189";30189;1
"30190";30190;1
"30191";30191;2
"30192";30192;2
"30193";30193;2
"30194";30194;3
"30195";30195;1
"30196";30196;2
"30197";30197;1
"30198";30198;2
"30199";30199;2
"30200";30200;1
"30201";30201;2
"30202";30202;1
"30203";30203;2
"30204";30204;2
"30205";30205;3
"30206";30206;3
"30207";30207;1
"30208";30208;1
"30209";30209;1
"30210";30210;1
"30211";30211;1
"30212";30212;3
"30213";30213;3
"30214";30214;3
"30215";30215;1
"30216";30216;3
"30217";30217;3
"30218";30218;3
"30219";30219;3
"30220";30220;3
"30221";30221;2
"30222";30222;3
"30223";30223;1
"30224";30224;3
"30225";30225;1
"30226";30226;1
"30227";30227;3
"30228";30228;3
"30229";30229;3
"30230";30230;3
"30231";30231;2
"30232";30232;3
"30233";30233;2
"30234";30234;1
"30235";30235;1
"30236";30236;2
"30237";30237;2
"30238";30238;3
"30239";30239;3
"30240";30240;3
"30241";30241;3
"30242";30242;1
"30243";30243;1
"30244";30244;2
"30245";30245;1
"30246";30246;3
"30247";30247;2
"30248";30248;1
"30249";30249;1
"30250";30250;1
"30251";30251;2
"30252";30252;1
"30253";30253;2
"30254";30254;1
"30255";30255;1
"30256";30256;1
"30257";30257;1
"30258";30258;1
"30259";30259;1
"30260";30260;1
"30261";30261;1
"30262";30262;1
"30263";30263;1
"30264";30264;2
"30265";30265;1
"30266";30266;2
"30267";30267;3
"30268";30268;2
"30269";30269;2
"30270";30270;1
"30271";30271;1
"30272";30272;3
"30273";30273;1
"30274";30274;3
"30275";30275;3
"30276";30276;1
"30277";30277;1
"30278";30278;3
"30279";30279;3
"30280";30280;3
"30281";30281;1
"30282";30282;2
"30283";30283;3
"30284";30284;1
"30285";30285;1
"30286";30286;1
"30287";30287;2
"30288";30288;2
"30289";30289;1
"30290";30290;2
"30291";30291;1
"30292";30292;1
"30293";30293;1
"30294";30294;1
"30295";30295;1
"30296";30296;1
"30297";30297;1
"30298";30298;1
"30299";30299;3
"30300";30300;3
"30301";30301;1
"30302";30302;1
"30303";30303;1
"30304";30304;1
"30305";30305;1
"30306";30306;1
"30307";30307;1
"30308";30308;1
"30309";30309;1
"30310";30310;3
"30311";30311;1
"30312";30312;1
"30313";30313;1
"30314";30314;1
"30315";30315;1
"30316";30316;1
"30317";30317;1
"30318";30318;1
"30319";30319;1
"30320";30320;1
"30321";30321;1
"30322";30322;1
"30323";30323;1
"30324";30324;1
"30325";30325;1
"30326";30326;3
"30327";30327;1
"30328";30328;1
"30329";30329;1
"30330";30330;1
"30331";30331;1
"30332";30332;1
"30333";30333;1
"30334";30334;1
"30335";30335;1
"30336";30336;1
"30337";30337;1
"30338";30338;1
"30339";30339;1
"30340";30340;1
"30341";30341;1
"30342";30342;1
"30343";30343;1
"30344";30344;2
"30345";30345;2
"30346";30346;1
"30347";30347;1
"30348";30348;1
"30349";30349;1
"30350";30350;2
"30351";30351;1
"30352";30352;1
"30353";30353;2
"30354";30354;1
"30355";30355;1
"30356";30356;1
"30357";30357;1
"30358";30358;1
"30359";30359;1
"30360";30360;1
"30361";30361;1
"30362";30362;3
"30363";30363;3
"30364";30364;1
"30365";30365;2
"30366";30366;2
"30367";30367;3
"30368";30368;1
"30369";30369;1
"30370";30370;1
"30371";30371;1
"30372";30372;2
"30373";30373;2
"30374";30374;2
"30375";30375;1
"30376";30376;1
"30377";30377;1
"30378";30378;1
"30379";30379;1
"30380";30380;1
"30381";30381;1
"30382";30382;1
"30383";30383;1
"30384";30384;1
"30385";30385;2
"30386";30386;1
"30387";30387;2
"30388";30388;1
"30389";30389;2
"30390";30390;2
"30391";30391;3
"30392";30392;2
"30393";30393;1
"30394";30394;2
"30395";30395;2
"30396";30396;2
"30397";30397;2
"30398";30398;2
"30399";30399;2
"30400";30400;2
"30401";30401;2
"30402";30402;1
"30403";30403;3
"30404";30404;3
"30405";30405;3
"30406";30406;2
"30407";30407;3
"30408";30408;3
"30409";30409;3
"30410";30410;2
"30411";30411;2
"30412";30412;2
"30413";30413;2
"30414";30414;2
"30415";30415;2
"30416";30416;3
"30417";30417;2
"30418";30418;3
"30419";30419;2
"30420";30420;3
"30421";30421;2
"30422";30422;2
"30423";30423;3
"30424";30424;3
"30425";30425;2
"30426";30426;2
"30427";30427;2
"30428";30428;2
"30429";30429;3
"30430";30430;3
"30431";30431;3
"30432";30432;2
"30433";30433;3
"30434";30434;2
"30435";30435;2
"30436";30436;3
"30437";30437;3
"30438";30438;3
"30439";30439;2
"30440";30440;1
"30441";30441;2
"30442";30442;2
"30443";30443;0
"30444";30444;2
"30445";30445;3
"30446";30446;3
"30447";30447;3
"30448";30448;2
"30449";30449;2
"30450";30450;2
"30451";30451;2
"30452";30452;2
"30453";30453;3
"30454";30454;3
"30455";30455;1
"30456";30456;3
"30457";30457;2
"30458";30458;2
"30459";30459;3
"30460";30460;3
"30461";30461;2
"30462";30462;2
"30463";30463;3
"30464";30464;1
"30465";30465;3
"30466";30466;3
"30467";30467;3
"30468";30468;2
"30469";30469;3
"30470";30470;3
"30471";30471;3
"30472";30472;3
"30473";30473;2
"30474";30474;3
"30475";30475;3
"30476";30476;2
"30477";30477;2
"30478";30478;3
"30479";30479;1
"30480";30480;2
"30481";30481;2
"30482";30482;2
"30483";30483;2
"30484";30484;3
"30485";30485;3
"30486";30486;3
"30487";30487;2
"30488";30488;2
"30489";30489;2
"30490";30490;2
"30491";30491;3
"30492";30492;3
"30493";30493;3
"30494";30494;2
"30495";30495;3
"30496";30496;3
"30497";30497;3
"30498";30498;2
"30499";30499;2
"30500";30500;3
"30501";30501;3
"30502";30502;3
"30503";30503;3
"30504";30504;3
"30505";30505;3
"30506";30506;3
"30507";30507;2
"30508";30508;3
"30509";30509;3
"30510";30510;3
"30511";30511;3
"30512";30512;3
"30513";30513;3
"30514";30514;3
"30515";30515;2
"30516";30516;2
"30517";30517;2
"30518";30518;1
"30519";30519;2
"30520";30520;2
"30521";30521;2
"30522";30522;2
"30523";30523;1
"30524";30524;1
"30525";30525;1
"30526";30526;1
"30527";30527;1
"30528";30528;3
"30529";30529;2
"30530";30530;1
"30531";30531;3
"30532";30532;3
"30533";30533;2
"30534";30534;2
"30535";30535;2
"30536";30536;2
"30537";30537;2
"30538";30538;3
"30539";30539;2
"30540";30540;2
"30541";30541;2
"30542";30542;3
"30543";30543;3
"30544";30544;2
"30545";30545;2
"30546";30546;3
"30547";30547;3
"30548";30548;3
"30549";30549;3
"30550";30550;3
"30551";30551;3
"30552";30552;3
"30553";30553;3
"30554";30554;2
"30555";30555;2
"30556";30556;2
"30557";30557;3
"30558";30558;2
"30559";30559;2
"30560";30560;2
"30561";30561;2
"30562";30562;2
"30563";30563;2
"30564";30564;2
"30565";30565;2
"30566";30566;2
"30567";30567;2
"30568";30568;2
"30569";30569;2
"30570";30570;2
"30571";30571;2
"30572";30572;2
"30573";30573;3
"30574";30574;2
"30575";30575;2
"30576";30576;2
"30577";30577;2
"30578";30578;2
"30579";30579;1
"30580";30580;1
"30581";30581;2
"30582";30582;1
"30583";30583;1
"30584";30584;2
"30585";30585;2
"30586";30586;2
"30587";30587;2
"30588";30588;2
"30589";30589;2
"30590";30590;2
"30591";30591;2
"30592";30592;2
"30593";30593;2
"30594";30594;2
"30595";30595;2
"30596";30596;2
"30597";30597;2
"30598";30598;2
"30599";30599;1
"30600";30600;2
"30601";30601;2
"30602";30602;2
"30603";30603;2
"30604";30604;1
"30605";30605;2
"30606";30606;3
"30607";30607;2
"30608";30608;3
"30609";30609;3
"30610";30610;2
"30611";30611;2
"30612";30612;2
"30613";30613;3
"30614";30614;2
"30615";30615;2
"30616";30616;3
"30617";30617;3
"30618";30618;2
"30619";30619;2
"30620";30620;2
"30621";30621;1
"30622";30622;2
"30623";30623;2
"30624";30624;2
"30625";30625;1
"30626";30626;2
"30627";30627;2
"30628";30628;2
"30629";30629;2
"30630";30630;2
"30631";30631;2
"30632";30632;2
"30633";30633;2
"30634";30634;2
"30635";30635;2
"30636";30636;3
"30637";30637;3
"30638";30638;2
"30639";30639;2
"30640";30640;2
"30641";30641;3
"30642";30642;3
"30643";30643;3
"30644";30644;2
"30645";30645;1
"30646";30646;2
"30647";30647;2
"30648";30648;3
"30649";30649;2
"30650";30650;2
"30651";30651;2
"30652";30652;3
"30653";30653;3
"30654";30654;1
"30655";30655;2
"30656";30656;1
"30657";30657;2
"30658";30658;1
"30659";30659;3
"30660";30660;1
"30661";30661;2
"30662";30662;2
"30663";30663;3
"30664";30664;2
"30665";30665;1
"30666";30666;3
"30667";30667;2
"30668";30668;1
"30669";30669;1
"30670";30670;2
"30671";30671;2
"30672";30672;2
"30673";30673;3
"30674";30674;1
"30675";30675;2
"30676";30676;2
"30677";30677;2
"30678";30678;1
"30679";30679;2
"30680";30680;2
"30681";30681;1
"30682";30682;2
"30683";30683;2
"30684";30684;1
"30685";30685;2
"30686";30686;2
"30687";30687;2
"30688";30688;2
"30689";30689;2
"30690";30690;1
"30691";30691;3
"30692";30692;2
"30693";30693;3
"30694";30694;2
"30695";30695;2
"30696";30696;2
"30697";30697;2
"30698";30698;3
"30699";30699;1
"30700";30700;1
"30701";30701;3
"30702";30702;1
"30703";30703;2
"30704";30704;1
"30705";30705;1
"30706";30706;1
"30707";30707;1
"30708";30708;1
"30709";30709;1
"30710";30710;2
"30711";30711;2
"30712";30712;2
"30713";30713;2
"30714";30714;1
"30715";30715;1
"30716";30716;3
"30717";30717;2
"30718";30718;3
"30719";30719;3
"30720";30720;2
"30721";30721;2
"30722";30722;3
"30723";30723;3
"30724";30724;2
"30725";30725;2
"30726";30726;1
"30727";30727;1
"30728";30728;1
"30729";30729;1
"30730";30730;1
"30731";30731;3
"30732";30732;1
"30733";30733;1
"30734";30734;2
"30735";30735;2
"30736";30736;1
"30737";30737;1
"30738";30738;1
"30739";30739;3
"30740";30740;1
"30741";30741;3
"30742";30742;2
"30743";30743;1
"30744";30744;1
"30745";30745;1
"30746";30746;1
"30747";30747;2
"30748";30748;1
"30749";30749;2
"30750";30750;1
"30751";30751;1
"30752";30752;1
"30753";30753;1
"30754";30754;1
"30755";30755;1
"30756";30756;1
"30757";30757;1
"30758";30758;1
"30759";30759;1
"30760";30760;1
"30761";30761;1
"30762";30762;1
"30763";30763;1
"30764";30764;1
"30765";30765;1
"30766";30766;1
"30767";30767;1
"30768";30768;1
"30769";30769;1
"30770";30770;1
"30771";30771;1
"30772";30772;1
"30773";30773;1
"30774";30774;1
"30775";30775;2
"30776";30776;1
"30777";30777;1
"30778";30778;1
"30779";30779;1
"30780";30780;1
"30781";30781;1
"30782";30782;1
"30783";30783;1
"30784";30784;2
"30785";30785;1
"30786";30786;1
"30787";30787;1
"30788";30788;1
"30789";30789;1
"30790";30790;1
"30791";30791;1
"30792";30792;1
"30793";30793;1
"30794";30794;1
"30795";30795;1
"30796";30796;1
"30797";30797;1
"30798";30798;1
"30799";30799;1
"30800";30800;1
"30801";30801;1
"30802";30802;1
"30803";30803;1
"30804";30804;2
"30805";30805;1
"30806";30806;1
"30807";30807;1
"30808";30808;1
"30809";30809;1
"30810";30810;2
"30811";30811;1
"30812";30812;1
"30813";30813;1
"30814";30814;1
"30815";30815;1
"30816";30816;1
"30817";30817;1
"30818";30818;1
"30819";30819;1
"30820";30820;1
"30821";30821;1
"30822";30822;1
"30823";30823;1
"30824";30824;1
"30825";30825;1
"30826";30826;1
"30827";30827;1
"30828";30828;1
"30829";30829;1
"30830";30830;1
"30831";30831;1
"30832";30832;1
"30833";30833;1
"30834";30834;1
"30835";30835;2
"30836";30836;1
"30837";30837;1
"30838";30838;1
"30839";30839;2
"30840";30840;1
"30841";30841;1
"30842";30842;1
"30843";30843;1
"30844";30844;1
"30845";30845;2
"30846";30846;1
"30847";30847;3
"30848";30848;2
"30849";30849;1
"30850";30850;1
"30851";30851;1
"30852";30852;1
"30853";30853;1
"30854";30854;1
"30855";30855;1
"30856";30856;1
"30857";30857;1
"30858";30858;2
"30859";30859;1
"30860";30860;1
"30861";30861;1
"30862";30862;1
"30863";30863;1
"30864";30864;1
"30865";30865;1
"30866";30866;2
"30867";30867;1
"30868";30868;1
"30869";30869;1
"30870";30870;1
"30871";30871;1
"30872";30872;1
"30873";30873;1
"30874";30874;1
"30875";30875;1
"30876";30876;1
"30877";30877;1
"30878";30878;1
"30879";30879;1
"30880";30880;1
"30881";30881;3
"30882";30882;1
"30883";30883;1
"30884";30884;1
"30885";30885;1
"30886";30886;1
"30887";30887;1
"30888";30888;1
"30889";30889;1
"30890";30890;2
"30891";30891;2
"30892";30892;3
"30893";30893;1
"30894";30894;1
"30895";30895;2
"30896";30896;1
"30897";30897;2
"30898";30898;2
"30899";30899;1
"30900";30900;2
"30901";30901;1
"30902";30902;1
"30903";30903;3
"30904";30904;3
"30905";30905;1
"30906";30906;3
"30907";30907;3
"30908";30908;3
"30909";30909;3
"30910";30910;1
"30911";30911;1
"30912";30912;2
"30913";30913;2
"30914";30914;1
"30915";30915;2
"30916";30916;2
"30917";30917;1
"30918";30918;3
"30919";30919;1
"30920";30920;1
"30921";30921;1
"30922";30922;1
"30923";30923;2
"30924";30924;1
"30925";30925;1
"30926";30926;1
"30927";30927;1
"30928";30928;1
"30929";30929;1
"30930";30930;1
"30931";30931;1
"30932";30932;1
"30933";30933;1
"30934";30934;2
"30935";30935;2
"30936";30936;1
"30937";30937;1
"30938";30938;1
"30939";30939;1
"30940";30940;2
"30941";30941;1
"30942";30942;1
"30943";30943;1
"30944";30944;1
"30945";30945;2
"30946";30946;1
"30947";30947;2
"30948";30948;2
"30949";30949;2
"30950";30950;2
"30951";30951;2
"30952";30952;1
"30953";30953;1
"30954";30954;2
"30955";30955;1
"30956";30956;2
"30957";30957;2
"30958";30958;2
"30959";30959;1
"30960";30960;2
"30961";30961;1
"30962";30962;3
"30963";30963;1
"30964";30964;1
"30965";30965;2
"30966";30966;2
"30967";30967;1
"30968";30968;2
"30969";30969;2
"30970";30970;1
"30971";30971;1
"30972";30972;1
"30973";30973;2
"30974";30974;2
"30975";30975;2
"30976";30976;2
"30977";30977;2
"30978";30978;1
"30979";30979;1
"30980";30980;1
"30981";30981;1
"30982";30982;1
"30983";30983;1
"30984";30984;1
"30985";30985;1
"30986";30986;2
"30987";30987;2
"30988";30988;2
"30989";30989;1
"30990";30990;1
"30991";30991;1
"30992";30992;1
"30993";30993;1
"30994";30994;1
"30995";30995;1
"30996";30996;1
"30997";30997;1
"30998";30998;1
"30999";30999;1
"31000";31000;1
"31001";31001;1
"31002";31002;1
"31003";31003;1
"31004";31004;1
"31005";31005;1
"31006";31006;3
"31007";31007;1
"31008";31008;1
"31009";31009;1
"31010";31010;1
"31011";31011;1
"31012";31012;1
"31013";31013;1
"31014";31014;1
"31015";31015;1
"31016";31016;1
"31017";31017;1
"31018";31018;1
"31019";31019;1
"31020";31020;1
"31021";31021;1
"31022";31022;1
"31023";31023;1
"31024";31024;1
"31025";31025;1
"31026";31026;1
"31027";31027;1
"31028";31028;1
"31029";31029;1
"31030";31030;1
"31031";31031;1
"31032";31032;1
"31033";31033;1
"31034";31034;1
"31035";31035;1
"31036";31036;1
"31037";31037;1
"31038";31038;1
"31039";31039;1
"31040";31040;1
"31041";31041;1
"31042";31042;1
"31043";31043;1
"31044";31044;1
"31045";31045;1
"31046";31046;1
"31047";31047;1
"31048";31048;1
"31049";31049;1
"31050";31050;3
"31051";31051;1
"31052";31052;1
"31053";31053;1
"31054";31054;2
"31055";31055;1
"31056";31056;1
"31057";31057;1
"31058";31058;1
"31059";31059;1
"31060";31060;1
"31061";31061;1
"31062";31062;1
"31063";31063;1
"31064";31064;1
"31065";31065;3
"31066";31066;1
"31067";31067;2
"31068";31068;1
"31069";31069;1
"31070";31070;1
"31071";31071;1
"31072";31072;1
"31073";31073;3
"31074";31074;2
"31075";31075;1
"31076";31076;1
"31077";31077;2
"31078";31078;1
"31079";31079;1
"31080";31080;1
"31081";31081;1
"31082";31082;1
"31083";31083;1
"31084";31084;1
"31085";31085;1
"31086";31086;2
"31087";31087;2
"31088";31088;1
"31089";31089;1
"31090";31090;1
"31091";31091;1
"31092";31092;1
"31093";31093;1
"31094";31094;1
"31095";31095;1
"31096";31096;1
"31097";31097;1
"31098";31098;1
"31099";31099;1
"31100";31100;1
"31101";31101;1
"31102";31102;1
"31103";31103;1
"31104";31104;1
"31105";31105;1
"31106";31106;1
"31107";31107;1
"31108";31108;1
"31109";31109;1
"31110";31110;1
"31111";31111;1
"31112";31112;1
"31113";31113;1
"31114";31114;1
"31115";31115;1
"31116";31116;1
"31117";31117;1
"31118";31118;1
"31119";31119;1
"31120";31120;1
"31121";31121;1
"31122";31122;1
"31123";31123;1
"31124";31124;1
"31125";31125;1
"31126";31126;1
"31127";31127;1
"31128";31128;2
"31129";31129;2
"31130";31130;1
"31131";31131;1
"31132";31132;1
"31133";31133;1
"31134";31134;1
"31135";31135;1
"31136";31136;1
"31137";31137;1
"31138";31138;3
"31139";31139;1
"31140";31140;3
"31141";31141;1
"31142";31142;1
"31143";31143;1
"31144";31144;1
"31145";31145;1
"31146";31146;1
"31147";31147;1
"31148";31148;1
"31149";31149;1
"31150";31150;2
"31151";31151;2
"31152";31152;1
"31153";31153;1
"31154";31154;3
"31155";31155;1
"31156";31156;1
"31157";31157;1
"31158";31158;1
"31159";31159;1
"31160";31160;3
"31161";31161;1
"31162";31162;1
"31163";31163;1
"31164";31164;1
"31165";31165;1
"31166";31166;1
"31167";31167;1
"31168";31168;1
"31169";31169;1
"31170";31170;1
"31171";31171;1
"31172";31172;1
"31173";31173;2
"31174";31174;1
"31175";31175;1
"31176";31176;1
"31177";31177;1
"31178";31178;1
"31179";31179;1
"31180";31180;1
"31181";31181;1
"31182";31182;1
"31183";31183;1
"31184";31184;1
"31185";31185;1
"31186";31186;1
"31187";31187;3
"31188";31188;1
"31189";31189;2
"31190";31190;1
"31191";31191;1
"31192";31192;1
"31193";31193;1
"31194";31194;1
"31195";31195;1
"31196";31196;1
"31197";31197;1
"31198";31198;1
"31199";31199;1
"31200";31200;1
"31201";31201;1
"31202";31202;1
"31203";31203;1
"31204";31204;1
"31205";31205;1
"31206";31206;1
"31207";31207;3
"31208";31208;1
"31209";31209;1
"31210";31210;1
"31211";31211;1
"31212";31212;1
"31213";31213;1
"31214";31214;1
"31215";31215;1
"31216";31216;2
"31217";31217;1
"31218";31218;1
"31219";31219;1
"31220";31220;2
"31221";31221;1
"31222";31222;1
"31223";31223;1
"31224";31224;1
"31225";31225;1
"31226";31226;1
"31227";31227;1
"31228";31228;1
"31229";31229;1
"31230";31230;1
"31231";31231;2
"31232";31232;1
"31233";31233;1
"31234";31234;1
"31235";31235;1
"31236";31236;1
"31237";31237;1
"31238";31238;1
"31239";31239;1
"31240";31240;2
"31241";31241;1
"31242";31242;2
"31243";31243;1
"31244";31244;1
"31245";31245;1
"31246";31246;3
"31247";31247;1
"31248";31248;2
"31249";31249;2
"31250";31250;1
"31251";31251;1
"31252";31252;2
"31253";31253;2
"31254";31254;1
"31255";31255;2
"31256";31256;1
"31257";31257;1
"31258";31258;1
"31259";31259;1
"31260";31260;1
"31261";31261;1
"31262";31262;1
"31263";31263;1
"31264";31264;1
"31265";31265;1
"31266";31266;1
"31267";31267;1
"31268";31268;1
"31269";31269;1
"31270";31270;3
"31271";31271;3
"31272";31272;1
"31273";31273;1
"31274";31274;2
"31275";31275;1
"31276";31276;1
"31277";31277;1
"31278";31278;1
"31279";31279;1
"31280";31280;1
"31281";31281;1
"31282";31282;1
"31283";31283;3
"31284";31284;1
"31285";31285;2
"31286";31286;2
"31287";31287;2
"31288";31288;1
"31289";31289;1
"31290";31290;1
"31291";31291;1
"31292";31292;1
"31293";31293;1
"31294";31294;1
"31295";31295;2
"31296";31296;3
"31297";31297;2
"31298";31298;1
"31299";31299;1
"31300";31300;1
"31301";31301;1
"31302";31302;2
"31303";31303;2
"31304";31304;2
"31305";31305;1
"31306";31306;2
"31307";31307;3
"31308";31308;1
"31309";31309;3
"31310";31310;1
"31311";31311;1
"31312";31312;1
"31313";31313;1
"31314";31314;1
"31315";31315;1
"31316";31316;1
"31317";31317;1
"31318";31318;2
"31319";31319;1
"31320";31320;1
"31321";31321;1
"31322";31322;2
"31323";31323;2
"31324";31324;1
"31325";31325;1
"31326";31326;2
"31327";31327;3
"31328";31328;1
"31329";31329;1
"31330";31330;1
"31331";31331;1
"31332";31332;3
"31333";31333;1
"31334";31334;2
"31335";31335;2
"31336";31336;1
"31337";31337;1
"31338";31338;1
"31339";31339;3
"31340";31340;2
"31341";31341;1
"31342";31342;1
"31343";31343;2
"31344";31344;2
"31345";31345;2
"31346";31346;1
"31347";31347;1
"31348";31348;1
"31349";31349;3
"31350";31350;2
"31351";31351;3
"31352";31352;2
"31353";31353;2
"31354";31354;3
"31355";31355;3
"31356";31356;3
"31357";31357;3
"31358";31358;3
"31359";31359;3
"31360";31360;3
"31361";31361;3
"31362";31362;3
"31363";31363;1
"31364";31364;3
"31365";31365;2
"31366";31366;1
"31367";31367;3
"31368";31368;3
"31369";31369;3
"31370";31370;3
"31371";31371;2
"31372";31372;3
"31373";31373;3
"31374";31374;1
"31375";31375;1
"31376";31376;3
"31377";31377;3
"31378";31378;3
"31379";31379;3
"31380";31380;3
"31381";31381;1
"31382";31382;3
"31383";31383;3
"31384";31384;3
"31385";31385;3
"31386";31386;3
"31387";31387;2
"31388";31388;3
"31389";31389;3
"31390";31390;3
"31391";31391;3
"31392";31392;3
"31393";31393;3
"31394";31394;3
"31395";31395;3
"31396";31396;3
"31397";31397;3
"31398";31398;3
"31399";31399;2
"31400";31400;3
"31401";31401;3
"31402";31402;3
"31403";31403;3
"31404";31404;3
"31405";31405;3
"31406";31406;3
"31407";31407;2
"31408";31408;2
"31409";31409;2
"31410";31410;3
"31411";31411;1
"31412";31412;2
"31413";31413;1
"31414";31414;3
"31415";31415;3
"31416";31416;3
"31417";31417;3
"31418";31418;3
"31419";31419;3
"31420";31420;3
"31421";31421;3
"31422";31422;3
"31423";31423;3
"31424";31424;3
"31425";31425;1
"31426";31426;1
"31427";31427;3
"31428";31428;3
"31429";31429;3
"31430";31430;3
"31431";31431;3
"31432";31432;3
"31433";31433;3
"31434";31434;3
"31435";31435;3
"31436";31436;3
"31437";31437;3
"31438";31438;1
"31439";31439;3
"31440";31440;1
"31441";31441;1
"31442";31442;2
"31443";31443;3
"31444";31444;2
"31445";31445;3
"31446";31446;3
"31447";31447;2
"31448";31448;3
"31449";31449;2
"31450";31450;3
"31451";31451;3
"31452";31452;3
"31453";31453;3
"31454";31454;3
"31455";31455;3
"31456";31456;2
"31457";31457;3
"31458";31458;3
"31459";31459;3
"31460";31460;3
"31461";31461;3
"31462";31462;3
"31463";31463;3
"31464";31464;3
"31465";31465;3
"31466";31466;3
"31467";31467;3
"31468";31468;3
"31469";31469;2
"31470";31470;2
"31471";31471;2
"31472";31472;2
"31473";31473;2
"31474";31474;2
"31475";31475;3
"31476";31476;1
"31477";31477;3
"31478";31478;2
"31479";31479;2
"31480";31480;1
"31481";31481;1
"31482";31482;1
"31483";31483;1
"31484";31484;1
"31485";31485;3
"31486";31486;3
"31487";31487;3
"31488";31488;3
"31489";31489;3
"31490";31490;3
"31491";31491;3
"31492";31492;3
"31493";31493;3
"31494";31494;3
"31495";31495;3
"31496";31496;3
"31497";31497;3
"31498";31498;3
"31499";31499;2
"31500";31500;1
"31501";31501;3
"31502";31502;3
"31503";31503;3
"31504";31504;1
"31505";31505;2
"31506";31506;1
"31507";31507;3
"31508";31508;3
"31509";31509;1
"31510";31510;1
"31511";31511;1
"31512";31512;1
"31513";31513;3
"31514";31514;3
"31515";31515;1
"31516";31516;1
"31517";31517;3
"31518";31518;3
"31519";31519;1
"31520";31520;1
"31521";31521;1
"31522";31522;1
"31523";31523;3
"31524";31524;3
"31525";31525;2
"31526";31526;2
"31527";31527;3
"31528";31528;3
"31529";31529;3
"31530";31530;3
"31531";31531;1
"31532";31532;3
"31533";31533;3
"31534";31534;3
"31535";31535;3
"31536";31536;3
"31537";31537;3
"31538";31538;1
"31539";31539;2
"31540";31540;1
"31541";31541;3
"31542";31542;3
"31543";31543;3
"31544";31544;3
"31545";31545;2
"31546";31546;1
"31547";31547;1
"31548";31548;1
"31549";31549;3
"31550";31550;3
"31551";31551;1
"31552";31552;1
"31553";31553;1
"31554";31554;3
"31555";31555;3
"31556";31556;3
"31557";31557;1
"31558";31558;3
"31559";31559;2
"31560";31560;3
"31561";31561;1
"31562";31562;3
"31563";31563;3
"31564";31564;2
"31565";31565;1
"31566";31566;1
"31567";31567;3
"31568";31568;2
"31569";31569;2
"31570";31570;1
"31571";31571;1
"31572";31572;1
"31573";31573;1
"31574";31574;1
"31575";31575;1
"31576";31576;1
"31577";31577;2
"31578";31578;1
"31579";31579;1
"31580";31580;1
"31581";31581;2
"31582";31582;1
"31583";31583;1
"31584";31584;3
"31585";31585;1
"31586";31586;1
"31587";31587;3
"31588";31588;3
"31589";31589;2
"31590";31590;3
"31591";31591;2
"31592";31592;2
"31593";31593;2
"31594";31594;3
"31595";31595;3
"31596";31596;2
"31597";31597;1
"31598";31598;3
"31599";31599;2
"31600";31600;3
"31601";31601;1
"31602";31602;2
"31603";31603;3
"31604";31604;2
"31605";31605;2
"31606";31606;2
"31607";31607;3
"31608";31608;2
"31609";31609;2
"31610";31610;2
"31611";31611;2
"31612";31612;3
"31613";31613;2
"31614";31614;1
"31615";31615;3
"31616";31616;2
"31617";31617;3
"31618";31618;3
"31619";31619;3
"31620";31620;3
"31621";31621;2
"31622";31622;3
"31623";31623;2
"31624";31624;2
"31625";31625;2
"31626";31626;2
"31627";31627;3
"31628";31628;2
"31629";31629;1
"31630";31630;1
"31631";31631;1
"31632";31632;2
"31633";31633;1
"31634";31634;2
"31635";31635;2
"31636";31636;2
"31637";31637;1
"31638";31638;2
"31639";31639;2
"31640";31640;1
"31641";31641;2
"31642";31642;2
"31643";31643;2
"31644";31644;1
"31645";31645;2
"31646";31646;2
"31647";31647;3
"31648";31648;3
"31649";31649;3
"31650";31650;2
"31651";31651;3
"31652";31652;2
"31653";31653;2
"31654";31654;1
"31655";31655;2
"31656";31656;1
"31657";31657;2
"31658";31658;2
"31659";31659;1
"31660";31660;1
"31661";31661;1
"31662";31662;3
"31663";31663;3
"31664";31664;3
"31665";31665;2
"31666";31666;1
"31667";31667;2
"31668";31668;1
"31669";31669;1
"31670";31670;1
"31671";31671;1
"31672";31672;1
"31673";31673;1
"31674";31674;1
"31675";31675;1
"31676";31676;1
"31677";31677;2
"31678";31678;2
"31679";31679;3
"31680";31680;3
"31681";31681;1
"31682";31682;1
"31683";31683;1
"31684";31684;2
"31685";31685;2
"31686";31686;2
"31687";31687;1
"31688";31688;2
"31689";31689;1
"31690";31690;2
"31691";31691;1
"31692";31692;2
"31693";31693;2
"31694";31694;3
"31695";31695;1
"31696";31696;2
"31697";31697;2
"31698";31698;1
"31699";31699;0
"31700";31700;1
"31701";31701;1
"31702";31702;1
"31703";31703;2
"31704";31704;2
"31705";31705;1
"31706";31706;2
"31707";31707;2
"31708";31708;1
"31709";31709;1
"31710";31710;2
"31711";31711;1
"31712";31712;2
"31713";31713;2
"31714";31714;2
"31715";31715;2
"31716";31716;2
"31717";31717;1
"31718";31718;1
"31719";31719;2
"31720";31720;2
"31721";31721;2
"31722";31722;1
"31723";31723;1
"31724";31724;2
"31725";31725;1
"31726";31726;1
"31727";31727;3
"31728";31728;3
"31729";31729;3
"31730";31730;2
"31731";31731;2
"31732";31732;2
"31733";31733;3
"31734";31734;3
"31735";31735;2
"31736";31736;1
"31737";31737;3
"31738";31738;1
"31739";31739;3
"31740";31740;3
"31741";31741;1
"31742";31742;2
"31743";31743;1
"31744";31744;3
"31745";31745;3
"31746";31746;3
"31747";31747;3
"31748";31748;2
"31749";31749;2
"31750";31750;2
"31751";31751;3
"31752";31752;3
"31753";31753;3
"31754";31754;3
"31755";31755;3
"31756";31756;3
"31757";31757;1
"31758";31758;2
"31759";31759;2
"31760";31760;3
"31761";31761;3
"31762";31762;3
"31763";31763;3
"31764";31764;3
"31765";31765;2
"31766";31766;3
"31767";31767;2
"31768";31768;3
"31769";31769;2
"31770";31770;2
"31771";31771;2
"31772";31772;2
"31773";31773;1
"31774";31774;2
"31775";31775;3
"31776";31776;2
"31777";31777;3
"31778";31778;2
"31779";31779;2
"31780";31780;2
"31781";31781;2
"31782";31782;2
"31783";31783;2
"31784";31784;3
"31785";31785;3
"31786";31786;3
"31787";31787;3
"31788";31788;3
"31789";31789;2
"31790";31790;3
"31791";31791;3
"31792";31792;3
"31793";31793;3
"31794";31794;2
"31795";31795;3
"31796";31796;3
"31797";31797;2
"31798";31798;3
"31799";31799;2
"31800";31800;3
"31801";31801;3
"31802";31802;3
"31803";31803;2
"31804";31804;3
"31805";31805;3
"31806";31806;3
"31807";31807;3
"31808";31808;3
"31809";31809;2
"31810";31810;2
"31811";31811;3
"31812";31812;3
"31813";31813;1
"31814";31814;3
"31815";31815;3
"31816";31816;2
"31817";31817;2
"31818";31818;3
"31819";31819;2
"31820";31820;2
"31821";31821;3
"31822";31822;3
"31823";31823;2
"31824";31824;3
"31825";31825;3
"31826";31826;3
"31827";31827;3
"31828";31828;3
"31829";31829;1
"31830";31830;2
"31831";31831;2
"31832";31832;2
"31833";31833;2
"31834";31834;2
"31835";31835;3
"31836";31836;3
"31837";31837;3
"31838";31838;2
"31839";31839;1
"31840";31840;2
"31841";31841;2
"31842";31842;1
"31843";31843;2
"31844";31844;3
"31845";31845;1
"31846";31846;1
"31847";31847;1
"31848";31848;2
"31849";31849;2
"31850";31850;2
"31851";31851;2
"31852";31852;2
"31853";31853;2
"31854";31854;1
"31855";31855;2
"31856";31856;2
"31857";31857;1
"31858";31858;3
"31859";31859;3
"31860";31860;2
"31861";31861;3
"31862";31862;3
"31863";31863;3
"31864";31864;3
"31865";31865;3
"31866";31866;3
"31867";31867;3
"31868";31868;3
"31869";31869;3
"31870";31870;3
"31871";31871;3
"31872";31872;3
"31873";31873;3
"31874";31874;3
"31875";31875;3
"31876";31876;2
"31877";31877;2
"31878";31878;3
"31879";31879;3
"31880";31880;3
"31881";31881;3
"31882";31882;2
"31883";31883;2
"31884";31884;3
"31885";31885;2
"31886";31886;2
"31887";31887;3
"31888";31888;3
"31889";31889;2
"31890";31890;2
"31891";31891;3
"31892";31892;3
"31893";31893;3
"31894";31894;3
"31895";31895;3
"31896";31896;3
"31897";31897;3
"31898";31898;2
"31899";31899;3
"31900";31900;3
"31901";31901;2
"31902";31902;3
"31903";31903;3
"31904";31904;3
"31905";31905;2
"31906";31906;2
"31907";31907;3
"31908";31908;2
"31909";31909;3
"31910";31910;3
"31911";31911;3
"31912";31912;3
"31913";31913;2
"31914";31914;2
"31915";31915;3
"31916";31916;2
"31917";31917;3
"31918";31918;3
"31919";31919;2
"31920";31920;1
"31921";31921;2
"31922";31922;1
"31923";31923;2
"31924";31924;2
"31925";31925;2
"31926";31926;1
"31927";31927;2
"31928";31928;2
"31929";31929;3
"31930";31930;3
"31931";31931;2
"31932";31932;2
"31933";31933;2
"31934";31934;2
"31935";31935;1
"31936";31936;1
"31937";31937;1
"31938";31938;2
"31939";31939;1
"31940";31940;3
"31941";31941;2
"31942";31942;2
"31943";31943;1
"31944";31944;2
"31945";31945;2
"31946";31946;1
"31947";31947;1
"31948";31948;1
"31949";31949;2
"31950";31950;2
"31951";31951;2
"31952";31952;1
"31953";31953;2
"31954";31954;2
"31955";31955;2
"31956";31956;1
"31957";31957;1
"31958";31958;1
"31959";31959;2
"31960";31960;1
"31961";31961;1
"31962";31962;1
"31963";31963;1
"31964";31964;1
"31965";31965;1
"31966";31966;1
"31967";31967;1
"31968";31968;1
"31969";31969;1
"31970";31970;1
"31971";31971;2
"31972";31972;1
"31973";31973;1
"31974";31974;3
"31975";31975;1
"31976";31976;2
"31977";31977;1
"31978";31978;3
"31979";31979;3
"31980";31980;2
"31981";31981;3
"31982";31982;1
"31983";31983;1
"31984";31984;1
"31985";31985;3
"31986";31986;1
"31987";31987;3
"31988";31988;3
"31989";31989;3
"31990";31990;3
"31991";31991;3
"31992";31992;2
"31993";31993;2
"31994";31994;3
"31995";31995;3
"31996";31996;1
"31997";31997;1
"31998";31998;1
"31999";31999;2
"32000";32000;1
"32001";32001;1
"32002";32002;2
"32003";32003;1
"32004";32004;3
"32005";32005;1
"32006";32006;3
"32007";32007;2
"32008";32008;1
"32009";32009;1
"32010";32010;2
"32011";32011;3
"32012";32012;3
"32013";32013;3
"32014";32014;2
"32015";32015;2
"32016";32016;2
"32017";32017;3
"32018";32018;2
"32019";32019;3
"32020";32020;3
"32021";32021;2
"32022";32022;2
"32023";32023;2
"32024";32024;1
"32025";32025;2
"32026";32026;2
"32027";32027;2
"32028";32028;2
"32029";32029;2
"32030";32030;1
"32031";32031;2
"32032";32032;1
"32033";32033;1
"32034";32034;2
"32035";32035;2
"32036";32036;1
"32037";32037;2
"32038";32038;1
"32039";32039;2
"32040";32040;1
"32041";32041;1
"32042";32042;1
"32043";32043;1
"32044";32044;2
"32045";32045;2
"32046";32046;1
"32047";32047;1
"32048";32048;2
"32049";32049;1
"32050";32050;1
"32051";32051;1
"32052";32052;1
"32053";32053;1
"32054";32054;1
"32055";32055;1
"32056";32056;1
"32057";32057;2
"32058";32058;1
"32059";32059;1
"32060";32060;1
"32061";32061;1
"32062";32062;2
"32063";32063;1
"32064";32064;2
"32065";32065;2
"32066";32066;1
"32067";32067;1
"32068";32068;1
"32069";32069;2
"32070";32070;1
"32071";32071;2
"32072";32072;1
"32073";32073;2
"32074";32074;3
"32075";32075;1
"32076";32076;3
"32077";32077;1
"32078";32078;1
"32079";32079;1
"32080";32080;2
"32081";32081;1
"32082";32082;1
"32083";32083;2
"32084";32084;1
"32085";32085;1
"32086";32086;1
"32087";32087;2
"32088";32088;1
"32089";32089;1
"32090";32090;1
"32091";32091;1
"32092";32092;1
"32093";32093;2
"32094";32094;2
"32095";32095;1
"32096";32096;1
"32097";32097;1
"32098";32098;2
"32099";32099;2
"32100";32100;3
"32101";32101;2
"32102";32102;3
"32103";32103;2
"32104";32104;3
"32105";32105;2
"32106";32106;2
"32107";32107;1
"32108";32108;2
"32109";32109;1
"32110";32110;2
"32111";32111;2
"32112";32112;2
"32113";32113;2
"32114";32114;2
"32115";32115;2
"32116";32116;2
"32117";32117;2
"32118";32118;1
"32119";32119;2
"32120";32120;1
"32121";32121;1
"32122";32122;2
"32123";32123;2
"32124";32124;2
"32125";32125;3
"32126";32126;3
"32127";32127;3
"32128";32128;2
"32129";32129;2
"32130";32130;2
"32131";32131;2
"32132";32132;3
"32133";32133;3
"32134";32134;2
"32135";32135;2
"32136";32136;2
"32137";32137;2
"32138";32138;2
"32139";32139;2
"32140";32140;2
"32141";32141;3
"32142";32142;2
"32143";32143;2
"32144";32144;2
"32145";32145;2
"32146";32146;2
"32147";32147;3
"32148";32148;2
"32149";32149;2
"32150";32150;2
"32151";32151;3
"32152";32152;1
"32153";32153;1
"32154";32154;2
"32155";32155;2
"32156";32156;2
"32157";32157;2
"32158";32158;2
"32159";32159;2
"32160";32160;2
"32161";32161;2
"32162";32162;2
"32163";32163;2
"32164";32164;2
"32165";32165;2
"32166";32166;2
"32167";32167;2
"32168";32168;2
"32169";32169;2
"32170";32170;2
"32171";32171;2
"32172";32172;2
"32173";32173;2
"32174";32174;2
"32175";32175;2
"32176";32176;2
"32177";32177;2
"32178";32178;2
"32179";32179;2
"32180";32180;3
"32181";32181;2
"32182";32182;2
"32183";32183;2
"32184";32184;2
"32185";32185;1
"32186";32186;2
"32187";32187;2
"32188";32188;2
"32189";32189;2
"32190";32190;2
"32191";32191;2
"32192";32192;2
"32193";32193;1
"32194";32194;2
"32195";32195;1
"32196";32196;2
"32197";32197;1
"32198";32198;1
"32199";32199;1
"32200";32200;1
"32201";32201;1
"32202";32202;1
"32203";32203;2
"32204";32204;1
"32205";32205;2
"32206";32206;1
"32207";32207;2
"32208";32208;3
"32209";32209;1
"32210";32210;1
"32211";32211;1
"32212";32212;1
"32213";32213;1
"32214";32214;2
"32215";32215;1
"32216";32216;2
"32217";32217;2
"32218";32218;2
"32219";32219;2
"32220";32220;1
"32221";32221;1
"32222";32222;1
"32223";32223;2
"32224";32224;3
"32225";32225;1
"32226";32226;1
"32227";32227;2
"32228";32228;2
"32229";32229;1
"32230";32230;1
"32231";32231;1
"32232";32232;1
"32233";32233;2
"32234";32234;2
"32235";32235;2
"32236";32236;2
"32237";32237;2
"32238";32238;2
"32239";32239;2
"32240";32240;1
"32241";32241;2
"32242";32242;3
"32243";32243;2
"32244";32244;3
"32245";32245;2
"32246";32246;3
"32247";32247;2
"32248";32248;2
"32249";32249;2
"32250";32250;2
"32251";32251;2
"32252";32252;2
"32253";32253;2
"32254";32254;2
"32255";32255;2
"32256";32256;2
"32257";32257;3
"32258";32258;2
"32259";32259;2
"32260";32260;3
"32261";32261;2
"32262";32262;1
"32263";32263;2
"32264";32264;2
"32265";32265;2
"32266";32266;2
"32267";32267;2
"32268";32268;2
"32269";32269;2
"32270";32270;1
"32271";32271;1
"32272";32272;1
"32273";32273;1
"32274";32274;2
"32275";32275;1
"32276";32276;2
"32277";32277;1
"32278";32278;2
"32279";32279;2
"32280";32280;2
"32281";32281;2
"32282";32282;2
"32283";32283;2
"32284";32284;1
"32285";32285;1
"32286";32286;1
"32287";32287;1
"32288";32288;2
"32289";32289;2
"32290";32290;0
"32291";32291;1
"32292";32292;1
"32293";32293;2
"32294";32294;2
"32295";32295;2
"32296";32296;1
"32297";32297;2
"32298";32298;2
"32299";32299;2
"32300";32300;2
"32301";32301;2
"32302";32302;2
"32303";32303;2
"32304";32304;2
"32305";32305;3
"32306";32306;2
"32307";32307;2
"32308";32308;2
"32309";32309;2
"32310";32310;2
"32311";32311;2
"32312";32312;2
"32313";32313;2
"32314";32314;2
"32315";32315;3
"32316";32316;2
"32317";32317;2
"32318";32318;2
"32319";32319;1
"32320";32320;1
"32321";32321;1
"32322";32322;2
"32323";32323;2
"32324";32324;2
"32325";32325;3
"32326";32326;3
"32327";32327;2
"32328";32328;2
"32329";32329;2
"32330";32330;2
"32331";32331;2
"32332";32332;2
"32333";32333;2
"32334";32334;1
"32335";32335;2
"32336";32336;2
"32337";32337;2
"32338";32338;2
"32339";32339;2
"32340";32340;2
"32341";32341;2
"32342";32342;2
"32343";32343;3
"32344";32344;2
"32345";32345;1
"32346";32346;3
"32347";32347;1
"32348";32348;1
"32349";32349;2
"32350";32350;2
"32351";32351;2
"32352";32352;2
"32353";32353;2
"32354";32354;1
"32355";32355;3
"32356";32356;1
"32357";32357;3
"32358";32358;3
"32359";32359;2
"32360";32360;1
"32361";32361;1
"32362";32362;1
"32363";32363;3
"32364";32364;3
"32365";32365;2
"32366";32366;3
"32367";32367;2
"32368";32368;1
"32369";32369;2
"32370";32370;2
"32371";32371;2
"32372";32372;2
"32373";32373;3
"32374";32374;1
"32375";32375;2
"32376";32376;0
"32377";32377;2
"32378";32378;2
"32379";32379;2
"32380";32380;2
"32381";32381;2
"32382";32382;3
"32383";32383;2
"32384";32384;2
"32385";32385;2
"32386";32386;2
"32387";32387;2
"32388";32388;2
"32389";32389;2
"32390";32390;2
"32391";32391;2
"32392";32392;2
"32393";32393;2
"32394";32394;2
"32395";32395;2
"32396";32396;2
"32397";32397;2
"32398";32398;2
"32399";32399;1
"32400";32400;2
"32401";32401;1
"32402";32402;1
"32403";32403;1
"32404";32404;3
"32405";32405;2
"32406";32406;2
"32407";32407;2
"32408";32408;2
"32409";32409;3
"32410";32410;2
"32411";32411;2
"32412";32412;2
"32413";32413;3
"32414";32414;2
"32415";32415;2
"32416";32416;2
"32417";32417;2
"32418";32418;2
"32419";32419;2
"32420";32420;2
"32421";32421;1
"32422";32422;1
"32423";32423;2
"32424";32424;2
"32425";32425;1
"32426";32426;1
"32427";32427;1
"32428";32428;1
"32429";32429;1
"32430";32430;1
"32431";32431;2
"32432";32432;2
"32433";32433;2
"32434";32434;2
"32435";32435;2
"32436";32436;1
"32437";32437;3
"32438";32438;2
"32439";32439;1
"32440";32440;2
"32441";32441;1
"32442";32442;2
"32443";32443;2
"32444";32444;1
"32445";32445;1
"32446";32446;1
"32447";32447;1
"32448";32448;1
"32449";32449;1
"32450";32450;1
"32451";32451;3
"32452";32452;1
"32453";32453;3
"32454";32454;3
"32455";32455;1
"32456";32456;3
"32457";32457;1
"32458";32458;3
"32459";32459;1
"32460";32460;1
"32461";32461;1
"32462";32462;3
"32463";32463;2
"32464";32464;3
"32465";32465;3
"32466";32466;1
"32467";32467;1
"32468";32468;3
"32469";32469;3
"32470";32470;3
"32471";32471;3
"32472";32472;3
"32473";32473;1
"32474";32474;2
"32475";32475;3
"32476";32476;1
"32477";32477;1
"32478";32478;1
"32479";32479;1
"32480";32480;1
"32481";32481;3
"32482";32482;3
"32483";32483;3
"32484";32484;1
"32485";32485;3
"32486";32486;3
"32487";32487;1
"32488";32488;3
"32489";32489;1
"32490";32490;1
"32491";32491;1
"32492";32492;1
"32493";32493;1
"32494";32494;1
"32495";32495;1
"32496";32496;1
"32497";32497;1
"32498";32498;1
"32499";32499;1
"32500";32500;1
"32501";32501;2
"32502";32502;1
"32503";32503;1
"32504";32504;1
"32505";32505;1
"32506";32506;2
"32507";32507;1
"32508";32508;1
"32509";32509;1
"32510";32510;1
"32511";32511;1
"32512";32512;1
"32513";32513;1
"32514";32514;1
"32515";32515;3
"32516";32516;1
"32517";32517;1
"32518";32518;1
"32519";32519;2
"32520";32520;2
"32521";32521;2
"32522";32522;1
"32523";32523;1
"32524";32524;1
"32525";32525;1
"32526";32526;1
"32527";32527;1
"32528";32528;2
"32529";32529;1
"32530";32530;1
"32531";32531;2
"32532";32532;1
"32533";32533;1
"32534";32534;1
"32535";32535;1
"32536";32536;1
"32537";32537;2
"32538";32538;2
"32539";32539;2
"32540";32540;2
"32541";32541;2
"32542";32542;2
"32543";32543;2
"32544";32544;1
"32545";32545;3
"32546";32546;1
"32547";32547;1
"32548";32548;3
"32549";32549;2
"32550";32550;3
"32551";32551;2
"32552";32552;2
"32553";32553;1
"32554";32554;2
"32555";32555;2
"32556";32556;1
"32557";32557;1
"32558";32558;1
"32559";32559;1
"32560";32560;1
"32561";32561;2
"32562";32562;1
"32563";32563;2
"32564";32564;0
"32565";32565;2
"32566";32566;2
"32567";32567;2
"32568";32568;3
"32569";32569;1
"32570";32570;1
"32571";32571;2
"32572";32572;1
"32573";32573;2
"32574";32574;2
"32575";32575;3
"32576";32576;3
"32577";32577;1
"32578";32578;3
"32579";32579;1
"32580";32580;1
"32581";32581;3
"32582";32582;1
"32583";32583;3
"32584";32584;3
"32585";32585;3
"32586";32586;3
"32587";32587;3
"32588";32588;3
"32589";32589;2
"32590";32590;1
"32591";32591;3
"32592";32592;3
"32593";32593;3
"32594";32594;2
"32595";32595;3
"32596";32596;3
"32597";32597;3
"32598";32598;2
"32599";32599;1
"32600";32600;3
"32601";32601;3
"32602";32602;2
"32603";32603;3
"32604";32604;1
"32605";32605;3
"32606";32606;2
"32607";32607;1
"32608";32608;3
"32609";32609;2
"32610";32610;2
"32611";32611;2
"32612";32612;2
"32613";32613;2
"32614";32614;3
"32615";32615;2
"32616";32616;3
"32617";32617;2
"32618";32618;3
"32619";32619;2
"32620";32620;3
"32621";32621;2
"32622";32622;2
"32623";32623;3
"32624";32624;3
"32625";32625;3
"32626";32626;2
"32627";32627;3
"32628";32628;3
"32629";32629;2
"32630";32630;3
"32631";32631;3
"32632";32632;3
"32633";32633;2
"32634";32634;1
"32635";32635;3
"32636";32636;3
"32637";32637;2
"32638";32638;2
"32639";32639;1
"32640";32640;1
"32641";32641;1
"32642";32642;1
"32643";32643;2
"32644";32644;1
"32645";32645;2
"32646";32646;1
"32647";32647;2
"32648";32648;1
"32649";32649;1
"32650";32650;3
"32651";32651;1
"32652";32652;3
"32653";32653;2
"32654";32654;1
"32655";32655;1
"32656";32656;2
"32657";32657;1
"32658";32658;1
"32659";32659;1
"32660";32660;2
"32661";32661;2
"32662";32662;3
"32663";32663;3
"32664";32664;2
"32665";32665;2
"32666";32666;2
"32667";32667;2
"32668";32668;2
"32669";32669;2
"32670";32670;2
"32671";32671;1
"32672";32672;3
"32673";32673;2
"32674";32674;1
"32675";32675;1
"32676";32676;2
"32677";32677;1
"32678";32678;1
"32679";32679;2
"32680";32680;2
"32681";32681;1
"32682";32682;1
"32683";32683;1
"32684";32684;1
"32685";32685;2
"32686";32686;1
"32687";32687;1
"32688";32688;1
"32689";32689;1
"32690";32690;2
"32691";32691;1
"32692";32692;1
"32693";32693;1
"32694";32694;2
"32695";32695;1
"32696";32696;2
"32697";32697;1
"32698";32698;1
"32699";32699;2
"32700";32700;2
"32701";32701;2
"32702";32702;1
"32703";32703;2
"32704";32704;2
"32705";32705;2
"32706";32706;1
"32707";32707;2
"32708";32708;2
"32709";32709;1
"32710";32710;2
"32711";32711;2
"32712";32712;2
"32713";32713;2
"32714";32714;2
"32715";32715;2
"32716";32716;1
"32717";32717;2
"32718";32718;2
"32719";32719;2
"32720";32720;3
"32721";32721;3
"32722";32722;1
"32723";32723;3
"32724";32724;3
"32725";32725;1
"32726";32726;2
"32727";32727;1
"32728";32728;1
"32729";32729;2
"32730";32730;3
"32731";32731;3
"32732";32732;2
"32733";32733;2
"32734";32734;1
"32735";32735;1
"32736";32736;3
"32737";32737;2
"32738";32738;2
"32739";32739;2
"32740";32740;2
"32741";32741;2
"32742";32742;2
"32743";32743;3
"32744";32744;3
"32745";32745;1
"32746";32746;1
"32747";32747;1
"32748";32748;1
"32749";32749;2
"32750";32750;2
"32751";32751;2
"32752";32752;3
"32753";32753;3
"32754";32754;3
"32755";32755;2
"32756";32756;2
"32757";32757;1
"32758";32758;1
"32759";32759;2
"32760";32760;1
"32761";32761;1
"32762";32762;2
"32763";32763;1
"32764";32764;1
"32765";32765;1
"32766";32766;3
"32767";32767;1
"32768";32768;1
"32769";32769;1
"32770";32770;1
"32771";32771;1
"32772";32772;1
"32773";32773;1
"32774";32774;1
"32775";32775;3
"32776";32776;3
"32777";32777;1
"32778";32778;1
"32779";32779;2
"32780";32780;3
"32781";32781;3
"32782";32782;2
"32783";32783;1
"32784";32784;1
"32785";32785;1
"32786";32786;2
"32787";32787;2
"32788";32788;1
"32789";32789;1
"32790";32790;2
"32791";32791;1
"32792";32792;1
"32793";32793;0
"32794";32794;2
"32795";32795;2
"32796";32796;2
"32797";32797;2
"32798";32798;3
"32799";32799;1
"32800";32800;3
"32801";32801;2
"32802";32802;3
"32803";32803;1
"32804";32804;2
"32805";32805;3
"32806";32806;1
"32807";32807;1
"32808";32808;2
"32809";32809;2
"32810";32810;2
"32811";32811;1
"32812";32812;3
"32813";32813;0
"32814";32814;1
"32815";32815;1
"32816";32816;1
"32817";32817;1
"32818";32818;2
"32819";32819;2
"32820";32820;2
"32821";32821;1
"32822";32822;0
"32823";32823;0
"32824";32824;0
"32825";32825;0
"32826";32826;3
"32827";32827;1
"32828";32828;2
"32829";32829;2
"32830";32830;1
"32831";32831;0
"32832";32832;0
"32833";32833;0
"32834";32834;1
"32835";32835;1
"32836";32836;1
"32837";32837;1
"32838";32838;1
"32839";32839;1
"32840";32840;3
"32841";32841;0
"32842";32842;2
"32843";32843;3
"32844";32844;2
"32845";32845;1
"32846";32846;1
"32847";32847;1
"32848";32848;1
"32849";32849;1
"32850";32850;1
"32851";32851;1
"32852";32852;2
"32853";32853;3
"32854";32854;3
"32855";32855;3
"32856";32856;2
"32857";32857;3
"32858";32858;2
"32859";32859;2
"32860";32860;2
"32861";32861;2
"32862";32862;2
"32863";32863;3
"32864";32864;2
"32865";32865;2
"32866";32866;2
"32867";32867;2
"32868";32868;2
"32869";32869;2
"32870";32870;2
"32871";32871;0
"32872";32872;2
"32873";32873;2
"32874";32874;2
"32875";32875;3
"32876";32876;2
"32877";32877;2
"32878";32878;2
"32879";32879;2
"32880";32880;2
"32881";32881;2
"32882";32882;2
"32883";32883;2
"32884";32884;2
"32885";32885;3
"32886";32886;2
"32887";32887;2
"32888";32888;2
"32889";32889;1
"32890";32890;1
"32891";32891;3
"32892";32892;3
"32893";32893;3
"32894";32894;2
"32895";32895;3
"32896";32896;3
"32897";32897;1
"32898";32898;3
"32899";32899;3
"32900";32900;3
"32901";32901;3
"32902";32902;3
"32903";32903;3
"32904";32904;3
"32905";32905;3
"32906";32906;3
"32907";32907;3
"32908";32908;2
"32909";32909;2
"32910";32910;2
"32911";32911;3
"32912";32912;2
"32913";32913;2
"32914";32914;2
"32915";32915;3
"32916";32916;3
"32917";32917;3
"32918";32918;3
"32919";32919;1
"32920";32920;1
"32921";32921;3
"32922";32922;3
"32923";32923;2
"32924";32924;1
"32925";32925;1
"32926";32926;3
"32927";32927;3
"32928";32928;3
"32929";32929;3
"32930";32930;3
"32931";32931;2
"32932";32932;3
"32933";32933;2
"32934";32934;2
"32935";32935;2
"32936";32936;3
"32937";32937;3
"32938";32938;2
"32939";32939;2
"32940";32940;3
"32941";32941;3
"32942";32942;1
"32943";32943;3
"32944";32944;3
"32945";32945;1
"32946";32946;3
"32947";32947;3
"32948";32948;3
"32949";32949;1
"32950";32950;2
"32951";32951;3
"32952";32952;2
"32953";32953;3
"32954";32954;3
"32955";32955;2
"32956";32956;3
"32957";32957;3
"32958";32958;3
"32959";32959;3
"32960";32960;3
"32961";32961;3
"32962";32962;2
"32963";32963;3
"32964";32964;3
"32965";32965;2
"32966";32966;3
"32967";32967;3
"32968";32968;3
"32969";32969;3
"32970";32970;1
"32971";32971;3
"32972";32972;2
"32973";32973;3
"32974";32974;3
"32975";32975;2
"32976";32976;3
"32977";32977;3
"32978";32978;2
"32979";32979;2
"32980";32980;2
"32981";32981;3
"32982";32982;1
"32983";32983;2
"32984";32984;3
"32985";32985;3
"32986";32986;2
"32987";32987;2
"32988";32988;2
"32989";32989;2
"32990";32990;2
"32991";32991;2
"32992";32992;2
"32993";32993;2
"32994";32994;3
"32995";32995;3
"32996";32996;3
"32997";32997;2
"32998";32998;2
"32999";32999;2
"33000";33000;2
"33001";33001;2
"33002";33002;2
"33003";33003;2
"33004";33004;2
"33005";33005;2
"33006";33006;2
"33007";33007;2
"33008";33008;2
"33009";33009;3
"33010";33010;1
"33011";33011;2
"33012";33012;2
"33013";33013;1
"33014";33014;2
"33015";33015;1
"33016";33016;2
"33017";33017;2
"33018";33018;2
"33019";33019;3
"33020";33020;2
"33021";33021;2
"33022";33022;0
"33023";33023;1
"33024";33024;1
"33025";33025;2
"33026";33026;1
"33027";33027;1
"33028";33028;1
"33029";33029;2
"33030";33030;3
"33031";33031;1
"33032";33032;3
"33033";33033;1
"33034";33034;1
"33035";33035;1
"33036";33036;1
"33037";33037;2
"33038";33038;1
"33039";33039;1
"33040";33040;2
"33041";33041;2
"33042";33042;1
"33043";33043;2
"33044";33044;2
"33045";33045;1
"33046";33046;1
"33047";33047;1
"33048";33048;3
"33049";33049;2
"33050";33050;1
"33051";33051;2
"33052";33052;1
"33053";33053;2
"33054";33054;3
"33055";33055;2
"33056";33056;2
"33057";33057;2
"33058";33058;2
"33059";33059;2
"33060";33060;2
"33061";33061;2
"33062";33062;2
"33063";33063;2
"33064";33064;2
"33065";33065;2
"33066";33066;2
"33067";33067;2
"33068";33068;2
"33069";33069;2
"33070";33070;3
"33071";33071;2
"33072";33072;2
"33073";33073;2
"33074";33074;1
"33075";33075;2
"33076";33076;2
"33077";33077;2
"33078";33078;2
"33079";33079;1
"33080";33080;3
"33081";33081;2
"33082";33082;1
"33083";33083;2
"33084";33084;2
"33085";33085;1
"33086";33086;2
"33087";33087;1
"33088";33088;1
"33089";33089;3
"33090";33090;2
"33091";33091;2
"33092";33092;2
"33093";33093;2
"33094";33094;2
"33095";33095;2
"33096";33096;2
"33097";33097;1
"33098";33098;2
"33099";33099;1
"33100";33100;2
"33101";33101;2
"33102";33102;2
"33103";33103;2
"33104";33104;1
"33105";33105;2
"33106";33106;2
"33107";33107;3
"33108";33108;3
"33109";33109;2
"33110";33110;3
"33111";33111;3
"33112";33112;1
"33113";33113;2
"33114";33114;2
"33115";33115;1
"33116";33116;2
"33117";33117;1
"33118";33118;1
"33119";33119;2
"33120";33120;2
"33121";33121;2
"33122";33122;3
"33123";33123;2
"33124";33124;1
"33125";33125;3
"33126";33126;1
"33127";33127;1
"33128";33128;1
"33129";33129;1
"33130";33130;1
"33131";33131;2
"33132";33132;2
"33133";33133;1
"33134";33134;3
"33135";33135;1
"33136";33136;3
"33137";33137;1
"33138";33138;1
"33139";33139;3
"33140";33140;2
"33141";33141;2
"33142";33142;2
"33143";33143;1
"33144";33144;2
"33145";33145;1
"33146";33146;1
"33147";33147;2
"33148";33148;3
"33149";33149;1
"33150";33150;1
"33151";33151;2
"33152";33152;2
"33153";33153;2
"33154";33154;1
"33155";33155;1
"33156";33156;2
"33157";33157;1
"33158";33158;1
"33159";33159;3
"33160";33160;2
"33161";33161;2
"33162";33162;2
"33163";33163;2
"33164";33164;2
"33165";33165;1
"33166";33166;3
"33167";33167;2
"33168";33168;2
"33169";33169;2
"33170";33170;1
"33171";33171;2
"33172";33172;1
"33173";33173;1
"33174";33174;1
"33175";33175;1
"33176";33176;2
"33177";33177;0
"33178";33178;1
"33179";33179;3
"33180";33180;1
"33181";33181;3
"33182";33182;1
"33183";33183;1
"33184";33184;1
"33185";33185;3
"33186";33186;3
"33187";33187;1
"33188";33188;1
"33189";33189;1
"33190";33190;1
"33191";33191;1
"33192";33192;1
"33193";33193;1
"33194";33194;1
"33195";33195;2
"33196";33196;1
"33197";33197;1
"33198";33198;3
"33199";33199;1
"33200";33200;2
"33201";33201;1
"33202";33202;1
"33203";33203;2
"33204";33204;2
"33205";33205;2
"33206";33206;2
"33207";33207;2
"33208";33208;2
"33209";33209;2
"33210";33210;1
"33211";33211;2
"33212";33212;0
"33213";33213;2
"33214";33214;3
"33215";33215;2
"33216";33216;2
"33217";33217;2
"33218";33218;2
"33219";33219;2
"33220";33220;2
"33221";33221;0
"33222";33222;2
"33223";33223;3
"33224";33224;2
"33225";33225;2
"33226";33226;2
"33227";33227;2
"33228";33228;2
"33229";33229;1
"33230";33230;2
"33231";33231;2
"33232";33232;1
"33233";33233;1
"33234";33234;1
"33235";33235;1
"33236";33236;1
"33237";33237;1
"33238";33238;2
"33239";33239;1
"33240";33240;1
"33241";33241;1
"33242";33242;2
"33243";33243;2
"33244";33244;1
"33245";33245;1
"33246";33246;1
"33247";33247;1
"33248";33248;1
"33249";33249;1
"33250";33250;1
"33251";33251;1
"33252";33252;2
"33253";33253;1
"33254";33254;1
"33255";33255;1
"33256";33256;2
"33257";33257;2
"33258";33258;3
"33259";33259;2
"33260";33260;2
"33261";33261;2
"33262";33262;1
"33263";33263;2
"33264";33264;2
"33265";33265;2
"33266";33266;1
"33267";33267;2
"33268";33268;1
"33269";33269;2
"33270";33270;1
"33271";33271;1
"33272";33272;1
"33273";33273;1
"33274";33274;1
"33275";33275;2
"33276";33276;3
"33277";33277;1
"33278";33278;1
"33279";33279;1
"33280";33280;1
"33281";33281;3
"33282";33282;1
"33283";33283;1
"33284";33284;1
"33285";33285;1
"33286";33286;1
"33287";33287;1
"33288";33288;1
"33289";33289;1
"33290";33290;1
"33291";33291;1
"33292";33292;1
"33293";33293;1
"33294";33294;1
"33295";33295;1
"33296";33296;1
"33297";33297;1
"33298";33298;2
"33299";33299;1
"33300";33300;1
"33301";33301;1
"33302";33302;1
"33303";33303;1
"33304";33304;1
"33305";33305;1
"33306";33306;1
"33307";33307;1
"33308";33308;1
"33309";33309;1
"33310";33310;1
"33311";33311;1
"33312";33312;1
"33313";33313;1
"33314";33314;1
"33315";33315;1
"33316";33316;1
"33317";33317;1
"33318";33318;1
"33319";33319;1
"33320";33320;1
"33321";33321;1
"33322";33322;1
"33323";33323;1
"33324";33324;1
"33325";33325;1
"33326";33326;2
"33327";33327;1
"33328";33328;1
"33329";33329;1
"33330";33330;1
"33331";33331;1
"33332";33332;3
"33333";33333;1
"33334";33334;1
"33335";33335;1
"33336";33336;1
"33337";33337;1
"33338";33338;3
"33339";33339;1
"33340";33340;1
"33341";33341;1
"33342";33342;1
"33343";33343;1
"33344";33344;1
"33345";33345;1
"33346";33346;1
"33347";33347;1
"33348";33348;1
"33349";33349;1
"33350";33350;1
"33351";33351;1
"33352";33352;3
"33353";33353;1
"33354";33354;2
"33355";33355;2
"33356";33356;2
"33357";33357;1
"33358";33358;1
"33359";33359;1
"33360";33360;3
"33361";33361;1
"33362";33362;1
"33363";33363;1
"33364";33364;1
"33365";33365;1
"33366";33366;1
"33367";33367;1
"33368";33368;1
"33369";33369;1
"33370";33370;2
"33371";33371;1
"33372";33372;1
"33373";33373;2
"33374";33374;2
"33375";33375;2
"33376";33376;2
"33377";33377;2
"33378";33378;2
"33379";33379;2
"33380";33380;2
"33381";33381;2
"33382";33382;2
"33383";33383;2
"33384";33384;3
"33385";33385;3
"33386";33386;2
"33387";33387;3
"33388";33388;3
"33389";33389;3
"33390";33390;3
"33391";33391;1
"33392";33392;2
"33393";33393;1
"33394";33394;2
"33395";33395;2
"33396";33396;3
"33397";33397;1
"33398";33398;1
"33399";33399;3
"33400";33400;3
"33401";33401;3
"33402";33402;2
"33403";33403;3
"33404";33404;1
"33405";33405;1
"33406";33406;1
"33407";33407;3
"33408";33408;3
"33409";33409;2
"33410";33410;3
"33411";33411;2
"33412";33412;3
"33413";33413;3
"33414";33414;1
"33415";33415;1
"33416";33416;3
"33417";33417;1
"33418";33418;2
"33419";33419;3
"33420";33420;3
"33421";33421;3
"33422";33422;3
"33423";33423;2
"33424";33424;3
"33425";33425;1
"33426";33426;2
"33427";33427;3
"33428";33428;3
"33429";33429;3
"33430";33430;3
"33431";33431;3
"33432";33432;3
"33433";33433;3
"33434";33434;3
"33435";33435;2
"33436";33436;2
"33437";33437;2
"33438";33438;2
"33439";33439;2
"33440";33440;3
"33441";33441;2
"33442";33442;2
"33443";33443;2
"33444";33444;2
"33445";33445;1
"33446";33446;3
"33447";33447;3
"33448";33448;3
"33449";33449;2
"33450";33450;1
"33451";33451;1
"33452";33452;1
"33453";33453;1
"33454";33454;1
"33455";33455;1
"33456";33456;1
"33457";33457;1
"33458";33458;2
"33459";33459;1
"33460";33460;2
"33461";33461;1
"33462";33462;2
"33463";33463;2
"33464";33464;2
"33465";33465;2
"33466";33466;2
"33467";33467;2
"33468";33468;2
"33469";33469;2
"33470";33470;1
"33471";33471;3
"33472";33472;2
"33473";33473;3
"33474";33474;2
"33475";33475;2
"33476";33476;2
"33477";33477;2
"33478";33478;2
"33479";33479;2
"33480";33480;2
"33481";33481;2
"33482";33482;1
"33483";33483;2
"33484";33484;2
"33485";33485;2
"33486";33486;2
"33487";33487;1
"33488";33488;1
"33489";33489;1
"33490";33490;2
"33491";33491;2
"33492";33492;2
"33493";33493;2
"33494";33494;1
"33495";33495;2
"33496";33496;2
"33497";33497;1
"33498";33498;2
"33499";33499;3
"33500";33500;1
"33501";33501;1
"33502";33502;2
"33503";33503;3
"33504";33504;3
"33505";33505;3
"33506";33506;3
"33507";33507;2
"33508";33508;3
"33509";33509;1
"33510";33510;1
"33511";33511;1
"33512";33512;3
"33513";33513;3
"33514";33514;1
"33515";33515;1
"33516";33516;1
"33517";33517;3
"33518";33518;2
"33519";33519;2
"33520";33520;1
"33521";33521;3
"33522";33522;1
"33523";33523;3
"33524";33524;3
"33525";33525;3
"33526";33526;1
"33527";33527;1
"33528";33528;1
"33529";33529;2
"33530";33530;1
"33531";33531;1
"33532";33532;2
"33533";33533;2
"33534";33534;2
"33535";33535;1
"33536";33536;2
"33537";33537;3
"33538";33538;1
"33539";33539;1
"33540";33540;1
"33541";33541;1
"33542";33542;1
"33543";33543;1
"33544";33544;1
"33545";33545;1
"33546";33546;2
"33547";33547;2
"33548";33548;1
"33549";33549;2
"33550";33550;3
"33551";33551;3
"33552";33552;3
"33553";33553;2
"33554";33554;2
"33555";33555;2
"33556";33556;1
"33557";33557;2
"33558";33558;2
"33559";33559;1
"33560";33560;1
"33561";33561;2
"33562";33562;3
"33563";33563;3
"33564";33564;3
"33565";33565;3
"33566";33566;3
"33567";33567;3
"33568";33568;2
"33569";33569;3
"33570";33570;3
"33571";33571;1
"33572";33572;3
"33573";33573;3
"33574";33574;3
"33575";33575;2
"33576";33576;2
"33577";33577;2
"33578";33578;3
"33579";33579;3
"33580";33580;3
"33581";33581;3
"33582";33582;2
"33583";33583;2
"33584";33584;2
"33585";33585;3
"33586";33586;3
"33587";33587;3
"33588";33588;2
"33589";33589;2
"33590";33590;2
"33591";33591;2
"33592";33592;2
"33593";33593;2
"33594";33594;3
"33595";33595;2
"33596";33596;2
"33597";33597;2
"33598";33598;2
"33599";33599;3
"33600";33600;3
"33601";33601;1
"33602";33602;3
"33603";33603;3
"33604";33604;3
"33605";33605;1
"33606";33606;3
"33607";33607;1
"33608";33608;2
"33609";33609;2
"33610";33610;3
"33611";33611;3
"33612";33612;2
"33613";33613;0
"33614";33614;3
"33615";33615;1
"33616";33616;1
"33617";33617;2
"33618";33618;3
"33619";33619;2
"33620";33620;3
"33621";33621;1
"33622";33622;2
"33623";33623;2
"33624";33624;2
"33625";33625;1
"33626";33626;3
"33627";33627;1
"33628";33628;1
"33629";33629;3
"33630";33630;2
"33631";33631;1
"33632";33632;1
"33633";33633;3
"33634";33634;3
"33635";33635;3
"33636";33636;3
"33637";33637;2
"33638";33638;1
"33639";33639;1
"33640";33640;1
"33641";33641;1
"33642";33642;3
"33643";33643;3
"33644";33644;1
"33645";33645;1
"33646";33646;1
"33647";33647;1
"33648";33648;1
"33649";33649;3
"33650";33650;1
"33651";33651;1
"33652";33652;1
"33653";33653;3
"33654";33654;3
"33655";33655;2
"33656";33656;1
"33657";33657;1
"33658";33658;1
"33659";33659;3
"33660";33660;3
"33661";33661;3
"33662";33662;3
"33663";33663;1
"33664";33664;3
"33665";33665;1
"33666";33666;2
"33667";33667;3
"33668";33668;1
"33669";33669;1
"33670";33670;1
"33671";33671;1
"33672";33672;1
"33673";33673;3
"33674";33674;3
"33675";33675;3
"33676";33676;3
"33677";33677;3
"33678";33678;2
"33679";33679;3
"33680";33680;3
"33681";33681;3
"33682";33682;2
"33683";33683;2
"33684";33684;2
"33685";33685;2
"33686";33686;3
"33687";33687;3
"33688";33688;2
"33689";33689;2
"33690";33690;2
"33691";33691;1
"33692";33692;2
"33693";33693;1
"33694";33694;2
"33695";33695;2
"33696";33696;1
"33697";33697;1
"33698";33698;1
"33699";33699;2
"33700";33700;2
"33701";33701;1
"33702";33702;1
"33703";33703;1
"33704";33704;1
"33705";33705;1
"33706";33706;1
"33707";33707;1
"33708";33708;2
"33709";33709;1
"33710";33710;1
"33711";33711;1
"33712";33712;1
"33713";33713;2
"33714";33714;2
"33715";33715;1
"33716";33716;1
"33717";33717;2
"33718";33718;3
"33719";33719;1
"33720";33720;1
"33721";33721;1
"33722";33722;1
"33723";33723;1
"33724";33724;1
"33725";33725;1
"33726";33726;1
"33727";33727;1
"33728";33728;1
"33729";33729;2
"33730";33730;2
"33731";33731;1
"33732";33732;1
"33733";33733;1
"33734";33734;1
"33735";33735;1
"33736";33736;1
"33737";33737;3
"33738";33738;3
"33739";33739;3
"33740";33740;3
"33741";33741;2
"33742";33742;2
"33743";33743;3
"33744";33744;3
"33745";33745;3
"33746";33746;1
"33747";33747;1
"33748";33748;1
"33749";33749;1
"33750";33750;2
"33751";33751;1
"33752";33752;3
"33753";33753;3
"33754";33754;3
"33755";33755;1
"33756";33756;1
"33757";33757;2
"33758";33758;2
"33759";33759;1
"33760";33760;2
"33761";33761;2
"33762";33762;1
"33763";33763;1
"33764";33764;1
"33765";33765;1
"33766";33766;1
"33767";33767;1
"33768";33768;1
"33769";33769;3
"33770";33770;2
"33771";33771;3
"33772";33772;2
"33773";33773;2
"33774";33774;3
"33775";33775;1
"33776";33776;1
"33777";33777;1
"33778";33778;1
"33779";33779;3
"33780";33780;2
"33781";33781;1
"33782";33782;1
"33783";33783;3
"33784";33784;1
"33785";33785;2
"33786";33786;3
"33787";33787;2
"33788";33788;2
"33789";33789;1
"33790";33790;1
"33791";33791;1
"33792";33792;1
"33793";33793;1
"33794";33794;1
"33795";33795;1
"33796";33796;1
"33797";33797;1
"33798";33798;1
"33799";33799;1
"33800";33800;1
"33801";33801;2
"33802";33802;1
"33803";33803;1
"33804";33804;2
"33805";33805;1
"33806";33806;1
"33807";33807;2
"33808";33808;1
"33809";33809;2
"33810";33810;1
"33811";33811;1
"33812";33812;2
"33813";33813;2
"33814";33814;2
"33815";33815;3
"33816";33816;2
"33817";33817;2
"33818";33818;3
"33819";33819;2
"33820";33820;2
"33821";33821;2
"33822";33822;3
"33823";33823;2
"33824";33824;3
"33825";33825;2
"33826";33826;3
"33827";33827;3
"33828";33828;3
"33829";33829;3
"33830";33830;3
"33831";33831;2
"33832";33832;3
"33833";33833;3
"33834";33834;3
"33835";33835;3
"33836";33836;1
"33837";33837;3
"33838";33838;3
"33839";33839;3
"33840";33840;3
"33841";33841;3
"33842";33842;1
"33843";33843;3
"33844";33844;3
"33845";33845;3
"33846";33846;3
"33847";33847;3
"33848";33848;1
"33849";33849;3
"33850";33850;3
"33851";33851;3
"33852";33852;3
"33853";33853;3
"33854";33854;2
"33855";33855;3
"33856";33856;2
"33857";33857;2
"33858";33858;2
"33859";33859;3
"33860";33860;2
"33861";33861;2
"33862";33862;2
"33863";33863;2
"33864";33864;2
"33865";33865;2
"33866";33866;2
"33867";33867;1
"33868";33868;2
"33869";33869;2
"33870";33870;3
"33871";33871;2
"33872";33872;2
"33873";33873;2
"33874";33874;3
"33875";33875;2
"33876";33876;3
"33877";33877;1
"33878";33878;2
"33879";33879;2
"33880";33880;1
"33881";33881;2
"33882";33882;2
"33883";33883;2
"33884";33884;2
"33885";33885;2
"33886";33886;2
"33887";33887;3
"33888";33888;2
"33889";33889;2
"33890";33890;2
"33891";33891;1
"33892";33892;2
"33893";33893;2
"33894";33894;2
"33895";33895;2
"33896";33896;2
"33897";33897;1
"33898";33898;2
"33899";33899;2
"33900";33900;3
"33901";33901;2
"33902";33902;3
"33903";33903;3
"33904";33904;3
"33905";33905;2
"33906";33906;2
"33907";33907;2
"33908";33908;2
"33909";33909;3
"33910";33910;2
"33911";33911;3
"33912";33912;3
"33913";33913;2
"33914";33914;2
"33915";33915;2
"33916";33916;3
"33917";33917;2
"33918";33918;2
"33919";33919;2
"33920";33920;3
"33921";33921;0
"33922";33922;3
"33923";33923;2
"33924";33924;2
"33925";33925;2
"33926";33926;2
"33927";33927;2
"33928";33928;3
"33929";33929;2
"33930";33930;2
"33931";33931;2
"33932";33932;2
"33933";33933;2
"33934";33934;2
"33935";33935;2
"33936";33936;3
"33937";33937;1
"33938";33938;3
"33939";33939;2
"33940";33940;2
"33941";33941;2
"33942";33942;2
"33943";33943;2
"33944";33944;2
"33945";33945;2
"33946";33946;2
"33947";33947;2
"33948";33948;2
"33949";33949;3
"33950";33950;2
"33951";33951;3
"33952";33952;3
"33953";33953;3
"33954";33954;3
"33955";33955;3
"33956";33956;2
"33957";33957;2
"33958";33958;2
"33959";33959;3
"33960";33960;2
"33961";33961;2
"33962";33962;2
"33963";33963;3
"33964";33964;2
"33965";33965;3
"33966";33966;2
"33967";33967;3
"33968";33968;2
"33969";33969;3
"33970";33970;3
"33971";33971;3
"33972";33972;3
"33973";33973;3
"33974";33974;3
"33975";33975;3
"33976";33976;3
"33977";33977;3
"33978";33978;3
"33979";33979;2
"33980";33980;3
"33981";33981;3
"33982";33982;3
"33983";33983;1
"33984";33984;3
"33985";33985;3
"33986";33986;3
"33987";33987;3
"33988";33988;3
"33989";33989;1
"33990";33990;3
"33991";33991;1
"33992";33992;2
"33993";33993;1
"33994";33994;1
"33995";33995;3
"33996";33996;1
"33997";33997;3
"33998";33998;3
"33999";33999;3
"34000";34000;3
"34001";34001;3
"34002";34002;3
"34003";34003;3
"34004";34004;3
"34005";34005;1
"34006";34006;1
"34007";34007;2
"34008";34008;0
"34009";34009;3
"34010";34010;2
"34011";34011;2
"34012";34012;2
"34013";34013;3
"34014";34014;2
"34015";34015;2
"34016";34016;2
"34017";34017;2
"34018";34018;2
"34019";34019;3
"34020";34020;1
"34021";34021;2
"34022";34022;3
"34023";34023;3
"34024";34024;1
"34025";34025;3
"34026";34026;3
"34027";34027;3
"34028";34028;3
"34029";34029;3
"34030";34030;3
"34031";34031;3
"34032";34032;3
"34033";34033;2
"34034";34034;3
"34035";34035;2
"34036";34036;3
"34037";34037;3
"34038";34038;1
"34039";34039;3
"34040";34040;3
"34041";34041;3
"34042";34042;3
"34043";34043;3
"34044";34044;2
"34045";34045;1
"34046";34046;3
"34047";34047;3
"34048";34048;2
"34049";34049;1
"34050";34050;2
"34051";34051;1
"34052";34052;2
"34053";34053;3
"34054";34054;2
"34055";34055;3
"34056";34056;3
"34057";34057;3
"34058";34058;1
"34059";34059;3
"34060";34060;1
"34061";34061;3
"34062";34062;2
"34063";34063;3
"34064";34064;2
"34065";34065;3
"34066";34066;1
"34067";34067;1
"34068";34068;2
"34069";34069;2
"34070";34070;2
"34071";34071;3
"34072";34072;2
"34073";34073;2
"34074";34074;3
"34075";34075;3
"34076";34076;3
"34077";34077;3
"34078";34078;3
"34079";34079;3
"34080";34080;2
"34081";34081;3
"34082";34082;1
"34083";34083;1
"34084";34084;3
"34085";34085;3
"34086";34086;3
"34087";34087;3
"34088";34088;3
"34089";34089;3
"34090";34090;2
"34091";34091;3
"34092";34092;3
"34093";34093;3
"34094";34094;3
"34095";34095;3
"34096";34096;3
"34097";34097;2
"34098";34098;3
"34099";34099;2
"34100";34100;2
"34101";34101;2
"34102";34102;3
"34103";34103;3
"34104";34104;3
"34105";34105;3
"34106";34106;1
"34107";34107;1
"34108";34108;3
"34109";34109;1
"34110";34110;3
"34111";34111;3
"34112";34112;3
"34113";34113;1
"34114";34114;3
"34115";34115;1
"34116";34116;3
"34117";34117;3
"34118";34118;3
"34119";34119;3
"34120";34120;3
"34121";34121;2
"34122";34122;1
"34123";34123;3
"34124";34124;3
"34125";34125;1
"34126";34126;3
"34127";34127;1
"34128";34128;3
"34129";34129;1
"34130";34130;3
"34131";34131;3
"34132";34132;3
"34133";34133;3
"34134";34134;3
"34135";34135;3
"34136";34136;1
"34137";34137;2
"34138";34138;2
"34139";34139;1
"34140";34140;2
"34141";34141;3
"34142";34142;3
"34143";34143;3
"34144";34144;3
"34145";34145;3
"34146";34146;2
"34147";34147;2
"34148";34148;2
"34149";34149;2
"34150";34150;1
"34151";34151;1
"34152";34152;1
"34153";34153;1
"34154";34154;1
"34155";34155;1
"34156";34156;1
"34157";34157;1
"34158";34158;3
"34159";34159;1
"34160";34160;3
"34161";34161;3
"34162";34162;3
"34163";34163;1
"34164";34164;1
"34165";34165;3
"34166";34166;1
"34167";34167;1
"34168";34168;2
"34169";34169;1
"34170";34170;1
"34171";34171;2
"34172";34172;1
"34173";34173;1
"34174";34174;1
"34175";34175;1
"34176";34176;3
"34177";34177;1
"34178";34178;1
"34179";34179;2
"34180";34180;1
"34181";34181;1
"34182";34182;1
"34183";34183;1
"34184";34184;3
"34185";34185;2
"34186";34186;1
"34187";34187;1
"34188";34188;1
"34189";34189;1
"34190";34190;1
"34191";34191;1
"34192";34192;3
"34193";34193;1
"34194";34194;3
"34195";34195;2
"34196";34196;2
"34197";34197;3
"34198";34198;3
"34199";34199;3
"34200";34200;3
"34201";34201;3
"34202";34202;3
"34203";34203;3
"34204";34204;3
"34205";34205;3
"34206";34206;3
"34207";34207;3
"34208";34208;3
"34209";34209;3
"34210";34210;2
"34211";34211;3
"34212";34212;3
"34213";34213;3
"34214";34214;3
"34215";34215;1
"34216";34216;3
"34217";34217;3
"34218";34218;3
"34219";34219;3
"34220";34220;3
"34221";34221;2
"34222";34222;3
"34223";34223;3
"34224";34224;2
"34225";34225;2
"34226";34226;2
"34227";34227;1
"34228";34228;1
"34229";34229;2
"34230";34230;2
"34231";34231;2
"34232";34232;2
"34233";34233;2
"34234";34234;2
"34235";34235;2
"34236";34236;2
"34237";34237;2
"34238";34238;2
"34239";34239;2
"34240";34240;3
"34241";34241;3
"34242";34242;2
"34243";34243;1
"34244";34244;1
"34245";34245;1
"34246";34246;1
"34247";34247;1
"34248";34248;2
"34249";34249;3
"34250";34250;3
"34251";34251;3
"34252";34252;1
"34253";34253;1
"34254";34254;1
"34255";34255;1
"34256";34256;1
"34257";34257;1
"34258";34258;2
"34259";34259;2
"34260";34260;1
"34261";34261;1
"34262";34262;1
"34263";34263;1
"34264";34264;1
"34265";34265;1
"34266";34266;1
"34267";34267;1
"34268";34268;1
"34269";34269;1
"34270";34270;1
"34271";34271;1
"34272";34272;2
"34273";34273;1
"34274";34274;1
"34275";34275;1
"34276";34276;1
"34277";34277;2
"34278";34278;1
"34279";34279;1
"34280";34280;1
"34281";34281;2
"34282";34282;3
"34283";34283;1
"34284";34284;2
"34285";34285;3
"34286";34286;2
"34287";34287;2
"34288";34288;2
"34289";34289;2
"34290";34290;3
"34291";34291;3
"34292";34292;3
"34293";34293;3
"34294";34294;3
"34295";34295;3
"34296";34296;3
"34297";34297;3
"34298";34298;3
"34299";34299;3
"34300";34300;1
"34301";34301;3
"34302";34302;2
"34303";34303;1
"34304";34304;3
"34305";34305;1
"34306";34306;1
"34307";34307;3
"34308";34308;3
"34309";34309;3
"34310";34310;2
"34311";34311;3
"34312";34312;3
"34313";34313;3
"34314";34314;1
"34315";34315;3
"34316";34316;3
"34317";34317;3
"34318";34318;3
"34319";34319;3
"34320";34320;3
"34321";34321;3
"34322";34322;3
"34323";34323;3
"34324";34324;1
"34325";34325;1
"34326";34326;3
"34327";34327;2
"34328";34328;3
"34329";34329;3
"34330";34330;1
"34331";34331;2
"34332";34332;2
"34333";34333;2
"34334";34334;2
"34335";34335;3
"34336";34336;2
"34337";34337;2
"34338";34338;2
"34339";34339;3
"34340";34340;3
"34341";34341;1
"34342";34342;1
"34343";34343;3
"34344";34344;2
"34345";34345;3
"34346";34346;3
"34347";34347;3
"34348";34348;3
"34349";34349;3
"34350";34350;3
"34351";34351;3
"34352";34352;3
"34353";34353;2
"34354";34354;3
"34355";34355;3
"34356";34356;3
"34357";34357;3
"34358";34358;2
"34359";34359;1
"34360";34360;3
"34361";34361;2
"34362";34362;3
"34363";34363;2
"34364";34364;2
"34365";34365;1
"34366";34366;1
"34367";34367;1
"34368";34368;3
"34369";34369;3
"34370";34370;1
"34371";34371;3
"34372";34372;2
"34373";34373;1
"34374";34374;3
"34375";34375;2
"34376";34376;3
"34377";34377;3
"34378";34378;3
"34379";34379;1
"34380";34380;1
"34381";34381;3
"34382";34382;3
"34383";34383;2
"34384";34384;2
"34385";34385;3
"34386";34386;1
"34387";34387;2
"34388";34388;3
"34389";34389;1
"34390";34390;1
"34391";34391;3
"34392";34392;1
"34393";34393;3
"34394";34394;3
"34395";34395;3
"34396";34396;1
"34397";34397;1
"34398";34398;3
"34399";34399;1
"34400";34400;3
"34401";34401;1
"34402";34402;1
"34403";34403;1
"34404";34404;1
"34405";34405;1
"34406";34406;2
"34407";34407;1
"34408";34408;1
"34409";34409;2
"34410";34410;3
"34411";34411;1
"34412";34412;1
"34413";34413;3
"34414";34414;1
"34415";34415;2
"34416";34416;1
"34417";34417;1
"34418";34418;3
"34419";34419;1
"34420";34420;2
"34421";34421;1
"34422";34422;1
"34423";34423;1
"34424";34424;3
"34425";34425;1
"34426";34426;3
"34427";34427;1
"34428";34428;2
"34429";34429;1
"34430";34430;3
"34431";34431;3
"34432";34432;3
"34433";34433;3
"34434";34434;1
"34435";34435;1
"34436";34436;1
"34437";34437;1
"34438";34438;3
"34439";34439;1
"34440";34440;3
"34441";34441;3
"34442";34442;2
"34443";34443;2
"34444";34444;3
"34445";34445;2
"34446";34446;3
"34447";34447;3
"34448";34448;3
"34449";34449;3
"34450";34450;3
"34451";34451;3
"34452";34452;2
"34453";34453;3
"34454";34454;2
"34455";34455;2
"34456";34456;1
"34457";34457;1
"34458";34458;2
"34459";34459;1
"34460";34460;3
"34461";34461;3
"34462";34462;3
"34463";34463;3
"34464";34464;2
"34465";34465;2
"34466";34466;2
"34467";34467;3
"34468";34468;3
"34469";34469;3
"34470";34470;0
"34471";34471;2
"34472";34472;1
"34473";34473;3
"34474";34474;1
"34475";34475;3
"34476";34476;2
"34477";34477;2
"34478";34478;3
"34479";34479;3
"34480";34480;3
"34481";34481;2
"34482";34482;3
"34483";34483;3
"34484";34484;3
"34485";34485;3
"34486";34486;3
"34487";34487;3
"34488";34488;2
"34489";34489;3
"34490";34490;3
"34491";34491;3
"34492";34492;3
"34493";34493;3
"34494";34494;1
"34495";34495;1
"34496";34496;3
"34497";34497;3
"34498";34498;3
"34499";34499;3
"34500";34500;1
"34501";34501;1
"34502";34502;3
"34503";34503;3
"34504";34504;3
"34505";34505;3
"34506";34506;3
"34507";34507;1
"34508";34508;3
"34509";34509;3
"34510";34510;1
"34511";34511;3
"34512";34512;2
"34513";34513;2
"34514";34514;2
"34515";34515;2
"34516";34516;2
"34517";34517;2
"34518";34518;2
"34519";34519;2
"34520";34520;2
"34521";34521;2
"34522";34522;2
"34523";34523;2
"34524";34524;2
"34525";34525;3
"34526";34526;2
"34527";34527;2
"34528";34528;2
"34529";34529;2
"34530";34530;2
"34531";34531;2
"34532";34532;3
"34533";34533;2
"34534";34534;3
"34535";34535;2
"34536";34536;3
"34537";34537;2
"34538";34538;2
"34539";34539;2
"34540";34540;2
"34541";34541;2
"34542";34542;2
"34543";34543;2
"34544";34544;3
"34545";34545;2
"34546";34546;2
"34547";34547;2
"34548";34548;2
"34549";34549;1
"34550";34550;2
"34551";34551;2
"34552";34552;2
"34553";34553;3
"34554";34554;2
"34555";34555;2
"34556";34556;2
"34557";34557;2
"34558";34558;2
"34559";34559;2
"34560";34560;2
"34561";34561;2
"34562";34562;2
"34563";34563;3
"34564";34564;2
"34565";34565;2
"34566";34566;2
"34567";34567;3
"34568";34568;3
"34569";34569;3
"34570";34570;2
"34571";34571;3
"34572";34572;2
"34573";34573;3
"34574";34574;3
"34575";34575;2
"34576";34576;3
"34577";34577;3
"34578";34578;2
"34579";34579;2
"34580";34580;2
"34581";34581;3
"34582";34582;3
"34583";34583;2
"34584";34584;2
"34585";34585;2
"34586";34586;3
"34587";34587;2
"34588";34588;2
"34589";34589;2
"34590";34590;2
"34591";34591;2
"34592";34592;2
"34593";34593;2
"34594";34594;3
"34595";34595;2
"34596";34596;3
"34597";34597;3
"34598";34598;2
"34599";34599;2
"34600";34600;2
"34601";34601;2
"34602";34602;2
"34603";34603;2
"34604";34604;2
"34605";34605;3
"34606";34606;3
"34607";34607;2
"34608";34608;1
"34609";34609;2
"34610";34610;3
"34611";34611;3
"34612";34612;2
"34613";34613;3
"34614";34614;1
"34615";34615;3
"34616";34616;1
"34617";34617;3
"34618";34618;3
"34619";34619;2
"34620";34620;2
"34621";34621;2
"34622";34622;3
"34623";34623;3
"34624";34624;3
"34625";34625;3
"34626";34626;3
"34627";34627;2
"34628";34628;2
"34629";34629;2
"34630";34630;2
"34631";34631;3
"34632";34632;2
"34633";34633;3
"34634";34634;3
"34635";34635;2
"34636";34636;2
"34637";34637;2
"34638";34638;2
"34639";34639;2
"34640";34640;2
"34641";34641;1
"34642";34642;2
"34643";34643;2
"34644";34644;2
"34645";34645;2
"34646";34646;3
"34647";34647;2
"34648";34648;3
"34649";34649;2
"34650";34650;2
"34651";34651;3
"34652";34652;3
"34653";34653;2
"34654";34654;2
"34655";34655;2
"34656";34656;3
"34657";34657;3
"34658";34658;3
"34659";34659;3
"34660";34660;2
"34661";34661;2
"34662";34662;3
"34663";34663;2
"34664";34664;2
"34665";34665;2
"34666";34666;3
"34667";34667;3
"34668";34668;3
"34669";34669;2
"34670";34670;2
"34671";34671;2
"34672";34672;2
"34673";34673;2
"34674";34674;2
"34675";34675;2
"34676";34676;2
"34677";34677;3
"34678";34678;2
"34679";34679;2
"34680";34680;2
"34681";34681;3
"34682";34682;3
"34683";34683;1
"34684";34684;2
"34685";34685;2
"34686";34686;2
"34687";34687;3
"34688";34688;2
"34689";34689;2
"34690";34690;2
"34691";34691;2
"34692";34692;2
"34693";34693;2
"34694";34694;2
"34695";34695;2
"34696";34696;3
"34697";34697;3
"34698";34698;2
"34699";34699;3
"34700";34700;3
"34701";34701;3
"34702";34702;3
"34703";34703;3
"34704";34704;2
"34705";34705;2
"34706";34706;3
"34707";34707;2
"34708";34708;3
"34709";34709;3
"34710";34710;3
"34711";34711;2
"34712";34712;2
"34713";34713;2
"34714";34714;2
"34715";34715;3
"34716";34716;3
"34717";34717;3
"34718";34718;3
"34719";34719;3
"34720";34720;3
"34721";34721;3
"34722";34722;2
"34723";34723;3
"34724";34724;3
"34725";34725;3
"34726";34726;2
"34727";34727;3
"34728";34728;3
"34729";34729;2
"34730";34730;3
"34731";34731;2
"34732";34732;2
"34733";34733;2
"34734";34734;2
"34735";34735;2
"34736";34736;2
"34737";34737;2
"34738";34738;3
"34739";34739;2
"34740";34740;3
"34741";34741;3
"34742";34742;3
"34743";34743;1
"34744";34744;2
"34745";34745;3
"34746";34746;3
"34747";34747;3
"34748";34748;3
"34749";34749;1
"34750";34750;3
"34751";34751;3
"34752";34752;3
"34753";34753;2
"34754";34754;3
"34755";34755;3
"34756";34756;3
"34757";34757;2
"34758";34758;1
"34759";34759;1
"34760";34760;3
"34761";34761;1
"34762";34762;1
"34763";34763;3
"34764";34764;1
"34765";34765;3
"34766";34766;3
"34767";34767;3
"34768";34768;3
"34769";34769;3
"34770";34770;3
"34771";34771;3
"34772";34772;3
"34773";34773;3
"34774";34774;2
"34775";34775;3
"34776";34776;3
"34777";34777;1
"34778";34778;3
"34779";34779;3
"34780";34780;3
"34781";34781;3
"34782";34782;1
"34783";34783;1
"34784";34784;1
"34785";34785;1
"34786";34786;1
"34787";34787;1
"34788";34788;1
"34789";34789;1
"34790";34790;1
"34791";34791;3
"34792";34792;3
"34793";34793;3
"34794";34794;3
"34795";34795;3
"34796";34796;3
"34797";34797;3
"34798";34798;3
"34799";34799;3
"34800";34800;3
"34801";34801;3
"34802";34802;1
"34803";34803;1
"34804";34804;1
"34805";34805;2
"34806";34806;1
"34807";34807;1
"34808";34808;2
"34809";34809;1
"34810";34810;2
"34811";34811;1
"34812";34812;2
"34813";34813;1
"34814";34814;1
"34815";34815;2
"34816";34816;1
"34817";34817;1
"34818";34818;2
"34819";34819;1
"34820";34820;1
"34821";34821;1
"34822";34822;1
"34823";34823;2
"34824";34824;1
"34825";34825;1
"34826";34826;2
"34827";34827;1
"34828";34828;1
"34829";34829;1
"34830";34830;1
"34831";34831;1
"34832";34832;2
"34833";34833;3
"34834";34834;1
"34835";34835;1
"34836";34836;1
"34837";34837;1
"34838";34838;1
"34839";34839;3
"34840";34840;1
"34841";34841;1
"34842";34842;1
"34843";34843;1
"34844";34844;1
"34845";34845;1
"34846";34846;1
"34847";34847;1
"34848";34848;2
"34849";34849;1
"34850";34850;1
"34851";34851;2
"34852";34852;2
"34853";34853;2
"34854";34854;2
"34855";34855;2
"34856";34856;2
"34857";34857;2
"34858";34858;1
"34859";34859;1
"34860";34860;1
"34861";34861;1
"34862";34862;1
"34863";34863;1
"34864";34864;1
"34865";34865;2
"34866";34866;1
"34867";34867;1
"34868";34868;2
"34869";34869;2
"34870";34870;1
"34871";34871;1
"34872";34872;1
"34873";34873;1
"34874";34874;1
"34875";34875;1
"34876";34876;1
"34877";34877;1
"34878";34878;1
"34879";34879;2
"34880";34880;1
"34881";34881;1
"34882";34882;1
"34883";34883;1
"34884";34884;1
"34885";34885;1
"34886";34886;1
"34887";34887;1
"34888";34888;1
"34889";34889;3
"34890";34890;1
"34891";34891;2
"34892";34892;1
"34893";34893;2
"34894";34894;2
"34895";34895;3
"34896";34896;1
"34897";34897;1
"34898";34898;3
"34899";34899;1
"34900";34900;1
"34901";34901;1
"34902";34902;1
"34903";34903;1
"34904";34904;2
"34905";34905;3
"34906";34906;1
"34907";34907;3
"34908";34908;1
"34909";34909;1
"34910";34910;1
"34911";34911;1
"34912";34912;1
"34913";34913;1
"34914";34914;1
"34915";34915;3
"34916";34916;1
"34917";34917;3
"34918";34918;1
"34919";34919;1
"34920";34920;1
"34921";34921;1
"34922";34922;1
"34923";34923;1
"34924";34924;1
"34925";34925;2
"34926";34926;1
"34927";34927;1
"34928";34928;1
"34929";34929;1
"34930";34930;1
"34931";34931;1
"34932";34932;1
"34933";34933;1
"34934";34934;1
"34935";34935;1
"34936";34936;1
"34937";34937;1
"34938";34938;1
"34939";34939;1
"34940";34940;1
"34941";34941;1
"34942";34942;1
"34943";34943;1
"34944";34944;2
"34945";34945;2
"34946";34946;1
"34947";34947;2
"34948";34948;1
"34949";34949;1
"34950";34950;3
"34951";34951;3
"34952";34952;2
"34953";34953;3
"34954";34954;3
"34955";34955;1
"34956";34956;2
"34957";34957;1
"34958";34958;1
"34959";34959;1
"34960";34960;1
"34961";34961;1
"34962";34962;3
"34963";34963;1
"34964";34964;1
"34965";34965;1
"34966";34966;1
"34967";34967;1
"34968";34968;3
"34969";34969;3
"34970";34970;2
"34971";34971;1
"34972";34972;2
"34973";34973;1
"34974";34974;1
"34975";34975;2
"34976";34976;3
"34977";34977;1
"34978";34978;2
"34979";34979;2
"34980";34980;2
"34981";34981;1
"34982";34982;1
"34983";34983;1
"34984";34984;1
"34985";34985;1
"34986";34986;1
"34987";34987;1
"34988";34988;1
"34989";34989;2
"34990";34990;2
"34991";34991;1
"34992";34992;2
"34993";34993;1
"34994";34994;1
"34995";34995;2
"34996";34996;1
"34997";34997;1
"34998";34998;1
"34999";34999;1
"35000";35000;1
"35001";35001;1
"35002";35002;1
"35003";35003;1
"35004";35004;1
"35005";35005;1
"35006";35006;2
"35007";35007;2
"35008";35008;1
"35009";35009;1
"35010";35010;2
"35011";35011;1
"35012";35012;2
"35013";35013;1
"35014";35014;1
"35015";35015;1
"35016";35016;1
"35017";35017;1
"35018";35018;1
"35019";35019;1
"35020";35020;3
"35021";35021;1
"35022";35022;3
"35023";35023;2
"35024";35024;1
"35025";35025;3
"35026";35026;1
"35027";35027;1
"35028";35028;2
"35029";35029;2
"35030";35030;2
"35031";35031;2
"35032";35032;2
"35033";35033;2
"35034";35034;2
"35035";35035;2
"35036";35036;2
"35037";35037;2
"35038";35038;2
"35039";35039;2
"35040";35040;2
"35041";35041;2
"35042";35042;2
"35043";35043;3
"35044";35044;2
"35045";35045;2
"35046";35046;2
"35047";35047;3
"35048";35048;2
"35049";35049;3
"35050";35050;2
"35051";35051;2
"35052";35052;2
"35053";35053;2
"35054";35054;2
"35055";35055;2
"35056";35056;3
"35057";35057;2
"35058";35058;2
"35059";35059;2
"35060";35060;2
"35061";35061;2
"35062";35062;2
"35063";35063;2
"35064";35064;2
"35065";35065;2
"35066";35066;3
"35067";35067;2
"35068";35068;2
"35069";35069;2
"35070";35070;2
"35071";35071;2
"35072";35072;2
"35073";35073;2
"35074";35074;2
"35075";35075;2
"35076";35076;2
"35077";35077;2
"35078";35078;3
"35079";35079;2
"35080";35080;2
"35081";35081;2
"35082";35082;2
"35083";35083;1
"35084";35084;2
"35085";35085;2
"35086";35086;2
"35087";35087;3
"35088";35088;3
"35089";35089;2
"35090";35090;3
"35091";35091;2
"35092";35092;2
"35093";35093;2
"35094";35094;2
"35095";35095;2
"35096";35096;2
"35097";35097;2
"35098";35098;3
"35099";35099;3
"35100";35100;1
"35101";35101;2
"35102";35102;2
"35103";35103;2
"35104";35104;2
"35105";35105;2
"35106";35106;2
"35107";35107;2
"35108";35108;2
"35109";35109;2
"35110";35110;2
"35111";35111;2
"35112";35112;2
"35113";35113;2
"35114";35114;3
"35115";35115;2
"35116";35116;2
"35117";35117;2
"35118";35118;2
"35119";35119;2
"35120";35120;2
"35121";35121;2
"35122";35122;2
"35123";35123;3
"35124";35124;2
"35125";35125;2
"35126";35126;2
"35127";35127;2
"35128";35128;2
"35129";35129;1
"35130";35130;2
"35131";35131;3
"35132";35132;2
"35133";35133;2
"35134";35134;2
"35135";35135;2
"35136";35136;2
"35137";35137;2
"35138";35138;2
"35139";35139;2
"35140";35140;2
"35141";35141;2
"35142";35142;2
"35143";35143;2
"35144";35144;2
"35145";35145;3
"35146";35146;2
"35147";35147;3
"35148";35148;2
"35149";35149;3
"35150";35150;3
"35151";35151;3
"35152";35152;3
"35153";35153;3
"35154";35154;3
"35155";35155;3
"35156";35156;3
"35157";35157;2
"35158";35158;2
"35159";35159;3
"35160";35160;2
"35161";35161;2
"35162";35162;3
"35163";35163;3
"35164";35164;2
"35165";35165;3
"35166";35166;2
"35167";35167;2
"35168";35168;2
"35169";35169;2
"35170";35170;2
"35171";35171;2
"35172";35172;2
"35173";35173;2
"35174";35174;2
"35175";35175;2
"35176";35176;2
"35177";35177;3
"35178";35178;1
"35179";35179;2
"35180";35180;2
"35181";35181;2
"35182";35182;2
"35183";35183;2
"35184";35184;2
"35185";35185;2
"35186";35186;2
"35187";35187;2
"35188";35188;2
"35189";35189;2
"35190";35190;1
"35191";35191;2
"35192";35192;2
"35193";35193;3
"35194";35194;2
"35195";35195;2
"35196";35196;2
"35197";35197;2
"35198";35198;2
"35199";35199;2
"35200";35200;2
"35201";35201;2
"35202";35202;2
"35203";35203;2
"35204";35204;2
"35205";35205;2
"35206";35206;2
"35207";35207;2
"35208";35208;3
"35209";35209;3
"35210";35210;3
"35211";35211;3
"35212";35212;2
"35213";35213;2
"35214";35214;2
"35215";35215;2
"35216";35216;2
"35217";35217;2
"35218";35218;2
"35219";35219;2
"35220";35220;1
"35221";35221;2
"35222";35222;3
"35223";35223;2
"35224";35224;2
"35225";35225;2
"35226";35226;3
"35227";35227;2
"35228";35228;1
"35229";35229;1
"35230";35230;3
"35231";35231;2
"35232";35232;1
"35233";35233;1
"35234";35234;1
"35235";35235;1
"35236";35236;1
"35237";35237;1
"35238";35238;1
"35239";35239;3
"35240";35240;1
"35241";35241;3
"35242";35242;1
"35243";35243;2
"35244";35244;2
"35245";35245;1
"35246";35246;1
"35247";35247;1
"35248";35248;1
"35249";35249;1
"35250";35250;3
"35251";35251;2
"35252";35252;3
"35253";35253;3
"35254";35254;3
"35255";35255;1
"35256";35256;2
"35257";35257;2
"35258";35258;2
"35259";35259;2
"35260";35260;1
"35261";35261;2
"35262";35262;2
"35263";35263;2
"35264";35264;1
"35265";35265;1
"35266";35266;2
"35267";35267;1
"35268";35268;2
"35269";35269;1
"35270";35270;2
"35271";35271;1
"35272";35272;1
"35273";35273;1
"35274";35274;3
"35275";35275;1
"35276";35276;2
"35277";35277;3
"35278";35278;1
"35279";35279;1
"35280";35280;3
"35281";35281;2
"35282";35282;1
"35283";35283;2
"35284";35284;1
"35285";35285;1
"35286";35286;1
"35287";35287;1
"35288";35288;1
"35289";35289;1
"35290";35290;1
"35291";35291;1
"35292";35292;1
"35293";35293;1
"35294";35294;1
"35295";35295;1
"35296";35296;1
"35297";35297;1
"35298";35298;1
"35299";35299;1
"35300";35300;1
"35301";35301;1
"35302";35302;1
"35303";35303;1
"35304";35304;1
"35305";35305;1
"35306";35306;1
"35307";35307;1
"35308";35308;1
"35309";35309;1
"35310";35310;2
"35311";35311;1
"35312";35312;1
"35313";35313;1
"35314";35314;1
"35315";35315;1
"35316";35316;2
"35317";35317;1
"35318";35318;2
"35319";35319;1
"35320";35320;1
"35321";35321;1
"35322";35322;1
"35323";35323;1
"35324";35324;1
"35325";35325;1
"35326";35326;1
"35327";35327;1
"35328";35328;1
"35329";35329;2
"35330";35330;2
"35331";35331;1
"35332";35332;1
"35333";35333;1
"35334";35334;2
"35335";35335;1
"35336";35336;1
"35337";35337;1
"35338";35338;1
"35339";35339;1
"35340";35340;1
"35341";35341;1
"35342";35342;1
"35343";35343;1
"35344";35344;1
"35345";35345;2
"35346";35346;1
"35347";35347;1
"35348";35348;1
"35349";35349;1
"35350";35350;1
"35351";35351;1
"35352";35352;1
"35353";35353;1
"35354";35354;3
"35355";35355;1
"35356";35356;1
"35357";35357;1
"35358";35358;1
"35359";35359;1
"35360";35360;1
"35361";35361;1
"35362";35362;1
"35363";35363;1
"35364";35364;1
"35365";35365;1
"35366";35366;1
"35367";35367;3
"35368";35368;3
"35369";35369;3
"35370";35370;1
"35371";35371;2
"35372";35372;1
"35373";35373;1
"35374";35374;1
"35375";35375;1
"35376";35376;2
"35377";35377;1
"35378";35378;1
"35379";35379;1
"35380";35380;2
"35381";35381;1
"35382";35382;1
"35383";35383;1
"35384";35384;1
"35385";35385;1
"35386";35386;1
"35387";35387;1
"35388";35388;1
"35389";35389;3
"35390";35390;1
"35391";35391;1
"35392";35392;1
"35393";35393;1
"35394";35394;1
"35395";35395;1
"35396";35396;1
"35397";35397;1
"35398";35398;1
"35399";35399;1
"35400";35400;1
"35401";35401;1
"35402";35402;2
"35403";35403;1
"35404";35404;1
"35405";35405;1
"35406";35406;1
"35407";35407;1
"35408";35408;1
"35409";35409;1
"35410";35410;3
"35411";35411;1
"35412";35412;1
"35413";35413;1
"35414";35414;1
"35415";35415;3
"35416";35416;3
"35417";35417;1
"35418";35418;1
"35419";35419;2
"35420";35420;1
"35421";35421;2
"35422";35422;2
"35423";35423;2
"35424";35424;3
"35425";35425;3
"35426";35426;3
"35427";35427;1
"35428";35428;1
"35429";35429;1
"35430";35430;1
"35431";35431;1
"35432";35432;1
"35433";35433;1
"35434";35434;1
"35435";35435;1
"35436";35436;1
"35437";35437;1
"35438";35438;2
"35439";35439;3
"35440";35440;1
"35441";35441;1
"35442";35442;1
"35443";35443;1
"35444";35444;1
"35445";35445;1
"35446";35446;1
"35447";35447;1
"35448";35448;1
"35449";35449;1
"35450";35450;1
"35451";35451;3
"35452";35452;1
"35453";35453;0
"35454";35454;1
"35455";35455;3
"35456";35456;2
"35457";35457;1
"35458";35458;3
"35459";35459;1
"35460";35460;2
"35461";35461;2
"35462";35462;1
"35463";35463;2
"35464";35464;2
"35465";35465;2
"35466";35466;2
"35467";35467;2
"35468";35468;1
"35469";35469;2
"35470";35470;2
"35471";35471;1
"35472";35472;1
"35473";35473;1
"35474";35474;2
"35475";35475;1
"35476";35476;1
"35477";35477;1
"35478";35478;2
"35479";35479;2
"35480";35480;1
"35481";35481;1
"35482";35482;1
"35483";35483;2
"35484";35484;2
"35485";35485;2
"35486";35486;1
"35487";35487;1
"35488";35488;1
"35489";35489;2
"35490";35490;1
"35491";35491;2
"35492";35492;2
"35493";35493;2
"35494";35494;2
"35495";35495;2
"35496";35496;2
"35497";35497;2
"35498";35498;2
"35499";35499;2
"35500";35500;2
"35501";35501;2
"35502";35502;2
"35503";35503;1
"35504";35504;3
"35505";35505;1
"35506";35506;2
"35507";35507;2
"35508";35508;2
"35509";35509;2
"35510";35510;1
"35511";35511;1
"35512";35512;2
"35513";35513;2
"35514";35514;2
"35515";35515;2
"35516";35516;1
"35517";35517;2
"35518";35518;1
"35519";35519;1
"35520";35520;2
"35521";35521;2
"35522";35522;1
"35523";35523;1
"35524";35524;2
"35525";35525;2
"35526";35526;2
"35527";35527;1
"35528";35528;2
"35529";35529;2
"35530";35530;2
"35531";35531;1
"35532";35532;1
"35533";35533;2
"35534";35534;1
"35535";35535;1
"35536";35536;1
"35537";35537;2
"35538";35538;2
"35539";35539;2
"35540";35540;2
"35541";35541;2
"35542";35542;2
"35543";35543;2
"35544";35544;2
"35545";35545;2
"35546";35546;2
"35547";35547;1
"35548";35548;1
"35549";35549;1
"35550";35550;2
"35551";35551;2
"35552";35552;2
"35553";35553;1
"35554";35554;2
"35555";35555;2
"35556";35556;2
"35557";35557;2
"35558";35558;1
"35559";35559;3
"35560";35560;2
"35561";35561;2
"35562";35562;2
"35563";35563;2
"35564";35564;2
"35565";35565;2
"35566";35566;2
"35567";35567;2
"35568";35568;3
"35569";35569;2
"35570";35570;2
"35571";35571;2
"35572";35572;3
"35573";35573;1
"35574";35574;1
"35575";35575;2
"35576";35576;2
"35577";35577;3
"35578";35578;2
"35579";35579;2
"35580";35580;3
"35581";35581;1
"35582";35582;1
"35583";35583;1
"35584";35584;2
"35585";35585;1
"35586";35586;2
"35587";35587;1
"35588";35588;1
"35589";35589;1
"35590";35590;2
"35591";35591;2
"35592";35592;1
"35593";35593;1
"35594";35594;1
"35595";35595;2
"35596";35596;1
"35597";35597;1
"35598";35598;1
"35599";35599;1
"35600";35600;1
"35601";35601;2
"35602";35602;1
"35603";35603;2
"35604";35604;2
"35605";35605;3
"35606";35606;1
"35607";35607;3
"35608";35608;3
"35609";35609;3
"35610";35610;3
"35611";35611;2
"35612";35612;1
"35613";35613;2
"35614";35614;3
"35615";35615;2
"35616";35616;2
"35617";35617;2
"35618";35618;2
"35619";35619;2
"35620";35620;2
"35621";35621;2
"35622";35622;2
"35623";35623;2
"35624";35624;2
"35625";35625;1
"35626";35626;1
"35627";35627;2
"35628";35628;1
"35629";35629;1
"35630";35630;2
"35631";35631;2
"35632";35632;2
"35633";35633;2
"35634";35634;2
"35635";35635;1
"35636";35636;3
"35637";35637;2
"35638";35638;1
"35639";35639;2
"35640";35640;1
"35641";35641;1
"35642";35642;2
"35643";35643;2
"35644";35644;1
"35645";35645;3
"35646";35646;1
"35647";35647;1
"35648";35648;1
"35649";35649;1
"35650";35650;1
"35651";35651;2
"35652";35652;1
"35653";35653;2
"35654";35654;1
"35655";35655;2
"35656";35656;3
"35657";35657;2
"35658";35658;3
"35659";35659;3
"35660";35660;2
"35661";35661;2
"35662";35662;1
"35663";35663;3
"35664";35664;2
"35665";35665;2
"35666";35666;2
"35667";35667;1
"35668";35668;1
"35669";35669;1
"35670";35670;1
"35671";35671;1
"35672";35672;2
"35673";35673;3
"35674";35674;1
"35675";35675;1
"35676";35676;1
"35677";35677;2
"35678";35678;3
"35679";35679;1
"35680";35680;1
"35681";35681;1
"35682";35682;1
"35683";35683;3
"35684";35684;1
"35685";35685;3
"35686";35686;1
"35687";35687;3
"35688";35688;3
"35689";35689;3
"35690";35690;1
"35691";35691;1
"35692";35692;1
"35693";35693;1
"35694";35694;1
"35695";35695;1
"35696";35696;3
"35697";35697;1
"35698";35698;1
"35699";35699;1
"35700";35700;1
"35701";35701;1
"35702";35702;1
"35703";35703;1
"35704";35704;1
"35705";35705;2
"35706";35706;1
"35707";35707;3
"35708";35708;1
"35709";35709;1
"35710";35710;1
"35711";35711;3
"35712";35712;3
"35713";35713;3
"35714";35714;1
"35715";35715;3
"35716";35716;1
"35717";35717;3
"35718";35718;3
"35719";35719;2
"35720";35720;1
"35721";35721;2
"35722";35722;3
"35723";35723;3
"35724";35724;1
"35725";35725;3
"35726";35726;3
"35727";35727;3
"35728";35728;1
"35729";35729;3
"35730";35730;3
"35731";35731;3
"35732";35732;1
"35733";35733;3
"35734";35734;1
"35735";35735;2
"35736";35736;3
"35737";35737;3
"35738";35738;1
"35739";35739;3
"35740";35740;2
"35741";35741;1
"35742";35742;1
"35743";35743;3
"35744";35744;3
"35745";35745;2
"35746";35746;1
"35747";35747;2
"35748";35748;1
"35749";35749;3
"35750";35750;2
"35751";35751;2
"35752";35752;1
"35753";35753;2
"35754";35754;2
"35755";35755;2
"35756";35756;3
"35757";35757;2
"35758";35758;2
"35759";35759;1
"35760";35760;1
"35761";35761;1
"35762";35762;1
"35763";35763;1
"35764";35764;0
"35765";35765;1
"35766";35766;1
"35767";35767;1
"35768";35768;1
"35769";35769;1
"35770";35770;3
"35771";35771;1
"35772";35772;1
"35773";35773;1
"35774";35774;0
"35775";35775;1
"35776";35776;1
"35777";35777;1
"35778";35778;1
"35779";35779;3
"35780";35780;2
"35781";35781;1
"35782";35782;1
"35783";35783;3
"35784";35784;1
"35785";35785;1
"35786";35786;1
"35787";35787;2
"35788";35788;3
"35789";35789;1
"35790";35790;1
"35791";35791;1
"35792";35792;1
"35793";35793;1
"35794";35794;1
"35795";35795;1
